repetition_id,active_min_angle,active_max_angle,active_rom,opposing_min_angle,opposing_max_angle,opposing_rom,duration,active_peak_abs_velocity,active_mean_abs_velocity,opposing_peak_abs_velocity,opposing_mean_abs_velocity,active_mean_flare,active_max_flare,opposing_mean_flare,opposing_max_flare,mean_angle_asymmetry,max_angle_asymmetry,mean_flare_asymmetry,max_flare_asymmetry,mean_torso_lean,max_torso_lean,range_torso_lean,mean_shoulder_depth_ratio,max_shoulder_depth_ratio,range_shoulder_depth_ratio,flexion_duration,extension_duration,flexion_fraction,active_start_angle,active_end_angle,flexion_excursion,extension_excursion,flexion_net_speed,extension_net_speed
rep_fb0c2f97d90ea5de5a,94.67051696777344,152.4705047607422,57.79998779296875,96.02509307861328,153.0501708984375,57.02507781982422,5.780867,263.3214111328125,42.86385056110332,263.5534973144531,36.54893018887173,0.14686755872923735,0.24117650091648102,0.02530067752528426,0.07590647041797638,8.822759469579132,33.892425537109375,0.12306349465837393,0.22567090392112732,3.5490977216031387,23.245250701904297,23.137742653489113,0.04920201166965738,0.11595063656568527,0.11525653989519924,3.648445,2.115766,0.6329478570440951,150.4061737060547,130.2845916748047,55.73565673828125,35.61407470703125,15.276551171329498,16.832709622439936
rep_02cbaaa878991f7eee,80.31558990478516,142.3271484375,62.011558532714844,93.30332946777344,123.33860778808594,30.0352783203125,3.348567,490.21136474609375,63.251731306155584,225.7840118408203,36.77545316505437,0.05573375455441598,0.1222354993224144,0.09246351818787489,0.2586815357208252,12.32564843371357,26.18773651123047,0.0410908503367825,0.24372923374176025,5.755614572576539,12.788694381713867,11.173400044441223,0.1865282135742235,0.2705867886543274,0.22573771327733994,1.216144,2.115767000000001,0.36499894504985264,141.8375701904297,142.3271484375,61.52198028564453,62.011558532714844,50.587743133744475,29.30925689488248
rep_3b3a031e67b667bb2f,95.79364776611328,144.26483154296875,48.47118377685547,95.70587921142578,146.9631805419922,51.257301330566406,4.348144999999999,319.1404724121094,54.4702608464363,213.1181182861328,37.96031637222403,0.09221062195801129,0.19427669048309326,0.02974956800030959,0.10917416214942932,12.024603187290975,40.671417236328125,0.07082602532574919,0.1885211318731308,3.273890470171185,7.5777058601379395,7.550637766718864,0.06533919425594092,0.24630150198936462,0.24626718819126836,2.482277,1.8492119999999996,0.5730770642612737,123.02361297607422,132.03170776367188,27.229965209960938,36.238059997558594,10.96975285593064,19.596487583661908
rep_b59965fe88fa0c3f40,81.82188415527344,151.764892578125,69.94300842285156,85.9021987915039,132.4197235107422,46.51752471923828,2.9820670000000025,338.55267333984375,68.30078581016876,180.08583068847656,44.27841386154514,0.06965593951690446,0.118255615234375,0.12016600474949415,0.21320807933807373,7.517678546691978,35.741416931152344,0.06076519461562846,0.13136234879493713,5.271309821603174,8.53862476348877,8.1703562438488,0.18178769866198796,0.24630150198936462,0.16115418821573257,1.1828330000000005,1.7825670000000002,0.39887806029540707,144.21568298339844,148.94688415527344,62.393798828125,67.125,52.749457301347675,37.656368596524
rep_9988a74422e7c505d0,95.27111053466797,141.91236877441406,46.641258239746094,97.89128875732422,148.94688415527344,51.05559539794922,4.181543999999999,452.02880859375,58.85062566713572,243.24407958984375,40.58352549446556,0.1389036032409115,0.2464427500963211,0.02719602350301739,0.10311979055404663,8.96345886897304,32.97631072998047,0.11592967007495836,0.22438731789588928,2.9265553004205502,5.943035125732422,5.899667035788298,0.07446130829811776,0.18326424062252045,0.18191699124872684,2.0324659999999994,2.1324219999999983,0.4880001575072368,118.54515075683594,129.84402465820312,23.27404022216797,34.572914123535156,11.451133855212326,16.212979477577694
rep_372c0410acd5099364,88.76661682128906,144.3931427001953,55.62652587890625,84.6432876586914,153.88206481933594,69.23877716064453,3.5984680000000004,468.45361328125,66.18311082271352,653.2779541015625,49.94283323759417,0.07124755223064676,0.12096622586250305,0.10290389210778846,0.2411852478981018,5.486716272320154,26.17682647705078,0.056888020593385775,0.19073869287967682,5.88164656180385,29.262680053710938,27.80274987220764,0.18071629419159296,0.2746211290359497,0.2741960779821966,1.7659120000000001,1.8158999999999992,0.493021967652127,127.70523834228516,142.81808471679688,38.938621520996094,54.05146789550781,22.05014832052565,29.765663249907945
rep_46b03a163715ea8674,92.6978530883789,145.31488037109375,52.617027282714844,90.33391571044922,155.05384826660156,64.71993255615234,4.847945000000003,323.6905822753906,47.486561273412725,467.86566162109375,41.63167172313484,0.13469750609146774,0.22171202301979065,0.041756101997044506,0.1257934868335724,10.085556762320751,48.50780487060547,0.09449020781350752,0.2119826078414917,3.892115674731799,23.07241439819336,22.77267888188362,0.08047766968618081,0.17422659695148468,0.17295012110844254,2.0657889999999988,2.7654890000000023,0.42758644814063657,121.25657653808594,139.38198852539062,28.55872344970703,46.68413543701172,13.824608151997637,16.880969491114115
rep_cea1129ae50e36fb30,84.65193939208984,147.02798461914062,62.37604522705078,87.9323501586914,132.27011108398438,44.33776092529297,3.248611999999998,433.2349853515625,59.44377183190396,224.60540771484375,48.367330422471404,0.07239972128559144,0.1233874261379242,0.12316748579593217,0.24899999797344208,7.482458654651878,25.598899841308594,0.05410465419812189,0.23805995285511017,6.6196481033483785,9.874005317687988,8.77230453491211,0.2027280629631448,0.26249393820762634,0.14085105061531067,0.8662889999999983,2.3656560000000013,0.26803952418744703,147.02798461914062,143.7626495361328,62.37604522705078,59.11071014404297,72.00373689040367,24.98702691517403
rep_20614a58d738f0f71c,95.67046356201172,142.31842041015625,46.64795684814453,93.3722915649414,153.60171508789062,60.22942352294922,4.914577999999999,286.03387451171875,52.035880866269544,246.7103271484375,39.16589683195194,0.12413559188856496,0.22784578800201416,0.03523296398725126,0.12409764528274536,8.02381960792503,30.268218994140625,0.09455438866942367,0.21152956783771515,3.3052780945264164,20.203638076782227,20.091209687292576,0.0865798446706548,0.17049211263656616,0.1677703980822116,1.8658670000000015,3.032043999999999,0.3809515934446341,135.82623291015625,126.61801147460938,40.15576934814453,30.947547912597656,21.52123883864418,10.206826785032693
rep_e8c1d21c6f2e4707b3,81.25213623046875,147.25115966796875,65.9990234375,91.79252624511719,130.47750854492188,38.68498229980469,3.515166999999998,603.6911010742188,59.024743324472,182.4944610595703,40.82767961484694,0.06819130341180907,0.1209765300154686,0.1101384220168696,0.17285285890102386,11.388594863214541,25.251922607421875,0.05214564770088455,0.13352848589420319,6.402686212307843,11.338054656982422,10.437525451183319,0.18505340822355762,0.22854292392730713,0.09477473795413971,2.2657000000000025,1.232810999999998,0.6476183725019021,145.7229461669922,144.80442810058594,64.47080993652344,63.55229187011719,28.455139663911094,51.55071772568324
rep_5c1dd8ed9aa6c8aa69,97.28811645507812,140.6232147216797,43.33509826660156,96.45755767822266,151.33387756347656,54.876319885253906,3.6984229999999982,363.8454284667969,56.823594150085384,271.3092346191406,46.17947875052962,0.11641458962151323,0.22781777381896973,0.03311848115147015,0.1136188954114914,9.446454296404664,34.30840301513672,0.08697100641573005,0.21573857963085175,3.0755856292302752,6.182521820068359,5.987211883068085,0.07460850778593776,0.1639845371246338,0.16327468084637076,2.4489559999999955,1.2328110000000052,0.6651577897243348,130.47750854492188,136.27760314941406,33.18939208984375,38.98948669433594,13.55246565877207,31.626491566295055
rep_edc2513a7b19ebb4ed,79.36898040771484,151.0020751953125,71.63309478759766,95.26243591308594,135.36972045898438,40.10728454589844,3.6817780000000013,522.1658935546875,62.35328669809314,194.017578125,45.39712750768159,0.06741218119066551,0.13261181116104126,0.0804381225771922,0.22702644765377045,13.79420471031328,28.688919067382812,0.0578792791275644,0.22108562290668488,6.8689136066154735,22.13335609436035,21.116687774658203,0.1785170818897732,0.2275891900062561,0.17030752077698708,1.232810999999998,2.432300000000005,0.33636389184392973,151.0020751953125,142.67176818847656,71.63309478759766,63.30278778076172,58.10549612843961,26.02589638644969
rep_6be9256acb543f49b8,98.1189193725586,140.45167541503906,42.33275604248047,94.71163177490234,152.0943145751953,57.38268280029297,4.681345,211.5904083251953,42.83234166799936,244.0238037109375,41.41044612192481,0.14573371690906753,0.2805706560611725,0.03126730501673287,0.12360098212957382,8.922377917896275,25.514205932617188,0.11498906169885012,0.26164764165878296,3.4612772617277208,8.221527099609375,8.016489118337631,0.09276998724732084,0.19600999355316162,0.19345191889442503,2.2157219999999995,2.4489560000000026,0.47499998928114623,132.11892700195312,128.09866333007812,34.00000762939453,29.97974395751953,15.344888767360949,12.241846712443792
rep_1c83a3b866cf4e027c,91.0031509399414,142.11521911621094,51.11206817626953,91.73904418945312,149.6660614013672,57.92701721191406,5.44769,243.0860137939453,45.766664357936484,342.26123046875,35.503828444185274,0.1530115888091688,0.21810442209243774,0.04692229273340961,0.157608762383461,7.922557816307594,27.577186584472656,0.10647261434033772,0.19543541967868805,2.7552610363432293,19.378084182739258,19.2719809114933,0.04314069750658862,0.16232720017433167,0.16229529479824123,3.2986,2.132423,0.6073625539792411,142.11521911621094,129.7924041748047,51.11206817626953,38.78925323486328,15.49507917791473,18.190224563730215
rep_0d7eaf4563fd24294a,80.85980987548828,155.1272735595703,74.26746368408203,92.75376892089844,125.16596984863281,32.412200927734375,3.5151559999999984,383.6143493652344,62.800269018415065,230.29788208007812,42.67620478194208,0.04344016087060494,0.11952398717403412,0.08128027300739842,0.19221892952919006,12.511663495524873,42.215293884277344,0.04016236191184872,0.15052677690982819,5.382437132138693,19.233482360839844,18.41904979944229,0.17064251030967062,0.23214571177959442,0.16886019706726074,1.1994889999999998,2.2990109999999992,0.34285808203515794,155.1272735595703,149.58909606933594,74.26746368408203,68.72928619384766,61.91591893221367,29.895153261053416
rep_cff3c2f757be354140,100.37484741210938,138.07518005371094,37.70033264160156,93.08760070800781,150.10040283203125,57.01280212402344,4.2482120000000005,341.75946044921875,47.47096994407275,241.27186584472656,40.94438715032048,0.13279061136591527,0.23411773145198822,0.0488109035992713,0.1380794495344162,14.037033757309526,39.70093536376953,0.08482700999366223,0.22620590031147003,2.4261685972871043,9.97105598449707,9.88915341347456,0.07088265929485599,0.1641005277633667,0.16332410083850846,2.865445000000001,1.3660999999999994,0.6771628329605383,125.16596984863281,124.1351547241211,24.791122436523438,23.76030731201172,8.651753021441147,17.3928023658676
rep_503633f6745e8f6a45,93.76725769042969,147.22991943359375,53.46266174316406,100.05287170410156,132.96092224121094,32.908050537109375,4.181567000000001,323.8251037597656,51.7030285138937,261.833740234375,35.62002927181593,0.02249502269927783,0.12623707950115204,0.131079280605661,0.23048843443393707,9.599211436979235,33.33302307128906,0.1085842578564427,0.21701039373874664,6.694217789824683,23.185832977294922,22.380458116531372,0.12770864467405182,0.21090053021907806,0.20620214706286788,1.9158670000000004,2.249032999999999,0.4600031213234413,125.972412109375,135.1646728515625,32.20515441894531,41.39741516113281,16.80970256231007,18.406761999994146
rep_bb9858d2e8e9c3549c,94.68705749511719,140.7677459716797,46.0806884765625,92.88326263427734,128.22421264648438,35.34095001220703,3.048711000000001,616.42724609375,54.2972942565579,289.80523681640625,35.30798353328146,0.15475476778239156,0.22970901429653168,0.029704740830522568,0.07261428982019424,8.574256152255675,24.15570831298828,0.12505002739007026,0.21979843080043793,2.0691083558732366,24.662166595458984,24.6059103384614,0.0969948406520179,0.21599642932415009,0.20474078133702278,1.5493330000000007,1.4827109999999983,0.5109863181405023,135.24710083007812,128.70822143554688,40.56004333496094,34.02116394042969,26.17903532356241,22.945242829135093
rep_9ff0bc77263dfff528,73.4043960571289,138.94439697265625,65.54000091552734,86.36262512207031,147.0215606689453,60.658935546875,2.7821440000000024,1591.4014892578125,63.33474642312079,433.2162170410156,45.13830767030024,0.13095688165253075,0.23261982202529907,0.03150225734546388,0.12467258423566818,6.956155925034689,27.517356872558594,0.10082130702372423,0.18376651406288147,3.1686265126642827,28.376129150390625,28.012654781341553,0.11425540774480468,0.18070730566978455,0.17671780567616224,0.016655000000000086,2.7488220000000005,0.006022469179819642,99.90918731689453,129.41729736328125,26.504791259765625,56.012901306152344,1591.4014566055532,20.377056537728645
rep_35e324ed6452359dd2,87.12438201904297,148.92579650878906,61.801414489746094,88.84089660644531,130.6131134033203,41.772216796875,2.8821009999999987,526.1412353515625,63.386725360919236,141.97093200683594,44.710982426806986,0.042824458308090146,0.09604652971029282,0.10054710663741165,0.16822627186775208,9.301809595342153,25.137741088867188,0.05868370823946521,0.1586337834596634,4.828242758690219,8.082664489746094,7.601696789264679,0.19286461054463938,0.26165008544921875,0.12932051718235016,1.882522999999999,0.9829220000000021,0.6569740476610084,147.0215606689453,147.39016723632812,59.897178649902344,60.265785217285156,31.817501645346365,61.31288669628417
rep_d8ea12c9407f1b8ebe,87.98738861083984,150.11598205566406,62.12859344482422,89.23162078857422,127.65100860595703,38.41938781738281,3.3485669999999956,383.9580078125,57.63055642562536,176.2865753173828,36.0454854965315,0.036771469382625405,0.09143217653036118,0.09271062498977839,0.17421118915081024,11.897210336147397,24.44091796875,0.05946875204299183,0.1708393543958664,3.74336812617162,7.752374649047852,6.706699371337891,0.1820215834092155,0.24957403540611267,0.10455600917339325,1.3994,1.932510999999998,0.41999921366447085,147.39016723632812,147.30923461914062,59.40277862548828,59.32184600830078,42.448748481840994,30.696770164982677
rep_ed4d23c464cf750af7,86.8944091796875,149.05711364746094,62.16270446777344,91.62358856201172,128.68731689453125,37.06372833251953,2.9487449999999953,399.3111572265625,61.35063572271319,214.1383819580078,38.57296703905366,0.04790444279716907,0.1032988578081131,0.10140305205865888,0.16415371000766754,9.385271643249792,27.040977478027344,0.057387754642802484,0.140276238322258,4.286224876206479,7.933948993682861,7.1438592076301575,0.1808691337485905,0.22639892995357513,0.11362647265195847,2.032466999999997,0.8996220000000008,0.6931805276033567,147.30923461914062,148.3228302001953,60.414825439453125,61.42842102050781,29.72487397800467,68.28247977540317
rep_8c17d582de78f254dd,119.01090240478516,136.10971069335938,17.09880828857422,106.09171295166016,149.4423370361328,43.350624084472656,1.2827780000000004,245.40663146972656,41.96418927882813,151.512939453125,42.96950833069865,0.11054923063986168,0.17648327350616455,0.04933896740479047,0.08481285721063614,17.40484707394448,30.01799774169922,0.06719713982318319,0.16219475865364075,2.5123853240469063,6.452662467956543,5.958608448505402,0.04499884462163882,0.11505184322595596,0.11480851769738365,0.28321100000000143,0.9829110000000014,0.22368381561966444,127.48536682128906,126.77095794677734,8.474464416503906,7.7600555419921875,29.92279401754827,7.8949727309921
rep_83f806588a8c338f4b,93.99751281738281,124.51252746582031,30.5150146484375,112.76891326904297,135.77456665039062,23.005653381347656,1.5493549999999985,285.5212097167969,42.86625005874114,116.26740264892578,33.11632014110049,0.21079823258530025,0.2853791415691376,0.0285174388485067,0.07542628794908524,13.010525697919718,39.96473693847656,0.182280793733646,0.2737436890602112,3.5435452997590438,22.250825881958008,21.352816462516785,0.051046553273415236,0.12955844402313232,0.12821877608075738,0.0,1.5326880000000003,0.0,93.99751281738281,122.34397888183594,0.0,28.346466064453125,0.0,18.494609512472937
rep_ef9e190c4981e28593,101.83868408203125,136.34324645996094,34.50456237792969,90.57101440429688,134.1155548095703,43.54454040527344,3.948322999999995,349.31683349609375,42.124853899754186,132.08956909179688,30.232586008671237,0.15224184997412793,0.20647788047790527,0.04462977449921124,0.09808117896318436,10.384671750076036,23.114273071289062,0.10761207546627032,0.19137899577617645,3.4436059913731722,8.600713729858398,8.323606938123703,0.07030176245801273,0.1649141013622284,0.16429839277407154,1.7659120000000001,2.1657439999999966,0.44915221474106626,122.34397888183594,129.5902099609375,20.505294799804688,27.75152587890625,11.611730822263333,12.813853289634553
rep_5c39730111cd443d20,91.57366180419922,141.142333984375,49.56867218017578,95.44593048095703,121.18805694580078,25.74212646484375,3.181967,367.017822265625,67.44984800299403,257.5029296875,40.63887778255866,0.027846919326234017,0.09438298642635345,0.08169445792365757,0.3034824728965759,11.323653038357993,43.496925354003906,0.055480954515874065,0.22188469767570496,3.425150434896108,17.4974365234375,16.41351854801178,0.1835209731177256,0.25033631920814514,0.13867578655481339,1.5160109999999989,1.6492890000000031,0.4789470192398818,138.2487335205078,128.69061279296875,46.675071716308594,37.11695098876953,30.788082485093202,22.50481934261943
rep_b62f14d196952f28be,77.76313018798828,156.09063720703125,78.32750701904297,84.95308685302734,161.49049377441406,76.53740692138672,2.8487999999999998,301.1015625,69.83396367812024,337.9541320800781,67.34847218640581,0.10809486874805807,0.1550985872745514,0.05358072359963023,0.11790195852518082,5.485659143219091,14.837287902832031,0.06292379156598528,0.1527574509382248,20.967247837468562,32.710365295410156,21.965601921081543,0.04787029300276949,0.20146867632865906,0.2012203147460241,1.066211,1.765922,0.3764692547984152,155.02197265625,151.5476531982422,77.25884246826172,73.7845230102539,72.46111929839564,41.78243603639
rep_ebf0037ac696966f6b,82.08472442626953,170.82737731933594,88.7426528930664,78.73843383789062,169.07749938964844,90.33906555175781,2.5489,260.9503479003906,83.27853360214249,269.6671447753906,73.32826784186754,0.0332194530240053,0.6191612482070923,0.10911035168214005,0.40682029724121094,9.731554102827483,20.88135528564453,0.08153572154152616,0.21481594443321228,18.163010240319522,32.90849685668945,22.31215763092041,0.20181991677123376,0.9870789647102356,0.9481058418750763,0.949589,1.582655,0.3749990127333701,155.6954803466797,170.82737731933594,73.61075592041016,88.7426528930664,77.51854320175376,56.0720137320303
rep_3937e4fb3928cf8769,82.6972885131836,170.4017791748047,87.7044906616211,76.58036804199219,178.59861755371094,102.01824951171875,2.815467,400.7188720703125,75.38483178365753,429.1830139160156,83.722105690536,0.09975222392586294,0.8386250734329224,0.12840939602055954,0.4924791753292084,7.8447900036783675,20.27837371826172,0.08835958817839538,0.4603196978569031,18.334615783049998,32.826969146728516,22.060611724853516,0.3318209932898795,0.9870789647102356,0.8067415654659271,1.266134,1.5326770000000005,0.4523828154169752,169.08273315429688,161.7356414794922,86.38544464111328,79.0383529663086,68.22772679756903,51.56882563404329
rep_4145f06cb4db15ce3f,72.96605682373047,177.19451904296875,104.22846221923828,82.57330322265625,172.55511474609375,89.9818115234375,2.4156449999999996,546.0926513671875,102.22017633468879,390.1499938964844,95.4755859565612,0.11552934901994676,0.6958718299865723,0.08859843835410551,1.2714852094650269,7.823227446256719,15.772750854492188,0.06680013329702533,0.5756133794784546,20.61619201182998,33.345130920410156,20.91812038421631,0.08528730427362839,0.9796034097671509,0.9783697931561619,0.9662449999999989,1.4327330000000007,0.40277359775704447,175.38291931152344,161.99923706054688,102.41686248779297,89.0331802368164,105.99471406091942,62.14219972375618
rep_df6be1b0d78003c9ac,73.46858215332031,171.1333465576172,97.66476440429688,81.19309997558594,178.08335876464844,96.8902587890625,2.6821899999999985,511.0406188964844,96.15464748717181,396.614990234375,101.66993605589599,0.1392182955508173,1.6576907634735107,0.15439852460075706,2.364882707595825,7.548764826608656,17.858596801757812,0.11993320536788,1.6442880630493164,21.262932449038747,34.458534240722656,21.955557823181152,0.15640045448777445,0.9797396063804626,0.9777781870216131,1.6826109999999996,0.9829229999999995,0.6312472472682773,161.99923706054688,161.95428466796875,88.53065490722656,88.48570251464844,52.61504584673854,90.02302572495351
rep_4791579acae25fe0bd,81.02169036865234,172.9242401123047,91.90254974365234,77.39339447021484,164.1440887451172,86.75069427490234,3.348556000000002,335.4294738769531,74.64819400968805,305.50927734375,65.16331399455308,0.048186944822257854,0.5489460229873657,0.09307416503632458,0.7654517292976379,7.7221075037936195,19.64232635498047,0.05720580399350576,0.3846273422241211,22.466548089956255,39.6887092590332,32.997798919677734,0.22132379370088548,0.9829089641571045,0.9805584033019841,1.8825219999999998,1.4493780000000012,0.5649995498064165,146.77142333984375,160.04495239257812,65.7497329711914,79.02326202392578,34.926408812853936,54.522189535045875
rep_ff72086c1823042be9,70.7908706665039,170.14231872558594,99.35144805908203,80.5442123413086,167.20947265625,86.6652603149414,3.0153999999999996,334.4090270996094,81.77782518523813,252.21011352539062,67.60810133024239,0.08896589156142044,0.3761281371116638,0.07624169244911254,0.5972921848297119,8.760820910374623,23.241165161132812,0.05700312193548242,0.2211640477180481,24.612305329939836,40.72467803955078,26.991398811340332,0.08529519044115323,0.8982672095298767,0.8980388657801086,1.4660440000000001,1.5326889999999977,0.48888780695046913,155.75733947753906,170.14231872558594,84.96646881103516,99.35144805908203,57.95628835903639,64.8216618368646
rep_d348e469e89a781661,77.46697998046875,170.17819213867188,92.71121215820312,75.31341552734375,175.4895477294922,100.17613220214844,2.8154670000000017,428.7265319824219,72.84605340849141,408.68365478515625,73.92962555389452,0.05297417148614918,0.5972921848297119,0.0804182272701097,0.3761281371116638,7.458445340022032,22.09601593017578,0.0483444213457665,0.27836644649505615,25.357078559425904,42.06126403808594,29.585274696350098,0.3113039736071067,0.9953418970108032,0.7777252346277237,1.0995220000000003,1.6992779999999996,0.3928547949121053,167.20947265625,154.60928344726562,89.74249267578125,77.14230346679688,81.61955165588431,45.39710598665839
rep_e8d9e0d9e521cb4474,83.22999572753906,167.5474395751953,84.31744384765625,80.23696899414062,171.06729125976562,90.830322265625,2.7155120000000004,341.5276794433594,66.9372222695815,358.062255859375,67.39475358256406,0.05448459819377061,0.4469139277935028,0.08928516871574871,0.21784883737564087,9.237759493688058,21.81463623046875,0.05356018812490416,0.22906509041786194,24.13451583491946,41.77602005004883,28.980469703674316,0.31718189530206364,0.9791476130485535,0.7594989240169525,0.8996110000000002,1.799244999999999,0.33333049262354136,154.60928344726562,165.35537719726562,71.37928771972656,82.12538146972656,79.34461419405338,45.64435719967353
rep_496c495105f1f840b1,71.61881256103516,159.53768920898438,87.91887664794922,83.90909576416016,160.38873291015625,76.4796371459961,2.3823120000000024,411.2517395019531,84.00954483173464,306.9159851074219,75.46447615868757,0.08787149414756473,0.1661985218524933,0.07564394689737582,0.19207197427749634,8.867812524934514,25.442726135253906,0.04950420637397963,0.13391800224781036,28.022590860225527,46.423099517822266,33.914581298828125,0.09457944608438484,0.1941111534833908,0.19220273732207716,0.8163219999999995,1.5493340000000018,0.3450721491205818,157.2611541748047,158.4842071533203,85.64234161376953,86.86539459228516,104.91245074096935,56.066280474245744
rep_fbee42bcc84ad72a70,76.3134536743164,159.07920837402344,82.76575469970703,84.3239517211914,159.57455444335938,75.25060272216797,2.515599999999999,380.6607971191406,74.12942665297655,324.54425048828125,66.6810397995644,0.08275681505949951,0.16240805387496948,0.06135742573782053,0.1312883347272873,8.483252787743604,22.695716857910156,0.05031689366918862,0.1489429920911789,25.205905382153734,36.960323333740234,23.588010787963867,0.09810179981486263,0.18059983849525452,0.14789067953824997,1.1661779999999986,1.3327549999999988,0.4666703749160141,158.4842071533203,159.07920837402344,82.1707534790039,82.76575469970703,70.46158774990096,62.10125244302749
rep_27f29611af9d868d70,71.29850006103516,172.07748413085938,100.77898406982422,84.28731536865234,178.089599609375,93.80228424072266,2.7488339999999987,375.00921630859375,85.19899144940378,454.7335205078125,79.45168874800258,0.09678722574177734,1.4936003684997559,0.0700833489507022,2.3508832454681396,8.69098279519883,20.644546508789062,0.06432500115909734,0.8572828769683838,24.48101900020167,36.39373779296875,20.83773899078369,0.08558759422702977,0.9006822109222412,0.8997522466816008,1.1661670000000015,1.5660109999999996,0.42682687584776724,159.07920837402344,170.98085021972656,87.78070831298828,99.6823501586914,75.27284540978107,63.6536717549822
rep_96581b03de4436e334,78.60661315917969,155.13446044921875,76.52784729003906,87.83312225341797,156.7788848876953,68.94576263427734,3.148656,295.8103942871094,70.52237271787664,284.84930419921875,63.30527193179776,0.10256463742550594,0.18064305186271667,0.08064453157209016,0.15092554688453674,10.712537947837452,48.49835205078125,0.04703634822845398,0.12261022627353668,16.478142684147237,24.092126846313477,18.452398777008057,0.09331787794593688,0.26497286558151245,0.2636533858021721,1.782566,1.3494229999999998,0.5691482313635201,155.13446044921875,152.99691772460938,76.52784729003906,74.39030456542969,42.931284053459486,55.127491205818856
rep_f58658b961ff048335,80.47007751464844,160.06211853027344,79.592041015625,75.73957824707031,162.03282165527344,86.29324340820312,3.0487000000000006,311.6328430175781,65.28839941698743,330.0966796875,70.98793064014427,0.05067253814276835,0.16870781779289246,0.10793566630615338,0.24829307198524475,9.823421293583435,46.17523956298828,0.07981894493107207,0.22038860619068146,14.647676793488545,34.22007369995117,29.974409580230713,0.20695270084816772,0.5891801118850708,0.5889047955570277,1.5660000000000003,1.4660440000000001,0.5164832700317014,151.96368408203125,152.4432373046875,71.49360656738281,71.97315979003906,45.653644040474326,49.09345134937222
rep_0da66c37aeaee10dba,78.95259857177734,172.5178680419922,93.56526947021484,80.66447448730469,164.43450927734375,83.77003479003906,2.7488340000000004,324.9914855957031,76.28260343672858,561.195556640625,75.26670547331972,0.03374568031016792,0.3683675229549408,0.11002923712715246,0.6423073410987854,4.670694292871431,20.90544891357422,0.07927623430014112,0.3161533772945404,20.78300136011621,38.789825439453125,27.1509428024292,0.3001440947537334,0.9890143871307373,0.8744146674871445,1.3494219999999997,1.3827450000000008,0.4939017270906205,152.4432373046875,168.1466064453125,73.49063873291016,89.19400787353516,54.460827474956076,64.50503012018493
rep_c4774628dd2fa04641,79.88746643066406,175.02857971191406,95.14111328125,84.62805938720703,175.99404907226562,91.3659896850586,3.215299999999999,666.3113403320312,110.94595031791953,602.1641845703125,99.21829139469818,0.08905649418042864,0.46498891711235046,0.12016041372461986,1.0756075382232666,19.65754536585147,78.77975463867188,0.08546503754246344,0.9602048397064209,19.09735929085485,29.5772647857666,21.510229110717773,0.15115608603076697,0.9970195889472961,0.9958771986421198,1.2327999999999992,1.965833,0.38541464431836964,161.81951904296875,161.38426208496094,81.93205261230469,81.49679565429688,66.46013352717776,41.45662202959095
rep_15de4676677de916d0,81.53023529052734,161.38426208496094,79.8540267944336,91.4500503540039,173.7427520751953,82.2927017211914,2.6821889999999993,416.5964050292969,96.39562691551649,411.99920654296875,88.00075965931025,0.13932501850263648,0.4399617314338684,0.07655781211390185,0.6609140634536743,6.795704480659212,20.209945678710938,0.09365025380005469,0.2209523320198059,20.39947669501769,31.494522094726562,21.68431854248047,0.14090636179899813,0.9182656407356262,0.9153409712016582,1.0995220000000003,1.5660109999999996,0.41249611240978834,161.38426208496094,153.843994140625,79.8540267944336,72.31375885009766,72.62612916743237,46.177043999114744
rep_506fc27703682724ad,76.3887939453125,169.48193359375,93.0931396484375,69.92290496826172,178.03994750976562,108.1170425415039,3.181979000000002,371.475830078125,69.18356292690908,438.4959716796875,87.6319656930343,0.12818134562445613,2.405636787414551,0.0685726577638452,0.6027658581733704,4.664457314186727,14.813278198242188,0.08384008789826257,1.9647109508514404,19.130290429294348,36.05109786987305,35.58962881565094,0.09617899154896808,0.6681910157203674,0.6657410287298262,1.565999999999999,1.5993120000000012,0.4947379594807712,153.843994140625,161.4481201171875,77.4552001953125,85.059326171875,49.46053652318809,53.184948385227486
rep_50437be04b9a9a36ed,81.3453140258789,175.1175994873047,93.77228546142578,68.89141845703125,169.91893005371094,101.02751159667969,2.682189000000001,349.987060546875,76.21914819605084,336.7296447753906,84.01758003049692,0.09714447798237058,1.1529008150100708,0.21488484197662636,1.1266977787017822,9.195330331772313,19.559593200683594,0.14320447591857338,0.5067979693412781,18.787236237377115,34.203609466552734,31.068710327148438,0.15131801967788355,0.9819338917732239,0.9800276175374165,1.3327659999999995,1.3327670000000005,0.499999812420255,167.56129455566406,168.375732421875,86.21598052978516,87.0304183959961,64.68951078417756,65.30055020569692
rep_a8f87271f827579bc4,97.0477523803711,168.375732421875,71.3279800415039,108.88105773925781,166.8452606201172,57.964202880859375,2.6488670000000027,413.1440124511719,68.66136817126443,281.330810546875,65.56090881904159,0.08475982800663434,0.7828524112701416,0.1259505711464552,0.6912407279014587,12.3021649447959,23.458938598632812,0.04786820481456429,0.2875913679599762,25.946868914947473,40.98854446411133,32.50642204284668,0.34889563984886174,0.9195191860198975,0.7536267191171646,1.4660329999999995,1.1661780000000022,0.5569587696427066,168.375732421875,164.22857666015625,71.3279800415039,67.18082427978516,48.65373428940817,57.60769306210976
rep_3f57d674d3d25f06bc,79.19019317626953,169.4287872314453,90.23859405517578,81.9514389038086,166.50254821777344,84.55110931396484,2.515599999999999,433.0572814941406,92.36588193329305,316.8814697265625,83.69039818763898,0.03559079231462961,0.4419569671154022,0.0750770326480527,0.2194352000951767,7.984637194769121,20.328155517578125,0.05203726067967329,0.22252176702022552,26.53983000820547,37.37514877319336,21.885470390319824,0.25083506771972097,0.9865648150444031,0.8636099696159363,1.0828779999999973,1.416055,0.4333361478679094,164.22857666015625,157.12953186035156,85.03838348388672,77.93933868408203,78.52997612278293,55.039768006244124
rep_2a80f26013fc49beb7,69.62786865234375,166.35867309570312,96.73080444335938,81.17028045654297,164.60386657714844,83.43358612060547,2.815456000000001,465.5524597167969,107.29547371081033,576.8812866210938,97.32961750650145,0.10004532583638166,1.964640498161316,0.09134621164071134,1.4339354038238525,8.938701294969448,19.2171630859375,0.05896020221146398,0.5307050943374634,23.571238282825394,38.711769104003906,24.241209983825684,0.12621226865496044,0.9041721224784851,0.9007537008728832,1.266134000000001,1.532665999999999,0.4523845933971706,154.07200622558594,155.2716827392578,84.44413757324219,85.64381408691406,66.69447118017692,55.878980865311895
rep_830e9ff6471c2e6ac0,95.32012176513672,156.1320037841797,60.81188201904297,111.41696166992188,156.1667022705078,44.74974060058594,2.6488670000000027,274.4835205078125,65.16712163706731,257.4695739746094,48.86242744887923,0.1933978148224781,0.2605679929256439,0.1908951322222686,0.3804949223995209,8.515370563261426,17.795692443847656,0.07023800414532481,0.23704519867897034,16.920111445368896,33.15381622314453,29.624595880508423,0.3581629624436384,0.5093652606010437,0.34858332574367523,1.6992890000000003,0.9329220000000014,0.6455747658527372,155.2716827392578,150.75282287597656,59.951560974121094,55.432701110839844,35.280379602363745,59.4183662844694
rep_d06e09af4456675bf7,98.50508880615234,157.37832641601562,58.87323760986328,75.15576934814453,157.15231323242188,81.99654388427734,2.9154449999999983,446.09759521484375,66.73800217932468,376.28985595703125,77.81936394914183,0.08677775080730392,0.2176632136106491,0.06860280330114871,0.17341278493404388,10.72453034108561,34.23108673095703,0.07058019531983094,0.19096994400024414,21.666795637538772,32.06432342529297,23.894640922546387,0.16246370785219189,0.40159356594085693,0.4000316046876833,1.4327230000000029,1.4660549999999972,0.4942506808041191,150.75282287597656,150.28968811035156,52.24773406982422,51.78459930419922,36.46743583360085,35.32241239530531
rep_2073ececf0915178cc,92.2537841796875,155.98715209960938,63.733367919921875,83.42825317382812,150.7603302001953,67.33207702636719,2.9820449999999994,374.022216796875,63.33639282613143,337.4676208496094,62.96971835441266,0.049034489781667315,0.10548929125070572,0.11165890161859,0.17780525982379913,7.913608802660743,17.038734436035156,0.06574790292853955,0.14403973519802094,22.17070660557481,32.831321716308594,20.6297025680542,0.13656671834694384,0.41563525795936584,0.41451934387441725,1.6159669999999977,1.3494220000000041,0.5449426702533788,150.66455078125,136.3767852783203,58.4107666015625,44.12300109863281,36.14601449259953,32.697703978912955
rep_b99bfda2386efa860d,79.2376937866211,156.74258422851562,77.50489044189453,76.45169830322266,149.4593505859375,73.00765228271484,2.5155889999999985,294.8148498535156,61.69405657385206,221.7294464111328,57.76066119155037,0.025305832959855758,0.08652055263519287,0.09270844122950017,0.17326219379901886,7.9953814616783205,20.367324829101562,0.07353875070300536,0.1616654396057129,19.143391757710905,29.952072143554688,19.119672775268555,0.23572990058670412,0.3921108543872833,0.2782801315188408,0.5497669999999957,1.9491660000000053,0.22000069629717783,136.3767852783203,154.20797729492188,57.13909149169922,74.97028350830078,103.9332871774764,38.46274945710144
rep_ceb27ce1bfcd40e009,77.77178955078125,150.7406463623047,72.96885681152344,88.24612426757812,143.6553955078125,55.409271240234375,2.866033,217.038330078125,63.082719646426675,173.074462890625,46.12728338912287,0.14641692833000386,0.276552677154541,0.05251432759832734,0.08793627470731735,9.99232296774429,21.09600830078125,0.09552652357135838,0.24357442557811737,13.874458374711839,26.561290740966797,24.646512150764465,0.12130307248899569,0.1650383472442627,0.1559320753440261,1.299755,1.499722,0.4642849360791319,139.0373077392578,143.7651824951172,61.26551818847656,65.99339294433594,47.13620504516356,44.00375065801258
rep_ed49f7e3ae23c14632,74.77124786376953,154.8005828857422,80.02933502197266,82.07846069335938,152.810302734375,70.73184204101562,3.099312,303.46435546875,57.746157895691475,176.46444702148438,48.83718109240542,0.047460300187742735,0.11114374548196793,0.12593685454382372,0.1971072554588318,11.377703298986273,24.438438415527344,0.07909733865138194,0.16472718119621277,11.678559341815678,30.148258209228516,27.676342010498047,0.20199868938378732,0.2962130606174469,0.2671718765050173,1.5997,1.4330559999999997,0.5274740203300233,143.6553955078125,153.7125701904297,68.88414764404297,78.94132232666016,43.060666152430436,55.08599965853405
rep_25ebac40f9fffdcd03,83.40335845947266,153.20555114746094,69.80219268798828,88.69622039794922,153.7125701904297,65.01634979248047,3.332623000000001,293.1444396972656,56.75875837763805,204.0512237548828,50.70431510175203,0.1336757735386546,0.2456233948469162,0.07744876184804832,0.13874369859695435,8.594718844101969,20.17339324951172,0.06886552413764517,0.17838230729103088,15.572868477211617,31.95770263671875,28.614696502685547,0.11060199504765977,0.1975555568933487,0.18883639480918646,0.999822,2.2662450000000005,0.30612415483209615,152.810302734375,145.71746826171875,69.40694427490234,62.314109802246094,69.4193009104644,27.496634213090854
rep_f31c86caa9c9a81254,78.66600036621094,153.93406677246094,75.26806640625,85.71305847167969,150.24769592285156,64.53463745117188,3.1992890000000003,484.75390625,60.8318542663471,183.74172973632812,52.928543610592726,0.056468998078838976,0.14462877810001373,0.07967327098573067,0.1617063581943512,13.889723529195745,23.914077758789062,0.041882402747820964,0.14630302786827087,12.922840921283644,31.799083709716797,29.296873807907104,0.2269316538791576,0.3134944438934326,0.2973114922642708,0.8665000000000003,2.2662329999999997,0.2765955477214305,150.77304077148438,153.56570434570312,72.10704040527344,74.89970397949219,83.21643439731496,33.05031035180063
rep_374cd3d66f0b6ae7da,77.48629760742188,150.24769592285156,72.76139831542969,88.388671875,154.48684692382812,66.09817504882812,3.299289,241.2968292236328,54.28604763962603,229.25477600097656,46.73308742027499,0.1452184544658419,0.25267571210861206,0.09176462974845079,0.17512832581996918,8.808732630131235,19.04688262939453,0.07190159554001396,0.19178903102874756,13.480381097445422,31.405065536499023,30.083604097366333,0.14688739877255022,0.23155875504016876,0.2308715379331261,1.1997780000000002,2.0329549999999994,0.37113426936279625,150.24769592285156,143.93040466308594,72.76139831542969,66.44410705566406,60.64571805403139,32.68351097572946
rep_9145ce2ee0edd05abc,74.7553939819336,151.3009033203125,76.5455093383789,81.80896759033203,143.93040466308594,62.121437072753906,3.066000999999998,304.2532653808594,58.13824380611785,182.30136108398438,42.03095248082624,0.05863761812205894,0.12946563959121704,0.16721495844957837,0.23890522122383118,15.268624266493536,36.98249053955078,0.10899792720627464,0.21945036947727203,11.122224984073481,31.405065536499023,28.365036249160767,0.1706511214437471,0.21917805075645447,0.20900693908333778,1.1997780000000002,1.7996669999999995,0.40000000000000013,147.38064575195312,149.50079345703125,72.62525177001953,74.74539947509766,60.53224160638011,41.532905518130676
rep_0842956941b20f23e2,78.08836364746094,150.86691284179688,72.77854919433594,91.53150177001953,153.25350952148438,61.722007751464844,3.3659329999999983,241.7833709716797,62.290143301323056,214.50796508789062,48.906413593123276,0.1556488428031556,0.2532019019126892,0.06830425186199034,0.147150456905365,10.247705749075665,28.23163604736328,0.09011302322193881,0.20588049292564392,14.032204397784216,35.169979095458984,32.68310737609863,0.14202790448352762,0.19864493608474731,0.18847382441163063,1.3997330000000012,1.8996439999999986,0.4242416068245615,121.26915740966797,146.34486389160156,43.18079376220703,68.25650024414062,30.849307519510504,35.93120618607522
rep_bb77b1ff42cedb3170,74.67417907714844,153.25350952148438,78.57933044433594,78.31723022460938,146.34486389160156,68.02763366699219,3.1993009999999984,330.55609130859375,56.90628952207764,265.7179870605469,49.522724860648204,0.06487259103548715,0.12646406888961792,0.1313931391060058,0.20830976963043213,14.682862090324099,28.850570678710938,0.07375510739298563,0.15594170987606049,11.805900407081985,35.61961364746094,33.41360402107239,0.18065438378793747,0.24171893298625946,0.2324808668345213,0.866500000000002,2.266244999999998,0.27659448822039523,153.25350952148438,150.58164978027344,78.57933044433594,75.907470703125,90.6858978007337,33.494821037939445
rep_99a949701e9d3cb359,75.19813537597656,152.3489532470703,77.15081787109375,88.5497055053711,151.33262634277344,62.782920837402344,3.1995000000000005,257.50897216796875,60.87847922804533,228.5612335205078,46.411335268645225,0.14770641120134384,0.22265851497650146,0.10239168957336653,0.16682003438472748,7.9570220270268415,16.945030212402344,0.062148612194423955,0.16354377567768097,12.637471687161826,31.83793067932129,30.057814121246338,0.14114497158221878,0.2206234186887741,0.21312221512198448,1.8663109999999996,1.333089000000001,0.5833315621679063,141.48681640625,148.13377380371094,66.28868103027344,72.93563842773438,35.51856096345864,54.71175474985865
rep_3521755f47891373fb,78.91967010498047,152.73573303222656,73.8160629272461,82.40227508544922,148.13377380371094,65.73149871826172,3.299277,433.4610290527344,57.27295700451467,204.3727264404297,45.81457339452354,0.052292306433339035,0.1332055777311325,0.1264759831048334,0.2258228063583374,13.835744313712217,32.86888122558594,0.07434066434985515,0.16214488446712494,11.955173068946214,34.64424133300781,32.42004990577698,0.1698248003016401,0.24923093616962433,0.23523154389113188,0.8664999999999985,2.366233000000001,0.2680394576353811,148.3306427001953,148.82534790039062,69.41097259521484,69.90567779541016,80.10498856920366,29.543023783122848
rep_74b1650c1e192f8b21,75.84992218017578,153.23609924316406,77.38617706298828,86.46440887451172,154.4142303466797,67.94982147216797,2.866222000000004,369.0433044433594,67.70551797268708,241.84786987304688,56.98208708330822,0.12409960838501816,0.2329334020614624,0.11152261843171088,0.18322791159152985,6.499371272124638,14.975608825683594,0.055761723547897324,0.17334982752799988,14.577919752646565,30.301746368408203,27.871028423309326,0.13737206272218866,0.21134541928768158,0.20246483851224184,1.299744999999998,1.5663770000000028,0.45348558086501467,141.75827026367188,151.4031219482422,65.9083480834961,75.5531997680664,50.708675996827225,48.23436488665645
rep_931a64113a41501185,77.02366638183594,159.04263305664062,82.01896667480469,80.61692810058594,151.4031219482422,70.78619384765625,2.9328780000000023,418.79278564453125,64.84209401100958,187.2912139892578,48.766754185341924,0.062349970093117074,0.12354482710361481,0.10300612627358044,0.2147761732339859,12.589241287068965,34.54442596435547,0.050528412714694874,0.14361578226089478,12.851345676153262,34.74398422241211,32.64687538146973,0.18746868734761124,0.3377823233604431,0.3192536998540163,1.5330450000000013,1.3997329999999977,0.5227279391757582,154.4142303466797,155.9967803955078,77.39056396484375,78.97311401367188,50.48159966918367,56.42012727689639
rep_0e7a579eafe33e64d5,73.15716552734375,152.88816833496094,79.73100280761719,85.79419708251953,157.4242706298828,71.63007354736328,2.999344,297.3657531738281,56.533641458449736,184.01597595214844,45.87839596999458,0.15899721951172147,0.22992774844169617,0.05913111573687884,0.09969518333673477,8.920751508897473,19.451766967773438,0.09990904626264824,0.19322006404399872,9.798155673822322,32.09431076049805,31.00010311603546,0.12025841917805102,0.20725400745868683,0.1961901467293501,1.1997769999999999,1.733011,0.4090909400884073,132.74612426757812,152.88816833496094,59.588958740234375,79.73100280761719,49.66669534441349,46.007211037677884
rep_3bd189643926330002,75.11609649658203,159.74868774414062,84.6325912475586,84.87548065185547,156.5018310546875,71.62635040283203,3.366134,330.7875671386719,62.81527468455245,150.59747314453125,47.868384796591755,0.052072705018222774,0.11956436932086945,0.07498354364667868,0.15528504550457,11.436636953761012,20.867935180664062,0.030234263246815583,0.11814146488904953,12.894878926621063,32.09431076049805,31.760290324687958,0.24538175323877567,0.33869028091430664,0.2847813032567501,0.7331889999999999,2.6328450000000005,0.21781984376866062,157.4242706298828,158.29849243164062,82.30817413330078,83.1823959350586,112.26051418297438,31.594110528746878
rep_a688119e8807169567,73.58794403076172,156.5018310546875,82.91388702392578,82.99308776855469,158.29849243164062,75.30540466308594,3.265956,264.5209045410156,64.37459466968721,198.90036010742188,54.306943784125075,0.1320412995494183,0.2645376920700073,0.0647333655354465,0.11421704292297363,6.788320703403334,15.470207214355469,0.07169821926291312,0.2541825473308563,13.750711627915148,32.03293228149414,30.71539044380188,0.11640862302915932,0.19772712886333466,0.1969834723859094,1.2664219999999995,1.9329780000000003,0.3958310933299992,156.5018310546875,152.54432678222656,82.91388702392578,78.95638275146484,65.4709780972897,40.847015719508875
rep_e586c2d87bca5883fe,75.5474853515625,153.96450805664062,78.41702270507812,88.80227661132812,152.6128692626953,63.81059265136719,3.1661659999999987,276.2463073730469,63.32376045242588,206.20159912109375,51.0993710302991,0.038303809765579115,0.0953955128788948,0.0911899142636662,0.14746937155723572,12.31322331027858,21.39111328125,0.05333614485034692,0.12866388261318207,10.410873944727172,31.875179290771484,31.498961567878723,0.23921190504393788,0.33098921179771423,0.3237731931731105,2.1329329999999995,1.0331329999999994,0.6736855769904987,149.07318115234375,152.14134216308594,73.52569580078125,76.59385681152344,34.47163872507072,74.13746033813989
rep_4401202746b68b5331,80.6769027709961,151.78872680664062,71.11182403564453,87.4903335571289,152.6977081298828,65.2073745727539,2.932690000000001,310.0678405761719,50.621300139730224,176.52496337890625,53.468736969762965,0.19059357890709183,0.3016999065876007,0.054716549238971846,0.1591367870569229,7.8517440581130105,21.985397338867188,0.13587702962136863,0.2825321853160858,15.85433599364447,31.875179290771484,29.58816647529602,0.10136546924674379,0.17856214940547943,0.17761199979577214,1.2664340000000003,1.5997000000000003,0.44186140634038745,151.78872680664062,147.9678192138672,71.11182403564453,67.2909164428711,56.15122780630062,42.06470990990253
rep_44b1272fd8a9d6b943,92.93788146972656,152.41941833496094,59.481536865234375,99.36640930175781,149.5444793701172,50.178070068359375,3.6658779999999993,141.5768585205078,44.63935898824661,186.4746856689453,40.532961992365685,0.06525363159025158,0.1664394587278366,0.12420269717074305,0.2287295013666153,10.378467270289041,24.01067352294922,0.09602250489828437,0.17873887717723846,14.735604499223351,34.225685119628906,31.176774740219116,0.12640552936631713,0.2562703788280487,0.2560898896190338,1.7663329999999995,1.8329890000000013,0.4907404783456437,150.85794067382812,125.9750747680664,57.92005920410156,33.037193298339844,32.79113236524572,18.02367242702483
rep_39093c9edb2675b1e2,106.43733215332031,146.36572265625,39.92839050292969,108.32300567626953,141.8502655029297,33.527259826660156,2.566088999999998,165.6299591064453,47.45348416906983,129.39480590820312,33.13154112385099,0.24200042760547208,0.32399144768714905,0.07006225880485831,0.20484541356563568,9.86123012372217,23.022445678710938,0.17282798776646327,0.3080178499221802,13.810914285257262,25.508201599121094,20.054272174835205,0.12012221298935241,0.22173543274402618,0.2189288348890841,0.8665109999999991,1.6330220000000004,0.3466691577986765,146.36572265625,140.04444885253906,39.92839050292969,33.60711669921875,46.07949639754109,20.579708478648016
rep_4dc2ae4ad47611b5cf,99.20285034179688,151.53768920898438,52.3348388671875,94.67935943603516,140.3096160888672,45.63025665283203,3.6994000000000007,137.00416564941406,42.19647157331231,330.8307189941406,34.80463651139842,0.03249979974144018,0.08290977030992508,0.12147957694375949,0.18463894724845886,8.643680847450934,23.169845581054688,0.08897977670728321,0.15239964425563812,11.632933291794501,29.387521743774414,28.501969873905182,0.1606744122910135,0.295810341835022,0.2925097392871976,1.0664669999999994,2.6328330000000015,0.28828886546103294,141.8502655029297,151.53768920898438,42.64741516113281,52.3348388671875,39.98943723634471,19.877766218817325
rep_6d5a12d97b49f35b0b,107.05805969238281,147.61358642578125,40.55552673339844,93.46611022949219,156.03648376464844,62.57037353515625,3.3818900000000003,781.7989501953125,46.51349965933149,337.1188049316406,50.01102645165146,0.17957147213685143,0.28533896803855896,0.061010725531257484,0.13660162687301636,10.339001630011719,21.726707458496094,0.11871947454073878,0.24534301459789276,9.172624706996972,17.550268173217773,12.422522068023682,0.07157688915719476,0.32505831122398376,0.32491795120586175,0.966256,2.3989780000000005,0.2871289188210983,147.61358642578125,127.9417724609375,40.55552673339844,20.883712768554688,41.97182396114326,8.705253974215138
rep_c39bf43c73a524fc03,90.63131713867188,148.43838500976562,57.80706787109375,76.78665924072266,139.611328125,62.824668884277344,2.3823219999999994,351.5583801269531,70.1273086267456,350.40777587890625,66.1023509752976,0.044345409534484834,0.12462754547595978,0.14851367453312403,0.21762236952781677,12.776317737607991,30.431472778320312,0.10416826512653966,0.19288888573646545,7.635322773441786,17.653072357177734,14.618942975997925,0.23051955926820775,0.3336266577243805,0.2018446922302246,0.4997889999999998,1.8658659999999996,0.21126876066036676,141.99349975585938,148.43838500976562,51.3621826171875,57.80706787109375,102.76773321779295,30.98136086465682
rep_3e2b0d854af171fe50,106.02017211914062,135.80882263183594,29.788650512695312,96.37259674072266,148.43838500976562,52.06578826904297,2.2823670000000007,133.96202087402344,38.94408930511435,190.8528289794922,55.37740847293301,0.19739045264756025,0.27184224128723145,0.07206023525850204,0.14194519817829132,9.124422909280826,15.663665771484375,0.12533021732517954,0.22145579755306244,7.667677004609122,14.023715019226074,9.823712825775146,0.05019261581179635,0.18008139729499817,0.17993740619567689,1.0995340000000002,1.1661660000000005,0.4852954936664165,133.43568420410156,132.4032440185547,27.415512084960938,26.383071899414062,24.933755650085338,22.62377045756269
rep_f70d7f024f22be7f97,91.42365264892578,150.469482421875,59.04582977294922,80.24113464355469,143.7487030029297,63.507568359375,2.782144999999998,374.61468505859375,66.7328608833223,216.418212890625,61.898920849336285,0.046048046493720886,0.16031114757061005,0.18224529026655575,0.2622406780719757,12.719056162141325,29.946189880371094,0.13619724433384622,0.26123419404029846,7.162537105580786,19.10931968688965,17.818211674690247,0.16327551127947665,0.25761711597442627,0.18501795828342438,1.2661339999999992,1.4993549999999995,0.4578336778775832,147.05319213867188,147.7322235107422,55.629539489746094,56.308570861816406,43.93653396065987,37.55519597548041
rep_cde7ca96475dc38287,108.01045227050781,142.4690704345703,34.4586181640625,90.81566619873047,149.9996337890625,59.18396759033203,2.3490009999999995,241.9917449951172,49.54977679923043,259.135498046875,61.484192306740844,0.16092321964168468,0.24019265174865723,0.062173056492211616,0.11548621207475662,14.645956061368961,28.93866729736328,0.09916714415919443,0.2169990837574005,8.219262152527397,19.17918586730957,14.612454891204834,0.0728888480258093,0.22160054743289948,0.22116396413184702,1.216145000000001,1.1161999999999992,0.5214258610968793,141.8329620361328,118.59158325195312,33.822509765625,10.581130981445312,27.811247643681448,9.479601309304176
rep_52ea159192f8fc5a18,94.20126342773438,151.14010620117188,56.9388427734375,85.70159149169922,142.7577362060547,57.05614471435547,2.748834000000002,399.7079162597656,56.69713146156314,585.7708740234375,61.15685272063572,0.0322362050178818,0.1335746794939041,0.18853659896199423,0.299704372882843,12.701526724653913,30.829978942871094,0.15630039393328904,0.27442821860313416,5.866110899162114,24.2166748046875,22.997398376464844,0.1775517627301266,0.2821345627307892,0.24360883235931396,1.216145000000001,1.5160219999999995,0.4451210339631511,144.06674194335938,150.41610717773438,49.865478515625,56.21484375,41.00290550520288,37.08049338993762
rep_ffb088c184f9250a80,96.2409896850586,150.41610717773438,54.17511749267578,110.68511199951172,140.91856384277344,30.23345184326172,2.548911999999998,187.638427734375,57.03114996059064,171.5137939453125,37.206714300116225,0.07003257992631748,0.14169713854789734,0.17044070928058752,0.2755178213119507,10.186137960263624,19.31737518310547,0.10571588954267028,0.2688344120979309,10.290056763873594,19.947486877441406,14.574292659759521,0.06015599777748286,0.16331760585308075,0.16316645896586124,0.7996559999999988,1.7326000000000015,0.31578797720293633,150.41610717773438,142.99887084960938,54.17511749267578,46.75788116455078,67.74802851810762,26.98711829882878
rep_ecc384666d3fc61013,96.27554321289062,143.512451171875,47.236907958984375,93.59319305419922,132.15281677246094,38.55962371826172,1.8825219999999945,302.8010559082031,64.21370944799175,202.3878631591797,52.66780735963223,0.04609949334919202,0.15207690000534058,0.20692535371403517,0.2814252972602844,11.880646238259741,30.540199279785156,0.16082586112460995,0.24839255213737488,4.199128829168628,14.008864402770996,12.300580024719238,0.1886608507221153,0.2527755796909332,0.15306596457958221,1.0828659999999957,0.7830000000000013,0.5803557168628387,142.99887084960938,138.8516082763672,46.72332763671875,42.57606506347656,43.14783882467354,54.37556202231992
rep_1f4a610c3defe53722,93.85224151611328,159.0404815673828,65.18824005126953,79.86492919921875,155.2877655029297,75.42283630371094,2.715523000000001,337.6561584472656,66.20322056869556,295.1893005371094,63.07123331924843,0.04652805359110307,0.1432899385690689,0.14114793794362876,0.27546608448028564,12.803660459504327,29.113792419433594,0.11905521155141469,0.25613856315612793,5.499786718467804,27.86286735534668,26.9142404794693,0.30873902104693807,0.6309126615524292,0.5910125970840454,0.8829670000000007,1.8158890000000003,0.32716343517401464,158.26072692871094,148.84786987304688,64.40848541259766,54.995628356933594,72.9455182499432,30.285787488626003
rep_3175004fbb9db3a0f3,100.8556900024414,135.2374267578125,34.381736755371094,88.022216796875,149.30458068847656,61.28236389160156,2.5155889999999985,263.56500244140625,48.747020285284485,319.9815368652344,63.0789279940885,0.12483231200546581,0.29160547256469727,0.05297098411751676,0.1454659104347229,11.39785035046506,22.40948486328125,0.09294954438327134,0.25494498014450073,7.792987417093492,14.206779479980469,10.259294033050537,0.21599081062737915,0.5307444334030151,0.5300064980401658,0.8996110000000002,1.599321999999999,0.35999804716653083,135.2374267578125,130.6611785888672,34.381736755371094,29.80548858642578,38.21844859096997,18.636327510298614
rep_52a2c5c414944694f1,66.00143432617188,146.6797637939453,80.67832946777344,71.93086242675781,130.6611785888672,58.730316162109375,2.4156340000000025,418.05828857421875,117.9932851117627,308.34869384765625,77.74467790301398,0.05650710919665808,0.18633396923542023,0.21044974049270931,0.3424110412597656,15.272939094871997,31.689987182617188,0.17153713827339603,0.2997840642929077,4.126614143569612,14.132394790649414,13.640751451253891,0.4491654521134876,0.7741387486457825,0.6593413576483727,1.2827889999999993,1.116189000000002,0.5347231195950937,138.87380981445312,145.79283142089844,72.87237548828125,79.79139709472656,56.80776455697803,71.4855612219135
rep_6d548704cfd01f491a,95.71095275878906,130.31436157226562,34.60340881347656,89.17156219482422,145.8236846923828,56.652122497558594,2.515611,241.21072387695312,47.288407352133845,245.7313232421875,61.20959355027137,0.14845056890004185,0.27545884251594543,0.0437110363731203,0.1012495681643486,10.679251928363474,23.20629119873047,0.10934134730476568,0.24237830936908722,6.583204524990037,13.29275894165039,10.057876348495483,0.17397321935345755,0.3884434103965759,0.38650275382678956,1.2661219999999993,1.2328219999999988,0.5066628143727911,124.08883666992188,116.13091278076172,28.377883911132812,20.419960021972656,22.413230250428338,16.5635915176503
rep_ac1e97d62d5c2b56a0,82.97102355957031,149.57615661621094,66.60513305664062,67.46766662597656,133.66781616210938,66.20014953613281,2.4822670000000038,334.01617431640625,88.5232175258776,358.2485656738281,65.29826920455699,0.049650520759663246,0.10919062793254852,0.2028992802812459,0.36629000306129456,15.057877811376795,31.016029357910156,0.1671651892619368,0.32831501960754395,4.368111595392888,10.558154106140137,10.376409634947777,0.35421292126646514,0.6081016659736633,0.5973304221406579,1.4660340000000005,0.9995660000000015,0.5945952303698894,137.72499084472656,129.8662109375,54.75396728515625,46.89518737792969,37.348361146573836,46.915548726076736
rep_29323d0780eb56b21d,96.62918090820312,134.14141845703125,37.512237548828125,89.67259216308594,145.70152282714844,56.0289306640625,2.3156789999999994,268.40087890625,64.56300511307175,288.5196228027344,64.25778884676733,0.11414844256227896,0.2749733626842499,0.042969916376250125,0.12482131272554398,10.364838121345562,23.0592041015625,0.07750761122045033,0.244095116853714,4.8008838045801285,9.046494483947754,7.853308439254761,0.1678017491995257,0.2763214409351349,0.27189616672694683,0.649722999999998,1.6493000000000002,0.28260830796386055,125.76246643066406,126.5361328125,29.133285522460938,29.906951904296875,44.839547811084145,18.133118234582472
rep_59893c3e996fee9c34,80.7088851928711,140.6370849609375,59.928199768066406,74.2181396484375,126.5361328125,52.3179931640625,1.8159000000000027,356.7516174316406,91.56643455035086,205.93545532226562,69.71911370294706,0.04395705653846609,0.10345536470413208,0.15834129864460889,0.29333487153053284,9.737985180223024,23.469642639160156,0.11477557383976565,0.23498386144638062,2.8774208767122977,5.327627182006836,5.043034106492996,0.43479522376287455,0.6538875699043274,0.5463796705007553,1.3660889999999988,0.4331440000000022,0.7592618632495057,140.6370849609375,133.99237060546875,59.928199768066406,53.283485412597656,43.8684447119232,123.0156377846568
rep_2b168be9071d57530d,79.84783935546875,149.8052978515625,69.95745849609375,71.81437683105469,130.77899169921875,58.96461486816406,2.2490340000000018,607.5945434570312,94.0751866603449,381.0399169921875,66.40741873970642,0.05376368629205295,0.12513451278209686,0.17214743902989738,0.36140117049217224,13.362180436455816,28.54559326171875,0.13852082076765676,0.30299389362335205,4.950483451191731,18.322593688964844,17.511116325855255,0.3693338149078841,0.653544545173645,0.5659828707575798,1.4827110000000019,0.7496669999999988,0.6641845601416971,149.8052978515625,148.02798461914062,69.95745849609375,68.18014526367188,47.182126858230404,90.94724092653404
rep_6ccabad19ce4f7ab3f,87.12907409667969,149.0364227294922,61.9073486328125,74.63976287841797,132.90269470214844,58.26293182373047,2.5155889999999985,296.2890625,67.91972306075411,587.5403442382812,60.233717438301056,0.033445362304687344,0.07799495756626129,0.21909936032304955,0.30224525928497314,12.584948708113604,29.359481811523438,0.1856539982176253,0.29196590185165405,4.170725575392168,15.601271629333496,15.448049321770668,0.2252281899320877,0.484113484621048,0.43526720628142357,0.8996110000000002,1.5993220000000008,0.3599980471665306,149.0364227294922,138.1331787109375,61.9073486328125,51.00410461425781,68.81568659433076,31.89107922873429
rep_db11ea7c1113500c85,93.98441314697266,131.53851318359375,37.554100036621094,89.42759704589844,143.39230346679688,53.96470642089844,2.5156009999999966,175.87562561035156,47.59774548881972,220.27952575683594,60.561201101668914,0.16695918047911967,0.28796932101249695,0.06593019003669374,0.1289162039756775,9.135212936235181,25.602745056152344,0.11255235432399216,0.2666003406047821,4.728787216245009,8.758405685424805,7.344029068946838,0.12747592292235044,0.3048876225948334,0.30457692593336105,0.9829119999999989,1.5160219999999995,0.3933325169852423,122.92755126953125,117.30289459228516,28.943138122558594,23.3184814453125,29.44631678375951,15.381360854468145
rep_07b241628c6745b2c2,91.21133422851562,151.45204162597656,60.24070739746094,89.58282470703125,158.6214141845703,69.03858947753906,4.481411,484.97021484375,44.93525730749372,286.3526611328125,48.31582323639798,0.1568181900944431,0.25390541553497314,0.042708688763883194,0.09589093178510666,5.395854569446493,16.861602783203125,0.11410950141937543,0.25023385882377625,8.983749245232435,19.88861846923828,15.757715225219727,0.08778041710795026,0.22792230546474457,0.22781355351617094,2.748822,1.7159329999999997,0.6156714086215257,151.45204162597656,125.38090515136719,60.24070739746094,34.16957092285156,21.915099412570523,19.913114861041525
rep_45d0e83c2ac0045b55,87.55145263671875,146.70559692382812,59.154144287109375,76.12802124023438,130.6331024169922,54.50508117675781,2.282355999999999,277.0135803222656,68.44332737886721,288.7685852050781,61.53873532284849,0.05388055058246488,0.1157321035861969,0.12635959894566665,0.19045618176460266,12.036014652985434,21.369308471679688,0.07592507017365972,0.1446031630039215,3.477255489964449,8.996564865112305,8.48313444852829,0.17943062640406934,0.26557883620262146,0.16336467117071152,1.082878,1.1828219999999998,0.4779441232290242,138.47926330566406,141.90232849121094,50.92781066894531,54.35087585449219,47.03005386474313,45.95017327585401
rep_74c3a7e79d3520b0b8,88.70132446289062,151.4091033935547,62.70777893066406,82.4218521118164,147.06204223632812,64.64019012451172,2.7488340000000004,344.9845886230469,62.38484726793522,282.683349609375,66.40017615935513,0.05204909537856195,0.11175772547721863,0.16262855313313226,0.23610325157642365,9.174860027650185,23.27588653564453,0.11057945794991837,0.21837523579597473,6.102810007257014,27.472946166992188,26.641303777694702,0.1832435233774419,0.2762347161769867,0.18740008771419525,0.9662450000000007,1.7659219999999998,0.35365517554380843,151.4091033935547,139.36935424804688,62.70777893066406,50.66802978515625,64.89842527585034,28.692110854928053
rep_497a451e0b4ab0dff3,86.60589599609375,151.45460510253906,64.84870910644531,83.2778549194336,136.43960571289062,53.16175079345703,1.8492120000000014,391.03955078125,78.74139015094639,366.46728515625,66.35066455525568,0.05396619376180018,0.09722800552845001,0.19117126410341592,0.237282857298851,10.541878507187556,25.377410888671875,0.13720507022206738,0.2188059240579605,4.33491950352372,26.003599166870117,25.85248239338398,0.16476245947429036,0.2465115189552307,0.14574402570724487,0.8329890000000013,0.999566999999999,0.4545503657187017,151.45460510253906,140.28614807128906,64.84870910644531,53.68025207519531,77.85061880342383,53.70350569316051
rep_210c60fdf8d5448ec9,89.92082214355469,159.12350463867188,69.20268249511719,82.6570816040039,144.34011840820312,61.68303680419922,2.1157670000000017,924.54150390625,77.02183197294525,356.1376647949219,67.65621265745564,0.04983522880140171,0.10465600341558456,0.15678247956816846,0.2163325399160385,8.674620212500242,32.45530700683594,0.10707860669376887,0.174857497215271,4.843228757028346,18.618833541870117,17.937461614608765,0.16916199615312158,0.2785989046096802,0.22331615537405014,0.7330110000000012,1.3660889999999988,0.3492025153637279,159.12350463867188,140.8419189453125,69.20268249511719,50.92109680175781,94.40879126659365,37.27509466935014
rep_7600ddc1c7518532b0,86.97339630126953,150.3807830810547,63.407386779785156,83.53926086425781,140.97015380859375,57.43089294433594,2.0158120000000004,425.73553466796875,75.01049457488813,392.6921081542969,62.151577387391356,0.06165531568631644,0.09779416024684906,0.18018831652627745,0.25497952103614807,10.19692081165163,24.76770782470703,0.11853300008327992,0.1921352744102478,4.2866579442996,20.57870864868164,19.486170649528503,0.18099428648262214,0.26634061336517334,0.14341598749160767,1.3994,0.5997559999999993,0.6999953980579807,150.3807830810547,145.9728240966797,63.407386779785156,58.999427795410156,45.3104093038339,98.37238442868471
rep_2b1b56fcdf686f87e9,88.51538848876953,147.09274291992188,58.577354431152344,80.77334594726562,137.21763610839844,56.44429016113281,2.382332999999999,346.02044677734375,72.37796301709217,357.9049377441406,63.675316998672514,0.07152156406796252,0.14936424791812897,0.18313981954994576,0.24508173763751984,10.296965370606248,26.99871826171875,0.1116769596790331,0.2346087098121643,4.574761291199736,14.688539505004883,13.843130350112915,0.16360636142481966,0.25623878836631775,0.15681059658527374,1.3827439999999989,0.9829220000000021,0.5845051668325107,147.09274291992188,140.5450897216797,58.577354431152344,52.029701232910156,42.363123203682235,52.93370301296547
rep_5fefb43622c2eda5a6,87.50697326660156,153.05014038085938,65.54316711425781,81.98786163330078,143.75323486328125,61.76537322998047,2.615555999999998,418.27685546875,65.91705010289313,233.4693603515625,65.36121637491266,0.07096474376292627,0.10657767951488495,0.16081290390322114,0.22491900622844696,10.176742781535959,24.649070739746094,0.08984816020168204,0.16530847549438477,4.726227540295091,25.993879318237305,25.431014120578766,0.18044314341370402,0.26187247037887573,0.13907401263713837,1.1661780000000022,1.4327219999999983,0.4487198430105052,153.05014038085938,137.84619140625,65.54316711425781,50.33921813964844,56.20339872151395,35.13537039261524
rep_3bd69e41cd57266903,90.85125732421875,150.17498779296875,59.32373046875,85.56379699707031,148.8047637939453,63.240966796875,2.415644999999998,293.82318115234375,55.794791775720924,343.93511962890625,72.22495541613605,0.14547970083690617,0.20936992764472961,0.027978924896093795,0.09153302013874054,5.253755880879439,13.450973510742188,0.1175007758922837,0.18886889517307281,6.109127191288997,14.534424781799316,12.257493019104004,0.06774855416110591,0.21028928458690643,0.20917589170858264,0.9162779999999984,1.4827000000000012,0.38194514497423426,126.20700073242188,150.17498779296875,35.355743408203125,59.32373046875,38.586262475147485,40.01060934022388
rep_d761ba3d8f066eef71,85.45455169677734,145.79373168945312,60.33917999267578,84.03665161132812,147.86439514160156,63.82774353027344,2.282378,526.5357666015625,60.602933152004276,293.2975158691406,66.0107780244857,0.19093323959340344,0.23945055902004242,0.03662510343965864,0.09591077268123627,3.5601631564650082,12.776260375976562,0.15430813579633887,0.22506746649742126,7.955842039551281,20.482398986816406,16.959221839904785,0.07106782445430022,0.20928676426410675,0.20901624497491866,0.733011,1.5326999999999997,0.3235236091452087,143.22122192382812,139.02093505859375,57.76667022705078,53.566383361816406,78.8073715497459,34.94903331494514
rep_2b4256b8b20205abf2,86.57986450195312,151.70323181152344,65.12336730957031,86.83588409423828,152.7666778564453,65.93079376220703,1.9824890000000002,355.1738586425781,73.23708858107229,369.61279296875,75.19003722682625,0.20168677260500661,0.260443776845932,0.03633920189506043,0.09586500376462936,5.103438344795995,17.294845581054688,0.1653475711983404,0.2454187422990799,7.289529354471292,15.539337158203125,12.044406175613403,0.06875059078366066,0.1880083680152893,0.18473408417776227,0.7996549999999996,1.1661780000000004,0.4067766692287695,151.70323181152344,146.66506958007812,65.12336730957031,60.085205078125,81.43932984795987,51.52318520682518
rep_20525de896af3c2e51,86.9371337890625,148.45550537109375,61.51837158203125,85.26068878173828,148.87774658203125,63.61705780029297,2.049123,374.6271667480469,77.4243464841127,259.4717712402344,76.2729187308856,0.03899473701037113,0.10439971089363098,0.17924980175060928,0.2709084749221802,6.222567998418413,22.39842987060547,0.14025506455705092,0.2224433571100235,5.772253733915016,15.034790992736816,13.818570733070374,0.18763555651535072,0.27206143736839294,0.14649789035320282,1.216145,0.8163220000000004,0.5983590385477352,148.45550537109375,142.88101196289062,61.51837158203125,55.943878173828125,50.58473420688425,68.5316311134921
rep_f5ef6c0161f1b2bb87,79.58300018310547,160.72569274902344,81.14269256591797,82.98617553710938,161.3444061279297,78.35823059082031,2.548911999999998,406.2775573730469,76.26129698225232,564.2472534179688,72.22877254692592,0.06402111613778895,0.1761281043291092,0.18867731516864128,0.2597019374370575,8.010505762844767,27.75238037109375,0.12490059750105723,0.22971542179584503,6.775357512371937,24.963825225830078,24.007645428180695,0.16368073060848962,0.23997414112091064,0.22507946845144033,1.1661669999999997,1.3660889999999988,0.4605249232305108,160.0152130126953,144.43881225585938,80.43221282958984,64.8558120727539,68.97143619189178,47.47553934828109
rep_8cafe422282d959530,78.17103576660156,156.9431915283203,78.77215576171875,84.50373840332031,152.5171661376953,68.013427734375,2.8154670000000017,331.0645446777344,71.64791857991312,257.4730224609375,62.21566485235616,0.0436253100046648,0.09259690344333649,0.18039782645929656,0.25173449516296387,6.598054318420536,22.976608276367188,0.13677251657611747,0.23172129690647125,8.614654177334758,16.093185424804688,15.100504040718079,0.16364635248768802,0.22651810944080353,0.22556867561070248,1.3327559999999998,1.4660440000000001,0.47618836644276114,154.96339416503906,143.92591857910156,76.7923583984375,65.7548828125,57.61921792018757,44.851916322088556
rep_9b959c53711117bcab,89.12041473388672,142.63128662109375,53.51087188720703,85.84647369384766,151.3311309814453,65.48465728759766,1.7825780000000009,265.5033264160156,73.76422949925141,252.424560546875,77.58295099260866,0.175797362786159,0.24232535064220428,0.047357108695679266,0.08674728870391846,4.861080861164261,13.188247680664062,0.12844025441770573,0.21723975241184235,5.533355289335003,11.65786075592041,8.588271617889404,0.06850495360755893,0.2251763492822647,0.2251443555978767,0.9496000000000002,0.8163109999999989,0.5377394444000863,141.0496826171875,142.63128662109375,51.92926788330078,53.51087188720703,54.6854126824987,65.55206518986894
rep_2d5fa419c6ca6c569a,89.81651306152344,148.56069946289062,58.74418640136719,86.75972747802734,150.0377960205078,63.27806854248047,2.7488230000000016,227.452880859375,71.7341787923513,965.7608642578125,73.70521388242753,0.16105128349850442,0.2348279058933258,0.03310121863088169,0.10477099567651749,6.688406563167416,34.18544006347656,0.12795006532405256,0.18795885145664215,7.6059783211566065,15.296950340270996,12.64198923110962,0.079330403224192,0.2401670217514038,0.23973070323700085,1.5160230000000006,1.216144,0.5548793320466868,103.19476318359375,139.04098510742188,13.378250122070312,49.22447204589844,8.824569364759181,40.475858159805455
rep_73da4dbfe62e87e2ac,89.01870727539062,150.2860870361328,61.26737976074219,87.21843719482422,141.484619140625,54.26618194580078,2.5155889999999985,312.4367370605469,65.60589574369445,280.66845703125,56.33260790278421,0.038499666287153574,0.08163770288228989,0.18734364534538847,0.23582199215888977,8.541885564828211,22.841705322265625,0.14884397934805838,0.22220055758953094,5.758171554071636,15.719797134399414,15.561223223805428,0.15032901588237238,0.24441972374916077,0.1734510436654091,1.4160669999999982,1.0828659999999992,0.5666686541816046,149.55059814453125,147.11813354492188,60.531890869140625,58.09942626953125,42.746487891562126,53.653384878213274
rep_89410eaac0367f3a17,89.54268646240234,143.62623596191406,54.08354949951172,85.91773986816406,149.3685302734375,63.45079040527344,2.2823560000000036,355.7905578613281,60.80208909040491,229.0489959716797,64.95709302319794,0.1658454663482274,0.2368897646665573,0.03906055526854385,0.08053501695394516,5.2165700287007954,12.992416381835938,0.12678491157732583,0.21353460848331451,8.060716745804395,18.95668601989746,15.356927156448364,0.06021812997316167,0.1991482377052307,0.1985621995991096,0.9829229999999995,1.282777000000003,0.4338275146753756,138.74966430664062,133.91221618652344,49.20697784423828,44.369529724121094,50.061884648378665,34.58865393136998
rep_a9e0a6a7f11f1efc53,87.19540405273438,153.72708129882812,66.53167724609375,84.59336853027344,157.43116760253906,72.83779907226562,2.5155999999999956,386.81005859375,62.384136401802735,243.4638214111328,69.23025749658854,0.1540306586825241,0.21921992301940918,0.04346959675485657,0.14018739759922028,5.415723560417624,15.118087768554688,0.11158143124847139,0.20329879224300385,8.745477617009996,21.443836212158203,18.141244411468506,0.08507346298971061,0.28790509700775146,0.2876420384272933,0.8496330000000007,1.6492999999999967,0.3399983112792546,153.72708129882812,127.63789367675781,66.53167724609375,40.44248962402344,78.30637139340597,24.521002621732563
rep_b652806afe1fe9072b,87.42063903808594,148.06910705566406,60.648468017578125,80.11583709716797,152.1749725341797,72.05913543701172,3.0820229999999995,306.78350830078125,55.42277355601868,313.030029296875,58.64389655296757,0.043425757014693867,0.11509960144758224,0.15551405913584226,0.23335056006908417,6.706294542701917,21.801589965820312,0.1126765038929587,0.21662084758281708,5.7829786184660765,15.749126434326172,15.468244105577469,0.18916381826306602,0.3070896863937378,0.20351963490247726,0.6997,2.365667000000002,0.22825978096586788,142.7559814453125,146.27841186523438,55.33534240722656,58.85777282714844,79.08438245994935,24.879990644139006
rep_36e091bfd9c6523606,88.79605865478516,158.39280700683594,69.59674835205078,88.08274841308594,154.01991271972656,65.93716430664062,3.0486999999999997,543.5363159179688,55.385695223999285,267.94281005859375,63.604717718502464,0.1542313023866836,0.2113206833600998,0.036069850517222654,0.13240393996238708,3.219516952813182,11.435722351074219,0.11816145203336038,0.1860990673303604,8.336678752944398,17.430814743041992,14.40339970588684,0.09128819525891148,0.2007800042629242,0.200688333286962,1.3494220000000001,1.6826109999999999,0.44505518244689296,158.39280700683594,144.033447265625,69.59674835205078,55.237388610839844,51.57522876613155,32.82837721305747
rep_946de87b024761fafe,86.9203109741211,148.5314178466797,61.611106872558594,83.72484588623047,144.033447265625,60.30860137939453,2.1824120000000002,387.40972900390625,80.16120455584671,240.98275756835938,68.26407356526025,0.05161117759329855,0.09786874055862427,0.17748190811723263,0.2426554560661316,8.324839203124354,20.89440155029297,0.1258707299292513,0.1985098123550415,4.541453907717018,17.20184326171875,15.85036563873291,0.19729075403487548,0.28061941266059875,0.1492539644241333,0.8996219999999999,1.2661230000000003,0.4153868530228627,148.5314178466797,144.9803009033203,61.611106872558594,58.05998992919922,68.48554934467876,45.85651625410738
rep_35e3d2cee2f75e3e22,89.00617218017578,148.73941040039062,59.733238220214844,86.8270034790039,149.71006774902344,62.88306427001953,2.5155889999999994,263.7201232910156,56.37524395104129,238.49850463867188,67.51643379726431,0.16586999471675648,0.22382138669490814,0.030313364483140735,0.08353561908006668,4.852629319706163,17.666229248046875,0.13555663043741648,0.20719881355762482,7.29680555215063,14.859661102294922,12.497963666915894,0.09364833168466451,0.23827067017555237,0.23809859044558834,1.3660879999999995,1.1328450000000005,0.5466685181235349,143.6683349609375,145.83419799804688,54.66216278076172,56.828025817871094,40.013646837364604,50.16399049991046
rep_2adad38065a30e32ca,82.9346694946289,148.40423583984375,65.46956634521484,83.1227035522461,158.2076873779297,75.0849838256836,2.4156449999999996,286.5105895996094,70.50984080809327,340.4355163574219,69.70311508744236,0.17957163278579932,0.23572154343128204,0.036207615426118486,0.1098327711224556,4.683639100053767,16.451858520507812,0.14336401712869884,0.23160775005817413,7.520878371383331,14.389121055603027,11.177227020263672,0.09746216524366795,0.2463013380765915,0.24586374600767158,0.9495889999999996,1.449389,0.39583064121471717,145.8485565185547,127.03966522216797,62.91388702392578,44.10499572753906,66.2538077251588,30.43006103091652
rep_ff671892c1724ab31e,80.18119049072266,148.05079650878906,67.8696060180664,80.32413482666016,147.17465209960938,66.85051727294922,1.8492110000000004,336.3024597167969,90.1575060687226,317.18206787109375,82.37532498941968,0.058756205290148265,0.10240355134010315,0.18130635971162448,0.24498823285102844,9.07565007474022,25.56261444091797,0.12255015467341746,0.2399606704711914,4.557593461200832,15.009500503540039,14.12880277633667,0.1858151189991332,0.2715802788734436,0.1354796439409256,0.6997,1.1328440000000004,0.38181893586184007,141.1944122314453,145.18594360351562,61.013221740722656,65.00475311279297,87.19911639377256,57.38191058326914
rep_bd8591da4c0c8237a0,84.2866439819336,151.9051971435547,67.6185531616211,78.82145690917969,145.85177612304688,67.03031921386719,2.515589000000002,590.2548217773438,68.77657819538139,263.6706237792969,67.81565931924156,0.05167496514404031,0.09468711912631989,0.17345345893471686,0.23194265365600586,10.359082426110598,25.106475830078125,0.12177849403596858,0.22349829971790314,7.273070434694472,17.440723419189453,16.367480158805847,0.17957282919599696,0.2689923942089081,0.17319995909929276,1.1328440000000022,1.3660889999999988,0.45333108170567266,151.9051971435547,150.136474609375,67.6185531616211,65.8498306274414,59.68920095054656,48.203177558300716
rep_ad037e7a08fb6f68f3,87.17546081542969,142.1486358642578,54.973175048828125,89.5960922241211,150.4807586669922,60.884666442871094,2.2490340000000018,250.85617065429688,55.375247984709056,242.74468994140625,58.64210852175767,0.18110577367520272,0.23345595598220825,0.027067389294647207,0.060618869960308075,4.792596694300516,12.307304382324219,0.15403838405389292,0.20758938789367676,6.390505838600791,17.589679718017578,15.619705557823181,0.09037701275367029,0.19864991307258606,0.1906054625287652,1.1994779999999992,1.0329000000000015,0.5373095416636424,141.14805603027344,134.02857971191406,53.97259521484375,46.853118896484375,44.99673625930929,45.36075021442957
rep_192fcfc43111194ede,84.33714294433594,142.5698699951172,58.23272705078125,75.3454818725586,134.496337890625,59.150856018066406,2.2823780000000014,329.4776611328125,64.22832719167762,264.8102722167969,61.38080095609111,0.047872260354077746,0.10462596267461777,0.1763235494158126,0.2324260175228119,8.862238428001708,23.766082763671875,0.12845128931335384,0.21461306512355804,3.989416895688323,12.387203216552734,11.941558122634888,0.14284526336022227,0.23657044768333435,0.17145313322544098,1.0162329999999997,1.2494779999999999,0.44852719521598294,142.5698699951172,142.04757690429688,58.23272705078125,57.71043395996094,57.30253500012425,46.18763512439671
rep_41d7f4014c8377557d,82.6800765991211,150.45098876953125,67.77091217041016,74.80795288085938,140.62989807128906,65.82194519042969,2.448955999999999,295.7076721191406,69.45004806985146,248.76785278320312,61.60906153465694,0.05947133729530918,0.1118079274892807,0.17329809298859147,0.256238728761673,8.778614743568408,25.00225830078125,0.11382675597074389,0.23224413394927979,5.600028527405885,20.179367065429688,19.683542519807816,0.17037951585654634,0.25668907165527344,0.1789592131972313,0.999565999999998,1.432734,0.410955063108991,150.019287109375,142.96707153320312,67.3392105102539,60.28699493408203,67.36844841686697,42.07828873613806
rep_d5a43d3ea2a3e2ae47,90.95157623291016,143.9861602783203,53.034584045410156,92.90238952636719,147.78366088867188,54.88127136230469,2.648856000000002,195.67149353027344,54.19411042418356,276.6897888183594,52.23308948230948,0.13543008333282877,0.19781708717346191,0.03708012262927616,0.08728407323360443,3.449214442813751,12.585624694824219,0.09834996046184649,0.19034485518932343,8.019087652182861,20.179367065429688,17.3846435546875,0.05416128841072918,0.15673880279064178,0.15663916222547414,0.9329220000000014,1.6992779999999996,0.3544267152951907,137.98609924316406,141.2639923095703,47.034523010253906,50.312416076660156,50.41635100282107,29.60811360863859
rep_3a308bcf386c6a7ee0,86.78821563720703,148.38201904296875,61.59380340576172,80.84628295898438,143.26266479492188,62.4163818359375,2.748833000000001,310.244140625,63.18131798634263,233.5020294189453,61.852493771536345,0.049212272298732374,0.11714058369398117,0.15334097425951507,0.2168838083744049,6.087655941998741,20.129356384277344,0.10489702107803586,0.211400106549263,5.16749273392981,21.63970375061035,21.559504210948944,0.1635553034516858,0.29019197821617126,0.19779614359140396,1.3494220000000006,1.3827440000000024,0.4939019078635775,144.64413452148438,147.88963317871094,57.855918884277344,61.101417541503906,42.874592888123445,44.18852480394332
rep_2bca3e223f0ea212b4,95.29310607910156,141.5204620361328,46.22735595703125,92.9397201538086,148.77320861816406,55.83348846435547,2.149089999999994,253.0794219970703,64.51365803645679,377.5262756347656,69.2285703029649,0.12219637469372906,0.20000286400318146,0.04093374303301181,0.09101026505231857,5.453878838004538,15.876808166503906,0.08126263198579498,0.17589612305164337,9.2121319965592,18.994029998779297,14.777167797088623,0.08311750139911976,0.2511766850948334,0.2509632237779442,0.8662999999999954,1.2661230000000003,0.4062514801237827,137.56336975097656,137.49864196777344,42.270263671875,42.205535888671875,48.79402478572691,33.334467416413624
rep_6ba25eaa22a69f22ea,85.89585876464844,158.2287139892578,72.33285522460938,85.8623046875,156.2655029296875,70.4031982421875,2.648878,281.19952392578125,60.79574304824314,299.81689453125,65.80648598939435,0.150500591853717,0.23447176814079285,0.03165531038806992,0.1428176611661911,4.204971326434189,13.584564208984375,0.11915984328834495,0.21435394883155823,8.124945832713482,21.6081485748291,17.230467319488525,0.050144380299012505,0.17723903059959412,0.17683757419581525,0.8496440000000001,1.7825669999999998,0.32278719297199204,158.2287139892578,138.3385772705078,72.33285522460938,52.442718505859375,85.13313249385551,29.41977412678423
rep_c47dfb83a60baa7049,91.85206604003906,150.1894073486328,58.33734130859375,87.761962890625,153.6649627685547,65.90299987792969,2.7821560000000005,271.6607666015625,67.72713099874115,289.0641784667969,67.45558153962666,0.15715527460669534,0.30791032314300537,0.03465002113088359,0.09111826866865158,6.080954243517186,27.033889770507812,0.12250525319605837,0.2568843364715576,8.751505876433901,18.06402015686035,13.806407928466797,0.07247675972784229,0.20847618579864502,0.20735621347557753,1.432734,1.3327550000000006,0.5180761883341426,114.47802734375,143.55810546875,22.625961303710938,51.70603942871094,15.792157723423147,38.79635749159517
rep_f6ac69e13453320ef3,86.41561126708984,150.65139770507812,64.23578643798828,81.50883483886719,148.4756622314453,66.96682739257812,2.848788999999999,293.1153259277344,66.455794348216,252.41004943847656,60.21676817906123,0.03331495044155222,0.09306929260492325,0.17192715321603733,0.2511686086654663,6.718399535755639,24.84784698486328,0.13861220248933284,0.23057502508163452,6.027167656807787,16.656269073486328,15.707438588142395,0.173439994746791,0.25841015577316284,0.16790564358234406,1.5326779999999998,1.299455,0.5411744434318586,148.5454864501953,147.15586853027344,62.12987518310547,60.740257263183594,40.53680889469639,46.74287086754339
rep_4fc424027655115822,89.74371337890625,145.4897003173828,55.74598693847656,87.21138000488281,149.70753479003906,62.49615478515625,2.065778999999999,207.16993713378906,66.1612897668769,262.5079345703125,74.63137909986438,0.14462938858515265,0.22227953374385834,0.03406653251442887,0.07468520849943161,4.347601346494471,12.950958251953125,0.11056285643033098,0.20951832830905914,6.277022886529006,14.230354309082031,11.359718322753906,0.06660628975248693,0.20197850465774536,0.20165462687145919,0.5830780000000004,1.4660449999999994,0.28455002457148765,143.12396240234375,139.29693603515625,53.3802490234375,49.55322265625,91.5490706619654,33.8006150263123
rep_11a1d40991198961f0,94.51695251464844,146.0655517578125,51.54859924316406,86.26708221435547,153.31996154785156,67.0528793334961,1.9158560000000033,420.58673095703125,68.03500950240897,300.0713806152344,75.21459613717114,0.16344398904046006,0.22545242309570312,0.026805431400982186,0.09746576100587845,7.160340414445056,17.42864990234375,0.13780209042197064,0.21822871267795563,7.157765665496626,15.849345207214355,13.078900337219238,0.04783223677742113,0.16667306423187256,0.1662736177968327,0.6497220000000006,1.249467000000001,0.3421049721749652,146.0655517578125,144.9405059814453,51.54859924316406,50.423553466796875,79.33947017826704,40.3560505934105
rep_63276acd130a1a16ce,95.47306823730469,149.35289001464844,53.87982177734375,85.52157592773438,145.21949768066406,59.69792175292969,2.115756000000001,306.16900634765625,69.30888098941327,288.6623229980469,77.19491239080365,0.04791424690386758,0.12700439989566803,0.16797172395336324,0.24717675149440765,9.79754233119272,22.645233154296875,0.12005747749188841,0.19153478741645813,4.966828600361377,17.543184280395508,17.436756879091263,0.1695365043007956,0.2646232545375824,0.23321742564439774,1.3660779999999981,0.7330220000000018,0.6507922442951732,147.78094482421875,147.7686309814453,52.30787658691406,52.295562744140625,38.29054899274722,71.34241911448837
rep_b2360b4774599f8408,82.1649169921875,152.303466796875,70.1385498046875,80.18294525146484,146.78662109375,66.60367584228516,2.115756000000001,502.81768798828125,86.482787730224,491.0419616699219,75.11780916300097,0.06746153234264249,0.12904120981693268,0.18514895452630772,0.24817752838134766,7.7909918186230565,25.97315216064453,0.11768742231486659,0.22091007232666016,5.009142679497281,14.698549270629883,14.44816842675209,0.1413442323329518,0.2671986520290375,0.1954995021224022,0.5664219999999993,1.5326780000000007,0.2698404077938161,151.41854858398438,148.72360229492188,69.25363159179688,66.55868530273438,122.26508079099499,43.42639830592881
rep_d8f0afe79b91d46b4e,93.38919067382812,142.08349609375,48.694305419921875,86.3071517944336,150.3162384033203,64.00908660888672,1.9825000000000017,220.0052032470703,56.95853588488435,248.28025817871094,71.68658534594219,0.16564257135280333,0.2259431779384613,0.025634838924715624,0.06292473524808884,6.180451564525428,13.542144775390625,0.14000773320946644,0.20377467572689056,6.254052189871889,17.48417091369629,15.330944299697876,0.051703314057299846,0.145069882273674,0.1450234615658701,1.0828669999999967,0.8829660000000032,0.550843840753511,141.4910888671875,141.5478057861328,48.101898193359375,48.15861511230469,44.42087365609952,54.54186810398646
rep_0def6e3c339b9e5a3a,91.8180923461914,151.5446014404297,59.72650909423828,83.73865509033203,144.66018676757812,60.921531677246094,2.4822789999999983,440.6405334472656,68.52576661153276,339.691650390625,65.87922051336541,0.04376349032577254,0.10351017862558365,0.1815710681786177,0.25103357434272766,7.018453489652868,19.388999938964844,0.13780757794653212,0.2492024451494217,5.964321552441054,21.22816276550293,20.570128798484802,0.17723958516461888,0.2829814553260803,0.17934580892324448,1.7825669999999967,0.6830560000000006,0.7229681910008134,150.3162384033203,145.78277587890625,58.498146057128906,53.964683532714844,32.816800746972774,79.00477198460273
rep_3b63838c9199bc61e4,84.75475311279297,154.1696014404297,69.41484832763672,84.86876678466797,152.4684295654297,67.59966278076172,2.948743999999998,328.966064453125,63.29308087805434,228.93856811523438,60.71900837610674,0.04745406639867627,0.12315194308757782,0.17241198315190936,0.2302056849002838,7.29739686723174,24.53539276123047,0.12498822223854764,0.22130610048770905,7.153859072138045,20.193164825439453,19.165470838546753,0.1945321439824604,0.28879791498184204,0.17637784779071808,1.3660879999999977,1.5659890000000019,0.4659113659020544,153.30511474609375,143.73411560058594,68.55036163330078,58.97936248779297,50.180048161832104,37.662692705882925
rep_02baf361a41927f7e1,80.6046371459961,157.63816833496094,77.03353118896484,105.60287475585938,145.33810424804688,39.7352294921875,2.648878,543.12841796875,93.75285613661381,600.2603759765625,81.41372638188776,0.09718165296088561,0.21646049618721008,0.1051359246985115,0.23379601538181305,23.658081731243453,51.851829528808594,0.06865782422603413,0.1950569748878479,1.4235505556453751,3.0773861408233643,3.0325086899101734,0.3263749825629858,0.480940580368042,0.24930723011493683,1.432722,1.1994889999999998,0.5443036291543497,142.2316436767578,154.2386016845703,61.62700653076172,73.63396453857422,43.01393189380893,61.387778077643254
rep_443563c8a2fba0febe,68.68467712402344,157.37039184570312,88.68571472167969,84.02957916259766,138.3872833251953,54.357704162597656,1.8159,1790.134521484375,233.9994785301512,411.339111328125,102.00632033516482,0.06706423536804898,0.17345762252807617,0.09919063332243906,0.19583606719970703,30.937159132698273,52.34125518798828,0.06724835490661453,0.1582266241312027,3.473966015790984,10.190043449401855,9.184216618537903,0.0969493248366716,0.20746499300003052,0.1987387239933014,0.7996659999999993,0.9995670000000008,0.44444827323642866,147.7856903076172,151.99880981445312,79.10101318359375,83.31413269042969,98.9175645626972,83.35022333713461
rep_826841f39e9298f126,53.976409912109375,159.30970764160156,105.33329772949219,88.45645141601562,147.46173095703125,59.005279541015625,2.848801,1464.9097900390625,170.7233399149977,416.5772705078125,84.37657792104513,0.13571240765033976,0.35321396589279175,0.15174187381486734,0.3264976441860199,29.33444543722812,73.56343078613281,0.039909434904542344,0.11582658439874649,4.460721959665342,17.676925659179688,17.0040180683136,0.09726612986338669,0.26416316628456116,0.2638277373916935,1.6826109999999996,1.1495230000000003,0.5941141909245818,159.30970764160156,148.2974395751953,105.33329772949219,94.32102966308594,62.601098964343045,82.05232053911571
rep_cd3eab9efb5a4c93d3,45.91056442260742,154.26954650878906,108.35898208618164,87.23695373535156,148.57595825195312,61.33900451660156,2.9487550000000002,2623.250244140625,169.7701409333969,472.3955993652344,93.07595458403723,0.13515545557414171,0.33311256766319275,0.1650350260051354,0.30788326263427734,29.800028353757853,89.84844970703125,0.0496239652579149,0.1647186279296875,4.270496773235547,14.216021537780762,13.814361572265625,0.09016796017166184,0.25429755449295044,0.2539621256000828,1.4826999999999995,1.4493880000000008,0.5056805934883262,148.7991943359375,150.19131469726562,102.88862991333008,104.2807502746582,69.39274965490667,71.94812588117064
rep_3138501c806e115527,68.88438415527344,155.49913024902344,86.61474609375,88.66630554199219,140.7619171142578,52.095611572265625,2.6821900000000003,1256.411865234375,168.24263397422604,523.0401000976562,81.78066196978101,0.1039627739631326,0.25873449444770813,0.1437314155856256,0.25823116302490234,28.758942553529405,59.361915588378906,0.05260920806640407,0.15239949524402618,2.9235251334242185,11.06963062286377,10.933770760893822,0.0568053980482987,0.18443679809570312,0.1835741371032782,1.3494229999999998,1.3160999999999987,0.5062507432875276,150.19131469726562,146.41445922851562,81.30693054199219,77.53007507324219,60.25310858195851,58.90895454239212
rep_9b8cb4166cbacaada7,69.86778259277344,160.4601287841797,90.59234619140625,84.55082702636719,146.91928100585938,62.36845397949219,3.281933000000002,1862.7508544921875,156.59245868280857,384.07012939453125,77.96688617240147,0.0973624064223434,0.3003184497356415,0.13516607882239406,0.2831721603870392,25.177789738801813,55.46173858642578,0.05080253044220345,0.15272757411003113,3.9931513791454716,12.928234100341797,12.875720553100109,0.08626726674920868,0.27242520451545715,0.2723864578510984,2.2323769999999996,1.0329000000000015,0.6836715537456696,146.41445922851562,147.54052734375,76.54667663574219,77.67274475097656,34.2893143208975,75.19870728141781
rep_fd1259ada4de072a01,86.29936981201172,159.7400360107422,73.44066619873047,106.45730590820312,144.735595703125,38.278289794921875,2.3156789999999994,545.6991577148438,123.54838300487785,494.24700927734375,98.78047792664215,0.10291420525776948,0.18763622641563416,0.10781712166580672,0.21153879165649414,21.063446183998497,48.482215881347656,0.07200710582487166,0.1636679470539093,2.4985869820474753,17.242820739746094,17.14246253669262,0.32851336476001297,0.48925405740737915,0.3194800913333893,1.4993559999999988,0.7996669999999995,0.6521709439183514,155.622314453125,154.69114685058594,69.32294464111328,68.39177703857422,46.23514671706609,85.52532121317282
rep_dd74432211f9ffa5e1,83.66240692138672,156.0175323486328,72.3551254272461,112.92249298095703,145.0601043701172,32.137611389160156,2.2823670000000043,703.0504760742188,135.51485856757472,359.67828369140625,104.25048590064308,0.10285519690985065,0.1791309416294098,0.11274856203121181,0.21089982986450195,24.05104624054765,46.08271789550781,0.06470794260892201,0.17501197755336761,2.027082591739801,4.574556827545166,4.442968040704727,0.30698884706312024,0.4726234972476959,0.29045385122299194,1.1994880000000023,1.0662120000000002,0.5294116608553653,154.69114685058594,154.58799743652344,71.02873992919922,70.92559051513672,59.21588205067419,66.52109572499344
rep_91609c5df4bead6c69,77.87222290039062,157.93630981445312,80.0640869140625,106.26457977294922,144.0478973388672,37.78331756591797,2.615555999999998,665.75,130.7113738877256,442.9743957519531,112.08144918569734,0.1156023946193371,0.18015067279338837,0.10831485530898022,0.24890902638435364,23.607167096617083,46.259620666503906,0.07321763330976946,0.16587603092193604,2.1314008609100563,4.672097682952881,4.621894937008619,0.29794213418586757,0.4643268585205078,0.3101501613855362,1.349421999999997,1.2494779999999999,0.5192281349801834,154.58799743652344,155.83108520507812,76.71577453613281,77.9588623046875,56.850840238363524,62.39314522119438
rep_a37330b43adea50a3e,79.81401062011719,159.67721557617188,79.86320495605469,107.83876037597656,146.97821044921875,39.13945007324219,2.3489999999999966,465.03106689453125,115.16862297456817,369.9708251953125,98.87014491521883,0.10953242202017009,0.1867997646331787,0.12995777923090282,0.248839870095253,24.953909198017126,50.761451721191406,0.07450047910102686,0.19026634097099304,1.8950739289779392,3.3821189403533936,3.2035822719335556,0.27243170195060545,0.41689974069595337,0.23114296793937683,1.0828660000000028,1.2494669999999957,0.4642844739580512,155.83108520507812,159.67721557617188,76.01707458496094,79.86320495605469,70.1998904619415,63.91781852266203
rep_4ad73d552251012434,91.33479309082031,160.92001342773438,69.58522033691406,110.86550903320312,146.5218963623047,35.65638732910156,2.3490000000000038,547.6712036132812,127.14847472789792,325.419921875,79.62474683215409,0.07180307632368989,0.16078457236289978,0.10942238154001006,0.20443016290664673,23.13342147671905,42.475486755371094,0.06065646333578187,0.13568495213985443,1.7593598315338315,3.5358660221099854,3.3706084638834,0.2906305470533633,0.43870246410369873,0.288399413228035,1.8825330000000022,0.44981100000000396,0.8071420853870601,159.67721557617188,158.63572692871094,68.34242248535156,67.30093383789062,36.30343929447796,149.62047134883326
rep_fa168bf284d8c96c8f,96.33244323730469,154.8318328857422,58.4993896484375,124.12730407714844,154.90756225585938,30.780258178710938,1.8492,631.6867065429688,106.66539970102036,408.0010070800781,57.986335487410514,0.0877446852694474,0.17790251970291138,0.1360221280397326,0.26134413480758667,16.362876185210627,44.640357971191406,0.07480754145672072,0.23488830029964447,3.001399046159088,9.696488380432129,9.426750481128693,0.4403216618660041,0.5409428477287292,0.20564529299736023,0.6330560000000001,1.199488,0.34545200551801214,153.5657501220703,146.5714111328125,57.233306884765625,50.23896789550781,90.40796846529473,41.88367694842117
rep_acba12d05fb8cb1071,,,,108.45637512207031,153.28939819335938,44.83302307128906,2.4156559999999994,,,211.7251739501953,51.44620890817159,0.14057053893580615,0.2564071714878082,0.12351685687270988,0.30353066325187683,,,0.05585710843559411,0.16953587532043457,3.333483512341295,8.120623588562012,7.921212255954742,0.45963437433155646,0.5473024845123291,0.21271052956581116,,,,146.5714111328125,145.93478393554688,,,,
rep_fa63fb414a09fba399,102.82459259033203,150.245361328125,47.42076873779297,101.82125091552734,145.10556030273438,43.28430938720703,2.5489120000000005,502.5907287597656,72.96955501065808,190.98004150390625,45.126957767000185,0.12211216241294104,0.24741069972515106,0.08222081536736306,0.20653095841407776,4.5340939221846215,25.56854248046875,0.05763063812541719,0.19291725754737854,3.0366150820903024,8.044906616210938,7.9072322100400925,0.43373915360486426,0.5998145937919617,0.29657381772994995,1.5826450000000003,0.9496000000000002,0.6249967913847199,145.93478393554688,143.31039428710938,43.110191345214844,40.485801696777344,27.239331211493944,42.634584769142094
rep_8c2b0e419612f75982,104.89813995361328,145.8368682861328,40.93872833251953,103.61402130126953,140.83734130859375,37.22332000732422,2.948733999999999,585.4459838867188,97.3891532920647,210.00543212890625,38.55141052855086,0.10218542719164636,0.20796003937721252,0.08037796095283395,0.16933606564998627,7.126275252621447,21.307510375976562,0.04138447753111262,0.12429577857255936,2.5966881919912708,8.005629539489746,7.98133347183466,0.36986403547756747,0.49346834421157837,0.27076494693756104,0.7163550000000001,2.2157229999999997,0.24431648816982363,143.31039428710938,142.9216766357422,38.412254333496094,38.023536682128906,53.62181367268476,17.16078078447934
rep_60375464ef15bd70a9,104.9854507446289,139.0824737548828,34.097023010253906,103.74996948242188,149.46014404296875,45.710174560546875,2.5155890000000003,518.4967651367188,82.25383150685671,294.4204406738281,57.707607200424064,0.1455750907257071,0.2690269351005554,0.08325952919159428,0.20596307516098022,6.087663324621443,19.504959106445312,0.12530131021322138,0.25484979152679443,5.822910867905548,17.978763580322266,16.874401569366455,0.29609531682856305,0.47265148162841797,0.4722065509413369,1.5160219999999995,0.9829000000000008,0.6066703962748735,127.32369232177734,138.9783172607422,22.338241577148438,33.99286651611328,14.734774018548837,34.58425731622063
rep_8e0838c69b44e0e484,112.6363754272461,139.14154052734375,26.505165100097656,108.14991760253906,149.46014404296875,41.31022644042969,2.2157220000000013,254.79876708984375,55.361873526391584,164.13827514648438,49.451335317618664,0.12289129227048223,0.2881031930446625,0.10768459692091885,0.2236836850643158,6.856423454234679,18.730690002441406,0.1270509372650824,0.2329244315624237,4.344492569455172,6.746644496917725,3.8265793323516846,0.28690906435657754,0.3725866377353668,0.20517562329769135,1.7325999999999997,0.4664660000000005,0.7878799453949993,138.38412475585938,133.8523712158203,25.74774932861328,21.21599578857422,14.860758010281245,45.482405552760966
rep_a9527922a989ef766d,95.44739532470703,134.16419982910156,38.71680450439453,97.09830474853516,137.13711547851562,40.03881072998047,2.082445,204.09915161132812,54.30053250419016,213.6166534423828,51.480833489705915,0.15108935124231837,0.2026970237493515,0.07687837880539951,0.1835576295852661,2.6089261394107828,12.503044128417969,0.07953309038210245,0.1754997819662094,3.279543076965435,5.728811264038086,4.893112778663635,0.3253361394147841,0.41577693819999695,0.19487343728542328,0.9496000000000002,1.116177999999998,0.4596815340273742,133.8523712158203,128.3317108154297,38.40497589111328,32.884315490722656,40.443319177667725,29.461533456780835
rep_7b675a687f7d9e628c,108.01023864746094,144.1899871826172,36.17974853515625,102.93197631835938,152.9789276123047,50.04695129394531,2.5822340000000032,264.6187438964844,52.76277576054298,342.04974365234375,51.54524941397997,0.10987182357476405,0.28420910239219666,0.10942822499324856,0.21594147384166718,5.468676540253659,11.984588623046875,0.08863065756267575,0.21795445680618286,2.95267380327123,6.6065144538879395,5.897030830383301,0.29008164965280825,0.43937158584594727,0.4337685229256749,1.1995000000000005,1.3660780000000017,0.4675359704518824,141.92327880859375,142.0194549560547,33.91304016113281,34.00921630859375,28.272647070556733,24.89551570890806
rep_88e19ee5be79751d7e,81.26313781738281,155.58901977539062,74.32588195800781,91.63224029541016,150.43060302734375,58.798362731933594,1.882522,781.885498046875,108.46609713472041,329.1895751953125,69.26147099558345,0.13200813049399102,0.18841734528541565,0.08371032187967482,0.18032029271125793,7.444648193716552,19.91461944580078,0.05489928393145461,0.1336955726146698,2.46950754574458,6.22443962097168,6.211295290850103,0.33395074239514827,0.45525500178337097,0.24335704743862152,1.0828659999999999,0.7830000000000001,0.58035571686284,148.8865203857422,152.65692138671875,67.62338256835938,71.39378356933594,62.44852324143466,91.17980021626555
rep_e0083818482a4934d7,85.3673095703125,157.76470947265625,72.39739990234375,91.26431274414062,147.56448364257812,56.3001708984375,2.5822329999999996,527.6112060546875,80.7601659736769,255.3416748046875,57.798069104420435,0.13564490854850267,0.1894996613264084,0.10153234490123324,0.22653602063655853,8.37320342602048,21.110755920410156,0.05178489616707566,0.13682295382022858,2.224389746790728,6.447562217712402,6.210654720664024,0.3019307282169581,0.3771666884422302,0.185012087225914,1.4493770000000001,1.1161889999999994,0.5649345992268374,156.0867462158203,152.28622436523438,70.71943664550781,66.91891479492188,48.792989433051446,59.95303196405081
rep_a1e37a6d86f9be1dbb,85.48089599609375,160.1860809326172,74.70518493652344,94.11105346679688,153.01312255859375,58.902069091796875,1.9491779999999999,636.9097290039062,99.82919966704586,573.7559204101562,72.31570563147257,0.12731938070378299,0.16103577613830566,0.09434256993233742,0.22969171404838562,10.04839857663063,20.803253173828125,0.06465620407274095,0.14111825823783875,2.369867110389452,5.41673469543457,4.792447090148926,0.2595882277379078,0.39813241362571716,0.2761319875717163,0.7829999999999995,1.1495110000000004,0.4051723379582313,156.73492431640625,150.5111083984375,71.2540283203125,65.03021240234375,91.00131330818972,56.57206621106168
rep_051c9c524e3b73459a,93.9699935913086,148.75856018066406,54.78856658935547,88.4400634765625,151.09347534179688,62.653411865234375,2.648878,338.3429260253906,60.89367221955759,307.0799560546875,56.18002200333634,0.08570842047493257,0.14324761927127838,0.07988512016176375,0.17400991916656494,8.818406770538692,19.401527404785156,0.03782970957106755,0.13484781980514526,5.2036742734661505,17.329587936401367,16.020113110542297,0.1484045288674548,0.278861403465271,0.27309142611920834,1.4493779999999994,1.1828330000000005,0.550631389352905,146.40721130371094,147.47610473632812,52.437217712402344,53.50611114501953,36.17911801641971,45.23555831213663
rep_d70a06a71c2b8e94b3,91.38521575927734,148.6679229736328,57.28270721435547,88.65254211425781,145.51971435546875,56.86717224121094,2.7155010000000015,380.0827941894531,58.62602233279975,273.7271423339844,48.04891784162187,0.08067104963273998,0.15449681878089905,0.10505310299037791,0.18103571236133575,6.836706506580748,25.93841552734375,0.05259928962747692,0.13709285855293274,5.689335770447797,15.596169471740723,15.093530416488647,0.1262234545891674,0.2830539047718048,0.26280735433101654,0.9329339999999995,1.765911000000001,0.3456789848990955,147.47610473632812,145.35557556152344,56.09088897705078,53.970359802246094,60.123105146827974,30.562332870821955
rep_fd22cdda358387a39d,93.45919799804688,148.52951049804688,55.0703125,89.25247955322266,143.7738800048828,54.521400451660156,2.548922000000001,378.9626770019531,62.9587374439382,305.11285400390625,53.8986492176212,0.07294375583628272,0.12722912430763245,0.07928994889030737,0.13302597403526306,8.331731358967662,25.79266357421875,0.031611579173425455,0.10269047319889069,4.241317851563556,14.627447128295898,14.115957736968994,0.08544008097886771,0.1341148465871811,0.1333208540454507,1.282789000000001,1.2494659999999982,0.506579708599648,145.35557556152344,145.9025115966797,51.89637756347656,52.44331359863281,40.45589536819892,41.9725815657512
rep_7d900f8fa9436f8bcc,98.14486694335938,148.2657928466797,50.12092590332031,91.17111206054688,142.20669555664062,51.03558349609375,1.8158900000000031,409.6674499511719,75.51085160324628,290.6338806152344,65.30860026389612,0.06043216944421911,0.11684378981590271,0.06604876788052386,0.13297723233699799,10.28627123681158,29.59619140625,0.04764743697970569,0.11263080686330795,3.882550694341248,13.369791030883789,12.36599051952362,0.0938074535613277,0.28335434198379517,0.27795357163995504,0.4164890000000021,1.382745,0.23148128592501122,145.9025115966797,140.9309539794922,47.75764465332031,42.78608703613281,114.66724127964982,30.942861508183228
rep_8c67fa02a8495509fc,88.19257354736328,155.9613800048828,67.76880645751953,91.31243896484375,150.46380615234375,59.1513671875,1.615979,761.826171875,99.27570145211004,231.10372924804688,62.22980106638121,0.11887529593415586,0.17465968430042267,0.12084505740167423,0.20118284225463867,6.034667270505622,18.160362243652344,0.030274492849168486,0.10978122055530548,1.3084218926219606,3.8081917762756348,3.737706281244755,0.4111633206710276,0.48739221692085266,0.1628238558769226,0.8663000000000001,0.733023,0.5416666927193569,100.7542495727539,155.9613800048828,12.561676025390625,67.76880645751953,14.500376342364797,92.45113244402908
rep_82d242d849eeae0237,80.10733032226562,156.64718627929688,76.53985595703125,95.87173461914062,142.87294006347656,47.00120544433594,1.8492219999999997,1422.1949462890625,171.93888176117977,283.4076843261719,64.00690756257767,0.12228476008869316,0.17936281859874725,0.08956557462419207,0.16600123047828674,13.999696516963006,25.919456481933594,0.04402328483865825,0.14238379895687103,2.3782217517716355,5.794584274291992,5.037620425224304,0.2897472919552335,0.40402162075042725,0.22936096787452698,0.6996999999999995,1.1328550000000002,0.38181664397521475,156.64718627929688,155.61514282226562,76.53985595703125,75.5078125,109.38953259544276,66.652671789417
rep_010c51d0b4570e895d,81.4958267211914,159.21017456054688,77.71434783935547,94.18035888671875,149.9446258544922,55.76426696777344,2.215712,354.7041320800781,90.093093315656,825.7569580078125,81.36117026910334,0.09505605094994524,0.14496935904026031,0.057909292103584205,0.1506604701280594,11.893519530934444,25.060340881347656,0.05179097306564587,0.13117988407611847,3.1609571680661936,8.63638973236084,8.095127761363983,0.26985006305597936,0.4258573353290558,0.4024416394531727,1.3827339999999992,0.8163220000000013,0.6287852605845412,156.8627166748047,145.0376739501953,75.36688995361328,63.541847229003906,54.50570388347529,77.83919486306115
rep_6d4759beadb7cb7930,88.74429321289062,145.96363830566406,57.21934509277344,88.85733032226562,150.2134552001953,61.35612487792969,2.249044999999999,589.1629028320312,67.04685121265771,294.766845703125,71.22893998580656,0.08728671470715745,0.1579156368970871,0.09619189445849585,0.22270387411117554,6.37338028602559,28.42772674560547,0.07020460737570451,0.15105462074279785,4.93495271336081,11.049911499023438,10.72106260061264,0.2318375032082363,0.3767423629760742,0.2568581625819206,0.9329439999999991,1.2994339999999998,0.41791488717412534,144.32473754882812,143.5784912109375,55.5804443359375,54.834197998046875,59.57532749654594,42.198524894721
rep_725cbf72d2ac96e8be,92.98717498779297,144.0851287841797,51.09795379638672,83.48384857177734,143.73388671875,60.250038146972656,2.3823230000000013,419.40423583984375,64.3145477238255,238.82249450683594,57.139452762541325,0.0971692097118214,0.17208190262317657,0.03892400614581147,0.08895101398229599,11.557427541321923,28.25287628173828,0.06068285498100517,0.12172316014766693,4.868496048666001,13.383724212646484,12.447505116462708,0.20964223062683593,0.36513572931289673,0.24455305933952332,1.6159779999999984,0.7496780000000012,0.6830993179058995,142.70840454101562,143.1814727783203,49.721229553222656,50.194297790527344,30.76850647299821,66.95447617580783
rep_b69516d1c1792753ff,89.82459259033203,144.35552978515625,54.53093719482422,84.3535385131836,140.04769897460938,55.69416046142578,2.315678000000002,423.6111145019531,65.6365587754658,214.83450317382812,55.24011555816811,0.09500767923303918,0.1531786024570465,0.059257607277841746,0.11660647392272949,10.279807047121325,27.82904815673828,0.0406408756002359,0.11585266888141632,4.67896644549351,14.169059753417969,13.960150584578514,0.14476225498267567,0.28939810395240784,0.22523795068264008,0.7663440000000001,1.5326780000000007,0.3333347832252148,143.1814727783203,144.26031494140625,53.35688018798828,54.43572235107422,69.62523382187148,35.51673759985737
rep_c64a4599869d796b40,82.45560455322266,156.5226593017578,74.06705474853516,87.71399688720703,147.9867706298828,60.27277374267578,2.1824,740.244384765625,86.57638002890904,392.411376953125,62.01685920127357,0.11861570542864798,0.201396644115448,0.05371116006837422,0.1262361854314804,7.8224532063385945,18.350555419921875,0.06544131594311814,0.13411621749401093,2.4562269322262007,6.210138320922852,5.946297854185104,0.3469795912507238,0.437001496553421,0.16825023293495178,1.282778,0.8829660000000001,0.5923036148316698,150.32688903808594,156.5226593017578,67.87128448486328,74.06705474853516,52.90961061451263,83.8843791816844
rep_dcdc4f2da30a32a6af,81.19584655761719,157.9591522216797,76.7633056640625,93.2126235961914,145.59913635253906,52.386512756347656,2.9820559999999996,401.5744934082031,68.53344974630699,305.4117736816406,45.25824377853703,0.12566210126910324,0.192747563123703,0.04338417467080649,0.09888399392366409,9.035152801797524,17.044769287109375,0.08227792660223998,0.18128859996795654,2.8488981427277023,6.895083904266357,6.534985512495041,0.3357988042426528,0.43623948097229004,0.27182434499263763,1.1661669999999997,1.7992219999999999,0.39325936664633204,156.5226593017578,153.87049865722656,75.32681274414062,72.67465209960938,64.59350396996369,40.39226515661179
rep_a947b4bae2f945e240,84.26922607421875,158.6346893310547,74.36546325683594,86.76470947265625,141.85340881347656,55.08869934082031,2.5156,879.1041259765625,78.98174186180864,428.86358642578125,55.26774707803383,0.12218694016036113,0.20055407285690308,0.041492420420936024,0.13668768107891083,8.559875657068194,19.424148559570312,0.08069451937930419,0.16884906589984894,2.2532456852971086,7.355254650115967,6.851387083530426,0.3134596753720703,0.40612635016441345,0.2632230967283249,1.3660890000000006,1.1328439999999995,0.5466689182943282,153.87049865722656,157.80596923828125,69.60127258300781,73.5367431640625,50.94929582406987,64.91338892562659
rep_e29f489f8bd9080007,80.68527221679688,157.80596923828125,77.12069702148438,84.71986389160156,144.16127014160156,59.44140625,2.4156449999999987,875.2002563476562,109.08213955002586,280.8206481933594,60.597348766385096,0.12746485202532704,0.1823004186153412,0.04103610400178656,0.1328582912683487,8.959269585053974,27.041336059570312,0.08652965155449731,0.1754763424396515,2.2864170227856286,7.355254650115967,6.978577941656113,0.2938963197579042,0.3800010085105896,0.2530164122581482,1.1828449999999995,1.216144,0.4930597847676666,157.80596923828125,156.7156524658203,77.12069702148438,76.03038024902344,65.19932621897578,62.51758035974642
rep_7b14ee7f1080746461,89.20182800292969,149.5082550048828,60.306427001953125,84.591796875,158.26475524902344,73.67295837402344,2.315688999999999,437.0527648925781,70.84018224910906,340.4162902832031,68.8476135173905,0.05793539699095873,0.11576072871685028,0.09217358241639674,0.16607198119163513,8.082079550939214,24.934860229492188,0.047676098186635235,0.12480025738477707,5.224586314200853,15.538278579711914,15.342668116092682,0.1618286948365922,0.308609277009964,0.3046476738527417,1.1161890000000003,1.1828329999999987,0.48550601081677375,145.5716552734375,147.82212829589844,56.36982727050781,58.62030029296875,50.502045146931025,49.55923642049961
rep_e8bb0f69d30c556400,93.32759094238281,152.30831909179688,58.98072814941406,87.3561782836914,150.70849609375,63.352317810058594,2.5155890000000003,308.4165344238281,68.02534319556767,271.3193664550781,63.447677309997474,0.08293740349846225,0.16037385165691376,0.0968011519298306,0.16309285163879395,9.475945155503883,24.756134033203125,0.03485710045076108,0.11165452003479004,6.6212531943917545,21.129789352416992,20.328932881355286,0.0794692250311678,0.23592722415924072,0.2343791798921302,0.9495889999999996,1.5493439999999996,0.3799977830538073,147.82212829589844,143.5867462158203,54.494537353515625,50.2591552734375,57.387498542543824,32.43899048464222
rep_c5eb98de0ecf39c224,92.9682388305664,150.42520141601562,57.45696258544922,89.21659851074219,146.0955047607422,56.87890625,1.8825220000000016,635.3015747070312,89.95323181172388,439.53363037109375,62.09849413126417,0.09316065301802313,0.1496402770280838,0.08242446927048078,0.13143271207809448,11.49636208340198,30.889816284179688,0.028516110299663458,0.11115802079439163,3.1981906958818147,17.609519958496094,16.847844421863556,0.024712397005144094,0.10086451470851898,0.10074444349447731,0.8496330000000007,1.0162329999999997,0.45535585084888225,147.94607543945312,150.42520141601562,54.97783660888672,57.45696258544922,64.70774629620868,56.53916236281368
rep_ebc5faa71293b08f88,92.93506622314453,141.9014892578125,48.96642303466797,93.9800796508789,159.20437622070312,65.22429656982422,3.881678,492.1362609863281,63.66107093715206,387.889892578125,42.49303731584854,0.11609952863147446,0.24457812309265137,0.03512660330557191,0.1068953424692154,15.78152439036871,61.392005920410156,0.08171310102850242,0.23845557868480682,3.876719740819537,9.363388061523438,8.616969883441925,0.09353474370556908,0.14852187037467957,0.14810644494718872,0.683044,3.1819669999999998,0.17672498215399646,137.3998565673828,140.2471923828125,44.46479034423828,47.31212615966797,65.09798833492174,14.868829928050156
rep_8e15f367084c47cc58,96.29931640625,147.2738494873047,50.97453308105469,93.47480010986328,154.17410278320312,60.699302673339844,4.914566999999999,282.6251525878906,49.05284313963599,400.8082580566406,39.760995884058396,0.1308636277904695,0.23032978177070618,0.044147212513776554,0.18439441919326782,11.6157367522292,33.38727569580078,0.08749285327370597,0.1723105013370514,2.697489968849505,13.685959815979004,13.349520444869995,0.07414334507920792,0.1411563754081726,0.14091088782879524,1.3827559999999997,3.515155,0.28231546061167706,125.23082733154297,142.1277618408203,28.93151092529297,45.82844543457031,20.923077480982165,13.037389655525947
rep_d869da055595c4deef,96.27336120605469,139.1858673095703,42.912506103515625,92.92899322509766,150.92068481445312,57.99169158935547,3.7150789999999994,565.3383178710938,59.513890241115966,307.1479187011719,44.083211988819784,0.1395324499482206,0.21973082423210144,0.04734504642090104,0.2003544121980667,10.791221537717394,38.093055725097656,0.09605086860375846,0.1896253526210785,3.7990988547003584,9.66581916809082,8.883540391921997,0.07492165359615807,0.14838917553424835,0.14750425150850788,0.46646699999999974,3.2319559999999985,0.12612591907415674,138.63467407226562,137.95761108398438,42.36131286621094,41.68424987792969,90.813096888335,12.897530126626014
rep_d6c78d6a173b7fff30,98.05388641357422,147.4821319580078,49.428245544433594,94.40425109863281,151.66238403320312,57.25813293457031,3.914989000000002,503.4992370605469,51.66576315306498,333.5168762207031,43.48941250908569,0.12882524522017477,0.2384408861398697,0.04898482472747254,0.19528278708457947,8.430243997361629,30.204261779785156,0.08374963055375474,0.19055818021297455,3.8515506838036537,14.48304271697998,13.314519882202148,0.08254643459064105,0.13945183157920837,0.13870149163994938,1.1328439999999986,2.7654890000000023,0.2905970321160348,135.73849487304688,146.82667541503906,37.684608459472656,48.772789001464844,33.26548797493097,17.636225998897412
rep_9c84c6e808098ddddd,95.82112121582031,144.8964385986328,49.0753173828125,92.6241455078125,153.7154541015625,61.09130859375,4.081611000000002,325.07183837890625,50.67852866769485,284.5841979980469,45.30320421022991,0.1338911763393009,0.22086040675640106,0.045494686588898756,0.18478620052337646,9.444866233251155,34.33094787597656,0.09173602529258376,0.189468652009964,4.071351982291156,9.698654174804688,9.064724743366241,0.07887883041679448,0.1403045952320099,0.13981136720394716,1.1828439999999993,2.882100000000001,0.2909865424960342,134.70327758789062,141.5144805908203,38.88215637207031,45.693359375,32.87175347896285,15.854189436521974
rep_f8dd7411e8827b9d89,93.57923126220703,141.48951721191406,47.91028594970703,94.10071563720703,149.74307250976562,55.642356872558594,3.4152229999999975,375.1114501953125,58.93563114091898,183.86538696289062,36.387003974379745,0.15707598709572604,0.24591107666492462,0.02736683540804651,0.09530196338891983,7.841734285697607,28.10016632080078,0.1305888087207932,0.20131392776966095,4.04318091735611,14.822731971740723,14.770864382386208,0.07070918545715264,0.14840976893901825,0.1462553939782083,1.982488999999994,1.4160670000000053,0.5833327448481044,121.19951629638672,135.0831756591797,27.620285034179688,41.503944396972656,13.932125239625426,29.309308385106426
rep_167d453a980a90ffb1,92.82902526855469,144.77609252929688,51.94706726074219,93.48627471923828,151.30010986328125,57.81383514404297,3.948310999999997,340.9639892578125,45.98657716119806,311.9366455078125,36.04630155552879,0.160444110018352,0.24672213196754456,0.032454728130039724,0.11972063779830933,7.437158318310448,25.589706420898438,0.12800248423824465,0.20535032451152802,3.6767889972159593,17.767576217651367,17.400328636169434,0.06398959660645641,0.1314857304096222,0.13116879705921747,1.699266999999999,2.2323880000000003,0.4322014520602645,119.32785034179688,141.63235473632812,26.498825073242188,48.80332946777344,15.594268042186545,21.861490685209485
rep_0223c41078f59ba0c7,93.52381134033203,141.8799591064453,48.35614776611328,94.02227783203125,150.4824981689453,56.46022033691406,3.1819789999999983,363.7099914550781,59.49724388710057,239.5374755859375,40.90884342912347,0.1535691604126836,0.2387191653251648,0.033983710163799155,0.1330040693283081,8.67521837017481,27.667633056640625,0.12121821123594324,0.18723854422569275,3.8007319608729437,15.510889053344727,15.287671998143196,0.07837738228509897,0.13572226464748383,0.1354064845945686,1.7992339999999984,1.3660890000000023,0.5684203476232909,117.43241882324219,139.9095001220703,23.908607482910156,46.38568878173828,13.288214586268477,33.95510013018054
rep_6e23e4f49a60e42831,83.07671356201172,146.1896514892578,63.112937927246094,86.84686279296875,124.59265899658203,37.74579620361328,3.281933,499.25054931640625,70.14042382028327,155.93814086914062,44.25698361857763,0.0539786439702894,0.10102836787700653,0.10251728249763113,0.18008975684642792,8.435108072300359,25.09333038330078,0.051532351531371166,0.14834359288215637,6.092472166140923,15.671248435974121,14.257937788963318,0.20855846031235278,0.28389066457748413,0.15359395742416382,1.1161880000000002,2.149089,0.34183562374646936,139.25234985351562,142.50152587890625,56.175636291503906,59.42481231689453,50.32811344639424,27.65116396617103
rep_e2c3d0e2d2b5678e36,88.91482543945312,148.45477294921875,59.539947509765625,87.675537109375,142.18743896484375,54.51190185546875,4.08159,344.4569396972656,57.39985721046949,207.97975158691406,49.90914863724718,0.049990191074828355,0.1058608815073967,0.1339186261170198,0.20390713214874268,7.0560378793991845,29.565505981445312,0.0840667764382493,0.19526490569114685,5.13994267042827,9.421792984008789,8.130595088005066,0.18240067377857752,0.24538108706474304,0.15979138016700745,1.6826110000000005,2.3823230000000004,0.4139331659505419,142.50152587890625,145.4534149169922,53.586700439453125,56.53858947753906,31.847349410798518,23.732545703306837
rep_d0ff18f99d0f27f12c,85.66659545898438,148.4468231201172,62.78022766113281,88.24269104003906,134.62234497070312,46.37965393066406,4.814610999999999,415.4710693359375,54.35052109929639,174.5382843017578,41.139881456222255,0.04522321334170331,0.11701260507106781,0.15897376282536138,0.23205488920211792,8.892316192534823,26.925201416015625,0.11375054935595381,0.22073517739772797,5.306107893667731,8.865707397460938,7.870894968509674,0.17087133428422885,0.2505742311477661,0.1471875086426735,1.615976999999999,3.181978000000001,0.3368053681203761,145.4534149169922,140.79983520507812,59.78681945800781,55.13323974609375,36.99732078984283,17.326719338126704
rep_f90d8c60da13e3f372,87.5223159790039,146.09591674804688,58.57360076904297,86.52288818359375,124.25090026855469,37.72801208496094,3.148656000000001,362.9544372558594,61.44396674115546,180.8982696533203,45.56053407965913,0.06133787731448259,0.10858108103275299,0.09374538344548251,0.14946608245372772,5.552039379224515,24.14850616455078,0.05075605260237256,0.14011384546756744,5.9836603248803915,9.679153442382812,8.646116018295288,0.1948985192107692,0.23693612217903137,0.10937806963920593,2.082445,1.0495439999999991,0.664895374792185,140.79983520507812,143.8076171875,53.27751922607422,56.285301208496094,25.58411829655728,53.62833879141431
rep_7a9e2557829a90b7e0,89.10868072509766,147.31712341308594,58.20844268798828,84.90611267089844,138.3719482421875,53.46583557128906,4.781312000000003,285.29681396484375,53.26673865220844,166.6328125,42.70425739347768,0.04440131302851583,0.11337923258543015,0.14706995932566114,0.24874752759933472,7.617151209260427,23.262672424316406,0.10322677711166026,0.24473020434379578,4.917265111314535,8.956193923950195,8.639397293329239,0.15646116647141384,0.21854957938194275,0.1467805653810501,3.348578,1.4160670000000017,0.7027969554919619,143.8076171875,146.4273681640625,54.698936462402344,57.318687438964844,16.334974566040376,40.477383795374635
rep_d0b67e69c0399de83d,84.21823120117188,149.4495391845703,65.23130798339844,89.9863052368164,122.38217163085938,32.39586639404297,3.148645000000002,334.68585205078125,66.80903125201898,186.66477966308594,40.41154921002646,0.06442564144856715,0.11097337305545807,0.11091109540996837,0.26133090257644653,9.790257298321322,28.39244842529297,0.05854581549816186,0.24857531487941742,6.7051328911404156,13.742560386657715,12.315528392791748,0.18364780211065262,0.25046831369400024,0.17360050976276398,0.9329229999999988,2.199066000000002,0.2978691815328849,134.28720092773438,147.70741271972656,50.0689697265625,63.48918151855469,53.66891986430023,28.870975913662722
rep_9210747dded1234c01,87.1771469116211,151.76626586914062,64.58911895751953,86.89237213134766,143.2707977294922,56.37842559814453,4.548055999999999,311.738037109375,53.83029421379167,167.55857849121094,42.0253915971053,0.06570522451615213,0.1396154761314392,0.11704239276649847,0.29500260949134827,7.2476822704133825,25.325241088867188,0.09780484283032125,0.2854536473751068,5.873736074070816,10.641066551208496,9.67858773469925,0.170783084104691,0.24156635999679565,0.17304140329360962,3.0986779999999996,1.4327219999999983,0.6838235423930796,147.70741271972656,138.2105712890625,60.53026580810547,51.033424377441406,19.534222596896313,35.619906986450594
rep_c3ae4bbb70cbada492,85.90754699707031,149.48489379882812,63.57734680175781,84.82508850097656,141.32342529296875,56.49833679199219,3.9483229999999985,358.6612854003906,55.66551551937121,178.1478271484375,42.55085375393638,0.06588316040120792,0.1399455964565277,0.14244147537361854,0.2878069281578064,6.0866390692183545,21.05414581298828,0.10915107297343994,0.2677306830883026,5.009645786624205,9.277493476867676,8.69018006324768,0.16792360978900459,0.2290365844964981,0.15826355665922165,3.1653230000000043,0.7663439999999966,0.8050842047406364,138.2105712890625,143.56190490722656,52.30302429199219,57.65435791015625,16.523755803749605,75.23299968441914
rep_f3526932ce290edab5,84.2236557006836,149.64779663085938,65.42414093017578,88.60848999023438,141.884521484375,53.276031494140625,4.581367,523.4714965820312,57.46014300012449,183.05824279785156,38.68814433183643,0.05065843784496935,0.12094517052173615,0.16498389562677993,0.2875756323337555,7.470570005326131,20.77417755126953,0.12122071287627795,0.28077831864356995,4.714876569430861,9.720283508300781,8.891501188278198,0.1657846357594119,0.2517159581184387,0.16489369422197342,2.7988,1.7659110000000027,0.6131384878473135,143.56190490722656,148.80801391601562,59.33824920654297,64.58435821533203,21.201318138681923,36.57282740485332
rep_d16b4c22ff4fca8332,85.87811279296875,145.42599487304688,59.547882080078125,87.47171783447266,122.378173828125,34.906455993652344,2.5155889999999985,455.6329650878906,71.6835482946915,171.8061065673828,51.761614219087015,0.06370182011203286,0.12154873460531235,0.1153891229030837,0.22948402166366577,6.120759519316288,28.02259063720703,0.053214057937868216,0.21779748797416687,5.615275836414079,11.439658164978027,10.374922275543213,0.1863542798303328,0.23439621925354004,0.1565164178609848,0.6497220000000041,1.8492109999999968,0.25999976790094165,143.44305419921875,144.0679168701172,57.56494140625,58.18980407714844,88.59934157416501,31.467368557264983
rep_2a706f670399059ddc,83.06298828125,145.99473571777344,62.93174743652344,91.40985107421875,132.02719116210938,40.617340087890625,2.6488669999999956,494.81964111328125,70.96710584389804,201.8174285888672,48.2352943825574,0.0719420965307494,0.13489259779453278,0.08897666555847826,0.14753209054470062,9.335375132890999,32.14991760253906,0.02854816072209853,0.10103374719619751,6.8753842775543195,20.65190887451172,19.02339732646942,0.20030449678116927,0.2464645802974701,0.1362810954451561,1.3161109999999994,1.3160999999999987,0.5000020894981445,145.99473571777344,143.54464721679688,62.93174743652344,60.481658935546875,47.816443625593486,45.955215360190664
rep_d7af2020d057934d50,97.85935974121094,150.9867401123047,53.12738037109375,92.47757720947266,150.0687255859375,57.591148376464844,4.614701,177.01560974121094,36.471661953061584,168.44398498535156,32.76014254082412,0.16426943960061755,0.21994659304618835,0.05631511205854365,0.11792034655809402,7.872096720026084,19.376968383789062,0.10795432729576682,0.1910855621099472,3.957350929355177,17.92178726196289,17.786857202649117,0.045691616987169656,0.1204056665301323,0.12039093727253203,3.931656,0.6663780000000004,0.8550732769701137,150.9867401123047,128.3222198486328,53.12738037109375,30.462860107421875,13.51272348625967,45.71408435966052
rep_abd2c8c804430edc55,96.96353149414062,138.12632751464844,41.16279602050781,93.35005187988281,131.70504760742188,38.35499572753906,5.3477109999999985,232.1488037109375,43.76367371137298,139.8290557861328,31.115354370858633,0.13888020675973906,0.19729919731616974,0.05036508875004831,0.15160152316093445,8.612259058006087,32.48871612548828,0.0887682624649642,0.1936326026916504,2.621203303342249,5.847482681274414,5.445358157157898,0.08558681571015445,0.16257455945014954,0.16072410787455738,3.9983000000000004,1.3327549999999988,0.7500016413261542,128.3222198486328,132.85430908203125,31.358688354492188,35.890777587890625,7.843005365903555,26.9297639760426
rep_9aae73a476f0e1ecb0,98.82689666748047,142.18606567382812,43.359169006347656,92.9432601928711,131.94418334960938,39.00092315673828,4.947889,357.3042297363281,43.25275295354813,165.0041046142578,29.728404131921515,0.13983910296863472,0.19729919731616974,0.04875615612802446,0.14031249284744263,8.554642900307574,39.58837890625,0.09876210788398719,0.1936326026916504,2.8007506245618576,7.752153396606445,7.359560012817383,0.08682635478907547,0.1377662867307663,0.13591583515517414,3.9982999999999986,0.9329220000000014,0.8108132223615158,132.39476013183594,128.2571563720703,33.56786346435547,29.430259704589844,8.395533968025282,31.54632402772129
rep_a614111ef20922f016,100.51713562011719,138.8502197265625,38.33308410644531,86.33041381835938,128.43345642089844,42.10304260253906,5.514323000000001,306.0577087402344,39.854874988749096,254.1429901123047,34.856368280052095,0.14616310042560424,0.23749402165412903,0.03880806549621738,0.13203157484531403,14.46828254261957,35.26769256591797,0.10878224056493738,0.20225481688976288,3.117944669330091,27.635154724121094,27.28955739736557,0.08645140855848314,0.1555902659893036,0.15434392483439296,3.3652339999999974,2.132422000000002,0.6121216023701733,138.8502197265625,134.06100463867188,38.33308410644531,33.54386901855469,11.390911926613526,15.73040843630138
rep_c39d5255ec18bcee57,100.01970672607422,138.3643341064453,38.344627380371094,90.82537078857422,117.8780746459961,27.052703857421875,4.181545,271.8714599609375,48.63743554893809,157.0777587890625,32.17198838277107,0.14856966890470988,0.2244051992893219,0.0607546378992191,0.12284485250711441,15.282875843713741,29.604209899902344,0.08781503101305395,0.164941668510437,4.745662351982554,29.622087478637695,29.447891354560852,0.11685100526172891,0.189258873462677,0.18724060617387295,2.7155109999999993,1.4493779999999994,0.6520008096254186,138.3643341064453,134.12353515625,38.344627380371094,34.10382843017578,14.120593648993173,23.52997522397594
rep_b5df2f9774dcb2df9c,97.7818603515625,135.09609985351562,37.314239501953125,88.99665069580078,127.67378234863281,38.67713165283203,4.181555999999997,796.5750122070312,49.634606162061715,323.40478515625,36.48870810455248,0.11031331782076856,0.2186538726091385,0.05201792452610358,0.11563074588775635,14.26834353061668,33.46488952636719,0.060965191469070416,0.16745427250862122,2.7202852083872706,27.985937118530273,27.918620839715004,0.09138133801272073,0.18658819794654846,0.18353572115302086,1.7159439999999968,2.448945000000002,0.4120023366769192,131.3546142578125,131.14186096191406,33.57275390625,33.36000061035156,19.5651803941446,13.622192662698238
rep_723e60d2b4c013afb1,96.55113220214844,149.55865478515625,53.00752258300781,75.48677062988281,153.65066528320312,78.16389465332031,3.5817890000000006,549.637939453125,64.97763331628377,289.31439208984375,54.31623410808852,0.09370623323573145,0.2010267972946167,0.04431446418239504,0.1796150505542755,30.298155204612947,67.9778060913086,0.05811433319752888,0.17366373538970947,5.617777396676153,22.302522659301758,21.79917550086975,0.1763226411349126,0.3850781321525574,0.38471988690434955,0.0,3.565133000000003,0.0,96.55113220214844,142.54237365722656,0.0,45.991241455078125,0.0,12.900287718600705
rep_35b4b0fac466afddb0,88.433349609375,148.53514099121094,60.10179138183594,79.15755462646484,169.42662048339844,90.2690658569336,3.848367000000003,286.49298095703125,53.342073377917785,507.1470947265625,64.32703342767628,0.14728330027851563,0.3136395215988159,0.043309239591614875,0.10059615969657898,27.643975904784117,72.52529907226562,0.12103954664441727,0.2379179298877716,5.321405064919759,19.60297966003418,19.21277979016304,0.11677501146288409,0.18703675270080566,0.18494788650423288,1.1161889999999985,2.7155110000000064,0.2913038599055242,95.39844512939453,148.53514099121094,6.965095520019531,60.10179138183594,6.240068232189657,22.1327740457821
rep_27863e57422bec0cd1,86.73799133300781,145.8839569091797,59.145965576171875,97.87772369384766,139.64744567871094,41.76972198486328,5.514311000000001,653.7360229492188,52.248911492203604,218.7386474609375,38.523539137859935,0.07290416345501004,0.21464429795742035,0.07670136919168775,0.16663290560245514,21.30603725043762,52.37047576904297,0.06445575028668021,0.1479770541191101,2.9975676787585455,18.50534439086914,18.26676355302334,0.21212142715516855,0.33149808645248413,0.20426256954669952,3.9649769999999998,1.5326780000000007,0.7212124078357045,138.4790496826172,140.80233764648438,51.741058349609375,54.06434631347656,13.049522947953891,35.27443227701875
rep_2f16162b29e51e2f78,82.95303344726562,150.92373657226562,67.970703125,98.36705017089844,124.7719497680664,26.40489959716797,4.6146889999999985,669.58642578125,50.70704350316026,143.06765747070312,26.863238238407227,0.03424702917019122,0.09526920318603516,0.0662155871470804,0.14440295100212097,15.954437850796053,42.58348846435547,0.038011622924986097,0.11696896702051163,5.467503194985638,21.197383880615234,20.897129863500595,0.1940615738759574,0.23192058503627777,0.1353197917342186,2.149077,2.448955999999999,0.4673905124212898,150.92373657226562,144.90362548828125,67.970703125,61.950592041015625,31.627858436435734,25.29673544196615
rep_6d7e4cbc3b8ce62f45,86.14680480957031,146.29513549804688,60.14833068847656,96.3427734375,127.60186004638672,31.25908660888672,5.047845000000002,241.63204956054688,42.840575255229375,159.9077911376953,28.634125723343583,0.028244504499532454,0.11495831608772278,0.06437465299792006,0.10708443820476532,12.457400278990612,26.658355712890625,0.03784169149622816,0.10358376801013947,4.106485634365694,10.20191764831543,9.988133430480957,0.20553392374454163,0.28904110193252563,0.14101506769657135,1.8492110000000004,3.181978000000001,0.36754949973058054,144.90362548828125,137.41757202148438,58.75682067871094,51.27076721191406,31.773994789513434,16.112860369215014
rep_b1d03d4854933c563f,96.93600463867188,140.813720703125,43.877716064453125,109.94438934326172,134.72250366210938,24.778114318847656,3.348566999999999,336.679931640625,56.832023025149425,132.81521606445312,40.45663073016534,0.07385095394208552,0.1636282354593277,0.07451588983689396,0.13952277600765228,14.282933121783795,35.7037353515625,0.05913851347549892,0.15755951404571533,2.055988589891783,4.350339412689209,3.898918032646179,0.2379025205119282,0.30799180269241333,0.151041179895401,2.0324659999999994,1.2994449999999986,0.6100000870371389,137.41757202148438,140.3508758544922,40.4815673828125,43.41487121582031,19.91746350630835,33.41031841733999
rep_7501569b908e793d35,85.93326568603516,152.76278686523438,66.82952117919922,91.48922729492188,122.94812774658203,31.458900451660156,5.214455999999998,470.9717102050781,53.41396223172347,220.7867431640625,37.653964424787546,0.08315230951842584,0.15243680775165558,0.10246257936802272,0.21044255793094635,10.571421800585558,39.19013977050781,0.04454208670704096,0.17379581928253174,6.431954213150082,22.3027286529541,21.28378117084503,0.2062371998469143,0.2845971882343292,0.17941416800022125,1.3827339999999992,3.815055000000001,0.2660234957594468,148.58859252929688,149.84796142578125,62.65532684326172,63.914695739746094,45.31263919398941,16.75328291197534
rep_7e51865d23f0a47ccb,86.96401977539062,149.46546936035156,62.50144958496094,91.6500015258789,117.76896667480469,26.11896514892578,4.481411000000001,535.9175415039062,52.51166991528596,361.3440856933594,32.048221378697875,0.04380181097077085,0.11187661439180374,0.1255844551831068,0.23475521802902222,16.401389810776013,46.16942596435547,0.09150247775514206,0.22681739926338196,4.60097325157532,17.72388458251953,16.934476256370544,0.16916041211943242,0.23158705234527588,0.15469487756490707,1.9325220000000058,2.532244999999996,0.4328382645723741,145.2698211669922,143.18106079101562,58.30580139160156,56.217041015625,30.170834480332637,22.20047468377866
rep_66de1799390f52427b,76.33671569824219,154.2088165283203,77.87210083007812,86.3637924194336,156.298583984375,69.9347915649414,3.0820119999999998,437.19482421875,65.24380416899686,380.04388427734375,60.69058987512886,0.10854216214139822,0.17655344307422638,0.08762879371622512,0.1920563131570816,12.095930127731453,45.35882568359375,0.056688492051678974,0.15372799336910248,14.929134433738032,27.218120574951172,22.30632734298706,0.046123915984650626,0.14032740890979767,0.14007563627092168,2.165745,0.8996110000000002,0.7065231575060122,154.2088165283203,153.442138671875,77.87210083007812,77.10542297363281,35.95626485577856,85.70973784628333
rep_553468c167c3d10264,72.60169982910156,156.66232299804688,84.06062316894531,79.18629455566406,163.8198699951172,84.63357543945312,2.7488439999999996,561.61767578125,78.75788162715143,371.14215087890625,84.45359991813372,0.07646619595403023,0.14837591350078583,0.09221611526886747,0.19946296513080597,7.221405199183716,20.48590087890625,0.05730251742003387,0.1361093670129776,14.367771061226,31.126996994018555,28.00674319267273,0.09908217728500163,0.28700146079063416,0.27823150623589754,1.2994439999999998,1.4327329999999998,0.47560754665601823,153.442138671875,155.56088256835938,80.84043884277344,82.95918273925781,62.211560361795854,57.90275141234118
rep_83421d321828b69e6d,76.57312774658203,165.4951934814453,88.92206573486328,89.03305053710938,169.70602416992188,80.6729736328125,3.2152900000000004,367.9303283691406,76.53301509589222,324.34051513671875,67.275676706711,0.11048030021630045,0.28265583515167236,0.10346695788845439,0.6609102487564087,9.131022269997095,16.754417419433594,0.06160962529745729,0.552693784236908,15.243386887121668,27.015857696533203,22.13021469116211,0.10708595937555133,0.9040765762329102,0.9032233074540272,1.4993560000000006,1.6992669999999999,0.46875045918196684,155.56088256835938,151.56002807617188,78.98775482177734,74.98690032958984,52.681120975790485,44.12896874334042
rep_5e045c199c05e4d1f5,77.1376724243164,162.72291564941406,85.58524322509766,91.1875228881836,165.6082763671875,74.4207534790039,3.6484559999999995,282.2812194824219,63.639195947001795,248.06985473632812,50.56221909698749,0.10027738666641987,0.19197583198547363,0.07134396146946924,0.18247364461421967,6.863607170722166,16.30443572998047,0.05308574014205104,0.1315087378025055,17.92179943362406,32.20408248901367,25.78976821899414,0.0903942131660359,0.37089481949806213,0.3684430131688714,1.5660109999999996,2.0657890000000005,0.4311941736879783,151.56002807617188,154.68896484375,74.42235565185547,77.5512924194336,47.52352036598433,37.54076162639726
rep_2a229748fc8b8dea38,75.84386444091797,157.30691528320312,81.46305084228516,85.85469818115234,161.55247497558594,75.6977767944336,2.648866999999999,325.9381103515625,71.72277174932898,364.1835632324219,70.82592539694446,0.0916634190509895,0.20643910765647888,0.08040609642019171,0.194444477558136,8.6532101345558,23.22735595703125,0.07258755564007464,0.19021950662136078,16.209018480543637,32.72018814086914,27.37980079650879,0.11598218465314641,0.25886043906211853,0.21131083741784096,1.5826440000000002,1.0495669999999997,0.6012603092989127,154.68896484375,157.30691528320312,78.84510040283203,81.46305084228516,49.81859496060518,77.61586524946495
rep_ce3bc79cff8137bdbc,72.9478988647461,165.1728515625,92.2249526977539,84.9455795288086,166.8985137939453,81.95293426513672,3.481834000000001,332.57391357421875,66.27596280054317,317.0558166503906,60.73635934106318,0.10470133310779502,0.523390531539917,0.07615162738078682,0.4144640266895294,8.114591512001374,16.99297332763672,0.06808710244346534,0.24210508167743683,16.586829036637067,32.035221099853516,29.940064191818237,0.11515325060265738,0.6814046502113342,0.6744523802772164,2.0657890000000005,1.3993889999999993,0.596156676511279,157.30691528320312,165.1728515625,84.35901641845703,92.2249526977539,40.836221133163654,65.90372848275494
rep_911557ec2316444144,81.24205017089844,170.4907989501953,89.24874877929688,90.9277114868164,176.7754669189453,85.8477554321289,3.315244,367.6639404296875,67.42969414631459,420.6629943847656,64.84289556437493,0.12961205869424208,1.2574599981307983,0.0758607310818753,0.4914935529232025,6.863911862883926,14.506553649902344,0.10032438340822433,1.231034278869629,17.18963267307197,31.41988182067871,28.71651339530945,0.1607549973661418,0.9857975244522095,0.9777390724048018,1.282788,2.0157999999999987,0.38889003416007106,165.1728515625,170.2819366455078,83.93080139160156,89.03988647460938,65.428427293989,44.17099239736553
rep_ed5503be0ec8ad904f,75.96632385253906,170.2819366455078,94.31561279296875,86.25325775146484,178.1830596923828,91.92980194091797,3.182001000000003,413.16168212890625,77.99084158637585,1162.4041748046875,101.91584297972918,0.12655882353905953,1.2574599981307983,0.16975817593932885,3.088918685913086,7.2177636849460844,37.80364990234375,0.1497922879146577,2.994328260421753,16.9037039800546,33.531124114990234,27.719401836395264,0.1767394471798913,0.9966967105865479,0.9962309936236124,1.7992450000000026,1.3660889999999988,0.5684218474258962,170.2819366455078,156.04664611816406,94.31561279296875,80.080322265625,52.41954975168396,58.62013548577367
rep_058f4e9eb34097e9af,77.80343627929688,157.51412963867188,79.710693359375,91.46420288085938,159.4990692138672,68.03486633300781,3.1153340000000007,322.8587646484375,62.739952250589475,261.9050598144531,53.73807810278525,0.09836960843630928,0.17130711674690247,0.06980964860382632,0.1799704134464264,7.64019900081403,14.939743041992188,0.05921872820350192,0.1703014373779297,18.429239543387986,32.2270393371582,31.832843333482742,0.10823678194683906,0.19766604900360107,0.1908970782533288,1.715921999999999,1.3827560000000005,0.5537593773860979,156.04664611816406,157.1275177001953,78.24320983886719,79.32408142089844,45.598348782093375,57.36665139829327
rep_0950635c9107f00107,76.32343292236328,157.1275177001953,80.80408477783203,87.4718017578125,159.2037811279297,71.73197937011719,3.0820110000000014,301.9598693847656,64.18225088830745,240.71302795410156,56.174091323185685,0.091544775346689,0.17210374772548676,0.06194907275296366,0.16766978800296783,7.869027242161477,16.80498504638672,0.07639061031645153,0.16029006242752075,17.740462496353427,32.66620635986328,25.47352170944214,0.10655862452602978,0.1874784231185913,0.18312102695927024,1.7825659999999992,1.282789000000001,0.5815202480626221,157.1275177001953,153.346923828125,80.80408477783203,77.02349090576172,45.33020644275279,60.04377251891126
rep_e680b771aee91835f2,76.63579559326172,154.51602172851562,77.8802261352539,87.111572265625,155.20025634765625,68.08868408203125,2.848777999999996,307.7963562011719,65.72230947846579,308.6182556152344,55.69743561900343,0.10061876850573793,0.15043634176254272,0.06680468742455153,0.1782078593969345,8.340430591771675,19.433853149414062,0.06654865773999537,0.14424455165863037,17.92352417585609,32.876556396484375,28.562056064605713,0.0972254298153986,0.20368464291095734,0.18737382628023624,1.6326449999999966,1.1994770000000017,0.5764741066945553,153.346923828125,154.0160369873047,76.71112823486328,77.38024139404297,46.985798036231664,64.51165082285267
rep_abfde45ee3011ded28,78.9568099975586,155.00216674804688,76.04535675048828,89.54733276367188,156.00588989257812,66.45855712890625,3.2819339999999997,345.9134521484375,58.48028533318824,297.9642639160156,55.175244544915635,0.09778936206366769,0.16568785905838013,0.07026172650569945,0.17291609942913055,6.457721498904031,18.093826293945312,0.06765354221637386,0.1512589156627655,19.46518347689813,31.999967575073242,30.464905619621277,0.08026153142368418,0.18428422510623932,0.18016859516501427,1.3161109999999994,1.9491670000000028,0.40306246512548044,154.0160369873047,153.6072235107422,75.0592269897461,74.6504135131836,57.03107639837835,38.29862372653728
rep_c9d185afbd34a49b2a,76.58829498291016,155.2583770751953,78.67008209228516,87.45250701904297,156.3851776123047,68.93267059326172,2.848777999999996,308.61572265625,68.73289875624013,327.08245849609375,59.44041693249954,0.10560210087215181,0.17185232043266296,0.07006940125741072,0.16592289507389069,7.422323278600019,18.03083038330078,0.06596735829893113,0.15761414170265198,17.84121661300248,31.875736236572266,24.015731811523438,0.09075583901204323,0.21207822859287262,0.21086549875326455,1.2494670000000028,1.5826549999999955,0.44117696907124887,153.6072235107422,154.80026245117188,77.01892852783203,78.21196746826172,61.64142672662172,49.41820388414528
rep_e69932267095995434,80.20002746582031,163.6677703857422,83.46774291992188,78.1025619506836,164.92965698242188,86.82709503173828,2.715523,372.95501708984375,70.8889500040484,328.3554992675781,72.39291540580291,0.034181941861849106,0.09619207680225372,0.09412260886009649,0.23390693962574005,6.333624639974635,21.164634704589844,0.07934851621512745,0.20701074600219727,19.270560439029182,33.881866455078125,23.514939308166504,0.2551977603461856,0.6180364489555359,0.48807546496391296,1.266134,1.432722,0.46913729372741636,155.86453247070312,162.468017578125,75.66450500488281,82.26799011230469,59.760266294786184,57.420762794390455
rep_dbbca0e9e8f0d1f5a2,82.47219848632812,166.44923400878906,83.97703552246094,80.02204895019531,174.193115234375,94.17106628417969,2.7821450000000003,505.4784240722656,76.95717770191328,751.4893188476562,89.43566897782611,0.04558484770077728,0.2039281278848648,0.10474896322623005,0.3811489939689636,5.0992349978453015,21.86089324951172,0.06866451908265635,0.2960684597492218,19.89539231344987,36.63391876220703,23.236438751220703,0.36564150615445024,0.9980267286300659,0.8239205181598663,1.332767,1.432722,0.48192815086228874,162.468017578125,163.34400939941406,79.99581909179688,80.87181091308594,60.02235881575464,56.44626865022379
rep_75e0f4a0f4886840c9,80.99651336669922,164.91993713378906,83.92342376708984,80.1014175415039,164.89788818359375,84.79647064208984,3.0486889999999987,323.016357421875,64.24103994428074,298.77105712890625,59.313443047972214,0.023882890074670395,0.17283302545547485,0.1002087047866565,0.21193312108516693,5.984148404466413,21.52111053466797,0.0816298590605955,0.19189462065696716,19.900748367521732,34.95636749267578,24.60014533996582,0.24686624691307865,0.7717837691307068,0.6085518896579742,2.1657329999999995,0.8662999999999998,0.7142841123431044,163.34400939941406,152.45420837402344,82.34749603271484,71.45769500732422,38.02292158484673,82.48608450574193
rep_84528959491488725c,79.35968017578125,152.81777954101562,73.45809936523438,76.39530181884766,151.86668395996094,75.47138214111328,3.0487009999999994,333.33575439453125,59.59502327630502,223.79673767089844,60.91038745262035,0.033047162557455524,0.07492508739233017,0.08206786687196192,0.18457482755184174,5.158829243266193,17.74822998046875,0.07163873477371308,0.17195793986320496,16.718722074315366,29.625244140625,25.155039310455322,0.2172135829958268,0.28028321266174316,0.14875811338424683,1.7159450000000014,1.3160999999999987,0.565936521390679,152.45420837402344,147.6328887939453,73.09452819824219,68.27320861816406,42.59724419969296,51.875395956359036
rep_b0b26366e45af54e18,77.2959213256836,153.61500549316406,76.31908416748047,73.41313171386719,157.12391662597656,83.71078491210938,2.9154219999999995,375.1180114746094,64.23484870016058,287.5108947753906,66.9708640838609,0.03466210437331474,0.08472210168838501,0.0819445100008344,0.16116030514240265,6.011522216693328,22.37115478515625,0.06952342648205179,0.15227369964122772,18.790053631554894,33.82915496826172,26.632784366607666,0.22762433308285546,0.33919596672058105,0.19538703560829163,1.6326330000000002,1.266133,0.5632165549064672,147.6328887939453,153.61500549316406,70.33696746826172,76.31908416748047,43.081921943426174,60.2773043333366
rep_eea76f3ce16712ba34,81.51673889160156,163.73751831054688,82.22077941894531,77.49179077148438,157.3192901611328,79.82749938964844,3.0486900000000006,391.5531311035156,66.77136769460222,313.6703186035156,59.89803909325761,0.03487033863792935,0.07546576857566833,0.08434064903443916,0.17419420182704926,4.593379013654821,18.925437927246094,0.0689822288075044,0.16771307587623596,19.66882581174921,37.9333381652832,28.012561798095703,0.2057930082187528,0.3032304346561432,0.18252699077129364,1.615978000000002,1.4160559999999975,0.5329682978489034,163.73751831054688,156.4763946533203,82.22077941894531,74.95965576171875,50.87988785673147,52.93551650621083
rep_6f6457b2c6082aad4b,81.83504486083984,156.4763946533203,74.64134979248047,78.1808853149414,153.41473388671875,75.23384857177734,2.5489110000000004,338.5144348144531,65.86417691386902,304.7096252441406,66.50743307944174,0.0286590728371415,0.06287343800067902,0.10229190432425991,0.18657436966896057,5.981930995713171,21.596572875976562,0.08444877732933369,0.16704712808132172,18.72712297859214,32.80987548828125,23.306023597717285,0.19310790771041414,0.32685673236846924,0.2198825478553772,1.1995000000000005,1.3327549999999988,0.47368847134273634,156.4763946533203,153.15863037109375,74.64134979248047,71.3235855102539,62.227052765719414,53.515901655033346
rep_96e0f2de75f010a545,77.9489517211914,171.40895080566406,93.45999908447266,76.32913208007812,177.84095764160156,101.51182556152344,3.048712000000002,447.1094970703125,69.68256240697295,353.5919494628906,67.54419689766998,0.037138494674465596,0.4884287118911743,0.08675159242915949,0.20995651185512543,7.000016284787738,30.79736328125,0.07170723995757185,0.392461359500885,19.477277546549587,33.65110778808594,26.716123580932617,0.2524440037261998,0.9417980909347534,0.7898759841918945,2.082445,0.9496000000000002,0.6868120361010472,153.15863037109375,171.33245849609375,75.20967864990234,93.38350677490234,36.11604563381138,98.33983443018357
rep_d4f184058e742c55a8,,,,77.27352142333984,178.84986877441406,101.57634735107422,2.3490110000000044,,,342.51318359375,84.71917544034997,,,0.1046567135842801,0.288981556892395,,,,,16.59589397541955,33.0489616394043,24.914706230163574,0.33851146938866444,0.9886743426322937,0.7807004600763321,,,,,158.70651245117188,,,,
rep_a7b16cdf5f9c7677ca,76.9775619506836,158.70651245117188,81.72895050048828,78.72093200683594,157.04647827148438,78.32554626464844,3.5151670000000017,401.5937194824219,66.40968387355343,276.43194580078125,52.69130527746845,0.022684878856336667,0.08260790258646011,0.09692215720216868,0.18181413412094116,6.091795555606498,30.59935760498047,0.07659245619942599,0.15124377608299255,21.276513350182128,32.17171859741211,21.33818244934082,0.22166691962694393,0.33618757128715515,0.19218844175338745,1.749255999999999,1.749244000000001,0.5000017150207229,158.70651245117188,152.66644287109375,81.72895050048828,75.68888092041016,46.72212100486625,43.26948151339099
rep_aee0a429a21693a253,87.72230529785156,154.7794952392578,67.05718994140625,88.380126953125,157.24864196777344,68.86851501464844,2.582223,347.4661865234375,64.64367496130623,313.8302307128906,61.40281329125538,0.12772312131587846,0.19709067046642303,0.06470764654980983,0.17598874866962433,4.845299504084085,10.982131958007812,0.06695574753100628,0.15717053413391113,18.35150372053704,29.324241638183594,21.11398983001709,0.059876430150574596,0.1289762705564499,0.12697333027608693,2.1324340000000004,0.43313299999999977,0.8311745512785284,154.7794952392578,145.4508056640625,67.05718994140625,57.72850036621094,31.446314371936595,133.28123316905192
rep_4a38d28ad2708bf974,109.21949005126953,155.40972900390625,46.19023895263672,102.41961669921875,158.40342712402344,55.98381042480469,2.6488560000000003,367.4822998046875,63.764247736602606,242.34420776367188,56.997954281123505,0.11994629014705528,0.20465385913848877,0.034516237080574025,0.09148980677127838,9.460519617256189,23.987457275390625,0.08587461335475899,0.19974318146705627,21.495076736000286,35.50443649291992,26.36780548095703,0.14272570893311462,0.25198429822921753,0.2259168177843094,1.6659439999999996,0.9662560000000004,0.6329093533925992,143.15200805664062,155.40972900390625,33.932518005371094,46.19023895263672,20.368342516537833,47.80331397956307
rep_1c63cefc535235092e,96.91421508789062,155.50534057617188,58.59112548828125,106.76976776123047,155.02511596679688,48.255348205566406,3.1153450000000005,370.5491638183594,59.12792885079246,204.1742706298828,47.33449399917912,0.1389077820819253,0.269039124250412,0.1201616781849292,0.26154714822769165,6.3145534368151965,19.545425415039062,0.07777045438445897,0.2000206708908081,22.930080661761902,35.92781066894531,28.50793218612671,0.2717317795093774,0.4334653317928314,0.39932963624596596,1.6159779999999992,1.4827000000000012,0.5215056227203985,155.40972900390625,153.57388305664062,58.495513916015625,56.65966796875,36.19821180487337,38.21384499140079
rep_79c5c294b8bda9221b,91.15770721435547,154.2256622314453,63.067955017089844,98.56053161621094,150.11280822753906,51.552276611328125,1.9491669999999992,310.6354064941406,69.5654334948841,231.2224578857422,58.96082691144799,0.1323074422399534,0.22768008708953857,0.11666237077053948,0.25577637553215027,5.066106276461061,15.700469970703125,0.0805168854605257,0.21096505224704742,17.14224253650139,34.06145477294922,27.906604766845703,0.35554664700434274,0.5293519496917725,0.35810115933418274,1.0328879999999998,0.8996230000000001,0.5344797519910623,153.57388305664062,147.78907775878906,62.416175842285156,56.631370544433594,60.42879367587305,62.950114152743524
rep_cec13eefff34409cdb,84.32239532470703,156.30921936035156,71.98682403564453,93.07769775390625,151.85731506347656,58.77961730957031,2.982066999999999,324.603515625,65.90301447947012,386.3305358886719,64.32641803250125,0.11100739363833494,0.2232501208782196,0.04528937555864505,0.12615114450454712,7.172285534884738,19.066787719726562,0.06809790489981066,0.20721988379955292,21.209454753039186,33.91096878051758,23.92600727081299,0.19982742677522727,0.32533228397369385,0.2424650564789772,1.732588999999999,1.2328220000000005,0.5842660595782505,147.78907775878906,154.86614990234375,63.46668243408203,70.54375457763672,36.631123961933305,57.22136251432623
rep_6e34e000e401e92ab6,92.47997283935547,170.6055908203125,78.12561798095703,92.26921081542969,178.5672607421875,86.29804992675781,2.2823329999999995,596.7926635742188,74.62517022864384,644.4954223632812,92.07570553581749,0.10154380470290786,1.1004739999771118,0.08982760426723495,0.861217200756073,7.0818116070480635,26.137680053710938,0.06668688507235158,0.8333900570869446,20.075242682701603,31.62131118774414,20.589723587036133,0.10340786940807126,0.580933153629303,0.5781277385540307,0.8996109999999984,1.3660780000000017,0.3970584665415237,154.86614990234375,170.6055908203125,62.38617706298828,78.12561798095703,69.34794823872585,57.18971975315973
rep_865eff11a82c98aff9,84.6244888305664,170.6055908203125,85.9811019897461,81.3670425415039,177.09275817871094,95.72571563720703,2.3823110000000014,674.43359375,94.8876398222235,610.168212890625,109.51398754538702,0.1339967809729691,2.171041965484619,0.15693844889742975,3.608283519744873,5.391404731095303,17.245704650878906,0.05658137324540183,1.437241554260254,24.210945472593604,34.48878479003906,21.879735946655273,0.049390758919898727,0.5194455981254578,0.5179576409282163,1.3827439999999989,0.9829110000000014,0.5845078847084628,170.6055908203125,148.79812622070312,85.9811019897461,64.17363739013672,62.18150430574724,65.28936738945502
rep_834edc610f0edab7bf,76.46891784667969,166.4022216796875,89.93330383300781,81.85502624511719,174.87167358398438,93.01664733886719,2.748845000000003,409.13446044921875,75.25342590128024,487.3723449707031,77.08217739813661,0.08077391553177796,0.16430005431175232,0.09236902853001955,0.2312060296535492,3.8199166442936416,11.408683776855469,0.04049284816124876,0.18784216046333313,24.01662221844249,36.57601547241211,35.10715663433075,0.04630899625000582,0.3994317650794983,0.399404167150351,1.2494779999999999,1.4827000000000012,0.457319398662898,148.79812622070312,156.30633544921875,72.32920837402344,79.83741760253906,57.88754053614665,53.84596857256289
rep_cddfc02155f1821b8f,87.91958618164062,175.7356414794922,87.81605529785156,65.29365539550781,170.88832092285156,105.59466552734375,2.71549,520.9559326171875,83.89651444509659,488.0572204589844,97.32930260790033,0.0487216010683455,0.2290583997964859,0.1668860910123989,0.2936789095401764,14.18241353113021,26.21490478515625,0.11884331490362048,0.21322545409202576,24.460193477386007,44.51994323730469,32.09886360168457,0.14980716319778312,0.8016568422317505,0.7642275169491768,0.9995670000000003,1.6992669999999994,0.3703699449465956,168.40753173828125,171.74282836914062,80.48794555664062,83.8232421875,80.52281193420811,49.32905905163816
rep_ee7d1d18c368991ac9,92.67787170410156,171.74282836914062,79.06495666503906,103.64865112304688,164.34033203125,60.691680908203125,2.448956000000001,296.0685729980469,77.52723869163954,324.3819274902344,60.848423702543485,0.0603066102163151,0.18558451533317566,0.06910047569696695,0.2936789095401764,12.46191018273033,21.9849853515625,0.029462841567956335,0.11635363101959229,19.005860108153158,39.689979553222656,35.45296907424927,0.3496669763958273,0.4658873677253723,0.2685949057340622,1.2494780000000008,1.1828219999999998,0.513702257122888,171.74282836914062,154.07640075683594,79.06495666503906,61.398529052734375,63.27839038785718,51.908511215326044
rep_d5d4d4a1e507d6b680,81.95263671875,159.80604553222656,77.85340881347656,101.79492950439453,159.9194793701172,58.124549865722656,2.415634,273.2040710449219,81.46842569838941,265.3722229003906,60.05434911660046,0.08995861747300725,0.1452132761478424,0.06016773023477162,0.16391870379447937,9.530274994480024,21.883575439453125,0.041507538350661864,0.10684164613485336,21.720459670285006,38.52054977416992,29.340651512145996,0.38957938693921024,0.483921080827713,0.23874709010124207,0.9662549999999994,1.432723000000001,0.40277776619877265,154.07640075683594,157.63955688476562,72.12376403808594,75.68692016601562,74.64257782685314,52.82732263390451
rep_022ebf6bb664f09d61,96.18029022216797,161.15223693847656,64.9719467163086,117.8027114868164,157.9150848388672,40.11237335205078,2.1823999999999995,278.40399169921875,80.94638039549466,831.5783081054688,79.5367667980923,0.033040330678067005,0.09504552185535431,0.11135794374524874,0.5061432123184204,14.257601862229075,24.12848663330078,0.08223659445253619,0.4806385636329651,16.82295415289099,39.06730651855469,33.09027576446533,0.4363020476536714,0.9977226257324219,0.8051702380180359,1.2994439999999994,0.8663000000000007,0.5999988918357845,157.63955688476562,161.15223693847656,61.459266662597656,64.9719467163086,47.29658735782203,74.99936132553219
rep_1469f4f4fb01f19d72,90.65465545654297,163.1074981689453,72.45284271240234,99.36348724365234,152.88345336914062,53.51996612548828,2.5489229999999985,454.7930908203125,84.51931299459706,256.3702697753906,83.92754481571086,0.036952310989704924,0.17549549043178558,0.07474792892991575,0.19613708555698395,9.87117850267995,32.176055908203125,0.05266466474883066,0.15368682146072388,21.030151572539292,34.270545959472656,28.760989665985107,0.2882224190449558,0.47701457142829895,0.4065219312906265,1.8158889999999985,0.716367,0.7171032470650676,161.15223693847656,160.8230743408203,70.4975814819336,70.16841888427734,38.822627088954036,97.95037862475148
rep_19561ede8233796b10,93.03143310546875,160.8230743408203,67.79164123535156,83.90619659423828,153.27255249023438,69.3663558959961,2.7488220000000023,309.5708312988281,65.97518634042744,363.04095458984375,70.31048899592693,0.047637367158593694,0.1076497808098793,0.1316187922049518,0.19328461587429047,10.986388937360463,21.758758544921875,0.08475330039564552,0.17698189616203308,23.168909506114687,35.52532196044922,22.368733406066895,0.1311927834180655,0.34099483489990234,0.3405359107127879,0.8663000000000007,1.8658660000000005,0.31707443837599925,160.8230743408203,155.62539672851562,67.79164123535156,62.593963623046875,78.25423206204722,33.546869723252826
rep_f4b3097cc669548327,86.40709686279297,158.0314178466797,71.62432098388672,69.51539611816406,152.48780822753906,82.972412109375,2.4156450000000014,336.8030090332031,67.87246363306839,340.42236328125,80.70245469328252,0.028674496299861952,0.09266575425863266,0.12602764278592288,0.1853061467409134,13.436549896102832,23.81977081298828,0.0975798566164231,0.17458754777908325,23.40229739110419,37.195167541503906,24.4118709564209,0.15307494698775528,0.32586991786956787,0.31267530284821987,0.9495889999999996,1.449389,0.39583064121471717,155.62539672851562,155.5581817626953,69.21829986572266,69.15108489990234,72.89290405188211,47.7105076000317
rep_e1b6add5088147c3ba,96.899169921875,158.411865234375,61.5126953125,91.63406372070312,156.47964477539062,64.8455810546875,3.0820120000000024,220.49868774414062,50.58425111830472,213.3597412109375,48.2806971100611,0.03510898974188647,0.07436288893222809,0.06511648291820682,0.1114242896437645,8.621398547946072,23.783065795898438,0.03228844838582768,0.09351427853107452,23.911368976610625,39.9448356628418,27.584218978881836,0.29513849220523,0.390278697013855,0.21060311794281006,1.1661670000000015,1.8991889999999998,0.3804344421985574,155.5581817626953,155.5454559326172,58.65901184082031,58.64628601074219,50.30069607596531,30.879647055002
rep_d17ae39eb23db00ffb,102.33065795898438,159.92613220214844,57.59547424316406,117.5813980102539,156.4164581298828,38.835060119628906,2.482278000000001,376.0919189453125,61.74175943258796,205.2202911376953,50.06059617966423,0.04530000139823244,0.13987034559249878,0.13674247434790585,0.2400008887052536,11.891415120740357,28.058578491210938,0.09240548723500275,0.18076103925704956,18.68929227362408,36.905696868896484,36.443409472703934,0.4678801438795257,0.5947570204734802,0.3301750123500824,1.5493439999999978,0.9162780000000019,0.6283785592438735,155.5454559326172,159.44741821289062,53.21479797363281,57.11676025390625,34.34666411954536,62.33562330854406
rep_b7b00586fe8bd0f1b6,90.12506103515625,159.44741821289062,69.32235717773438,82.9449691772461,157.79774475097656,74.85277557373047,3.1819890000000015,282.9410095214844,51.96256215003345,174.6602783203125,51.29965755586888,0.021984924208327736,0.07054150104522705,0.04367656234501725,0.10846355557441711,6.9970436339415425,19.61542510986328,0.03428914311895296,0.10382743179798126,21.620255655080655,34.517066955566406,24.819334030151367,0.32785047416732727,0.44473960995674133,0.2580605447292328,1.6826109999999979,1.4827110000000019,0.5315765663019427,159.44741821289062,154.76104736328125,69.32235717773438,64.635986328125,41.199277300418494,43.59311175820839
rep_ad33ca17f825154427,97.2684555053711,165.13919067382812,67.87073516845703,88.08502960205078,154.67872619628906,66.59369659423828,2.5822339999999997,209.56004333496094,51.29525614726115,153.60108947753906,53.895092920121094,0.04080440114674667,0.1026364117860794,0.14809373659193062,0.19199393689632416,13.929551461363962,23.342010498046875,0.10728933513121588,0.1644899696111679,20.683232845549952,32.738155364990234,18.93823528289795,0.14905200433364732,0.37413448095321655,0.3475784510374069,1.1994779999999992,1.3660889999999988,0.46752939993381587,154.76104736328125,163.60775756835938,57.492591857910156,66.33930206298828,47.9313433492821,48.56147883702185
rep_44118ed2737a68ce85,83.87154388427734,165.94244384765625,82.0708999633789,89.07251739501953,160.65438842773438,71.58187103271484,2.9154219999999995,286.0326843261719,67.01538944041013,253.4027862548828,63.12573995805064,0.03961901538181164,0.14121171832084656,0.10291624782299572,0.2384229302406311,7.458402765731433,21.417678833007812,0.06411512224680427,0.14801791310310364,19.4219308308506,36.108699798583984,28.870444774627686,0.24908109318582258,0.5301794409751892,0.45047540217638016,1.3160999999999987,1.5826660000000032,0.4540207798766778,163.60775756835938,152.5381622314453,79.73621368408203,68.66661834716797,60.58522428697068,43.38667687760262
rep_597f9b9e8bf941e18e,107.21349334716797,158.62393188476562,51.410438537597656,116.46742248535156,151.8429412841797,35.375518798828125,2.782145,206.61502075195312,53.56479668373034,229.71324157714844,47.682273339184526,0.06972214077779021,0.1797480583190918,0.10500435627509956,0.22739046812057495,8.507363633891414,18.529449462890625,0.0397816702495419,0.1202346682548523,16.67935890930054,37.9793701171875,37.02707892656326,0.3988426237106175,0.5622395277023315,0.3279137462377548,1.4826890000000006,1.2828000000000017,0.5361399014785448,152.5381622314453,158.62393188476562,45.324668884277344,51.410438537597656,30.569235277443433,40.07673724477517
rep_adb80c25b2c9d425f3,73.98348999023438,149.61488342285156,75.63139343261719,78.06827545166016,134.54403686523438,56.47576141357422,2.2330110000000003,321.0011901855469,77.42230214542874,207.05690002441406,53.183434491449034,0.12277786368720872,0.23348142206668854,0.021730604213949956,0.05516804754734039,7.851383340013098,21.85596466064453,0.10104725926301403,0.21944363415241241,11.011278431994315,25.54416275024414,24.5750629901886,0.08292753059369022,0.13144844770431519,0.11027336679399014,0.766522,1.466389,0.34328372245915756,144.05960083007812,149.61488342285156,70.07611083984375,75.63139343261719,91.42087355593675,51.57662355119766
rep_554e3ad8208e7b637c,84.1042251586914,150.09275817871094,65.98853302001953,87.4881591796875,139.6331329345703,52.14497375488281,3.2659560000000005,297.8974304199219,55.82697096383388,170.5583038330078,42.03928527116186,0.10647248784224966,0.23461255431175232,0.035762163635760943,0.08588824421167374,9.337791765702699,21.128067016601562,0.08304818416382385,0.21880175173282623,17.633810396524055,29.1151180267334,22.202117443084717,0.09281391222166216,0.14081372320652008,0.1006162241101265,1.9663,1.2331000000000003,0.6145839844970932,149.61488342285156,148.0093231201172,65.51065826416016,63.90509796142578,33.31671579319542,51.82474897528648
rep_da2f0010908c6eb032,75.23294830322266,150.37513732910156,75.1421890258789,83.1292724609375,139.14691162109375,56.01763916015625,2.599411,291.44903564453125,73.36531974980313,160.98745727539062,46.574154579615836,0.12962980096829518,0.21373610198497772,0.01779941309819535,0.04019464552402496,8.364381237080053,22.606552124023438,0.11183038829669685,0.19367967545986176,11.098515226626684,30.483583450317383,29.51343274116516,0.07577779340052013,0.14914114773273468,0.1245829164981842,1.3997339999999996,1.133133,0.5526283061842567,148.0093231201172,150.37513732910156,72.77637481689453,75.1421890258789,51.99300353988297,66.31365340686301
rep_0d63cb249dcc0744ef,76.94264221191406,150.37513732910156,73.4324951171875,81.76760864257812,139.09054565429688,57.32293701171875,2.3996440000000003,280.40765380859375,74.96844890570044,204.23260498046875,56.6330318888959,0.12447219372583854,0.22805923223495483,0.0193488785149553,0.055009763687849045,8.090825903222253,20.892234802246094,0.10512331530885809,0.22061216831207275,12.261982262334923,30.483583450317383,29.832676470279694,0.08070312612631644,0.13676808774471283,0.11974433809518814,0.7998440000000002,1.5997000000000003,0.3333316663499398,150.37513732910156,149.42413330078125,73.4324951171875,72.48149108886719,91.80852155818819,45.309427448188515
rep_4dfea2f3fd5ac8b257,73.22801971435547,149.52264404296875,76.29462432861328,77.5697021484375,141.77584838867188,64.20614624023438,2.666067999999999,336.18231201171875,73.71844638308997,204.19471740722656,50.741531412441134,0.11667070824396207,0.21885107457637787,0.02767393467020504,0.06492826342582703,9.203726151300643,22.934165954589844,0.08899677350343879,0.2052975445985794,13.81908313284737,28.934738159179688,27.26740288734436,0.08843677996762701,0.16507288813591003,0.1645738750230521,1.7663340000000005,0.8331779999999984,0.6794867652082396,149.42413330078125,147.9146728515625,76.19611358642578,74.68665313720703,43.13799858148332,89.64069278978462
rep_78a0d12479541b9d88,78.25209045410156,147.9810333251953,69.72894287109375,84.99393463134766,132.9346466064453,47.940711975097656,2.532955000000001,333.1521911621094,70.92656191199801,216.900146484375,45.69621161024878,0.10658477879183356,0.1977233737707138,0.026320509918420946,0.05944603309035301,8.142143597277503,19.044349670410156,0.0875314235824245,0.1939183622598648,9.802757973305791,24.785541534423828,23.844581127166748,0.08518352080042318,0.14556382596492767,0.1454106694291113,1.566377000000001,0.9664780000000004,0.618423478643665,147.9146728515625,147.9810333251953,69.66258239746094,69.72894287109375,44.47370102948453,72.14747037293526
rep_b3645da62bbd2d427a,72.9159164428711,148.092529296875,75.1766128540039,86.0285873413086,136.5726318359375,50.544044494628906,2.2330109999999976,362.0347900390625,90.1147517650454,245.30885314941406,48.74018807562455,0.11230154055886778,0.20559820532798767,0.04117181453688791,0.09106289595365524,9.794429419242219,20.756576538085938,0.0748696742238802,0.18179798126220703,9.352067349931277,24.10064125061035,22.038451671600342,0.07938618042443198,0.1583019644021988,0.15118978032842278,1.3997449999999994,0.8331659999999985,0.6268700364680906,147.9810333251953,147.384033203125,75.06511688232422,74.4681167602539,53.62770853428607,89.3796875535656
rep_7abe4e1b8bc95b4c35,77.80197143554688,148.308349609375,70.50637817382812,85.67532348632812,136.87020874023438,51.19488525390625,2.066189999999999,333.3484802246094,93.6651555369419,212.72872924804688,54.48490533033013,0.12238867387872895,0.2398383468389511,0.022419242482216283,0.054852936416864395,8.253724194598671,19.032554626464844,0.09996943163011152,0.23978157341480255,8.045497713547743,24.63593101501465,24.05034828186035,0.10791862907172456,0.1721246987581253,0.15460094064474106,0.7332000000000001,1.2664340000000003,0.36666710007931447,147.384033203125,140.90013122558594,69.58206176757812,63.09815979003906,94.90188457116491,49.823488464490886
rep_6c538cb001cf283488,75.62416076660156,149.06842041015625,73.44425964355469,86.1043701171875,138.2106475830078,52.10627746582031,2.666077999999999,359.4958190917969,65.60900153282171,226.2843475341797,47.283906899813964,0.12119305646826196,0.22940707206726074,0.038160842734310606,0.10081321746110916,9.695496385843985,19.782791137695312,0.08458608395772457,0.2194492369890213,10.639743938440471,26.006513595581055,24.22028136253357,0.09177145277451637,0.16924318671226501,0.1646473528817296,0.8331780000000002,1.7663440000000001,0.32051200182187345,147.8776397705078,147.97866821289062,72.25347900390625,72.35450744628906,86.7203394759658,40.96286309251712
rep_86bf49a3e75df22620,75.7996826171875,148.76174926757812,72.96206665039062,85.15534973144531,136.6583709716797,51.503021240234375,2.3996439999999986,317.8267517089844,69.36407784084722,231.26380920410156,51.80530962300578,0.11510184341639237,0.19892659783363342,0.029767225475734627,0.07383738458156586,9.844386405336703,20.097122192382812,0.08533461768115559,0.19376623630523682,10.486782337451963,25.50698471069336,23.057678699493408,0.0893853023133397,0.15398257970809937,0.13991875853389502,0.9998109999999976,1.3997330000000012,0.41666708341251424,147.97866821289062,145.72535705566406,72.17898559570312,69.92567443847656,72.19263000277383,49.95643771953401
rep_4cf117e3f09fd04811,72.67607879638672,158.5755157470703,85.8994369506836,76.15973663330078,141.8401336669922,65.6803970336914,2.6660559999999998,353.77667236328125,62.33722403622961,131.88052368164062,37.774714064371665,0.08630612252869434,0.16363491117954254,0.07983217371562243,0.16563726961612701,11.292652522070039,27.387115478515625,0.06047020058601071,0.11457637697458267,9.835498250499782,26.72134017944336,23.890723943710327,0.1989376375500251,0.27356117963790894,0.1357106864452362,1.3330769999999998,1.266423,0.5128205424120023,123.17182922363281,157.58738708496094,50.495750427246094,84.91130828857422,37.879095076463024,67.0481413307988
rep_000b3a49ed66a26cd4,75.20982360839844,157.58738708496094,82.3775634765625,84.26492309570312,142.56289672851562,58.2979736328125,2.6994110000000004,281.3330383300781,64.49257589069275,149.111572265625,45.810048868239775,0.06280069811911602,0.1371448040008545,0.05210797913385773,0.09816679358482361,11.538876228899975,18.592323303222656,0.03995515892001863,0.10262332856655121,10.500843374086184,26.589111328125,24.430432081222534,0.24751685214216057,0.2899692952632904,0.09950023889541626,0.6998769999999999,1.9329780000000003,0.2658243617669791,157.58738708496094,153.1787109375,82.3775634765625,77.96888732910156,117.7029156216914,40.336148331280306
rep_f7b25824c180b3b99e,73.77503204345703,157.34271240234375,83.56768035888672,79.88844299316406,141.46762084960938,61.57917785644531,2.8994560000000007,257.08917236328125,60.153494592849185,139.48074340820312,43.114320753811924,0.06031285326322352,0.1085464358329773,0.06787731390082008,0.141053706407547,11.4336525022455,18.358413696289062,0.04330461720975189,0.11460785567760468,12.798388477020463,27.440298080444336,24.76587414741516,0.2464486093633219,0.31940534710884094,0.11509817838668823,0.9331559999999994,1.8996440000000012,0.3294111832815586,153.1787109375,156.9470977783203,79.40367889404297,83.17206573486328,85.09153763576832,43.782974986293866
rep_cc4d004af51869c14f,68.88529205322266,156.9470977783203,88.06180572509766,79.16521453857422,140.77557373046875,61.61035919189453,2.866033999999999,257.9327697753906,66.83564739931882,167.07766723632812,45.154555249389986,0.06461128547415232,0.13842114806175232,0.07079870199010665,0.12791970372200012,14.271935432948242,23.43896484375,0.045879878097621785,0.11339113116264343,11.259325687467113,26.05193328857422,23.81824040412903,0.2531904054044789,0.33831921219825745,0.12478452920913696,1.4663889999999995,1.3330889999999993,0.5238080099218497,156.9470977783203,154.3470916748047,88.06180572509766,85.46179962158203,60.05350948834019,64.10809752505803
rep_47c05630bd12f93580,76.11109161376953,154.3470916748047,78.23600006103516,83.76766204833984,133.47019958496094,49.702537536621094,2.3996440000000003,337.3186340332031,66.21949986414968,203.970947265625,39.859479791832314,0.06624317154190644,0.11777064949274063,0.09226636549263086,0.14750777184963226,10.660442086377486,21.063949584960938,0.04626269697539621,0.09595786035060883,9.81356220834335,25.849658966064453,23.151798009872437,0.24907512130608989,0.3183997869491577,0.11654169857501984,1.3997330000000012,0.9998109999999993,0.5833329165874853,154.3470916748047,140.61358642578125,78.23600006103516,64.50249481201172,55.8935168786012,64.51468808806041
rep_f0c351e2ed0c752d12,74.739501953125,154.21958923339844,79.48008728027344,79.54561614990234,139.82135009765625,60.275733947753906,2.5996109999999994,303.3512878417969,65.20043902043098,182.20126342773438,45.3695833686434,0.06683181062419559,0.12808489799499512,0.08639712586200012,0.14881999790668488,10.592340417882333,26.302459716796875,0.041550154268596595,0.10684415698051453,10.529430220752879,26.3547420501709,24.30787968635559,0.22979466450113342,0.3471756875514984,0.2275865152478218,0.7665220000000019,1.8329889999999978,0.294871612391716,152.374755859375,152.5085906982422,77.63525390625,77.76908874511719,101.28248622511788,42.42747160245767
rep_55f1cf4d132e297fa8,74.54362487792969,155.22763061523438,80.68400573730469,88.74037170410156,139.82135009765625,51.08097839355469,2.2996669999999995,315.0947570800781,73.2731183923893,176.781494140625,50.90766751095629,0.08932163698776835,0.16647610068321228,0.08103026080274386,0.13057228922843933,12.421775061640801,20.245025634765625,0.046284274291501656,0.10485013574361801,8.679323299847562,25.801279067993164,23.19275403022766,0.2439810879902351,0.35902854800224304,0.17438410222530365,0.7332000000000001,1.5663669999999996,0.31884263428723764,152.5085906982422,155.22763061523438,77.9649658203125,80.68400573730469,106.33519615427235,51.51028190539299
rep_32b7ca8fa017f2f360,75.41763305664062,155.4426727294922,80.02503967285156,86.30899047851562,135.7085418701172,49.39955139160156,2.766255000000001,245.2447052001953,62.501715206660414,130.60086059570312,40.74606660235996,0.06718224193886785,0.12743057310581207,0.09620752235227907,0.14905942976474762,13.089712058411333,21.511184692382812,0.037733793430861105,0.10738357156515121,9.90887564148647,25.801279067993164,24.069954991340637,0.24804000942869822,0.3638070523738861,0.18017233908176422,1.066466000000002,1.6996889999999993,0.38554094040283404,155.22763061523438,151.4342041015625,79.80999755859375,76.01657104492188,74.83595122450562,44.72381185318132
rep_64a8bb8f3fdd8ff2de,75.42217254638672,151.4342041015625,76.01203155517578,91.31095123291016,131.89707946777344,40.58612823486328,2.399455999999997,296.8630676269531,75.70633843212237,109.2435531616211,45.79549159104386,0.07314704343225538,0.11724359542131424,0.0999583192245725,0.13765904307365417,13.497631618276223,20.06494140625,0.033501252105297606,0.11509045958518982,8.335958363305915,24.605077743530273,22.316365003585815,0.24266077184957277,0.3035097122192383,0.15169888734817505,1.4330560000000006,0.8998439999999981,0.6142809378884656,151.4342041015625,149.0360107421875,76.01203155517578,73.61383819580078,53.04191291559838,81.80733348869464
rep_a311f440abd3b3b9f6,76.7479248046875,153.86029052734375,77.11236572265625,85.3189697265625,135.39613342285156,50.07716369628906,2.732723,313.5726013183594,62.80327844273188,143.51593017578125,42.01918233766176,0.062173159349707394,0.11725351214408875,0.08389528885103198,0.1275758147239685,12.757394877879051,20.86041259765625,0.031828752163021966,0.10222221910953522,11.420971473021867,26.284420013427734,23.525131940841675,0.2495275280496931,0.3158567249774933,0.12903992831707,1.5663670000000032,1.0997999999999983,0.5874977073829217,149.0360107421875,151.9039306640625,72.2880859375,75.156005859375,46.150158894754455,68.33606642969187
rep_709aefa59abbdda681,81.98969268798828,150.28091430664062,68.29122161865234,86.58113098144531,147.47354125976562,60.89241027832031,3.399466,203.19989013671875,44.86940350532869,156.60415649414062,35.27235984503275,0.16833323270625336,0.24082599580287933,0.037312995663379665,0.09326528757810593,8.647335540648214,22.416099548339844,0.13102023745144073,0.23168355226516724,10.396946651101228,22.069225311279297,20.73233139514923,0.1311935069221743,0.19892758131027222,0.18859965167939663,1.899644,1.4997219999999998,0.5588230275880857,150.28091430664062,147.11520385742188,68.29122161865234,65.1255111694336,35.94948401840152,43.425055556585555
rep_c76e4661561c2feeb0,81.51592254638672,147.16390991210938,65.64798736572266,85.8752670288086,125.77088165283203,39.89561462402344,2.899356000000001,147.33197021484375,46.923995500847006,140.9232940673828,29.799405528092343,0.19566889455269856,0.26225751638412476,0.04474744181123234,0.09018126875162125,9.971793255635953,23.272903442382812,0.15092145300336726,0.25826185941696167,14.639042864789634,24.580663681030273,23.18537211418152,0.11015813947759828,0.19664987921714783,0.15040864795446396,1.4664000000000001,1.3664120000000004,0.5176481884431441,147.11520385742188,145.2748260498047,65.59928131103516,63.75890350341797,44.734916333220916,46.66155120374964
rep_215b169aee5b06c4cb,91.70564270019531,146.15081787109375,54.44517517089844,86.06070709228516,124.117919921875,38.057212829589844,2.5995999999999997,148.03514099121094,45.065158790618206,172.79132080078125,36.81700459594424,0.1580601434939886,0.22607769072055817,0.028575313608348002,0.07447359710931778,13.82551243831974,27.347946166992188,0.1294848294752623,0.2153732031583786,12.037945740777218,24.2048282623291,22.246408462524414,0.11681199115218466,0.17066526412963867,0.1336214654147625,1.1664329999999996,1.4330670000000003,0.4487143681477206,145.2748260498047,146.15081787109375,53.569183349609375,54.44517517089844,45.9256411209297,37.99206538905608
rep_e1ba0ca673273d816e,84.49046325683594,147.1608123779297,62.67034912109375,84.38385772705078,119.9843521118164,35.600494384765625,2.1328440000000004,144.60513305664062,53.69843288599438,108.16376495361328,29.53200161485463,0.14922297490745232,0.19537849724292755,0.022013808807069265,0.050218015909194946,11.079190233741206,28.144248962402344,0.1272091655933847,0.17481625080108643,8.80155119331971,23.599201202392578,23.145301818847656,0.10767568699386913,0.15529786050319672,0.11825406178832054,1.2997549999999993,0.7665330000000008,0.6290289640166323,146.15081787109375,116.94983673095703,61.66035461425781,32.459373474121094,47.439982623077306,42.34569610717485
rep_ebbc42143c6e49093c,83.85770416259766,143.15780639648438,59.30010223388672,97.64715576171875,120.539306640625,22.89215087890625,1.9330659999999984,243.48648071289062,51.70743087891061,117.5281982421875,30.458436579611842,0.29550059081788754,0.44901999831199646,0.06238205132828927,0.16043125092983246,12.93040961274566,25.042160034179688,0.2331185403386728,0.38596609234809875,13.68426016168427,21.122596740722656,19.55617618560791,0.14027880804964257,0.21898776292800903,0.12592259794473648,0.39992199999999833,1.5330440000000003,0.2068955170447895,104.03160858154297,142.5533447265625,20.173904418945312,58.695640563964844,50.44459774392356,38.286990173775074
rep_195e4e5ecad0f53344,93.47882843017578,144.4985809326172,51.019752502441406,89.4733657836914,122.46727752685547,32.99391174316406,2.366322000000002,171.57386779785156,44.33649572525892,163.92562866210938,33.605156896957794,0.1429134956700498,0.197732612490654,0.024096615286918213,0.05950717255473137,10.313785433750594,25.222991943359375,0.11881688044607501,0.16303040087223053,10.897653092690774,23.779150009155273,23.267825603485107,0.11430748147186988,0.15406759083271027,0.07570212334394455,1.0998,1.2664220000000022,0.46479155379334613,142.5533447265625,134.8260955810547,49.07451629638672,41.347267150878906,44.62130959846037,32.6488857196723
rep_aa68b93d455532c686,82.90023040771484,138.34068298339844,55.440452575683594,93.5753173828125,121.64093780517578,28.06562042236328,3.3992669999999983,229.49244689941406,47.34430740864237,115.60106658935547,28.289038875312105,0.2087357031214617,0.3165062963962555,0.05187435671043489,0.15007242560386658,9.003462875716592,22.31634521484375,0.15686134633299306,0.29887655377388,9.351189484672524,22.945945739746094,22.511217176914215,0.13202676239645214,0.19763696193695068,0.12410599738359451,1.9662889999999997,1.366422,0.5899968524123453,134.44338989257812,124.13223266601562,51.54315948486328,41.23200225830078,26.213420043983,30.175159839566973
rep_b1d4ed63906ea1bec9,93.89124298095703,125.0081787109375,31.11693572998047,94.89468383789062,109.78898620605469,14.894302368164062,1.966189,223.58547973632812,46.65058153767456,90.66059112548828,33.147525814495594,0.10664301280350144,0.20425115525722504,0.0949616889999403,0.18703676760196686,7.7653415390197615,23.541824340820312,0.09130231028345401,0.18594121932983398,6.423747677890753,13.924107551574707,12.172203660011292,0.21672775264637092,0.3191925585269928,0.23393514752388,1.1664439999999998,0.7331890000000003,0.6140365007346155,117.86690521240234,122.1213607788086,23.975662231445312,28.230117797851562,20.554490598301605,38.50319330738943
rep_a75ff677dcd98eb2fd,84.8363265991211,125.24376678466797,40.407440185546875,91.55296325683594,113.04447937011719,21.49151611328125,2.6662779999999997,155.97962951660156,42.70855339877396,89.28990936279297,27.601179919221867,0.0381900610947294,0.08626743406057358,0.09991494165477671,0.20568042993545532,8.93193449629433,26.082801818847656,0.0617413820938667,0.15170493721961975,4.968693963994294,13.029558181762695,10.8832848072052,0.2007137410333977,0.2672349810600281,0.145046204328537,0.9664889999999997,1.6996890000000002,0.36249980308891594,122.1213607788086,124.92389678955078,37.2850341796875,40.08757019042969,38.57781534987725,23.585238352680804
rep_c1831610de7e01f9bd,97.82649993896484,121.35340881347656,23.52690887451172,100.93415832519531,111.37728118896484,10.443122863769531,2.166156,150.38912963867188,35.70412385135738,64.86663818359375,23.62517042017229,0.10893556219011957,0.19611184298992157,0.05869900267160881,0.11721983551979065,5.781567007876235,17.083267211914062,0.08900207189256476,0.17983488738536835,10.57640324773976,16.663894653320312,13.868379592895508,0.17448879113013646,0.2357083261013031,0.11179951578378677,0.8998229999999996,1.199777,0.4285687750047627,121.35340881347656,116.7846450805664,23.52690887451172,18.958145141601562,26.146151937116223,15.801390709774868
rep_b257c286eaa1bdf653,93.78181457519531,121.8596420288086,28.07782745361328,98.65957641601562,112.31898498535156,13.659408569335938,3.065989,123.23278045654297,38.08595785748285,84.98262023925781,20.782394649188813,0.08438802420896742,0.17059315741062164,0.09224159185230756,0.181467205286026,7.521123618559182,18.45702362060547,0.051301829014992445,0.12507350742816925,10.036196080436344,17.095413208007812,13.922088384628296,0.17021560218641116,0.2441096007823944,0.15401394665241241,0.8664999999999985,2.1329330000000013,0.28888793315269873,102.63304901123047,109.04670715332031,8.851234436035156,15.264892578125,10.214927219890562,7.156761407003873
rep_e49bed2fd11cb67f4e,84.62033081054688,109.04670715332031,24.426376342773438,96.23355865478516,115.88965606689453,19.656097412109375,2.3329889999999995,198.08741760253906,43.322784431023415,171.4540252685547,44.33192578360435,0.16171019133275627,0.27556997537612915,0.060002545898276305,0.1486733853816986,9.541006622731482,25.20343780517578,0.11730661617248986,0.2491184026002884,11.046637901894712,16.174638748168945,12.704487800598145,0.18978873144576128,0.24088574945926666,0.14352507144212723,1.3330779999999987,0.9998110000000011,0.5714279590670618,109.04670715332031,102.84272003173828,24.426376342773438,18.222389221191406,18.323291167338642,18.225833903799202
