repetition_id,source_sha256,video_id,source_video,original_folder,source_repetition_index,start_frame,end_frame,original_start_frame,original_end_frame,frame_convention,start_time,end_time,duration_sec_x,source_frame_count,subject_id,subject_verification_status,hand,label,target_column,label_source,hand_source,human_review_status,supervised_eligible,excluded,exclusion_reason,source_group,inherited_subject_group,split,reviewer,reviewed_at,review_export_sha256,review_record_pointer,review_record_file,review_subject_verified_checkbox,review_boundaries_verified_checkbox,review_new_repetition,administrative_metadata_policy,frame_range_source,boundary_audit_status,segmentation_notes,original_candidate_manifest_ref,historical_manual_evidence_ref,historical_manual_evidence_line,historical_manual_evidence_sha256,historical_representation_ref,historical_representation_usage,historical_representation_range_status,decoded_range_sha256,fold,predicted_label,incorrect_score,is_correct,active_min_angle,active_max_angle,active_rom,opposing_min_angle,opposing_max_angle,opposing_rom,duration,active_peak_abs_velocity,active_mean_abs_velocity,opposing_peak_abs_velocity,opposing_mean_abs_velocity,active_mean_flare,active_max_flare,opposing_mean_flare,opposing_max_flare,mean_angle_asymmetry,max_angle_asymmetry,mean_flare_asymmetry,max_flare_asymmetry,mean_torso_lean,max_torso_lean,range_torso_lean,mean_shoulder_depth_ratio,max_shoulder_depth_ratio,range_shoulder_depth_ratio,flexion_duration,extension_duration,flexion_fraction,active_start_angle,active_end_angle,flexion_excursion,extension_excursion,flexion_net_speed,extension_net_speed,active_velocity_p95,opposing_velocity_p95,active_peak_to_p95_ratio,active_max_adjacent_angle_jump,active_median_abs_acceleration,repair_operations,repair_support_max_seconds,repair_channels,repair_operations_detail,feature_qc_status,raw_missing_fraction,repaired_values,remaining_missing_values,phase_minimum_at_endpoint,phase_unavailable,phase_minimum_frame,n_frames,duration_sec_y,pose_available_frames,core_joint_visibility_mean,core_joint_visibility_min,core_joint_below_0_5_fraction,svm_score_type,svm_near_boundary_abs_score_le_0_25,biomechanical_decision_boundary_status,training_class_iqr_overlap_features,descriptive_mechanism_tags,primary_descriptive_category,mechanism_evidence,clinical_cause_established,source_appearance_or_setup_cause
rep_fb0c2f97d90ea5de5a,0c264aade3d2362157e8484603caa05154f40187f222e5540272f8f0b1764d2f,vid_0c264aade3d23621,C:\Users\DEVESH SHUKLA\Downloads\hemo\Assisted elbow flexion\Both hand assisted correct\20260825_120853.mp4,Both hand assisted correct,1,4,350,4,372,zero_based_inclusive,0.066633,5.8475,5.780867,347,person1,inherited_not_independently_verified,Right,Correct,label,human_verified,human_verified,authoritative_user_confirmed,True,False,,0c264aade3d2362157e8484603caa05154f40187f222e5540272f8f0b1764d2f,person1,unassigned,,2026-10-04T07:28:47.666Z,44b233be34340ff48f45013f0d75c6d0d90eb8ac731b678f4794f1529c2b1e11,/decisions/0,evidence/aef_v2_review_2026-10-04T14-18-12-118Z.json,False,False,False,does_not_override_authoritative_hand_and_label,human_review_export_revision,valid_source_range_no_overlap,,../../manifest.csv,C:\dev\Haemophilia\processed_data\assisted_elbow_flexion\manual_annotation_audit.csv,2,41347c1ad9bf08b0c65ca613e97e467014bfe3c0dad39cafedfaf9e955ee93c2,C:\dev\Haemophilia\processed_data\assisted_elbow_flexion\sequences\20260825_120853_rep_01_correct_person1.npy,provenance_only_not_canonical_model_input,STALE_range_revised,782ef5f7f15d70c269ded135765c597dbef348cc946eb8d06f3c6f463ea3ffe1,1,Incorrect,0.0622266855182446,False,94.67051696777344,152.4705047607422,57.79998779296875,96.02509307861328,153.0501708984375,57.02507781982422,5.780867,263.3214111328125,42.86385056110332,263.5534973144531,36.54893018887173,0.14686755872923735,0.24117650091648102,0.02530067752528426,0.07590647041797638,8.822759469579132,33.892425537109375,0.12306349465837393,0.22567090392112732,3.5490977216031387,23.245250701904297,23.137742653489113,0.04920201166965738,0.11595063656568527,0.11525653989519924,3.648445,2.115766,0.6329478570440951,150.4061737060547,130.2845916748047,55.73565673828125,35.61407470703125,15.276551171329498,16.832709622439936,134.13268585205068,116.41335983276366,1.963141269110632,6.490043640136719,1742.1191296953084,0,0.0,,[],success,0.0,0,0,False,False,223.0,347,5.780867,347,0.9955106377601624,0.6201038360595703,0.0,signed uncalibrated decision_function; positive=Incorrect,True,Not established: no validated biomechanical quality cutoffs for these world-coordinate features,,shallow_measured_flexion,shallow_measured_flexion,active_min_angle=94.6705 high relative to training Correct reference=93.0212; descriptive only,False,Not established; see source profiles and recording thumbnails
rep_bb9858d2e8e9c3549c,1ac0cd5b45de866afbfed040696fb5a7ad4876db46a9d228d145e08d8eb87b2d,vid_1ac0cd5b45de866a,C:\Users\DEVESH SHUKLA\Downloads\hemo\Assisted elbow flexion\Both hand assisted mix\20260825_121230.mp4,Both hand assisted mix,5,1150,1332,874,1032,zero_based_inclusive,19.1585,22.207211,3.048711000000001,183,person1,inherited_not_independently_verified,Right,Correct,label,human_verified,human_verified,authoritative_user_confirmed,True,False,,1ac0cd5b45de866afbfed040696fb5a7ad4876db46a9d228d145e08d8eb87b2d,person1,unassigned,,2026-10-04T10:55:22.485Z,44b233be34340ff48f45013f0d75c6d0d90eb8ac731b678f4794f1529c2b1e11,/decisions/17,evidence/aef_v2_review_2026-10-04T14-18-12-118Z.json,False,False,False,does_not_override_authoritative_hand_and_label,human_review_export_revision,valid_source_range_no_overlap,,../../manifest.csv,,,,C:\dev\Haemophilia\processed_data\assisted_elbow_flexion\sequences\20260825_121230_rep_05_mix_person1.npy,provenance_only_not_canonical_model_input,STALE_range_revised,6cd40c2cbeaf2d95cb902b30188d13c91ec6d1d9c3221f83a31b1e108b983b24,1,Incorrect,0.4376456263978902,False,94.68705749511719,140.7677459716797,46.0806884765625,92.88326263427734,128.22421264648438,35.34095001220703,3.048711000000001,616.42724609375,54.2972942565579,289.80523681640625,35.30798353328146,0.15475476778239156,0.22970901429653168,0.029704740830522568,0.07261428982019424,8.574256152255675,24.15570831298828,0.12505002739007026,0.21979843080043793,2.0691083558732366,24.662166595458984,24.6059103384614,0.0969948406520179,0.21599642932415009,0.20474078133702278,1.5493330000000007,1.4827109999999983,0.5109863181405023,135.24710083007812,128.70822143554688,40.56004333496094,34.02116394042969,26.17903532356241,22.945242829135093,145.76528778076172,96.47870330810547,4.228902885444766,10.2672119140625,2054.7318826947285,0,0.0,,[],success,0.0,0,0,False,False,1243.0,183,3.048711000000001,183,0.9973567128181458,0.863740861415863,0.0,signed uncalibrated decision_function; positive=Incorrect,False,Not established: no validated biomechanical quality cutoffs for these world-coordinate features,,jitter_like_angular_spike;shallow_measured_flexion;small_measured_excursion,jitter_like_angular_spike,"peak/p95=4.23, adjacent angle jump=10.27 deg; possible fast motion or estimation spike, not confirmed pose failure | active_min_angle=94.6871 high relative to training Correct reference=93.0212; descriptive only | active_rom=46.0807 low relative to training Correct reference=53.4632; descriptive only",False,Not established; see source profiles and recording thumbnails
rep_9ff0bc77263dfff528,1ac0cd5b45de866afbfed040696fb5a7ad4876db46a9d228d145e08d8eb87b2d,vid_1ac0cd5b45de866a,C:\Users\DEVESH SHUKLA\Downloads\hemo\Assisted elbow flexion\Both hand assisted mix\20260825_121230.mp4,Both hand assisted mix,6,1606,1772,1606,1772,zero_based_inclusive,26.755267,29.537411000000002,2.7821440000000024,167,person1,inherited_not_independently_verified,Right,Correct,label,human_verified,human_verified,authoritative_user_confirmed,True,False,,1ac0cd5b45de866afbfed040696fb5a7ad4876db46a9d228d145e08d8eb87b2d,person1,unassigned,,2026-10-04T11:00:18.240Z,44b233be34340ff48f45013f0d75c6d0d90eb8ac731b678f4794f1529c2b1e11,/decisions/18,evidence/aef_v2_review_2026-10-04T14-18-12-118Z.json,False,False,False,does_not_override_authoritative_hand_and_label,human_review_export_unchanged_candidate_range,valid_source_range_inclusive_endpoint_allowed,,../../manifest.csv,,,,C:\dev\Haemophilia\processed_data\assisted_elbow_flexion\sequences\20260825_121230_rep_06_mix_person1.npy,provenance_only_not_canonical_model_input,range_unchanged_hand_and_processing_semantics_not_validated_for_new_training,38ba3d3d3b8e6796f5cbdabf1340a8f0fa1a9c87e32f8a6e6f8be04ed61a0ecd,1,Incorrect,0.3485192390167909,False,73.4043960571289,138.94439697265625,65.54000091552734,86.36262512207031,147.0215606689453,60.658935546875,2.7821440000000024,1591.4014892578125,63.33474642312079,433.2162170410156,45.13830767030024,0.13095688165253075,0.23261982202529907,0.03150225734546388,0.12467258423566818,6.956155925034689,27.517356872558594,0.10082130702372423,0.18376651406288147,3.1686265126642827,28.376129150390625,28.012654781341553,0.11425540774480468,0.18070730566978455,0.17671780567616224,0.016655000000000086,2.7488220000000005,0.006022469179819642,99.90918731689453,129.41729736328125,26.504791259765625,56.012901306152344,1591.4014566055532,20.377056537728645,172.58550872802712,142.46143798828123,9.220945031750373,26.504791259765625,2079.9033314714234,0,0.0,,[],success,0.0,0,0,False,False,1607.0,167,2.7821440000000024,167,0.9983425736427308,0.946162223815918,0.0,signed uncalibrated decision_function; positive=Incorrect,False,Not established: no validated biomechanical quality cutoffs for these world-coordinate features,active_rom;active_mean_abs_velocity,jitter_like_angular_spike;overlapping_biomechanical_signal,jitter_like_angular_spike,"peak/p95=9.22, adjacent angle jump=26.50 deg; possible fast motion or estimation spike, not confirmed pose failure | inside training class-IQR intersection: active_rom,active_mean_abs_velocity",False,Not established; see source profiles and recording thumbnails
rep_df6be1b0d78003c9ac,1334a563691c21703bad8f2fc71670dcb1bbeea7f93665d5d873d7dbb80349d1,vid_1334a563691c2170,C:\Users\DEVESH SHUKLA\Downloads\hemo\Assisted elbow flexion\Both hand assisted correct\20260825_135545.mp4,Both hand assisted correct,5,640,800,808,980,zero_based_inclusive,10.662122,13.344311999999999,2.6821899999999985,161,person2,inherited_not_independently_verified,Right,Correct,label,human_verified,human_verified,authoritative_user_confirmed,True,False,,1334a563691c21703bad8f2fc71670dcb1bbeea7f93665d5d873d7dbb80349d1,person2,unassigned,,2026-10-04T11:08:02.684Z,44b233be34340ff48f45013f0d75c6d0d90eb8ac731b678f4794f1529c2b1e11,/decisions/30,evidence/aef_v2_review_2026-10-04T14-18-12-118Z.json,False,False,False,does_not_override_authoritative_hand_and_label,human_review_export_revision,valid_source_range_shared_transition_context,Shared frames show return of the right arm and hand repositioning before the next left-arm flexion. Separate cycles; retain transition padding.,../../manifest.csv,C:\dev\Haemophilia\processed_data\assisted_elbow_flexion\manual_annotation_audit.csv,20,41347c1ad9bf08b0c65ca613e97e467014bfe3c0dad39cafedfaf9e955ee93c2,C:\dev\Haemophilia\processed_data\assisted_elbow_flexion\sequences\20260825_135545_rep_05_correct_person2.npy,provenance_only_not_canonical_model_input,STALE_range_revised,599ec27f7c4e87b4aafeb93ececb01afcc74845b77a22f76a920d8e5543d584b,1,Incorrect,0.4206261845092409,False,73.46858215332031,171.1333465576172,97.66476440429688,81.19309997558594,178.08335876464844,96.8902587890625,2.6821899999999985,511.0406188964844,96.15464748717181,396.614990234375,101.66993605589599,0.1392182955508173,1.6576907634735107,0.15439852460075706,2.364882707595825,7.548764826608656,17.858596801757812,0.11993320536788,1.6442880630493164,21.262932449038747,34.458534240722656,21.955557823181152,0.15640045448777445,0.9797396063804626,0.9777781870216131,1.6826109999999996,0.9829229999999995,0.6312472472682773,161.99923706054688,161.95428466796875,88.53065490722656,88.48570251464844,52.61504584673854,90.02302572495351,250.29908752441406,254.0574188232422,2.0417198638274607,9.307365417480469,3027.601113890544,0,0.0,,[],success,0.0,0,0,False,False,741.0,161,2.6821899999999985,161,0.9592230916023254,0.5015313029289246,0.0,signed uncalibrated decision_function; positive=Incorrect,False,Not established: no validated biomechanical quality cutoffs for these world-coordinate features,,high_mean_angular_speed;high_torso_view_proxy,high_mean_angular_speed,active_mean_abs_velocity=96.1546 high relative to training Correct reference=86.4921; descriptive only | mean_torso_lean=21.2629 high relative to training Correct reference=18.7901; descriptive only,False,Not established; see source profiles and recording thumbnails
rep_496c495105f1f840b1,1334a563691c21703bad8f2fc71670dcb1bbeea7f93665d5d873d7dbb80349d1,vid_1334a563691c2170,C:\Users\DEVESH SHUKLA\Downloads\hemo\Assisted elbow flexion\Both hand assisted correct\20260825_135545.mp4,Both hand assisted correct,10,1508,1650,1648,1790,zero_based_inclusive,25.122622,27.504934000000002,2.3823120000000024,143,person2,inherited_not_independently_verified,Right,Correct,label,human_verified,human_verified,authoritative_user_confirmed,True,False,,1334a563691c21703bad8f2fc71670dcb1bbeea7f93665d5d873d7dbb80349d1,person2,unassigned,,2026-10-04T11:13:58.730Z,44b233be34340ff48f45013f0d75c6d0d90eb8ac731b678f4794f1529c2b1e11,/decisions/35,evidence/aef_v2_review_2026-10-04T14-18-12-118Z.json,False,False,False,does_not_override_authoritative_hand_and_label,human_review_export_revision,valid_source_range_inclusive_endpoint_allowed,,../../manifest.csv,C:\dev\Haemophilia\processed_data\assisted_elbow_flexion\manual_annotation_audit.csv,25,41347c1ad9bf08b0c65ca613e97e467014bfe3c0dad39cafedfaf9e955ee93c2,C:\dev\Haemophilia\processed_data\assisted_elbow_flexion\sequences\20260825_135545_rep_10_correct_person2.npy,provenance_only_not_canonical_model_input,STALE_range_revised,2615d21f2ced80612956466123f844f06c115031d8ccc569ece0e4ee462e051f,1,Incorrect,0.0877617274010377,False,71.61881256103516,159.53768920898438,87.91887664794922,83.90909576416016,160.38873291015625,76.4796371459961,2.3823120000000024,411.2517395019531,84.00954483173464,306.9159851074219,75.46447615868757,0.08787149414756473,0.1661985218524933,0.07564394689737582,0.19207197427749634,8.867812524934514,25.442726135253906,0.04950420637397963,0.13391800224781036,28.022590860225527,46.423099517822266,33.914581298828125,0.09457944608438484,0.1941111534833908,0.19220273732207716,0.8163219999999995,1.5493340000000018,0.3450721491205818,157.2611541748047,158.4842071533203,85.64234161376953,86.86539459228516,104.91245074096935,56.066280474245744,298.47783203125005,206.0444122314454,1.3778300944604016,8.668601989746094,2703.04849007775,24,0.0333220000000018,active_angle;active_flare;opposing_angle;opposing_flare;shoulder_depth_ratio;torso_lean,"[{""repetition_id"":""rep_496c495105f1f840b1"",""channel"":""active_angle"",""start_frame"":1512,""end_frame"":1512,""start_index"":4,""end_index"":4,""frames"":1,""support_gap_seconds"":0.033322,""operation"":""linear_internal""},{""repetition_id"":""rep_496c495105f1f840b1"",""channel"":""active_angle"",""start_frame"":1514,""end_frame"":1514,""start_index"":6,""end_index"":6,""frames"":1,""support_gap_seconds"":0.033311,""operation"":""linear_internal""},{""repetition_id"":""rep_496c495105f1f840b1"",""channel"":""active_angle"",""start_frame"":1518,""end_frame"":1518,""start_index"":10,""end_index"":10,""frames"":1,""support_gap_seconds"":0.033322,""operation"":""linear_internal""},{""repetition_id"":""rep_496c495105f1f840b1"",""channel"":""active_angle"",""start_frame"":1522,""end_frame"":1522,""start_index"":14,""end_index"":14,""frames"":1,""support_gap_seconds"":0.033311,""operation"":""linear_internal""},{""repetition_id"":""rep_496c495105f1f840b1"",""channel"":""opposing_angle"",""start_frame"":1512,""end_frame"":1512,""start_index"":4,""end_index"":4,""frames"":1,""support_gap_seconds"":0.033322,""operation"":""linear_internal""},{""repetition_id"":""rep_496c495105f1f840b1"",""channel"":""opposing_angle"",""start_frame"":1514,""end_frame"":1514,""start_index"":6,""end_index"":6,""frames"":1,""support_gap_seconds"":0.033311,""operation"":""linear_internal""},{""repetition_id"":""rep_496c495105f1f840b1"",""channel"":""opposing_angle"",""start_frame"":1518,""end_frame"":1518,""start_index"":10,""end_index"":10,""frames"":1,""support_gap_seconds"":0.033322,""operation"":""linear_internal""},{""repetition_id"":""rep_496c495105f1f840b1"",""channel"":""opposing_angle"",""start_frame"":1522,""end_frame"":1522,""start_index"":14,""end_index"":14,""frames"":1,""support_gap_seconds"":0.033311,""operation"":""linear_internal""},{""repetition_id"":""rep_496c495105f1f840b1"",""channel"":""active_flare"",""start_frame"":1512,""end_frame"":1512,""start_index"":4,""end_index"":4,""frames"":1,""support_gap_seconds"":0.033322,""operation"":""linear_internal""},{""repetition_id"":""rep_496c495105f1f840b1"",""channel"":""active_flare"",""start_frame"":1514,""end_frame"":1514,""start_index"":6,""end_index"":6,""frames"":1,""support_gap_seconds"":0.033311,""operation"":""linear_internal""},{""repetition_id"":""rep_496c495105f1f840b1"",""channel"":""active_flare"",""start_frame"":1518,""end_frame"":1518,""start_index"":10,""end_index"":10,""frames"":1,""support_gap_seconds"":0.033322,""operation"":""linear_internal""},{""repetition_id"":""rep_496c495105f1f840b1"",""channel"":""active_flare"",""start_frame"":1522,""end_frame"":1522,""start_index"":14,""end_index"":14,""frames"":1,""support_gap_seconds"":0.033311,""operation"":""linear_internal""},{""repetition_id"":""rep_496c495105f1f840b1"",""channel"":""opposing_flare"",""start_frame"":1512,""end_frame"":1512,""start_index"":4,""end_index"":4,""frames"":1,""support_gap_seconds"":0.033322,""operation"":""linear_internal""},{""repetition_id"":""rep_496c495105f1f840b1"",""channel"":""opposing_flare"",""start_frame"":1514,""end_frame"":1514,""start_index"":6,""end_index"":6,""frames"":1,""support_gap_seconds"":0.033311,""operation"":""linear_internal""},{""repetition_id"":""rep_496c495105f1f840b1"",""channel"":""opposing_flare"",""start_frame"":1518,""end_frame"":1518,""start_index"":10,""end_index"":10,""frames"":1,""support_gap_seconds"":0.033322,""operation"":""linear_internal""},{""repetition_id"":""rep_496c495105f1f840b1"",""channel"":""opposing_flare"",""start_frame"":1522,""end_frame"":1522,""start_index"":14,""end_index"":14,""frames"":1,""support_gap_seconds"":0.033311,""operation"":""linear_internal""},{""repetition_id"":""rep_496c495105f1f840b1"",""channel"":""torso_lean"",""start_frame"":1512,""end_frame"":1512,""start_index"":4,""end_index"":4,""frames"":1,""support_gap_seconds"":0.033322,""operation"":""linear_internal""},{""repetition_id"":""rep_496c495105f1f840b1"",""channel"":""torso_lean"",""start_frame"":1514,""end_frame"":1514,""start_index"":6,""end_index"":6,""frames"":1,""support_gap_seconds"":0.033311,""operation"":""linear_internal""},{""repetition_id"":""rep_496c495105f1f840b1"",""channel"":""torso_lean"",""start_frame"":1518,""end_frame"":1518,""start_index"":10,""end_index"":10,""frames"":1,""support_gap_seconds"":0.033322,""operation"":""linear_internal""},{""repetition_id"":""rep_496c495105f1f840b1"",""channel"":""torso_lean"",""start_frame"":1522,""end_frame"":1522,""start_index"":14,""end_index"":14,""frames"":1,""support_gap_seconds"":0.033311,""operation"":""linear_internal""},{""repetition_id"":""rep_496c495105f1f840b1"",""channel"":""shoulder_depth_ratio"",""start_frame"":1512,""end_frame"":1512,""start_index"":4,""end_index"":4,""frames"":1,""support_gap_seconds"":0.033322,""operation"":""linear_internal""},{""repetition_id"":""rep_496c495105f1f840b1"",""channel"":""shoulder_depth_ratio"",""start_frame"":1514,""end_frame"":1514,""start_index"":6,""end_index"":6,""frames"":1,""support_gap_seconds"":0.033311,""operation"":""linear_internal""},{""repetition_id"":""rep_496c495105f1f840b1"",""channel"":""shoulder_depth_ratio"",""start_frame"":1518,""end_frame"":1518,""start_index"":10,""end_index"":10,""frames"":1,""support_gap_seconds"":0.033322,""operation"":""linear_internal""},{""repetition_id"":""rep_496c495105f1f840b1"",""channel"":""shoulder_depth_ratio"",""start_frame"":1522,""end_frame"":1522,""start_index"":14,""end_index"":14,""frames"":1,""support_gap_seconds"":0.033311,""operation"":""linear_internal""}]",success,0.0279720279720279,24,0,False,False,1557.0,143,2.3823120000000024,139,0.9713090658187866,0.5513991713523865,0.0279720279720279,signed uncalibrated decision_function; positive=Incorrect,True,Not established: no validated biomechanical quality cutoffs for these world-coordinate features,active_mean_flare,visibility_or_repair;high_torso_view_proxy;overlapping_biomechanical_signal,visibility_or_repair,raw missing fraction=0.0280; repaired values=24; remaining=0 | mean_torso_lean=28.0226 high relative to training Correct reference=18.7901; descriptive only | inside training class-IQR intersection: active_mean_flare,False,Not established; see source profiles and recording thumbnails
rep_27f29611af9d868d70,1334a563691c21703bad8f2fc71670dcb1bbeea7f93665d5d873d7dbb80349d1,vid_1334a563691c2170,C:\Users\DEVESH SHUKLA\Downloads\hemo\Assisted elbow flexion\Both hand assisted correct\20260825_135545.mp4,Both hand assisted correct,12,1800,1964,1964,2090,zero_based_inclusive,29.987211,32.736045,2.7488339999999987,165,person2,inherited_not_independently_verified,Right,Correct,label,human_verified,human_verified,authoritative_user_confirmed,True,False,,1334a563691c21703bad8f2fc71670dcb1bbeea7f93665d5d873d7dbb80349d1,person2,unassigned,,2026-10-04T11:15:24.422Z,44b233be34340ff48f45013f0d75c6d0d90eb8ac731b678f4794f1529c2b1e11,/decisions/37,evidence/aef_v2_review_2026-10-04T14-18-12-118Z.json,False,False,False,does_not_override_authoritative_hand_and_label,human_review_export_revision,valid_source_range_inclusive_endpoint_allowed,,../../manifest.csv,C:\dev\Haemophilia\processed_data\assisted_elbow_flexion\manual_annotation_audit.csv,27,41347c1ad9bf08b0c65ca613e97e467014bfe3c0dad39cafedfaf9e955ee93c2,C:\dev\Haemophilia\processed_data\assisted_elbow_flexion\sequences\20260825_135545_rep_12_correct_person2.npy,provenance_only_not_canonical_model_input,STALE_range_revised,8e413b116c8430b282cbaaef4984c989d9fcdd2744ba97e6c25654b18cfc857b,1,Incorrect,0.0871918808554452,False,71.29850006103516,172.07748413085938,100.77898406982422,84.28731536865234,178.089599609375,93.80228424072266,2.7488339999999987,375.00921630859375,85.19899144940378,454.7335205078125,79.45168874800258,0.09678722574177734,1.4936003684997559,0.0700833489507022,2.3508832454681396,8.69098279519883,20.644546508789062,0.06432500115909734,0.8572828769683838,24.48101900020167,36.39373779296875,20.83773899078369,0.08558759422702977,0.9006822109222412,0.8997522466816008,1.1661670000000015,1.5660109999999996,0.42682687584776724,159.07920837402344,170.98085021972656,87.78070831298828,99.6823501586914,75.27284540978107,63.6536717549822,252.4360687255858,237.91714477539048,1.4855611490141403,8.293197631835938,2472.918214098958,1,0.0333219999999983,active_angle,"[{""repetition_id"":""rep_27f29611af9d868d70"",""channel"":""active_angle"",""start_frame"":1935,""end_frame"":1935,""start_index"":135,""end_index"":135,""frames"":1,""support_gap_seconds"":0.033322,""operation"":""linear_internal""}]",success,0.001010101010101,1,0,False,False,1870.0,165,2.7488339999999987,165,0.970532238483429,0.4744680225849151,0.0007575757575757,signed uncalibrated decision_function; positive=Incorrect,True,Not established: no validated biomechanical quality cutoffs for these world-coordinate features,active_mean_flare,visibility_or_repair;high_torso_view_proxy;overlapping_biomechanical_signal,visibility_or_repair,raw missing fraction=0.0010; repaired values=1; remaining=0 | mean_torso_lean=24.4810 high relative to training Correct reference=18.7901; descriptive only | inside training class-IQR intersection: active_mean_flare,False,Not established; see source profiles and recording thumbnails
rep_c4774628dd2fa04641,769bc27d1c4abfab17064a24193171b531343a6f96e448af24ab306e6eaa56bd,vid_769bc27d1c4abfab,C:\Users\DEVESH SHUKLA\Downloads\hemo\Assisted elbow flexion\Both hand assisted mix\20260825_135917.mp4,Both hand assisted mix,4,562,754,562,754,zero_based_inclusive,9.362678,12.577978,3.215299999999999,193,person2,inherited_not_independently_verified,Right,Correct,label,human_verified,human_verified,authoritative_user_confirmed,True,False,,769bc27d1c4abfab17064a24193171b531343a6f96e448af24ab306e6eaa56bd,person2,unassigned,,2026-10-04T11:31:13.541Z,44b233be34340ff48f45013f0d75c6d0d90eb8ac731b678f4794f1529c2b1e11,/decisions/41,evidence/aef_v2_review_2026-10-04T14-18-12-118Z.json,False,False,False,does_not_override_authoritative_hand_and_label,human_review_export_unchanged_candidate_range,valid_source_range_inclusive_endpoint_allowed,,../../manifest.csv,,,,C:\dev\Haemophilia\processed_data\assisted_elbow_flexion\sequences\20260825_135917_rep_04_mix_person2.npy,provenance_only_not_canonical_model_input,range_unchanged_hand_and_processing_semantics_not_validated_for_new_training,0ef6e3d7c155ec41871e7dd4d5bcf8f498600d0996dba2a268e54ceb696756a0,4,Incorrect,0.3746185046794218,False,79.88746643066406,175.02857971191406,95.14111328125,84.62805938720703,175.99404907226562,91.3659896850586,3.215299999999999,666.3113403320312,110.94595031791953,602.1641845703125,99.21829139469818,0.08905649418042864,0.46498891711235046,0.12016041372461986,1.0756075382232666,19.65754536585147,78.77975463867188,0.08546503754246344,0.9602048397064209,19.09735929085485,29.5772647857666,21.510229110717773,0.15115608603076697,0.9970195889472961,0.9958771986421198,1.2327999999999992,1.965833,0.38541464431836964,161.81951904296875,161.38426208496094,81.93205261230469,81.49679565429688,66.46013352717776,41.45662202959095,331.70173339843745,357.76014404296865,2.0087665310197926,13.836929321289062,3339.144434307116,5,0.0499779999999994,active_angle;active_flare;opposing_angle,"[{""repetition_id"":""rep_c4774628dd2fa04641"",""channel"":""active_angle"",""start_frame"":730,""end_frame"":730,""start_index"":168,""end_index"":168,""frames"":1,""support_gap_seconds"":0.033322,""operation"":""linear_internal""},{""repetition_id"":""rep_c4774628dd2fa04641"",""channel"":""active_angle"",""start_frame"":738,""end_frame"":739,""start_index"":176,""end_index"":177,""frames"":2,""support_gap_seconds"":0.049978,""operation"":""linear_internal""},{""repetition_id"":""rep_c4774628dd2fa04641"",""channel"":""opposing_angle"",""start_frame"":571,""end_frame"":572,""start_index"":9,""end_index"":10,""frames"":2,""support_gap_seconds"":0.049977,""operation"":""linear_internal""},{""repetition_id"":""rep_c4774628dd2fa04641"",""channel"":""active_flare"",""start_frame"":730,""end_frame"":730,""start_index"":168,""end_index"":168,""frames"":1,""support_gap_seconds"":0.033322,""operation"":""linear_internal""},{""repetition_id"":""rep_c4774628dd2fa04641"",""channel"":""active_flare"",""start_frame"":738,""end_frame"":739,""start_index"":176,""end_index"":177,""frames"":2,""support_gap_seconds"":0.049978,""operation"":""linear_internal""}]",success,0.006908462867012,8,0,False,False,636.0,193,3.215299999999999,193,0.960498571395874,0.3987852036952972,0.0045336787564766,signed uncalibrated decision_function; positive=Incorrect,False,Not established: no validated biomechanical quality cutoffs for these world-coordinate features,active_mean_flare,visibility_or_repair;high_mean_angular_speed;overlapping_biomechanical_signal,visibility_or_repair,raw missing fraction=0.0069; repaired values=8; remaining=0 | active_mean_abs_velocity=110.9460 high relative to training Correct reference=82.9784; descriptive only | inside training class-IQR intersection: active_mean_flare,False,Not established; see source profiles and recording thumbnails
rep_15de4676677de916d0,769bc27d1c4abfab17064a24193171b531343a6f96e448af24ab306e6eaa56bd,vid_769bc27d1c4abfab,C:\Users\DEVESH SHUKLA\Downloads\hemo\Assisted elbow flexion\Both hand assisted mix\20260825_135917.mp4,Both hand assisted mix,5,754,914,754,914,zero_based_inclusive,12.561311,15.2435,2.6821889999999993,161,person2,inherited_not_independently_verified,Right,Incorrect,label,human_verified,human_verified,authoritative_user_confirmed,True,False,,769bc27d1c4abfab17064a24193171b531343a6f96e448af24ab306e6eaa56bd,person2,unassigned,,2026-10-04T11:31:44.461Z,44b233be34340ff48f45013f0d75c6d0d90eb8ac731b678f4794f1529c2b1e11,/decisions/42,evidence/aef_v2_review_2026-10-04T14-18-12-118Z.json,False,False,False,does_not_override_authoritative_hand_and_label,human_review_export_unchanged_candidate_range,valid_source_range_inclusive_endpoint_allowed,,../../manifest.csv,,,,C:\dev\Haemophilia\processed_data\assisted_elbow_flexion\sequences\20260825_135917_rep_05_mix_person2.npy,provenance_only_not_canonical_model_input,range_unchanged_hand_and_processing_semantics_not_validated_for_new_training,b50bb21dd12199af35a65cc7892b551f1374ea8c3cf12a558891bee79c4d0f3c,4,Correct,-0.6670164066384509,False,81.53023529052734,161.38426208496094,79.8540267944336,91.4500503540039,173.7427520751953,82.2927017211914,2.6821889999999993,416.5964050292969,96.39562691551649,411.99920654296875,88.00075965931025,0.13932501850263648,0.4399617314338684,0.07655781211390185,0.6609140634536743,6.795704480659212,20.209945678710938,0.09365025380005469,0.2209523320198059,20.39947669501769,31.494522094726562,21.68431854248047,0.14090636179899813,0.9182656407356262,0.9153409712016582,1.0995220000000003,1.5660109999999996,0.41249611240978834,161.38426208496094,153.843994140625,79.8540267944336,72.31375885009766,72.62612916743237,46.177043999114744,257.5550537109375,269.4047546386719,1.617504292875793,8.846839904785156,3195.553302306963,0,0.0,,[],success,0.0,0,0,False,False,820.0,161,2.6821889999999997,161,0.9782517552375792,0.637060284614563,0.0,signed uncalibrated decision_function; positive=Incorrect,False,Not established: no validated biomechanical quality cutoffs for these world-coordinate features,,high_mean_angular_speed;high_torso_view_proxy,high_mean_angular_speed,active_mean_abs_velocity=96.3956 high relative to training Correct reference=82.9784; descriptive only | mean_torso_lean=20.3995 high relative to training Correct reference=19.6114; descriptive only,False,Not established; see source profiles and recording thumbnails
rep_50437be04b9a9a36ed,769bc27d1c4abfab17064a24193171b531343a6f96e448af24ab306e6eaa56bd,vid_769bc27d1c4abfab,C:\Users\DEVESH SHUKLA\Downloads\hemo\Assisted elbow flexion\Both hand assisted mix\20260825_135917.mp4,Both hand assisted mix,7,1104,1264,1104,1264,zero_based_inclusive,18.392156,21.074345,2.682189000000001,161,person2,inherited_not_independently_verified,Left,Incorrect,label,human_verified,human_verified,authoritative_user_confirmed,True,False,,769bc27d1c4abfab17064a24193171b531343a6f96e448af24ab306e6eaa56bd,person2,unassigned,,2026-10-04T11:32:14.379Z,44b233be34340ff48f45013f0d75c6d0d90eb8ac731b678f4794f1529c2b1e11,/decisions/44,evidence/aef_v2_review_2026-10-04T14-18-12-118Z.json,False,False,False,does_not_override_authoritative_hand_and_label,human_review_export_unchanged_candidate_range,valid_source_range_inclusive_endpoint_allowed,,../../manifest.csv,,,,C:\dev\Haemophilia\processed_data\assisted_elbow_flexion\sequences\20260825_135917_rep_07_mix_person2.npy,provenance_only_not_canonical_model_input,range_unchanged_hand_and_processing_semantics_not_validated_for_new_training,0ae91fc4fd9d30e13c99c8400456a10a69ff7a88e0a7303b23a1d2eaabfe1259,4,Correct,-0.2939595969992736,False,81.3453140258789,175.1175994873047,93.77228546142578,68.89141845703125,169.91893005371094,101.02751159667969,2.682189000000001,349.987060546875,76.21914819605084,336.7296447753906,84.01758003049692,0.09714447798237058,1.1529008150100708,0.21488484197662636,1.1266977787017822,9.195330331772313,19.559593200683594,0.14320447591857338,0.5067979693412781,18.787236237377115,34.203609466552734,31.068710327148438,0.15131801967788355,0.9819338917732239,0.9800276175374165,1.3327659999999995,1.3327670000000005,0.499999812420255,167.56129455566406,168.375732421875,86.21598052978516,87.0304183959961,64.68951078417756,65.30055020569692,201.8999786376953,219.44308471679688,1.7334675461997864,11.2005615234375,2072.976599738049,0,0.0,,[],success,0.0,0,0,False,False,1184.0,161,2.682189000000001,161,0.9711804389953612,0.5460032224655151,0.0,signed uncalibrated decision_function; positive=Incorrect,False,Not established: no validated biomechanical quality cutoffs for these world-coordinate features,active_mean_flare,overlapping_biomechanical_signal,overlapping_biomechanical_signal,inside training class-IQR intersection: active_mean_flare,False,Not established; see source profiles and recording thumbnails
rep_2073ececf0915178cc,769bc27d1c4abfab17064a24193171b531343a6f96e448af24ab306e6eaa56bd,vid_769bc27d1c4abfab,C:\Users\DEVESH SHUKLA\Downloads\hemo\Assisted elbow flexion\Both hand assisted mix\20260825_135917.mp4,Both hand assisted mix,13,2072,2250,2226,2408,zero_based_inclusive,34.518622,37.500667,2.9820449999999994,179,person2,inherited_not_independently_verified,Left,Incorrect,label,human_verified,human_verified,authoritative_user_confirmed,True,False,,769bc27d1c4abfab17064a24193171b531343a6f96e448af24ab306e6eaa56bd,person2,unassigned,,2026-10-04T11:36:17.024Z,44b233be34340ff48f45013f0d75c6d0d90eb8ac731b678f4794f1529c2b1e11,/decisions/50,evidence/aef_v2_review_2026-10-04T14-18-12-118Z.json,False,False,False,does_not_override_authoritative_hand_and_label,human_review_export_revision,valid_source_range_inclusive_endpoint_allowed,,../../manifest.csv,,,,C:\dev\Haemophilia\processed_data\assisted_elbow_flexion\sequences\20260825_135917_rep_13_mix_person2.npy,provenance_only_not_canonical_model_input,STALE_range_revised,70d5f15cf16a116e39026d8390720dd2ef52d2e3eb4dded8fb7f394af8061887,4,Correct,-0.0448558724374289,False,92.2537841796875,155.98715209960938,63.733367919921875,83.42825317382812,150.7603302001953,67.33207702636719,2.9820449999999994,374.022216796875,63.33639282613143,337.4676208496094,62.96971835441266,0.049034489781667315,0.10548929125070572,0.11165890161859,0.17780525982379913,7.913608802660743,17.038734436035156,0.06574790292853955,0.14403973519802094,22.17070660557481,32.831321716308594,20.6297025680542,0.13656671834694384,0.41563525795936584,0.41451934387441725,1.6159669999999977,1.3494220000000041,0.5449426702533788,150.66455078125,136.3767852783203,58.4107666015625,44.12300109863281,36.14601449259953,32.697703978912955,183.05012359619138,157.90737152099607,2.0432775976812128,6.9073638916015625,2146.8410761067794,0,0.0,,[],success,0.0,0,0,False,False,2169.0,179,2.9820449999999994,179,0.983776867389679,0.8546203374862671,0.0,signed uncalibrated decision_function; positive=Incorrect,True,Not established: no validated biomechanical quality cutoffs for these world-coordinate features,active_rom;active_mean_abs_velocity,high_torso_view_proxy;overlapping_biomechanical_signal,high_torso_view_proxy,"mean_torso_lean=22.1707 high relative to training Correct reference=19.6114; descriptive only | inside training class-IQR intersection: active_rom,active_mean_abs_velocity",False,Not established; see source profiles and recording thumbnails
rep_4401202746b68b5331,e2fbdd20b335321fb0ad7d976851d8f2edd53434be2f118544c1084dce97e339,vid_e2fbdd20b335321f,C:\Users\DEVESH SHUKLA\Downloads\hemo\Assisted elbow flexion\Both hand assisted mix\VID20260825125816.mp4,Both hand assisted mix,5,382,468,382,468,zero_based_inclusive,12.730944,15.663634,2.932690000000001,87,person3,inherited_not_independently_verified,Right,Incorrect,label,human_verified,human_verified,authoritative_user_confirmed,True,False,,e2fbdd20b335321fb0ad7d976851d8f2edd53434be2f118544c1084dce97e339,person3,unassigned,,2026-10-04T11:44:34.694Z,44b233be34340ff48f45013f0d75c6d0d90eb8ac731b678f4794f1529c2b1e11,/decisions/68,evidence/aef_v2_review_2026-10-04T14-18-12-118Z.json,False,False,False,does_not_override_authoritative_hand_and_label,human_review_export_unchanged_candidate_range,valid_source_range_inclusive_endpoint_allowed,,../../manifest.csv,,,,C:\dev\Haemophilia\processed_data\assisted_elbow_flexion\sequences\VID20260825125816_rep_05_mix_person3.npy,provenance_only_not_canonical_model_input,range_unchanged_hand_and_processing_semantics_not_validated_for_new_training,6a467a17018b6152689eb33292501d923c3c56f12ae453c86cae7f3577a81679,0,Correct,-0.6049626954121573,False,80.6769027709961,151.78872680664062,71.11182403564453,87.4903335571289,152.6977081298828,65.2073745727539,2.932690000000001,310.0678405761719,50.621300139730224,176.52496337890625,53.468736969762965,0.19059357890709183,0.3016999065876007,0.054716549238971846,0.1591367870569229,7.8517440581130105,21.985397338867188,0.13587702962136863,0.2825321853160858,15.85433599364447,31.875179290771484,29.58816647529602,0.10136546924674379,0.17856214940547943,0.17761199979577214,1.2664340000000003,1.5997000000000003,0.44186140634038745,151.78872680664062,147.9678192138672,71.11182403564453,67.2909164428711,56.15122780630062,42.06470990990253,138.04427337646487,114.83857803344728,2.2461477973126502,11.458633422851562,657.8763613886254,0,0.0,,[],success,0.0,0,0,False,False,420.0,87,2.932690000000001,87,0.98553729057312,0.7324850559234619,0.0,signed uncalibrated decision_function; positive=Incorrect,False,Not established: no validated biomechanical quality cutoffs for these world-coordinate features,active_rom,high_flare_proxy;overlapping_biomechanical_signal,high_flare_proxy,active_mean_flare=0.1906 high relative to training Correct reference=0.1466; descriptive only | inside training class-IQR intersection: active_rom,False,Not established; see source profiles and recording thumbnails
rep_52ea159192f8fc5a18,6dbe8779159bce47abbba2f683d04520514a6f18d7ce789ee88a57ab64cc4b5b,vid_6dbe8779159bce47,C:\Users\DEVESH SHUKLA\Downloads\hemo\Assisted elbow flexion\Incorrect\20260910_144115.mp4,Incorrect,6,1632,1796,1632,1796,zero_based_inclusive,27.221733,29.970567000000003,2.748834000000002,165,person4,inherited_not_independently_verified,Left,Incorrect,label,human_verified,human_verified,authoritative_user_confirmed,True,False,,6dbe8779159bce47abbba2f683d04520514a6f18d7ce789ee88a57ab64cc4b5b,person4,unassigned,,2026-10-04T11:50:22.257Z,44b233be34340ff48f45013f0d75c6d0d90eb8ac731b678f4794f1529c2b1e11,/decisions/77,evidence/aef_v2_review_2026-10-04T14-18-12-118Z.json,False,False,False,does_not_override_authoritative_hand_and_label,human_review_export_unchanged_candidate_range,valid_source_range_inclusive_endpoint_allowed,,../../manifest.csv,,,,C:\dev\Haemophilia\processed_data\assisted_elbow_flexion\sequences\20260910_144115_rep_06_incorrect_person4.npy,provenance_only_not_canonical_model_input,range_unchanged_hand_and_processing_semantics_not_validated_for_new_training,ea476f9a57d7d9bbe2b138bcf8a45c75baa956939a09a43ee8411a0e224d0a29,2,Correct,-0.0559866129250883,False,94.20126342773438,151.14010620117188,56.9388427734375,85.70159149169922,142.7577362060547,57.05614471435547,2.748834000000002,399.7079162597656,56.69713146156314,585.7708740234375,61.15685272063572,0.0322362050178818,0.1335746794939041,0.18853659896199423,0.299704372882843,12.701526724653913,30.829978942871094,0.15630039393328904,0.27442821860313416,5.866110899162114,24.2166748046875,22.997398376464844,0.1775517627301266,0.2821345627307892,0.24360883235931396,1.216145000000001,1.5160219999999995,0.4451210339631511,144.06674194335938,150.41610717773438,49.865478515625,56.21484375,41.00290550520288,37.08049338993762,172.38827514648435,157.20881042480462,2.3186490839943716,6.6933135986328125,2244.327100939215,0,0.0,,[],success,0.0,0,0,False,False,1705.0,165,2.748834000000002,165,0.975820541381836,0.6959229707717896,0.0,signed uncalibrated decision_function; positive=Incorrect,True,Not established: no validated biomechanical quality cutoffs for these world-coordinate features,mean_torso_lean,shallow_measured_flexion;overlapping_biomechanical_signal,shallow_measured_flexion,active_min_angle=94.2013 high relative to training Correct reference=93.0553; descriptive only | inside training class-IQR intersection: mean_torso_lean,False,Not established; see source profiles and recording thumbnails
rep_1f4a610c3defe53722,03222b4845d8ef2c3f4e08e3875534163998d9d4d2f61daa16335188ceda6f89,vid_03222b4845d8ef2c,C:\Users\DEVESH SHUKLA\Downloads\hemo\Assisted elbow flexion\Incorrect\20260910_144154.mp4,Incorrect,2,600,762,600,762,zero_based_inclusive,9.995733,12.711256,2.715523000000001,163,person4,inherited_not_independently_verified,Left,Incorrect,label,human_verified,human_verified,authoritative_user_confirmed,True,False,,03222b4845d8ef2c3f4e08e3875534163998d9d4d2f61daa16335188ceda6f89,person4,unassigned,,2026-10-04T11:52:00.575Z,44b233be34340ff48f45013f0d75c6d0d90eb8ac731b678f4794f1529c2b1e11,/decisions/80,evidence/aef_v2_review_2026-10-04T14-18-12-118Z.json,False,False,False,does_not_override_authoritative_hand_and_label,human_review_export_unchanged_candidate_range,valid_source_range_inclusive_endpoint_allowed,,../../manifest.csv,,,,C:\dev\Haemophilia\processed_data\assisted_elbow_flexion\sequences\20260910_144154_rep_02_incorrect_person4.npy,provenance_only_not_canonical_model_input,range_unchanged_hand_and_processing_semantics_not_validated_for_new_training,36d6bc965bf05919b8a3ece334a0016faee36c54257270a552719c7392c1fff4,3,Correct,-0.3567060111284786,False,93.85224151611328,159.0404815673828,65.18824005126953,79.86492919921875,155.2877655029297,75.42283630371094,2.715523000000001,337.6561584472656,66.20322056869556,295.1893005371094,63.07123331924843,0.04652805359110307,0.1432899385690689,0.14114793794362876,0.27546608448028564,12.803660459504327,29.113792419433594,0.11905521155141469,0.25613856315612793,5.499786718467804,27.86286735534668,26.9142404794693,0.30873902104693807,0.6309126615524292,0.5910125970840454,0.8829670000000007,1.8158890000000003,0.32716343517401464,158.26072692871094,148.84786987304688,64.40848541259766,54.995628356933594,72.9455182499432,30.285787488626003,203.86601867675785,177.9501739501954,1.6562650344520649,6.7539520263671875,2301.1434360739513,0,0.0,,[],success,0.0,0,0,False,False,653.0,163,2.715523000000001,163,0.983634889125824,0.8279786705970764,0.0,signed uncalibrated decision_function; positive=Incorrect,False,Not established: no validated biomechanical quality cutoffs for these world-coordinate features,active_rom;active_mean_abs_velocity;mean_torso_lean,shallow_measured_flexion;overlapping_biomechanical_signal,shallow_measured_flexion,"active_min_angle=93.8522 high relative to training Correct reference=93.6574; descriptive only | inside training class-IQR intersection: active_rom,active_mean_abs_velocity,mean_torso_lean",False,Not established; see source profiles and recording thumbnails
rep_52a2c5c414944694f1,03222b4845d8ef2c3f4e08e3875534163998d9d4d2f61daa16335188ceda6f89,vid_03222b4845d8ef2c,C:\Users\DEVESH SHUKLA\Downloads\hemo\Assisted elbow flexion\Incorrect\20260910_144154.mp4,Incorrect,4,912,1056,912,1056,zero_based_inclusive,15.193522,17.609156000000002,2.4156340000000025,145,person4,inherited_not_independently_verified,Left,Incorrect,label,human_verified,human_verified,authoritative_user_confirmed,True,False,,03222b4845d8ef2c3f4e08e3875534163998d9d4d2f61daa16335188ceda6f89,person4,unassigned,,2026-10-04T11:53:01.911Z,44b233be34340ff48f45013f0d75c6d0d90eb8ac731b678f4794f1529c2b1e11,/decisions/82,evidence/aef_v2_review_2026-10-04T14-18-12-118Z.json,False,False,False,does_not_override_authoritative_hand_and_label,human_review_export_unchanged_candidate_range,valid_source_range_inclusive_endpoint_allowed,,../../manifest.csv,,,,C:\dev\Haemophilia\processed_data\assisted_elbow_flexion\sequences\20260910_144154_rep_04_incorrect_person4.npy,provenance_only_not_canonical_model_input,range_unchanged_hand_and_processing_semantics_not_validated_for_new_training,e8b538b23a88710f13be91f0cc2f9b558bc77a06ce7cb05009b367821f84c236,3,Correct,-0.2321394004118226,False,66.00143432617188,146.6797637939453,80.67832946777344,71.93086242675781,130.6611785888672,58.730316162109375,2.4156340000000025,418.05828857421875,117.9932851117627,308.34869384765625,77.74467790301398,0.05650710919665808,0.18633396923542023,0.21044974049270931,0.3424110412597656,15.272939094871997,31.689987182617188,0.17153713827339603,0.2997840642929077,4.126614143569612,14.132394790649414,13.640751451253891,0.4491654521134876,0.7741387486457825,0.6593413576483727,1.2827889999999993,1.116189000000002,0.5347231195950937,138.87380981445312,145.79283142089844,72.87237548828125,79.79139709472656,56.80776455697803,71.4855612219135,345.97524414062474,182.54466552734368,1.208347405354515,9.916961669921875,4530.712734512085,0,0.0,,[],success,0.0,0,0,False,False,989.0,145,2.4156340000000025,145,0.9794666171073914,0.7661594152450562,0.0,signed uncalibrated decision_function; positive=Incorrect,True,Not established: no validated biomechanical quality cutoffs for these world-coordinate features,,high_mean_angular_speed,high_mean_angular_speed,active_mean_abs_velocity=117.9933 high relative to training Correct reference=80.9637; descriptive only,False,Not established; see source profiles and recording thumbnails
rep_ac1e97d62d5c2b56a0,03222b4845d8ef2c3f4e08e3875534163998d9d4d2f61daa16335188ceda6f89,vid_03222b4845d8ef2c,C:\Users\DEVESH SHUKLA\Downloads\hemo\Assisted elbow flexion\Incorrect\20260910_144154.mp4,Incorrect,6,1206,1354,1206,1354,zero_based_inclusive,20.091444,22.573711000000003,2.4822670000000038,149,person4,inherited_not_independently_verified,Left,Incorrect,label,human_verified,human_verified,authoritative_user_confirmed,True,False,,03222b4845d8ef2c3f4e08e3875534163998d9d4d2f61daa16335188ceda6f89,person4,unassigned,,2026-10-04T11:54:06.667Z,44b233be34340ff48f45013f0d75c6d0d90eb8ac731b678f4794f1529c2b1e11,/decisions/84,evidence/aef_v2_review_2026-10-04T14-18-12-118Z.json,False,False,False,does_not_override_authoritative_hand_and_label,human_review_export_unchanged_candidate_range,valid_source_range_inclusive_endpoint_allowed,,../../manifest.csv,,,,C:\dev\Haemophilia\processed_data\assisted_elbow_flexion\sequences\20260910_144154_rep_06_incorrect_person4.npy,provenance_only_not_canonical_model_input,range_unchanged_hand_and_processing_semantics_not_validated_for_new_training,c81b093b44c1cfac2331663f8bea1f5de1b2adb465df5e65b130f4160a8d8ed7,3,Correct,-0.2658228861883686,False,82.97102355957031,149.57615661621094,66.60513305664062,67.46766662597656,133.66781616210938,66.20014953613281,2.4822670000000038,334.01617431640625,88.5232175258776,358.2485656738281,65.29826920455699,0.049650520759663246,0.10919062793254852,0.2028992802812459,0.36629000306129456,15.057877811376795,31.016029357910156,0.1671651892619368,0.32831501960754395,4.368111595392888,10.558154106140137,10.376409634947777,0.35421292126646514,0.6081016659736633,0.5973304221406579,1.4660340000000005,0.9995660000000015,0.5945952303698894,137.72499084472656,129.8662109375,54.75396728515625,46.89518737792969,37.348361146573836,46.915548726076736,273.2673156738281,179.98460083007808,1.2223056148986657,9.212409973144531,2451.6701042675845,0,0.0,,[],success,0.0,0,0,False,False,1294.0,149,2.482267000000004,149,0.9853044748306274,0.8706953525543213,0.0,signed uncalibrated decision_function; positive=Incorrect,False,Not established: no validated biomechanical quality cutoffs for these world-coordinate features,active_rom,high_mean_angular_speed;overlapping_biomechanical_signal,high_mean_angular_speed,active_mean_abs_velocity=88.5232 high relative to training Correct reference=80.9637; descriptive only | inside training class-IQR intersection: active_rom,False,Not established; see source profiles and recording thumbnails
rep_29323d0780eb56b21d,03222b4845d8ef2c3f4e08e3875534163998d9d4d2f61daa16335188ceda6f89,vid_03222b4845d8ef2c,C:\Users\DEVESH SHUKLA\Downloads\hemo\Assisted elbow flexion\Incorrect\20260910_144154.mp4,Incorrect,7,1354,1492,1354,1492,zero_based_inclusive,22.557044,24.872723,2.3156789999999994,139,person4,inherited_not_independently_verified,Right,Incorrect,label,human_verified,human_verified,authoritative_user_confirmed,True,False,,03222b4845d8ef2c3f4e08e3875534163998d9d4d2f61daa16335188ceda6f89,person4,unassigned,,2026-10-04T11:54:31.668Z,44b233be34340ff48f45013f0d75c6d0d90eb8ac731b678f4794f1529c2b1e11,/decisions/85,evidence/aef_v2_review_2026-10-04T14-18-12-118Z.json,False,False,False,does_not_override_authoritative_hand_and_label,human_review_export_unchanged_candidate_range,valid_source_range_inclusive_endpoint_allowed,,../../manifest.csv,,,,C:\dev\Haemophilia\processed_data\assisted_elbow_flexion\sequences\20260910_144154_rep_07_incorrect_person4.npy,provenance_only_not_canonical_model_input,range_unchanged_hand_and_processing_semantics_not_validated_for_new_training,d2bf29a618d3dc30b9caad0f3a32acce3197400547e673d064df29daef392023,3,Correct,-0.2824015711789589,False,96.62918090820312,134.14141845703125,37.512237548828125,89.67259216308594,145.70152282714844,56.0289306640625,2.3156789999999994,268.40087890625,64.56300511307175,288.5196228027344,64.25778884676733,0.11414844256227896,0.2749733626842499,0.042969916376250125,0.12482131272554398,10.364838121345562,23.0592041015625,0.07750761122045033,0.244095116853714,4.8008838045801285,9.046494483947754,7.853308439254761,0.1678017491995257,0.2763214409351349,0.27189616672694683,0.649722999999998,1.6493000000000002,0.28260830796386055,125.76246643066406,126.5361328125,29.133285522460938,29.906951904296875,44.839547811084145,18.133118234582472,178.17385559082024,207.40574493408204,1.5063987812142197,6.946571350097656,2424.724767429151,0,0.0,,[],success,0.0,0,0,False,False,1393.0,139,2.315679,139,0.9863397479057312,0.8037582635879517,0.0,signed uncalibrated decision_function; positive=Incorrect,False,Not established: no validated biomechanical quality cutoffs for these world-coordinate features,active_mean_flare;active_mean_abs_velocity,shallow_measured_flexion;small_measured_excursion;overlapping_biomechanical_signal,shallow_measured_flexion,"active_min_angle=96.6292 high relative to training Correct reference=93.6574; descriptive only | active_rom=37.5122 low relative to training Correct reference=50.8038; descriptive only | inside training class-IQR intersection: active_mean_flare,active_mean_abs_velocity",False,Not established; see source profiles and recording thumbnails
rep_59893c3e996fee9c34,03222b4845d8ef2c3f4e08e3875534163998d9d4d2f61daa16335188ceda6f89,vid_03222b4845d8ef2c,C:\Users\DEVESH SHUKLA\Downloads\hemo\Assisted elbow flexion\Incorrect\20260910_144154.mp4,Incorrect,8,1492,1600,1492,1766,zero_based_inclusive,24.856067,26.671967000000002,1.8159000000000027,109,person4,inherited_not_independently_verified,Left,Incorrect,label,human_verified,human_verified,authoritative_user_confirmed,True,False,,03222b4845d8ef2c3f4e08e3875534163998d9d4d2f61daa16335188ceda6f89,person4,unassigned,,2026-10-04T11:55:27.115Z,44b233be34340ff48f45013f0d75c6d0d90eb8ac731b678f4794f1529c2b1e11,/decisions/86,evidence/aef_v2_review_2026-10-04T14-18-12-118Z.json,False,False,False,does_not_override_authoritative_hand_and_label,human_review_export_revision,valid_source_range_inclusive_endpoint_allowed,,../../manifest.csv,,,,C:\dev\Haemophilia\processed_data\assisted_elbow_flexion\sequences\20260910_144154_rep_08_incorrect_person4.npy,provenance_only_not_canonical_model_input,STALE_range_revised,ca28d8ac7f8410d27f87b3b2adc009cac7539b383385cf2acfdc7eb704a9324f,3,Correct,-0.1319655033038944,False,80.7088851928711,140.6370849609375,59.928199768066406,74.2181396484375,126.5361328125,52.3179931640625,1.8159000000000027,356.7516174316406,91.56643455035086,205.93545532226562,69.71911370294706,0.04395705653846609,0.10345536470413208,0.15834129864460889,0.29333487153053284,9.737985180223024,23.469642639160156,0.11477557383976565,0.23498386144638062,2.8774208767122977,5.327627182006836,5.043034106492996,0.43479522376287455,0.6538875699043274,0.5463796705007553,1.3660889999999988,0.4331440000000022,0.7592618632495057,140.6370849609375,133.99237060546875,59.928199768066406,53.283485412597656,43.8684447119232,123.0156377846568,236.55725402832024,156.51111450195305,1.5080984047478456,6.426239013671875,4093.036711560083,0,0.0,,[],success,0.0,0,0,False,False,1574.0,109,1.8159000000000027,109,0.98297917842865,0.8077847361564636,0.0,signed uncalibrated decision_function; positive=Incorrect,True,Not established: no validated biomechanical quality cutoffs for these world-coordinate features,,high_mean_angular_speed,high_mean_angular_speed,active_mean_abs_velocity=91.5664 high relative to training Correct reference=80.9637; descriptive only,False,Not established; see source profiles and recording thumbnails
rep_2b168be9071d57530d,03222b4845d8ef2c3f4e08e3875534163998d9d4d2f61daa16335188ceda6f89,vid_03222b4845d8ef2c,C:\Users\DEVESH SHUKLA\Downloads\hemo\Assisted elbow flexion\Incorrect\20260910_144154.mp4,Incorrect,9,1766,1900,1766,2050,zero_based_inclusive,29.420789,31.669823,2.2490340000000018,135,person4,inherited_not_independently_verified,Left,Incorrect,label,human_verified,human_verified,authoritative_user_confirmed,True,False,,03222b4845d8ef2c3f4e08e3875534163998d9d4d2f61daa16335188ceda6f89,person4,unassigned,,2026-10-04T11:55:56.184Z,44b233be34340ff48f45013f0d75c6d0d90eb8ac731b678f4794f1529c2b1e11,/decisions/87,evidence/aef_v2_review_2026-10-04T14-18-12-118Z.json,False,False,False,does_not_override_authoritative_hand_and_label,human_review_export_revision,valid_source_range_no_overlap,,../../manifest.csv,,,,C:\dev\Haemophilia\processed_data\assisted_elbow_flexion\sequences\20260910_144154_rep_09_incorrect_person4.npy,provenance_only_not_canonical_model_input,STALE_range_revised,41ee4e7ff97e5ef749f53949cdd4e7eb6a10e39a741d5ce6e0cfd399c7aa67b1,3,Correct,-0.6725517822670362,False,79.84783935546875,149.8052978515625,69.95745849609375,71.81437683105469,130.77899169921875,58.96461486816406,2.2490340000000018,607.5945434570312,94.0751866603449,381.0399169921875,66.40741873970642,0.05376368629205295,0.12513451278209686,0.17214743902989738,0.36140117049217224,13.362180436455816,28.54559326171875,0.13852082076765676,0.30299389362335205,4.950483451191731,18.322593688964844,17.511116325855255,0.3693338149078841,0.653544545173645,0.5659828707575798,1.4827110000000019,0.7496669999999988,0.6641845601416971,149.8052978515625,148.02798461914062,69.95745849609375,68.18014526367188,47.182126858230404,90.94724092653404,264.56151733398434,177.2250335693359,2.2966096867746626,14.659759521484375,3338.589333892218,0,0.0,,[],success,0.0,0,0,False,False,1855.0,135,2.2490340000000018,135,0.9896070957183838,0.9144790768623352,0.0,signed uncalibrated decision_function; positive=Incorrect,False,Not established: no validated biomechanical quality cutoffs for these world-coordinate features,active_rom,high_mean_angular_speed;overlapping_biomechanical_signal,high_mean_angular_speed,active_mean_abs_velocity=94.0752 high relative to training Correct reference=80.9637; descriptive only | inside training class-IQR intersection: active_rom,False,Not established; see source profiles and recording thumbnails
rep_6ccabad19ce4f7ab3f,03222b4845d8ef2c3f4e08e3875534163998d9d4d2f61daa16335188ceda6f89,vid_03222b4845d8ef2c,C:\Users\DEVESH SHUKLA\Downloads\hemo\Assisted elbow flexion\Incorrect\20260910_144154.mp4,Incorrect,10,2050,2200,2050,2200,zero_based_inclusive,34.152111,36.667699999999996,2.5155889999999985,151,person4,inherited_not_independently_verified,Left,Incorrect,label,human_verified,human_verified,authoritative_user_confirmed,True,False,,03222b4845d8ef2c3f4e08e3875534163998d9d4d2f61daa16335188ceda6f89,person4,unassigned,,2026-10-04T11:56:11.154Z,44b233be34340ff48f45013f0d75c6d0d90eb8ac731b678f4794f1529c2b1e11,/decisions/88,evidence/aef_v2_review_2026-10-04T14-18-12-118Z.json,False,False,False,does_not_override_authoritative_hand_and_label,human_review_export_unchanged_candidate_range,valid_source_range_inclusive_endpoint_allowed,,../../manifest.csv,,,,C:\dev\Haemophilia\processed_data\assisted_elbow_flexion\sequences\20260910_144154_rep_10_incorrect_person4.npy,provenance_only_not_canonical_model_input,range_unchanged_hand_and_processing_semantics_not_validated_for_new_training,400ca1fea3eb9be51ad4fbce7840feeb746c38f43e4b52fa3ac6ca8cd0afa181,3,Correct,-0.2362364800516229,False,87.12907409667969,149.0364227294922,61.9073486328125,74.63976287841797,132.90269470214844,58.26293182373047,2.5155889999999985,296.2890625,67.91972306075411,587.5403442382812,60.233717438301056,0.033445362304687344,0.07799495756626129,0.21909936032304955,0.30224525928497314,12.584948708113604,29.359481811523438,0.1856539982176253,0.29196590185165405,4.170725575392168,15.601271629333496,15.448049321770668,0.2252281899320877,0.484113484621048,0.43526720628142357,0.8996110000000002,1.5993220000000008,0.3599980471665306,149.0364227294922,138.1331787109375,61.9073486328125,51.00410461425781,68.81568659433076,31.89107922873429,197.74703979492188,158.61702728271484,1.4983236300643155,6.625236511230469,2819.8781905289234,0,0.0,,[],success,0.0,0,0,False,False,2104.0,151,2.5155889999999985,151,0.9887272715568542,0.89485102891922,0.0,signed uncalibrated decision_function; positive=Incorrect,True,Not established: no validated biomechanical quality cutoffs for these world-coordinate features,active_min_angle;active_rom;active_mean_abs_velocity,overlapping_biomechanical_signal,overlapping_biomechanical_signal,"inside training class-IQR intersection: active_min_angle,active_rom,active_mean_abs_velocity",False,Not established; see source profiles and recording thumbnails
rep_82d242d849eeae0237,fd3e2ae78827f6293b40641acd30e299663ba0b53240de5b6740936f2861e952,vid_fd3e2ae78827f629,C:\Users\DEVESH SHUKLA\Downloads\hemo\Assisted elbow flexion\Correct\20260910_150539.mp4,Correct,2,240,350,240,484,zero_based_inclusive,3.998289,5.847511,1.8492219999999997,111,person5,inherited_not_independently_verified,Left,Correct,label,human_verified,human_verified,authoritative_user_confirmed,True,False,,fd3e2ae78827f6293b40641acd30e299663ba0b53240de5b6740936f2861e952,person5,unassigned,,2026-10-04T12:31:00.682Z,44b233be34340ff48f45013f0d75c6d0d90eb8ac731b678f4794f1529c2b1e11,/decisions/159,evidence/aef_v2_review_2026-10-04T14-18-12-118Z.json,False,False,False,does_not_override_authoritative_hand_and_label,human_review_export_revision,valid_source_range_no_overlap,,../../manifest.csv,,,,C:\dev\Haemophilia\processed_data\assisted_elbow_flexion\sequences\20260910_150539_rep_02_correct_person5.npy,provenance_only_not_canonical_model_input,STALE_range_revised,e44b2b8a61d0c1269029215ab07b0e8e6a8da300bc823a2be107929f87b7a978,3,Incorrect,0.0137493133034097,False,80.10733032226562,156.64718627929688,76.53985595703125,95.87173461914062,142.87294006347656,47.00120544433594,1.8492219999999997,1422.1949462890625,171.93888176117977,283.4076843261719,64.00690756257767,0.12228476008869316,0.17936281859874725,0.08956557462419207,0.16600123047828674,13.999696516963006,25.919456481933594,0.04402328483865825,0.14238379895687103,2.3782217517716355,5.794584274291992,5.037620425224304,0.2897472919552335,0.40402162075042725,0.22936096787452698,0.6996999999999995,1.1328550000000002,0.38181664397521475,156.64718627929688,155.61514282226562,76.53985595703125,75.5078125,109.38953259544276,66.652671789417,645.9398803710938,163.45209503173828,2.201745068708265,30.546653747558594,3153.3079588383903,0,0.0,,[],success,0.0,0,0,False,False,282.0,111,1.849222,111,0.9806650280952454,0.5621102452278137,0.0,signed uncalibrated decision_function; positive=Incorrect,True,Not established: no validated biomechanical quality cutoffs for these world-coordinate features,active_mean_flare,high_mean_angular_speed;overlapping_biomechanical_signal,high_mean_angular_speed,active_mean_abs_velocity=171.9389 high relative to training Correct reference=80.9637; descriptive only | inside training class-IQR intersection: active_mean_flare,False,Not established; see source profiles and recording thumbnails
rep_d7af2020d057934d50,5ecd6a78f9f6d143ddf980bf4c33c734eff0879442f9a19a8749de04f5f9018d,vid_5ecd6a78f9f6d143,C:\Users\DEVESH SHUKLA\Downloads\hemo\Assisted elbow flexion\Right hand assisted wrong\20260825_121007.mp4,Right hand assisted wrong,1,4,280,4,280,zero_based_inclusive,0.066644,4.681345,4.614701,277,person1,inherited_not_independently_verified,Right,Incorrect,label,human_verified,human_verified,authoritative_user_confirmed,True,False,,5ecd6a78f9f6d143ddf980bf4c33c734eff0879442f9a19a8749de04f5f9018d,person1,unassigned,,2026-10-04T13:21:02.649Z,44b233be34340ff48f45013f0d75c6d0d90eb8ac731b678f4794f1529c2b1e11,/decisions/190,evidence/aef_v2_review_2026-10-04T14-18-12-118Z.json,False,False,False,does_not_override_authoritative_hand_and_label,human_review_export_unchanged_candidate_range,valid_source_range_inclusive_endpoint_allowed,,../../manifest.csv,C:\dev\Haemophilia\processed_data\assisted_elbow_flexion\manual_annotation_audit.csv,123,41347c1ad9bf08b0c65ca613e97e467014bfe3c0dad39cafedfaf9e955ee93c2,C:\dev\Haemophilia\processed_data\assisted_elbow_flexion\sequences\20260825_121007_rep_01_incorrect_person1.npy,provenance_only_not_canonical_model_input,range_unchanged_hand_and_processing_semantics_not_validated_for_new_training,c211056314e7c96d3d11c035375b5f2f3099c1ec1091189889438e6946fe9252,1,Correct,-0.056873412882245,False,97.85935974121094,150.9867401123047,53.12738037109375,92.47757720947266,150.0687255859375,57.591148376464844,4.614701,177.01560974121094,36.471661953061584,168.44398498535156,32.76014254082412,0.16426943960061755,0.21994659304618835,0.05631511205854365,0.11792034655809402,7.872096720026084,19.376968383789062,0.10795432729576682,0.1910855621099472,3.957350929355177,17.92178726196289,17.786857202649117,0.045691616987169656,0.1204056665301323,0.12039093727253203,3.931656,0.6663780000000004,0.8550732769701137,150.9867401123047,128.3222198486328,53.12738037109375,30.462860107421875,13.51272348625967,45.71408435966052,102.32485961914055,90.1053512573242,1.7299374795144988,3.6609268188476562,1477.7877881889726,0,0.0,,[],success,0.0,0,0,False,False,240.0,277,4.614701,277,0.997956395149231,0.9229621291160583,0.0,signed uncalibrated decision_function; positive=Incorrect,True,Not established: no validated biomechanical quality cutoffs for these world-coordinate features,,shallow_measured_flexion;small_measured_excursion;high_flare_proxy,shallow_measured_flexion,active_min_angle=97.8594 high relative to training Correct reference=93.0212; descriptive only | active_rom=53.1274 low relative to training Correct reference=53.4632; descriptive only | active_mean_flare=0.1643 high relative to training Correct reference=0.1558; descriptive only,False,Not established; see source profiles and recording thumbnails
rep_2f16162b29e51e2f78,e61ec8fb945f06ad3ef037f07f62253ccfe72e9b2c78303874976ee3e879c5d0,vid_e61ec8fb945f06ad,C:\Users\DEVESH SHUKLA\Downloads\hemo\Assisted elbow flexion\Left hand assisted wrong\20260825_121059.mp4,Left hand assisted wrong,3,622,898,622,898,zero_based_inclusive,10.362256,14.976944999999999,4.6146889999999985,277,person1,inherited_not_independently_verified,Left,Incorrect,label,human_verified,human_verified,authoritative_user_confirmed,True,False,,e61ec8fb945f06ad3ef037f07f62253ccfe72e9b2c78303874976ee3e879c5d0,person1,unassigned,,2026-10-04T13:30:53.246Z,44b233be34340ff48f45013f0d75c6d0d90eb8ac731b678f4794f1529c2b1e11,/decisions/199,evidence/aef_v2_review_2026-10-04T14-18-12-118Z.json,False,False,False,does_not_override_authoritative_hand_and_label,human_review_export_unchanged_candidate_range,valid_source_range_inclusive_endpoint_allowed,,../../manifest.csv,C:\dev\Haemophilia\processed_data\assisted_elbow_flexion\manual_annotation_audit.csv,60,41347c1ad9bf08b0c65ca613e97e467014bfe3c0dad39cafedfaf9e955ee93c2,C:\dev\Haemophilia\processed_data\assisted_elbow_flexion\sequences\20260825_121059_rep_03_incorrect_person1.npy,provenance_only_not_canonical_model_input,range_unchanged_hand_and_processing_semantics_not_validated_for_new_training,272a8f22475d6ca606814b44f6e423acd41b0c47f5e82b18c1ed08a01e3947c6,0,Correct,-0.2755648550743678,False,82.95303344726562,150.92373657226562,67.970703125,98.36705017089844,124.7719497680664,26.40489959716797,4.6146889999999985,669.58642578125,50.70704350316026,143.06765747070312,26.863238238407227,0.03424702917019122,0.09526920318603516,0.0662155871470804,0.14440295100212097,15.954437850796053,42.58348846435547,0.038011622924986097,0.11696896702051163,5.467503194985638,21.197383880615234,20.897129863500595,0.1940615738759574,0.23192058503627777,0.1353197917342186,2.149077,2.448955999999999,0.4673905124212898,150.92373657226562,144.90362548828125,67.970703125,61.950592041015625,31.627858436435734,25.29673544196615,156.169546508789,71.3565979003906,4.287560800104946,11.151962280273438,1931.5649083800727,0,0.0,,[],success,0.0,0,0,False,False,751.0,277,4.614688999999999,277,0.9976069331169128,0.795545220375061,0.0,signed uncalibrated decision_function; positive=Incorrect,False,Not established: no validated biomechanical quality cutoffs for these world-coordinate features,active_rom;mean_torso_lean,jitter_like_angular_spike;overlapping_biomechanical_signal,jitter_like_angular_spike,"peak/p95=4.29, adjacent angle jump=11.15 deg; possible fast motion or estimation spike, not confirmed pose failure | inside training class-IQR intersection: active_rom,mean_torso_lean",False,Not established; see source profiles and recording thumbnails
rep_6d7e4cbc3b8ce62f45,e61ec8fb945f06ad3ef037f07f62253ccfe72e9b2c78303874976ee3e879c5d0,vid_e61ec8fb945f06ad,C:\Users\DEVESH SHUKLA\Downloads\hemo\Assisted elbow flexion\Left hand assisted wrong\20260825_121059.mp4,Left hand assisted wrong,4,898,1200,898,1200,zero_based_inclusive,14.960289,20.008134000000002,5.047845000000002,303,person1,inherited_not_independently_verified,Left,Incorrect,label,human_verified,human_verified,authoritative_user_confirmed,True,False,,e61ec8fb945f06ad3ef037f07f62253ccfe72e9b2c78303874976ee3e879c5d0,person1,unassigned,,2026-10-04T13:31:09.107Z,44b233be34340ff48f45013f0d75c6d0d90eb8ac731b678f4794f1529c2b1e11,/decisions/200,evidence/aef_v2_review_2026-10-04T14-18-12-118Z.json,False,False,False,does_not_override_authoritative_hand_and_label,human_review_export_unchanged_candidate_range,valid_source_range_inclusive_endpoint_allowed,,../../manifest.csv,C:\dev\Haemophilia\processed_data\assisted_elbow_flexion\manual_annotation_audit.csv,61,41347c1ad9bf08b0c65ca613e97e467014bfe3c0dad39cafedfaf9e955ee93c2,C:\dev\Haemophilia\processed_data\assisted_elbow_flexion\sequences\20260825_121059_rep_04_incorrect_person1.npy,provenance_only_not_canonical_model_input,range_unchanged_hand_and_processing_semantics_not_validated_for_new_training,c936501ddd8bb3ed05b2a9de7a40c7b317e460391e713790643620fb78d4206c,0,Correct,-0.5306360856577845,False,86.14680480957031,146.29513549804688,60.14833068847656,96.3427734375,127.60186004638672,31.25908660888672,5.047845000000002,241.63204956054688,42.840575255229375,159.9077911376953,28.634125723343583,0.028244504499532454,0.11495831608772278,0.06437465299792006,0.10708443820476532,12.457400278990612,26.658355712890625,0.03784169149622816,0.10358376801013947,4.106485634365694,10.20191764831543,9.988133430480957,0.20553392374454163,0.28904110193252563,0.14101506769657135,1.8492110000000004,3.181978000000001,0.36754949973058054,144.90362548828125,137.41757202148438,58.75682067871094,51.27076721191406,31.773994789513434,16.112860369215014,140.4531005859373,75.45159149169922,1.7203753320682476,6.641326904296875,1874.979402996873,0,0.0,,[],success,0.0,0,0,False,False,1009.0,303,5.047845000000002,303,0.9980117082595824,0.9160022735595704,0.0,signed uncalibrated decision_function; positive=Incorrect,False,Not established: no validated biomechanical quality cutoffs for these world-coordinate features,active_min_angle;active_rom,overlapping_biomechanical_signal,overlapping_biomechanical_signal,"inside training class-IQR intersection: active_min_angle,active_rom",False,Not established; see source profiles and recording thumbnails
rep_7501569b908e793d35,e61ec8fb945f06ad3ef037f07f62253ccfe72e9b2c78303874976ee3e879c5d0,vid_e61ec8fb945f06ad,C:\Users\DEVESH SHUKLA\Downloads\hemo\Assisted elbow flexion\Left hand assisted wrong\20260825_121059.mp4,Left hand assisted wrong,7,1688,2000,1688,1894,zero_based_inclusive,28.121344,33.3358,5.214455999999998,313,person1,inherited_not_independently_verified,Left,Incorrect,label,human_verified,human_verified,authoritative_user_confirmed,True,False,,e61ec8fb945f06ad3ef037f07f62253ccfe72e9b2c78303874976ee3e879c5d0,person1,unassigned,,2026-10-04T13:32:19.691Z,44b233be34340ff48f45013f0d75c6d0d90eb8ac731b678f4794f1529c2b1e11,/decisions/202,evidence/aef_v2_review_2026-10-04T14-18-12-118Z.json,False,False,False,does_not_override_authoritative_hand_and_label,human_review_export_revision,valid_source_range_no_overlap,,../../manifest.csv,C:\dev\Haemophilia\processed_data\assisted_elbow_flexion\manual_annotation_audit.csv,64,41347c1ad9bf08b0c65ca613e97e467014bfe3c0dad39cafedfaf9e955ee93c2,C:\dev\Haemophilia\processed_data\assisted_elbow_flexion\sequences\20260825_121059_rep_07_incorrect_person1.npy,provenance_only_not_canonical_model_input,STALE_range_revised,e06ae8305278cbde428584d3ee717cdac4b5f9e6d3508ccc29839f14fe776c33,0,Correct,-0.452958076813684,False,85.93326568603516,152.76278686523438,66.82952117919922,91.48922729492188,122.94812774658203,31.458900451660156,5.214455999999998,470.9717102050781,53.41396223172347,220.7867431640625,37.653964424787546,0.08315230951842584,0.15243680775165558,0.10246257936802272,0.21044255793094635,10.571421800585558,39.19013977050781,0.04454208670704096,0.17379581928253174,6.431954213150082,22.3027286529541,21.28378117084503,0.2062371998469143,0.2845971882343292,0.17941416800022125,1.3827339999999992,3.815055000000001,0.2660234957594468,148.58859252929688,149.84796142578125,62.65532684326172,63.914695739746094,45.31263919398941,16.75328291197534,172.95245361328114,107.31623535156247,2.7231282376494246,7.8496856689453125,1964.5093856733956,0,0.0,,[],success,0.0,0,0,False,False,1771.0,313,5.214455999999998,313,0.9975225329399108,0.8227689862251282,0.0,signed uncalibrated decision_function; positive=Incorrect,False,Not established: no validated biomechanical quality cutoffs for these world-coordinate features,active_min_angle;active_rom;active_mean_flare;mean_torso_lean,overlapping_biomechanical_signal,overlapping_biomechanical_signal,"inside training class-IQR intersection: active_min_angle,active_rom,active_mean_flare,mean_torso_lean",False,Not established; see source profiles and recording thumbnails
rep_911557ec2316444144,ffec5a0821a6c480242291313be77238c6457f817bfaf26e097ac25f311be36b,vid_ffec5a0821a6c480,C:\Users\DEVESH SHUKLA\Downloads\hemo\Assisted elbow flexion\Right hand assisted correct\20260825_135423.mp4,Right hand assisted correct,7,1146,1344,1146,1344,zero_based_inclusive,19.091856,22.4071,3.315244,199,person2,inherited_not_independently_verified,Right,Correct,label,human_verified,human_verified,authoritative_user_confirmed,True,False,,ffec5a0821a6c480242291313be77238c6457f817bfaf26e097ac25f311be36b,person2,unassigned,,2026-10-04T13:36:57.121Z,44b233be34340ff48f45013f0d75c6d0d90eb8ac731b678f4794f1529c2b1e11,/decisions/210,evidence/aef_v2_review_2026-10-04T14-18-12-118Z.json,False,False,False,does_not_override_authoritative_hand_and_label,human_review_export_unchanged_candidate_range,valid_source_range_inclusive_endpoint_allowed,,../../manifest.csv,C:\dev\Haemophilia\processed_data\assisted_elbow_flexion\manual_annotation_audit.csv,106,41347c1ad9bf08b0c65ca613e97e467014bfe3c0dad39cafedfaf9e955ee93c2,C:\dev\Haemophilia\processed_data\assisted_elbow_flexion\sequences\20260825_135423_rep_07_correct_person2.npy,provenance_only_not_canonical_model_input,range_unchanged_hand_and_processing_semantics_not_validated_for_new_training,51e0ba678166003e74c77e30abe0dbea9e4f6f15a4264c8332ba0b1ae7c80d03,4,Incorrect,0.1086807103528144,False,81.24205017089844,170.4907989501953,89.24874877929688,90.9277114868164,176.7754669189453,85.8477554321289,3.315244,367.6639404296875,67.42969414631459,420.6629943847656,64.84289556437493,0.12961205869424208,1.2574599981307983,0.0758607310818753,0.4914935529232025,6.863911862883926,14.506553649902344,0.10032438340822433,1.231034278869629,17.18963267307197,31.41988182067871,28.71651339530945,0.1607549973661418,0.9857975244522095,0.9777390724048018,1.282788,2.0157999999999987,0.38889003416007106,165.1728515625,170.2819366455078,83.93080139160156,89.03988647460938,65.428427293989,44.17099239736553,207.20490722656248,192.13854370117187,1.7743978429414102,7.6201934814453125,2043.9333377752032,0,0.0,,[],success,0.0,0,0,False,False,1223.0,199,3.315244,199,0.9695107936859132,0.5560083389282227,0.0,signed uncalibrated decision_function; positive=Incorrect,True,Not established: no validated biomechanical quality cutoffs for these world-coordinate features,active_mean_abs_velocity,overlapping_biomechanical_signal,overlapping_biomechanical_signal,inside training class-IQR intersection: active_mean_abs_velocity,False,Not established; see source profiles and recording thumbnails
rep_ed5503be0ec8ad904f,ffec5a0821a6c480242291313be77238c6457f817bfaf26e097ac25f311be36b,vid_ffec5a0821a6c480,C:\Users\DEVESH SHUKLA\Downloads\hemo\Assisted elbow flexion\Right hand assisted correct\20260825_135423.mp4,Right hand assisted correct,8,1344,1534,1344,1534,zero_based_inclusive,22.390444,25.572445000000002,3.182001000000003,191,person2,inherited_not_independently_verified,Right,Correct,label,human_verified,human_verified,authoritative_user_confirmed,True,False,,ffec5a0821a6c480242291313be77238c6457f817bfaf26e097ac25f311be36b,person2,unassigned,,2026-10-04T13:37:26.553Z,44b233be34340ff48f45013f0d75c6d0d90eb8ac731b678f4794f1529c2b1e11,/decisions/211,evidence/aef_v2_review_2026-10-04T14-18-12-118Z.json,False,False,False,does_not_override_authoritative_hand_and_label,human_review_export_unchanged_candidate_range,valid_source_range_inclusive_endpoint_allowed,,../../manifest.csv,C:\dev\Haemophilia\processed_data\assisted_elbow_flexion\manual_annotation_audit.csv,107,41347c1ad9bf08b0c65ca613e97e467014bfe3c0dad39cafedfaf9e955ee93c2,C:\dev\Haemophilia\processed_data\assisted_elbow_flexion\sequences\20260825_135423_rep_08_correct_person2.npy,provenance_only_not_canonical_model_input,range_unchanged_hand_and_processing_semantics_not_validated_for_new_training,d9d2f12c3c8bdc57f92d129acaca027aa3b9fe1fc316594045671d9b72da9e1c,4,Incorrect,0.562962983917707,False,75.96632385253906,170.2819366455078,94.31561279296875,86.25325775146484,178.1830596923828,91.92980194091797,3.182001000000003,413.16168212890625,77.99084158637585,1162.4041748046875,101.91584297972918,0.12655882353905953,1.2574599981307983,0.16975817593932885,3.088918685913086,7.2177636849460844,37.80364990234375,0.1497922879146577,2.994328260421753,16.9037039800546,33.531124114990234,27.719401836395264,0.1767394471798913,0.9966967105865479,0.9962309936236124,1.7992450000000026,1.3660889999999988,0.5684218474258962,170.2819366455078,156.04664611816406,94.31561279296875,80.080322265625,52.41954975168396,58.62013548577367,205.34967803955078,343.8948974609375,2.011990893159961,13.102508544921875,2002.1082688580295,2,0.1665890000000018,active_angle;active_flare,"[{""repetition_id"":""rep_ed5503be0ec8ad904f"",""channel"":""active_angle"",""start_frame"":1488,""end_frame"":1496,""start_index"":144,""end_index"":152,""frames"":9,""support_gap_seconds"":0.166589,""operation"":""linear_internal""},{""repetition_id"":""rep_ed5503be0ec8ad904f"",""channel"":""active_flare"",""start_frame"":1488,""end_frame"":1496,""start_index"":144,""end_index"":152,""frames"":9,""support_gap_seconds"":0.166589,""operation"":""linear_internal""}]",success,0.0157068062827225,18,0,False,False,1452.0,191,3.182001000000003,191,0.9606251120567322,0.2666482329368591,0.0111256544502617,signed uncalibrated decision_function; positive=Incorrect,False,Not established: no validated biomechanical quality cutoffs for these world-coordinate features,active_mean_flare,visibility_or_repair;overlapping_biomechanical_signal,visibility_or_repair,raw missing fraction=0.0157; repaired values=18; remaining=0 | inside training class-IQR intersection: active_mean_flare,False,Not established; see source profiles and recording thumbnails
rep_aee0a429a21693a253,aa01d8740a74fd7d726fb4246dcbce6ec50b9247f5a92306756e3493cccc1abc,vid_aa01d8740a74fd7d,C:\Users\DEVESH SHUKLA\Downloads\hemo\Assisted elbow flexion\Right hand assisted wrong\20260825_135633.mp4,Right hand assisted wrong,1,14,168,14,168,zero_based_inclusive,0.233233,2.8154559999999997,2.582223,155,person2,inherited_not_independently_verified,Right,Incorrect,label,human_verified,human_verified,authoritative_user_confirmed,True,False,,aa01d8740a74fd7d726fb4246dcbce6ec50b9247f5a92306756e3493cccc1abc,person2,unassigned,,2026-10-04T13:53:54.129Z,44b233be34340ff48f45013f0d75c6d0d90eb8ac731b678f4794f1529c2b1e11,/decisions/227,evidence/aef_v2_review_2026-10-04T14-18-12-118Z.json,False,False,False,does_not_override_authoritative_hand_and_label,human_review_export_unchanged_candidate_range,valid_source_range_no_overlap,,../../manifest.csv,C:\dev\Haemophilia\processed_data\assisted_elbow_flexion\manual_annotation_audit.csv,139,41347c1ad9bf08b0c65ca613e97e467014bfe3c0dad39cafedfaf9e955ee93c2,C:\dev\Haemophilia\processed_data\assisted_elbow_flexion\sequences\20260825_135633_rep_01_incorrect_person2.npy,provenance_only_not_canonical_model_input,range_unchanged_hand_and_processing_semantics_not_validated_for_new_training,28214420f452489342cd3403b05cf6b8284de95ca1f651d15f4dfb781aa91038,0,Correct,-0.6618108048323502,False,87.72230529785156,154.7794952392578,67.05718994140625,88.380126953125,157.24864196777344,68.86851501464844,2.582223,347.4661865234375,64.64367496130623,313.8302307128906,61.40281329125538,0.12772312131587846,0.19709067046642303,0.06470764654980983,0.17598874866962433,4.845299504084085,10.982131958007812,0.06695574753100628,0.15717053413391113,18.35150372053704,29.324241638183594,21.11398983001709,0.059876430150574596,0.1289762705564499,0.12697333027608693,2.1324340000000004,0.43313299999999977,0.8311745512785284,154.7794952392578,145.4508056640625,67.05718994140625,57.72850036621094,31.446314371936595,133.28123316905192,198.86846160888624,201.4357223510742,1.7472161433359794,6.778129577636719,2328.4718221560056,0,0.0,,[],success,0.0,0,0,False,False,142.0,155,2.582223,155,0.9862806797027588,0.819496214389801,0.0,signed uncalibrated decision_function; positive=Incorrect,False,Not established: no validated biomechanical quality cutoffs for these world-coordinate features,active_min_angle;active_rom;active_mean_abs_velocity,overlapping_biomechanical_signal,overlapping_biomechanical_signal,"inside training class-IQR intersection: active_min_angle,active_rom,active_mean_abs_velocity",False,Not established; see source profiles and recording thumbnails
rep_cec13eefff34409cdb,aa01d8740a74fd7d726fb4246dcbce6ec50b9247f5a92306756e3493cccc1abc,vid_aa01d8740a74fd7d,C:\Users\DEVESH SHUKLA\Downloads\hemo\Assisted elbow flexion\Right hand assisted wrong\20260825_135633.mp4,Right hand assisted wrong,5,760,938,760,938,zero_based_inclusive,12.661267,15.643334,2.982066999999999,179,person2,inherited_not_independently_verified,Right,Incorrect,label,human_verified,human_verified,authoritative_user_confirmed,True,False,,aa01d8740a74fd7d726fb4246dcbce6ec50b9247f5a92306756e3493cccc1abc,person2,unassigned,,2026-10-04T13:56:10.043Z,44b233be34340ff48f45013f0d75c6d0d90eb8ac731b678f4794f1529c2b1e11,/decisions/231,evidence/aef_v2_review_2026-10-04T14-18-12-118Z.json,False,False,False,does_not_override_authoritative_hand_and_label,human_review_export_unchanged_candidate_range,valid_source_range_inclusive_endpoint_allowed,,../../manifest.csv,C:\dev\Haemophilia\processed_data\assisted_elbow_flexion\manual_annotation_audit.csv,143,41347c1ad9bf08b0c65ca613e97e467014bfe3c0dad39cafedfaf9e955ee93c2,C:\dev\Haemophilia\processed_data\assisted_elbow_flexion\sequences\20260825_135633_rep_05_incorrect_person2.npy,provenance_only_not_canonical_model_input,range_unchanged_hand_and_processing_semantics_not_validated_for_new_training,1fc71ee69d5f036b363d20fd9fc0ad595f315e9022ff78adadf7fce937bf95d5,0,Correct,-0.7005144711480892,False,84.32239532470703,156.30921936035156,71.98682403564453,93.07769775390625,151.85731506347656,58.77961730957031,2.982066999999999,324.603515625,65.90301447947012,386.3305358886719,64.32641803250125,0.11100739363833494,0.2232501208782196,0.04528937555864505,0.12615114450454712,7.172285534884738,19.066787719726562,0.06809790489981066,0.20721988379955292,21.209454753039186,33.91096878051758,23.92600727081299,0.19982742677522727,0.32533228397369385,0.2424650564789772,1.732588999999999,1.2328220000000005,0.5842660595782505,147.78907775878906,154.86614990234375,63.46668243408203,70.54375457763672,36.631123961933305,57.22136251432623,190.23791351318357,197.0316329956054,1.7063029636440206,5.636199951171875,2574.4076172678933,0,0.0,,[],success,0.0,0,0,False,False,864.0,179,2.982066999999999,179,0.9770342707633972,0.6337680220603943,0.0,signed uncalibrated decision_function; positive=Incorrect,False,Not established: no validated biomechanical quality cutoffs for these world-coordinate features,active_min_angle;active_mean_flare;active_mean_abs_velocity,high_torso_view_proxy;overlapping_biomechanical_signal,high_torso_view_proxy,"mean_torso_lean=21.2095 high relative to training Correct reference=19.7368; descriptive only | inside training class-IQR intersection: active_min_angle,active_mean_flare,active_mean_abs_velocity",False,Not established; see source profiles and recording thumbnails
rep_6e34e000e401e92ab6,aa01d8740a74fd7d726fb4246dcbce6ec50b9247f5a92306756e3493cccc1abc,vid_aa01d8740a74fd7d,C:\Users\DEVESH SHUKLA\Downloads\hemo\Assisted elbow flexion\Right hand assisted wrong\20260825_135633.mp4,Right hand assisted wrong,6,938,1074,938,1074,zero_based_inclusive,15.626678,17.909011,2.2823329999999995,137,person2,inherited_not_independently_verified,Right,Incorrect,label,human_verified,human_verified,authoritative_user_confirmed,True,False,,aa01d8740a74fd7d726fb4246dcbce6ec50b9247f5a92306756e3493cccc1abc,person2,unassigned,,2026-10-04T13:56:26.286Z,44b233be34340ff48f45013f0d75c6d0d90eb8ac731b678f4794f1529c2b1e11,/decisions/232,evidence/aef_v2_review_2026-10-04T14-18-12-118Z.json,False,False,False,does_not_override_authoritative_hand_and_label,human_review_export_unchanged_candidate_range,valid_source_range_inclusive_endpoint_allowed,,../../manifest.csv,C:\dev\Haemophilia\processed_data\assisted_elbow_flexion\manual_annotation_audit.csv,144,41347c1ad9bf08b0c65ca613e97e467014bfe3c0dad39cafedfaf9e955ee93c2,C:\dev\Haemophilia\processed_data\assisted_elbow_flexion\sequences\20260825_135633_rep_06_incorrect_person2.npy,provenance_only_not_canonical_model_input,range_unchanged_hand_and_processing_semantics_not_validated_for_new_training,c93976727835bb8081fceb0f3c7aeab0fb044098a90afaaa8e7a187de853c691,0,Correct,-0.5632591057260949,False,92.47997283935547,170.6055908203125,78.12561798095703,92.26921081542969,178.5672607421875,86.29804992675781,2.2823329999999995,596.7926635742188,74.62517022864384,644.4954223632812,92.07570553581749,0.10154380470290786,1.1004739999771118,0.08982760426723495,0.861217200756073,7.0818116070480635,26.137680053710938,0.06668688507235158,0.8333900570869446,20.075242682701603,31.62131118774414,20.589723587036133,0.10340786940807126,0.580933153629303,0.5781277385540307,0.8996109999999984,1.3660780000000017,0.3970584665415237,154.86614990234375,170.6055908203125,62.38617706298828,78.12561798095703,69.34794823872585,57.18971975315973,223.10960693359343,280.46755981445295,2.6748855496475716,11.579788208007812,1872.7413439305983,0,0.0,,[],success,0.0,0,0,False,False,992.0,137,2.2823329999999995,137,0.976995885372162,0.6371957659721375,0.0,signed uncalibrated decision_function; positive=Incorrect,False,Not established: no validated biomechanical quality cutoffs for these world-coordinate features,active_mean_flare,high_torso_view_proxy;overlapping_biomechanical_signal,high_torso_view_proxy,mean_torso_lean=20.0752 high relative to training Correct reference=19.7368; descriptive only | inside training class-IQR intersection: active_mean_flare,False,Not established; see source profiles and recording thumbnails
rep_865eff11a82c98aff9,aa01d8740a74fd7d726fb4246dcbce6ec50b9247f5a92306756e3493cccc1abc,vid_aa01d8740a74fd7d,C:\Users\DEVESH SHUKLA\Downloads\hemo\Assisted elbow flexion\Right hand assisted wrong\20260825_135633.mp4,Right hand assisted wrong,7,1074,1216,1074,1216,zero_based_inclusive,17.892367,20.274678,2.3823110000000014,143,person2,inherited_not_independently_verified,Right,Incorrect,label,human_verified,human_verified,authoritative_user_confirmed,True,False,,aa01d8740a74fd7d726fb4246dcbce6ec50b9247f5a92306756e3493cccc1abc,person2,unassigned,,2026-10-04T13:56:38.857Z,44b233be34340ff48f45013f0d75c6d0d90eb8ac731b678f4794f1529c2b1e11,/decisions/233,evidence/aef_v2_review_2026-10-04T14-18-12-118Z.json,False,False,False,does_not_override_authoritative_hand_and_label,human_review_export_unchanged_candidate_range,valid_source_range_inclusive_endpoint_allowed,,../../manifest.csv,C:\dev\Haemophilia\processed_data\assisted_elbow_flexion\manual_annotation_audit.csv,145,41347c1ad9bf08b0c65ca613e97e467014bfe3c0dad39cafedfaf9e955ee93c2,C:\dev\Haemophilia\processed_data\assisted_elbow_flexion\sequences\20260825_135633_rep_07_incorrect_person2.npy,provenance_only_not_canonical_model_input,range_unchanged_hand_and_processing_semantics_not_validated_for_new_training,6642a33aad1f83e422c9e491889c01c4eef1c2e6b276fb6d64b43667cb067d31,0,Correct,-0.0326011899772101,False,84.6244888305664,170.6055908203125,85.9811019897461,81.3670425415039,177.09275817871094,95.72571563720703,2.3823110000000014,674.43359375,94.8876398222235,610.168212890625,109.51398754538702,0.1339967809729691,2.171041965484619,0.15693844889742975,3.608283519744873,5.391404731095303,17.245704650878906,0.05658137324540183,1.437241554260254,24.210945472593604,34.48878479003906,21.879735946655273,0.049390758919898727,0.5194455981254578,0.5179576409282163,1.3827439999999989,0.9829110000000014,0.5845078847084628,170.6055908203125,148.79812622070312,85.9811019897461,64.17363739013672,62.18150430574724,65.28936738945502,246.04739074707035,346.1155517578126,2.7410719199347184,18.145156860351562,2571.7815908530156,0,0.0,,[],success,0.0,0,0,False,False,1157.0,143,2.3823110000000014,143,0.984101176261902,0.7993864417076111,0.0,signed uncalibrated decision_function; positive=Incorrect,True,Not established: no validated biomechanical quality cutoffs for these world-coordinate features,active_min_angle,high_mean_angular_speed;high_torso_view_proxy;overlapping_biomechanical_signal,high_mean_angular_speed,active_mean_abs_velocity=94.8876 high relative to training Correct reference=85.7125; descriptive only | mean_torso_lean=24.2109 high relative to training Correct reference=19.7368; descriptive only | inside training class-IQR intersection: active_min_angle,False,Not established; see source profiles and recording thumbnails
rep_834edc610f0edab7bf,aa01d8740a74fd7d726fb4246dcbce6ec50b9247f5a92306756e3493cccc1abc,vid_aa01d8740a74fd7d,C:\Users\DEVESH SHUKLA\Downloads\hemo\Assisted elbow flexion\Right hand assisted wrong\20260825_135633.mp4,Right hand assisted wrong,8,1216,1380,1216,1504,zero_based_inclusive,20.258022,23.006867000000003,2.748845000000003,165,person2,inherited_not_independently_verified,Right,Incorrect,label,human_verified,human_verified,authoritative_user_confirmed,True,False,,aa01d8740a74fd7d726fb4246dcbce6ec50b9247f5a92306756e3493cccc1abc,person2,unassigned,,2026-10-04T13:57:11.963Z,44b233be34340ff48f45013f0d75c6d0d90eb8ac731b678f4794f1529c2b1e11,/decisions/234,evidence/aef_v2_review_2026-10-04T14-18-12-118Z.json,False,False,False,does_not_override_authoritative_hand_and_label,human_review_export_revision,valid_source_range_inclusive_endpoint_allowed,,../../manifest.csv,C:\dev\Haemophilia\processed_data\assisted_elbow_flexion\manual_annotation_audit.csv,146,41347c1ad9bf08b0c65ca613e97e467014bfe3c0dad39cafedfaf9e955ee93c2,C:\dev\Haemophilia\processed_data\assisted_elbow_flexion\sequences\20260825_135633_rep_08_incorrect_person2.npy,provenance_only_not_canonical_model_input,STALE_range_revised,dc6db115b3109eb0dd1114ed7325aa3f5a20f72da08e001fb8955a5ae6f88c29,0,Correct,-0.9586429390985832,False,76.46891784667969,166.4022216796875,89.93330383300781,81.85502624511719,174.87167358398438,93.01664733886719,2.748845000000003,409.13446044921875,75.25342590128024,487.3723449707031,77.08217739813661,0.08077391553177796,0.16430005431175232,0.09236902853001955,0.2312060296535492,3.8199166442936416,11.408683776855469,0.04049284816124876,0.18784216046333313,24.01662221844249,36.57601547241211,35.10715663433075,0.04630899625000582,0.3994317650794983,0.399404167150351,1.2494779999999999,1.4827000000000012,0.457319398662898,148.79812622070312,156.30633544921875,72.32920837402344,79.83741760253906,57.88754053614665,53.84596857256289,223.33328247070307,278.9821350097656,1.831945762508054,8.76177978515625,1601.3700073593723,0,0.0,,[],success,0.0,0,0,False,False,1291.0,165,2.748845000000003,165,0.9804639220237732,0.7541264295578003,0.0,signed uncalibrated decision_function; positive=Incorrect,False,Not established: no validated biomechanical quality cutoffs for these world-coordinate features,active_mean_flare,high_torso_view_proxy;overlapping_biomechanical_signal,high_torso_view_proxy,mean_torso_lean=24.0166 high relative to training Correct reference=19.7368; descriptive only | inside training class-IQR intersection: active_mean_flare,False,Not established; see source profiles and recording thumbnails
rep_cddfc02155f1821b8f,33cbe5f84565bf3d8bb4e0c445c46cf78abfc5486aa4d22d79bb160b519c4969,vid_33cbe5f84565bf3d,C:\Users\DEVESH SHUKLA\Downloads\hemo\Assisted elbow flexion\Left hand assisted wrong\20260825_135701.mp4,Left hand assisted wrong,1,150,312,36,312,zero_based_inclusive,2.498944,5.214434,2.71549,163,person2,inherited_not_independently_verified,Left,Incorrect,label,human_verified,human_verified,authoritative_user_confirmed,True,False,,33cbe5f84565bf3d8bb4e0c445c46cf78abfc5486aa4d22d79bb160b519c4969,person2,unassigned,,2026-10-04T13:57:57.512Z,44b233be34340ff48f45013f0d75c6d0d90eb8ac731b678f4794f1529c2b1e11,/decisions/235,evidence/aef_v2_review_2026-10-04T14-18-12-118Z.json,False,False,False,does_not_override_authoritative_hand_and_label,human_review_export_revision,valid_source_range_inclusive_endpoint_allowed,,../../manifest.csv,C:\dev\Haemophilia\processed_data\assisted_elbow_flexion\manual_annotation_audit.csv,68,41347c1ad9bf08b0c65ca613e97e467014bfe3c0dad39cafedfaf9e955ee93c2,C:\dev\Haemophilia\processed_data\assisted_elbow_flexion\sequences\20260825_135701_rep_01_incorrect_person2.npy,provenance_only_not_canonical_model_input,STALE_range_revised,aa9923bb25d8ab3d5cb136c9d8cd9a3a7e1c725d161acc2367abd60d818a7fe4,2,Correct,-0.2643455603902678,False,87.91958618164062,175.7356414794922,87.81605529785156,65.29365539550781,170.88832092285156,105.59466552734375,2.71549,520.9559326171875,83.89651444509659,488.0572204589844,97.32930260790033,0.0487216010683455,0.2290583997964859,0.1668860910123989,0.2936789095401764,14.18241353113021,26.21490478515625,0.11884331490362048,0.21322545409202576,24.460193477386007,44.51994323730469,32.09886360168457,0.14980716319778312,0.8016568422317505,0.7642275169491768,0.9995670000000003,1.6992669999999994,0.3703699449465956,168.40753173828125,171.74282836914062,80.48794555664062,83.8232421875,80.52281193420811,49.32905905163816,266.44512939453125,236.8701843261719,1.9552090661255677,12.094482421875,2113.4628991371424,0,0.0,,[],success,0.0,0,0,False,False,210.0,163,2.71549,163,0.975797474384308,0.7339642643928528,0.0,signed uncalibrated decision_function; positive=Incorrect,False,Not established: no validated biomechanical quality cutoffs for these world-coordinate features,active_min_angle,high_torso_view_proxy;overlapping_biomechanical_signal,high_torso_view_proxy,mean_torso_lean=24.4602 high relative to training Correct reference=19.2078; descriptive only | inside training class-IQR intersection: active_min_angle,False,Not established; see source profiles and recording thumbnails
rep_19561ede8233796b10,33cbe5f84565bf3d8bb4e0c445c46cf78abfc5486aa4d22d79bb160b519c4969,vid_33cbe5f84565bf3d,C:\Users\DEVESH SHUKLA\Downloads\hemo\Assisted elbow flexion\Left hand assisted wrong\20260825_135701.mp4,Left hand assisted wrong,6,884,1048,884,1048,zero_based_inclusive,14.727056,17.475878,2.7488220000000023,165,person2,inherited_not_independently_verified,Left,Incorrect,label,human_verified,human_verified,authoritative_user_confirmed,True,False,,33cbe5f84565bf3d8bb4e0c445c46cf78abfc5486aa4d22d79bb160b519c4969,person2,unassigned,,2026-10-04T13:59:36.453Z,44b233be34340ff48f45013f0d75c6d0d90eb8ac731b678f4794f1529c2b1e11,/decisions/240,evidence/aef_v2_review_2026-10-04T14-18-12-118Z.json,False,False,False,does_not_override_authoritative_hand_and_label,human_review_export_unchanged_candidate_range,valid_source_range_inclusive_endpoint_allowed,,../../manifest.csv,C:\dev\Haemophilia\processed_data\assisted_elbow_flexion\manual_annotation_audit.csv,73,41347c1ad9bf08b0c65ca613e97e467014bfe3c0dad39cafedfaf9e955ee93c2,C:\dev\Haemophilia\processed_data\assisted_elbow_flexion\sequences\20260825_135701_rep_06_incorrect_person2.npy,provenance_only_not_canonical_model_input,range_unchanged_hand_and_processing_semantics_not_validated_for_new_training,e917bd833945a29cb05d4b77f946c45b0fd2c441a6fa9e35ca3f9cf86d9f7c6f,2,Correct,-0.2188525433428221,False,93.03143310546875,160.8230743408203,67.79164123535156,83.90619659423828,153.27255249023438,69.3663558959961,2.7488220000000023,309.5708312988281,65.97518634042744,363.04095458984375,70.31048899592693,0.047637367158593694,0.1076497808098793,0.1316187922049518,0.19328461587429047,10.986388937360463,21.758758544921875,0.08475330039564552,0.17698189616203308,23.168909506114687,35.52532196044922,22.368733406066895,0.1311927834180655,0.34099483489990234,0.3405359107127879,0.8663000000000007,1.8658660000000005,0.31707443837599925,160.8230743408203,155.62539672851562,67.79164123535156,62.593963623046875,78.25423206204722,33.546869723252826,217.70081787109368,185.89981994628906,1.4220012323616216,8.080116271972656,1967.7381549789789,0,0.0,,[],success,0.0,0,0,False,False,936.0,165,2.7488220000000023,165,0.9881044626235962,0.7899737358093262,0.0,signed uncalibrated decision_function; positive=Incorrect,True,Not established: no validated biomechanical quality cutoffs for these world-coordinate features,active_rom;active_mean_abs_velocity,high_torso_view_proxy;overlapping_biomechanical_signal,high_torso_view_proxy,"mean_torso_lean=23.1689 high relative to training Correct reference=19.2078; descriptive only | inside training class-IQR intersection: active_rom,active_mean_abs_velocity",False,Not established; see source profiles and recording thumbnails
rep_f4b3097cc669548327,33cbe5f84565bf3d8bb4e0c445c46cf78abfc5486aa4d22d79bb160b519c4969,vid_33cbe5f84565bf3d,C:\Users\DEVESH SHUKLA\Downloads\hemo\Assisted elbow flexion\Left hand assisted wrong\20260825_135701.mp4,Left hand assisted wrong,7,1048,1192,1048,1192,zero_based_inclusive,17.459222,19.874867000000002,2.4156450000000014,145,person2,inherited_not_independently_verified,Left,Incorrect,label,human_verified,human_verified,authoritative_user_confirmed,True,False,,33cbe5f84565bf3d8bb4e0c445c46cf78abfc5486aa4d22d79bb160b519c4969,person2,unassigned,,2026-10-04T13:59:49.043Z,44b233be34340ff48f45013f0d75c6d0d90eb8ac731b678f4794f1529c2b1e11,/decisions/241,evidence/aef_v2_review_2026-10-04T14-18-12-118Z.json,False,False,False,does_not_override_authoritative_hand_and_label,human_review_export_unchanged_candidate_range,valid_source_range_inclusive_endpoint_allowed,,../../manifest.csv,C:\dev\Haemophilia\processed_data\assisted_elbow_flexion\manual_annotation_audit.csv,74,41347c1ad9bf08b0c65ca613e97e467014bfe3c0dad39cafedfaf9e955ee93c2,C:\dev\Haemophilia\processed_data\assisted_elbow_flexion\sequences\20260825_135701_rep_07_incorrect_person2.npy,provenance_only_not_canonical_model_input,range_unchanged_hand_and_processing_semantics_not_validated_for_new_training,f6db8ea5a8cad456a70df251a5c4a1c7c2a970053a55d3732c21afc7fab1a416,2,Correct,-0.536915948997185,False,86.40709686279297,158.0314178466797,71.62432098388672,69.51539611816406,152.48780822753906,82.972412109375,2.4156450000000014,336.8030090332031,67.87246363306839,340.42236328125,80.70245469328252,0.028674496299861952,0.09266575425863266,0.12602764278592288,0.1853061467409134,13.436549896102832,23.81977081298828,0.0975798566164231,0.17458754777908325,23.40229739110419,37.195167541503906,24.4118709564209,0.15307494698775528,0.32586991786956787,0.31267530284821987,0.9495889999999996,1.449389,0.39583064121471717,155.62539672851562,155.5581817626953,69.21829986572266,69.15108489990234,72.89290405188211,47.7105076000317,222.02093811035155,175.55974426269526,1.516987595403282,7.3317413330078125,2474.9583212331036,0,0.0,,[],success,0.0,0,0,False,False,1105.0,145,2.4156450000000014,145,0.9797728657722472,0.5895605087280273,0.0,signed uncalibrated decision_function; positive=Incorrect,False,Not established: no validated biomechanical quality cutoffs for these world-coordinate features,active_min_angle;active_mean_abs_velocity,high_torso_view_proxy;overlapping_biomechanical_signal,high_torso_view_proxy,"mean_torso_lean=23.4023 high relative to training Correct reference=19.2078; descriptive only | inside training class-IQR intersection: active_min_angle,active_mean_abs_velocity",False,Not established; see source profiles and recording thumbnails
rep_709aefa59abbdda681,2f993d44fd54187e29f371cb06d363b77ffa82c336c63e5bdf4afaed4141a97a,vid_2f993d44fd54187e,C:\Users\DEVESH SHUKLA\Downloads\hemo\Assisted elbow flexion\Right hand assisted wrong\VID20260825125647.mp4,Right hand assisted wrong,1,3,105,3,105,zero_based_inclusive,0.099978,3.499444,3.399466,103,person3,inherited_not_independently_verified,Right,Incorrect,label,human_verified,human_verified,authoritative_user_confirmed,True,False,,2f993d44fd54187e29f371cb06d363b77ffa82c336c63e5bdf4afaed4141a97a,person3,unassigned,,2026-10-04T14:09:33.180Z,44b233be34340ff48f45013f0d75c6d0d90eb8ac731b678f4794f1529c2b1e11,/decisions/268,evidence/aef_v2_review_2026-10-04T14-18-12-118Z.json,False,False,False,does_not_override_authoritative_hand_and_label,human_review_export_unchanged_candidate_range,valid_source_range_inclusive_endpoint_allowed,,../../manifest.csv,C:\dev\Haemophilia\processed_data\assisted_elbow_flexion\manual_annotation_audit.csv,147,41347c1ad9bf08b0c65ca613e97e467014bfe3c0dad39cafedfaf9e955ee93c2,C:\dev\Haemophilia\processed_data\assisted_elbow_flexion\sequences\VID20260825125647_rep_01_incorrect_person3.npy,provenance_only_not_canonical_model_input,range_unchanged_hand_and_processing_semantics_not_validated_for_new_training,35ca0350f1db88a2587b80cc5231e3f2a9a819e1435823f91295c6c26c1a4217,4,Correct,-1.288220706676804,False,81.98969268798828,150.28091430664062,68.29122161865234,86.58113098144531,147.47354125976562,60.89241027832031,3.399466,203.19989013671875,44.86940350532869,156.60415649414062,35.27235984503275,0.16833323270625336,0.24082599580287933,0.037312995663379665,0.09326528757810593,8.647335540648214,22.416099548339844,0.13102023745144073,0.23168355226516724,10.396946651101228,22.069225311279297,20.73233139514923,0.1311935069221743,0.19892758131027222,0.18859965167939663,1.899644,1.4997219999999998,0.5588230275880857,150.28091430664062,147.11520385742188,68.29122161865234,65.1255111694336,35.94948401840152,43.425055556585555,130.8360145568846,102.15934677124022,1.5530883512839802,7.6338958740234375,667.3886158351713,0,0.0,,[],success,0.0,0,0,False,False,60.0,103,3.399466,103,0.9851130247116088,0.690736711025238,0.0,signed uncalibrated decision_function; positive=Incorrect,False,Not established: no validated biomechanical quality cutoffs for these world-coordinate features,active_rom;mean_torso_lean,high_flare_proxy;overlapping_biomechanical_signal,high_flare_proxy,"active_mean_flare=0.1683 high relative to training Correct reference=0.1564; descriptive only | inside training class-IQR intersection: active_rom,mean_torso_lean",False,Not established; see source profiles and recording thumbnails
rep_c76e4661561c2feeb0,2f993d44fd54187e29f371cb06d363b77ffa82c336c63e5bdf4afaed4141a97a,vid_2f993d44fd54187e,C:\Users\DEVESH SHUKLA\Downloads\hemo\Assisted elbow flexion\Right hand assisted wrong\VID20260825125647.mp4,Right hand assisted wrong,2,105,190,105,190,zero_based_inclusive,3.499344,6.398700000000001,2.899356000000001,86,person3,inherited_not_independently_verified,Right,Incorrect,label,human_verified,human_verified,authoritative_user_confirmed,True,False,,2f993d44fd54187e29f371cb06d363b77ffa82c336c63e5bdf4afaed4141a97a,person3,unassigned,,2026-10-04T14:09:46.833Z,44b233be34340ff48f45013f0d75c6d0d90eb8ac731b678f4794f1529c2b1e11,/decisions/269,evidence/aef_v2_review_2026-10-04T14-18-12-118Z.json,False,False,False,does_not_override_authoritative_hand_and_label,human_review_export_unchanged_candidate_range,valid_source_range_inclusive_endpoint_allowed,,../../manifest.csv,C:\dev\Haemophilia\processed_data\assisted_elbow_flexion\manual_annotation_audit.csv,148,41347c1ad9bf08b0c65ca613e97e467014bfe3c0dad39cafedfaf9e955ee93c2,C:\dev\Haemophilia\processed_data\assisted_elbow_flexion\sequences\VID20260825125647_rep_02_incorrect_person3.npy,provenance_only_not_canonical_model_input,range_unchanged_hand_and_processing_semantics_not_validated_for_new_training,070cb53d57c49abb261a43be719547f2fc604b83b2d9db0775dc5669805650c1,4,Correct,-0.3095506122180209,False,81.51592254638672,147.16390991210938,65.64798736572266,85.8752670288086,125.77088165283203,39.89561462402344,2.899356000000001,147.33197021484375,46.923995500847006,140.9232940673828,29.799405528092343,0.19566889455269856,0.26225751638412476,0.04474744181123234,0.09018126875162125,9.971793255635953,23.272903442382812,0.15092145300336726,0.25826185941696167,14.639042864789634,24.580663681030273,23.18537211418152,0.11015813947759828,0.19664987921714783,0.15040864795446396,1.4664000000000001,1.3664120000000004,0.5176481884431441,147.11520385742188,145.2748260498047,65.59928131103516,63.75890350341797,44.734916333220916,46.66155120374964,119.77608299255371,88.3124942779541,1.2300616828820754,8.461746215820312,506.32991279046485,0,0.0,,[],success,0.0,0,0,False,False,149.0,86,2.899356000000001,86,0.9852040410041808,0.7556664347648621,0.0,signed uncalibrated decision_function; positive=Incorrect,False,Not established: no validated biomechanical quality cutoffs for these world-coordinate features,active_rom,high_flare_proxy;overlapping_biomechanical_signal,high_flare_proxy,active_mean_flare=0.1957 high relative to training Correct reference=0.1564; descriptive only | inside training class-IQR intersection: active_rom,False,Not established; see source profiles and recording thumbnails
