model,hyperparameters,preprocessing,feature_count,threshold,accuracy,balanced_accuracy,macro_f1,correct_recall,incorrect_recall,fold_mean_balanced_accuracy,fold_std_balanced_accuracy,runtime_sec
RBF_SVM,"C=1.0, gamma=0.04, class_weight=balanced, kernel=rbf",Pipeline B,34,0.0,0.8892857142857142,0.8765421666384993,0.8774547867459164,0.9180327868852459,0.8350515463917526,0.875033525922124,0.05491236229164842,0.029739856719970703
RBF_SVM,"C=1.0, gamma=0.04, class_weight=balanced, kernel=rbf",Pipeline A,34,0.0,0.8857142857142857,0.8713875274632414,0.8731884057971014,0.9180327868852459,0.8247422680412371,0.865033525922124,0.06872118326498435,0.030996084213256836
RBF_SVM,"C=1.0, gamma=0.08, class_weight=None, kernel=rbf",Pipeline C,34,0.0,0.8857142857142857,0.8713875274632414,0.8731884057971014,0.9180327868852459,0.8247422680412371,0.8763445406672077,0.031447783942310785,0.04221463203430176
RBF_SVM,"C=4.0, gamma=0.02, class_weight=balanced, kernel=rbf",Pipeline C,34,0.0,0.8857142857142857,0.8689651287251423,0.8725462304409672,0.9234972677595629,0.8144329896907216,0.859895139912329,0.08425880075771214,0.042005062103271484
RBF_SVM,"C=4.0, gamma=scale, class_weight=balanced, kernel=rbf",Pipeline B,34,0.0,0.8892857142857142,0.8668525716861022,0.874882882882883,0.9398907103825137,0.7938144329896907,0.8508273721163746,0.099332619293028,0.028139829635620117
RBF_SVM,"C=4.0, gamma=scale, class_weight=balanced, kernel=rbf",Pipeline A,34,0.0,0.8892857142857142,0.8668525716861022,0.874882882882883,0.9398907103825137,0.7938144329896907,0.8508273721163746,0.099332619293028,0.029115915298461914
RBF_SVM,"C=2.0, gamma=scale, class_weight=balanced, kernel=rbf",Pipeline B,34,0.0,0.8892857142857142,0.8668525716861022,0.874882882882883,0.9398907103825137,0.7938144329896907,0.8527097250575512,0.1050158424550591,0.02991342544555664
RBF_SVM,"C=8.0, gamma=scale, class_weight=None, kernel=rbf",Pipeline C,34,0.0,0.8857142857142857,0.866542729987043,0.8718828643331045,0.9289617486338798,0.8041237113402062,0.8575670416539982,0.08254691019392334,0.04167580604553223
RBF_SVM,"C=1.0, gamma=scale, class_weight=balanced, kernel=rbf",Pipeline A,34,0.0,0.8821428571428571,0.8662328882879837,0.8688971182905546,0.9180327868852459,0.8144329896907216,0.855033525922124,0.08619648789962314,0.028515338897705078
Baseline_Phase3_BalancedSVM,"C=1.0, gamma=scale, class_weight=balanced, kernel=rbf",Pipeline A (mean + StandardScaler),34,0.0,0.8821428571428571,0.8662328882879837,0.8688971182905546,0.9180327868852459,0.8144329896907216,0.855033525922124,0.08619648789962314,0.03310799598693848
RBF_SVM,"C=1.0, gamma=scale, class_weight=balanced, kernel=rbf",Pipeline B,34,0.0,0.8821428571428571,0.8662328882879837,0.8688971182905546,0.9180327868852459,0.8144329896907216,0.855033525922124,0.08619648789962314,0.03000187873840332
RBF_SVM_SelectK30,"C=1.0, gamma=0.04, class_weight=balanced, kernel=rbf",Pipeline B,30,0.0,0.8785714285714286,0.8659230465889245,0.8659230465889245,0.907103825136612,0.8247422680412371,0.8671712901187117,0.06612371336398179,0.034996747970581055
RBF_SVM,"C=2.0, gamma=scale, class_weight=balanced, kernel=rbf",Pipeline A,34,0.0,0.8857142857142857,0.8641203312489437,0.8711977459605543,0.9344262295081968,0.7938144329896907,0.8503841436622024,0.1092850220724892,0.029001235961914062
RBF_SVM,"C=8.0, gamma=scale, class_weight=balanced, kernel=rbf",Pipeline C,34,0.0,0.8785714285714286,0.8635006478508254,0.8652626811594203,0.912568306010929,0.8144329896907216,0.8548947139816704,0.07813244656062987,0.04050922393798828
RBF_SVM,"C=1.0, gamma=0.08, class_weight=balanced, kernel=rbf",Pipeline A,34,0.0,0.8678571428571429,0.8625711227536477,0.8564281655787913,0.8797814207650273,0.845360824742268,0.8628738103031806,0.03328838280315993,0.030791521072387695
RBF_SVM,"C=1.0, gamma=0.08, class_weight=balanced, kernel=rbf",Pipeline B,34,0.0,0.8678571428571429,0.8625711227536477,0.8564281655787913,0.8797814207650273,0.845360824742268,0.8628738103031806,0.03328838280315993,0.032000064849853516
RBF_SVM,"C=1.0, gamma=0.08, class_weight=balanced, kernel=rbf",Pipeline C,34,0.0,0.8607142857142858,0.8619514393555292,0.8505563082481422,0.8579234972677595,0.865979381443299,0.8702758712569573,0.04751735482246779,0.04600024223327637
RBF_SVM,"C=4.0, gamma=scale, class_weight=None, kernel=rbf",Pipeline B,34,0.0,0.8857142857142857,0.8616979325108445,0.8704902867715079,0.9398907103825137,0.7835051546391752,0.8457364630254656,0.10030936000792447,0.026994705200195312
RBF_SVM,"C=4.0, gamma=scale, class_weight=None, kernel=rbf",Pipeline A,34,0.0,0.8857142857142857,0.8616979325108445,0.8704902867715079,0.9398907103825137,0.7835051546391752,0.8457364630254656,0.10030936000792447,0.027006149291992188
RBF_SVM,"C=2.0, gamma=0.04, class_weight=balanced, kernel=rbf",Pipeline B,34,0.0,0.8821428571428571,0.8613880908117852,0.867528780949377,0.9289617486338798,0.7938144329896907,0.8519785808671789,0.08251416460160718,0.030000686645507812
RBF_SVM,"C=2.0, gamma=0.04, class_weight=balanced, kernel=rbf",Pipeline A,34,0.0,0.8821428571428571,0.8613880908117852,0.867528780949377,0.9289617486338798,0.7938144329896907,0.8519785808671789,0.08251416460160718,0.028017282485961914
RBF_SVM,"C=0.5, gamma=0.08, class_weight=balanced, kernel=rbf",Pipeline A,34,0.0,0.8535714285714285,0.8613317559574108,0.8446780587463301,0.8360655737704918,0.8865979381443299,0.8655541097416432,0.026050950059771507,0.033277034759521484
RBF_SVM,"C=0.5, gamma=0.08, class_weight=balanced, kernel=rbf",Pipeline B,34,0.0,0.8535714285714285,0.8613317559574108,0.8446780587463301,0.8360655737704918,0.8865979381443299,0.8655541097416432,0.026050950059771507,0.032514095306396484
Baseline_Phase3_NestedThresh,"C=1.0, gamma=scale, class_weight=balanced, kernel=rbf",Pipeline A,34,"nested: [-0.1, 0.0, -0.25, 0.0, -0.5]",0.8678571428571429,0.8601487240155484,0.8557886384832751,0.8852459016393442,0.8350515463917526,0.8496139455025435,0.07825158704099229,0.15882611274719238
RBF_SVM,"C=8.0, gamma=0.02, class_weight=None, kernel=rbf",Pipeline A,34,0.0,0.8857142857142857,0.8592755337727452,0.8697598697598697,0.9453551912568307,0.7731958762886598,0.8445546448436474,0.097825355308864,0.026006221771240234
RBF_SVM,"C=8.0, gamma=0.01, class_weight=balanced, kernel=rbf",Pipeline A,34,0.0,0.8857142857142857,0.8592755337727452,0.8697598697598697,0.9453551912568307,0.7731958762886598,0.8469824523302784,0.10681815584801972,0.02899909019470215
RBF_SVM,"C=8.0, gamma=0.01, class_weight=balanced, kernel=rbf",Pipeline B,34,0.0,0.8857142857142857,0.8592755337727452,0.8697598697598697,0.9453551912568307,0.7731958762886598,0.8469824523302784,0.10681815584801972,0.03015589714050293
RBF_SVM,"C=4.0, gamma=scale, class_weight=balanced, kernel=rbf",Pipeline C,34,0.0,0.8821428571428571,0.858965692073686,0.8668108108108108,0.9344262295081968,0.7835051546391752,0.8506110956392285,0.07259688446818385,0.04299807548522949
RBF_SVM,"C=2.0, gamma=0.02, class_weight=balanced, kernel=rbf",Pipeline A,34,0.0,0.8821428571428571,0.858965692073686,0.8668108108108108,0.9344262295081968,0.7835051546391752,0.8463287726765987,0.10324645454896256,0.027103662490844727
RBF_SVM,"C=8.0, gamma=0.02, class_weight=None, kernel=rbf",Pipeline C,34,0.0,0.875,0.8583460086755677,0.8609514890960428,0.912568306010929,0.8041237113402062,0.8451886061360276,0.1067147446432664,0.03865313529968262
RBF_SVM,"C=1.0, gamma=0.04, class_weight=balanced, kernel=rbf",Pipeline C,34,0.0,0.875,0.8583460086755677,0.8609514890960428,0.912568306010929,0.8041237113402062,0.8491701906214486,0.04982447160126043,0.04100751876831055
RBF_SVM,"C=4.0, gamma=0.02, class_weight=None, kernel=rbf",Pipeline B,34,0.0,0.8857142857142857,0.8568531350346459,0.8690058479532163,0.9508196721311475,0.7628865979381443,0.8448179501657762,0.10512518204780469,0.029000282287597656
RBF_SVM,"C=4.0, gamma=0.02, class_weight=None, kernel=rbf",Pipeline A,34,0.0,0.8857142857142857,0.8568531350346459,0.8690058479532163,0.9508196721311475,0.7628865979381443,0.8429355972245999,0.09697805702857584,0.02561044692993164
RBF_SVM,"C=4.0, gamma=0.02, class_weight=balanced, kernel=rbf",Pipeline A,34,0.0,0.8821428571428571,0.8565432933355868,0.8660694873244337,0.9398907103825137,0.7731958762886598,0.8428273721163746,0.09503729860698146,0.027514934539794922
RBF_SVM,"C=2.0, gamma=0.02, class_weight=balanced, kernel=rbf",Pipeline B,34,0.0,0.8821428571428571,0.8565432933355868,0.8660694873244337,0.9398907103825137,0.7731958762886598,0.8448928752407013,0.10486384640072569,0.02899765968322754
RBF_SVM,"C=8.0, gamma=0.01, class_weight=balanced, kernel=rbf",Pipeline C,34,0.0,0.8785714285714286,0.8562334516365275,0.863147605083089,0.9289617486338798,0.7835051546391752,0.8501124961994527,0.08487296957525328,0.04299640655517578
RBF_SVM,"C=8.0, gamma=scale, class_weight=None, kernel=rbf",Pipeline B,34,0.0,0.8785714285714286,0.8562334516365275,0.863147605083089,0.9289617486338798,0.7835051546391752,0.8408851549132879,0.09380691983199937,0.027001619338989258
RBF_SVM,"C=2.0, gamma=0.04, class_weight=None, kernel=rbf",Pipeline A,34,0.0,0.8785714285714286,0.8562334516365275,0.863147605083089,0.9289617486338798,0.7835051546391752,0.8468876717762699,0.08564325123933714,0.0269930362701416
RBF_SVM,"C=8.0, gamma=scale, class_weight=None, kernel=rbf",Pipeline A,34,0.0,0.8785714285714286,0.8562334516365275,0.863147605083089,0.9289617486338798,0.7835051546391752,0.8408851549132879,0.09380691983199937,0.027730464935302734
RBF_SVM,"C=2.0, gamma=0.04, class_weight=None, kernel=rbf",Pipeline B,34,0.0,0.8785714285714286,0.8562334516365275,0.863147605083089,0.9289617486338798,0.7835051546391752,0.8468876717762699,0.08564325123933714,0.02968311309814453
RBF_SVM,"C=2.0, gamma=0.08, class_weight=balanced, kernel=rbf",Pipeline B,34,0.0,0.8678571428571429,0.8553039265393498,0.8544432736213559,0.8961748633879781,0.8144329896907216,0.8564143361743433,0.052380235659827544,0.0346531867980957
RBF_SVM,"C=2.0, gamma=0.08, class_weight=balanced, kernel=rbf",Pipeline A,34,0.0,0.8678571428571429,0.8553039265393498,0.8544432736213559,0.8961748633879781,0.8144329896907216,0.8564143361743433,0.052380235659827544,0.03217434883117676
RBF_SVM,"C=4.0, gamma=0.02, class_weight=balanced, kernel=rbf",Pipeline B,34,0.0,0.8821428571428571,0.8541208945974874,0.8653041589527544,0.9453551912568307,0.7628865979381443,0.8412083244973271,0.094556821907284,0.03199958801269531
RBF_SVM,"C=2.0, gamma=scale, class_weight=None, kernel=rbf",Pipeline A,34,0.0,0.8821428571428571,0.8541208945974874,0.8653041589527544,0.9453551912568307,0.7628865979381443,0.8327805170106959,0.11256034498803467,0.025995731353759766
RBF_SVM,"C=2.0, gamma=0.04, class_weight=balanced, kernel=rbf",Pipeline C,34,0.0,0.875,0.8535012111993691,0.8595002222190363,0.9234972677595629,0.7835051546391752,0.8477026265433449,0.04079833125847373,0.041033267974853516
RBF_SVM,"C=2.0, gamma=0.08, class_weight=None, kernel=rbf",Pipeline C,34,0.0,0.8678571428571429,0.8528815278012507,0.8537363583741582,0.9016393442622951,0.8041237113402062,0.8534829266770027,0.03360623290656253,0.0436098575592041
RBF_SVM,"C=8.0, gamma=0.08, class_weight=None, kernel=rbf",Pipeline C,34,0.0,0.8642857142857143,0.8525716861021915,0.8508634222919937,0.8907103825136612,0.8144329896907216,0.8547115999644996,0.02414077907132219,0.042540788650512695
RBF_SVM,"C=8.0, gamma=0.08, class_weight=balanced, kernel=rbf",Pipeline C,34,0.0,0.8642857142857143,0.8525716861021915,0.8508634222919937,0.8907103825136612,0.8144329896907216,0.8547115999644996,0.02414077907132219,0.04699420928955078
RBF_SVM,"C=4.0, gamma=0.08, class_weight=None, kernel=rbf",Pipeline C,34,0.0,0.8642857142857143,0.8525716861021915,0.8508634222919937,0.8907103825136612,0.8144329896907216,0.8547115999644996,0.02414077907132219,0.044274091720581055
RBF_SVM,"C=4.0, gamma=0.08, class_weight=balanced, kernel=rbf",Pipeline C,34,0.0,0.8642857142857143,0.8525716861021915,0.8508634222919937,0.8907103825136612,0.8144329896907216,0.8547115999644996,0.02414077907132219,0.045384883880615234
RBF_SVM,"C=2.0, gamma=0.08, class_weight=balanced, kernel=rbf",Pipeline C,34,0.0,0.8642857142857143,0.8525716861021915,0.8508634222919937,0.8907103825136612,0.8144329896907216,0.8533747015687775,0.04179439450922788,0.04400324821472168
RBF_SVM,"C=8.0, gamma=0.005, class_weight=None, kernel=rbf",Pipeline A,34,0.0,0.8857142857142857,0.8520083375584474,0.8674242424242424,0.9617486338797814,0.7422680412371134,0.8325437537739327,0.11245819971666772,0.02899789810180664
RBF_SVM,"C=2.0, gamma=0.04, class_weight=None, kernel=rbf",Pipeline C,34,0.0,0.875,0.8510788124612698,0.8587387387387387,0.9289617486338798,0.7731958762886598,0.8394298992706177,0.06642868479273227,0.03865790367126465
RBF_SVM,"C=1.0, gamma=0.02, class_weight=balanced, kernel=rbf",Pipeline B,34,0.0,0.875,0.8510788124612698,0.8587387387387387,0.9289617486338798,0.7731958762886598,0.8280282079386938,0.10625243772892343,0.028999805450439453
RBF_SVM,"C=4.0, gamma=0.04, class_weight=balanced, kernel=rbf",Pipeline A,34,0.0,0.8714285714285714,0.8507689707622106,0.8558682223747426,0.9180327868852459,0.7835051546391752,0.8425818182095467,0.07702396108093956,0.02961444854736328
RBF_SVM,"C=4.0, gamma=0.04, class_weight=balanced, kernel=rbf",Pipeline B,34,0.0,0.8714285714285714,0.8507689707622106,0.8558682223747426,0.9180327868852459,0.7835051546391752,0.8425818182095467,0.07702396108093956,0.030002355575561523
RBF_SVM,"C=8.0, gamma=0.08, class_weight=balanced, kernel=rbf",Pipeline B,34,0.0,0.8642857142857143,0.8501492873640921,0.8501492873640921,0.8961748633879781,0.8041237113402062,0.8504425798828941,0.0496075779877311,0.03271675109863281
RBF_SVM,"C=8.0, gamma=0.08, class_weight=None, kernel=rbf",Pipeline B,34,0.0,0.8642857142857143,0.8501492873640921,0.8501492873640921,0.8961748633879781,0.8041237113402062,0.8504425798828941,0.0496075779877311,0.03099536895751953
RBF_SVM,"C=4.0, gamma=0.08, class_weight=None, kernel=rbf",Pipeline B,34,0.0,0.8642857142857143,0.8501492873640921,0.8501492873640921,0.8961748633879781,0.8041237113402062,0.8504425798828941,0.0496075779877311,0.03099989891052246
RBF_SVM,"C=4.0, gamma=0.08, class_weight=balanced, kernel=rbf",Pipeline B,34,0.0,0.8642857142857143,0.8501492873640921,0.8501492873640921,0.8961748633879781,0.8041237113402062,0.8504425798828941,0.0496075779877311,0.03670382499694824
RBF_SVM,"C=4.0, gamma=0.08, class_weight=None, kernel=rbf",Pipeline A,34,0.0,0.8642857142857143,0.8501492873640921,0.8501492873640921,0.8961748633879781,0.8041237113402062,0.8504425798828941,0.0496075779877311,0.030587196350097656
RBF_SVM,"C=4.0, gamma=0.08, class_weight=balanced, kernel=rbf",Pipeline A,34,0.0,0.8642857142857143,0.8501492873640921,0.8501492873640921,0.8961748633879781,0.8041237113402062,0.8504425798828941,0.0496075779877311,0.032556772232055664
RBF_SVM,"C=8.0, gamma=0.08, class_weight=None, kernel=rbf",Pipeline A,34,0.0,0.8642857142857143,0.8501492873640921,0.8501492873640921,0.8961748633879781,0.8041237113402062,0.8504425798828941,0.0496075779877311,0.03099966049194336
RBF_SVM,"C=8.0, gamma=0.08, class_weight=balanced, kernel=rbf",Pipeline A,34,0.0,0.8642857142857143,0.8501492873640921,0.8501492873640921,0.8961748633879781,0.8041237113402062,0.8504425798828941,0.0496075779877311,0.03165912628173828
RBF_SVM,"C=0.5, gamma=0.04, class_weight=balanced, kernel=rbf",Pipeline B,34,0.0,0.8607142857142858,0.8498394456650329,0.8472962201619332,0.8852459016393442,0.8144329896907216,0.8474441077667748,0.02935105407756739,0.030732393264770508
RBF_SVM,"C=0.5, gamma=0.04, class_weight=balanced, kernel=rbf",Pipeline A,34,0.0,0.8607142857142858,0.8498394456650329,0.8472962201619332,0.8852459016393442,0.8144329896907216,0.8474441077667748,0.02935105407756739,0.029999971389770508
RBF_SVM,"C=8.0, gamma=0.005, class_weight=None, kernel=rbf",Pipeline B,34,0.0,0.8857142857142857,0.8495859388203482,0.8665951998094217,0.9672131147540983,0.7319587628865979,0.8302710265012054,0.11188265004863651,0.028018474578857422
RBF_SVM,"C=8.0, gamma=0.01, class_weight=None, kernel=rbf",Pipeline B,34,0.0,0.8821428571428571,0.8492760971212889,0.8636987210691685,0.9562841530054644,0.7422680412371134,0.8339275072753335,0.12653069331028863,0.028002262115478516
RBF_SVM,"C=8.0, gamma=0.01, class_weight=None, kernel=rbf",Pipeline A,34,0.0,0.8821428571428571,0.8492760971212889,0.8636987210691685,0.9562841530054644,0.7422680412371134,0.8339275072753335,0.12653069331028863,0.028000593185424805
RBF_SVM,"C=8.0, gamma=0.02, class_weight=None, kernel=rbf",Pipeline B,34,0.0,0.8785714285714286,0.8489662554222297,0.8608187134502925,0.9453551912568307,0.7525773195876289,0.8365546448436474,0.09491819881745472,0.028008699417114258
RBF_SVM,"C=2.0, gamma=scale, class_weight=None, kernel=rbf",Pipeline B,34,0.0,0.8785714285714286,0.8489662554222297,0.8608187134502925,0.9453551912568307,0.7525773195876289,0.8282350624652415,0.11109921889755225,0.02716517448425293
RBF_SVM,"C=8.0, gamma=0.02, class_weight=balanced, kernel=rbf",Pipeline A,34,0.0,0.8714285714285714,0.8483465720241113,0.8550974642056235,0.9234972677595629,0.7731958762886598,0.8358491908773239,0.09112737153037133,0.029001474380493164
RBF_SVM,"C=8.0, gamma=0.02, class_weight=balanced, kernel=rbf",Pipeline B,34,0.0,0.8714285714285714,0.8483465720241113,0.8550974642056235,0.9234972677595629,0.7731958762886598,0.8358491908773239,0.09112737153037133,0.030003070831298828
RBF_SVM,"C=1.0, gamma=0.02, class_weight=balanced, kernel=rbf",Pipeline A,34,0.0,0.8714285714285714,0.8483465720241113,0.8550974642056235,0.9234972677595629,0.7731958762886598,0.8257026265433449,0.11113806678201903,0.02799844741821289
RBF_SVM,"C=8.0, gamma=scale, class_weight=balanced, kernel=rbf",Pipeline A,34,0.0,0.8714285714285714,0.8483465720241113,0.8550974642056235,0.9234972677595629,0.7731958762886598,0.8345042025323355,0.08828604323543915,0.029010772705078125
RBF_SVM,"C=8.0, gamma=scale, class_weight=balanced, kernel=rbf",Pipeline B,34,0.0,0.8714285714285714,0.8483465720241113,0.8550974642056235,0.9234972677595629,0.7731958762886598,0.8345042025323355,0.08828604323543915,0.029000520706176758
RBF_SVM,"C=4.0, gamma=0.02, class_weight=None, kernel=rbf",Pipeline C,34,0.0,0.8714285714285714,0.8483465720241113,0.8550974642056235,0.9234972677595629,0.7731958762886598,0.8395849794845216,0.06355095898890963,0.040007829666137695
RBF_SVM,"C=8.0, gamma=0.04, class_weight=None, kernel=rbf",Pipeline B,34,0.0,0.8714285714285714,0.8483465720241113,0.8550974642056235,0.9234972677595629,0.7731958762886598,0.8384795921182645,0.0698206468435243,0.031017541885375977
RBF_SVM,"C=4.0, gamma=0.04, class_weight=balanced, kernel=rbf",Pipeline C,34,0.0,0.8678571428571429,0.8480367303250521,0.8522511730058899,0.912568306010929,0.7835051546391752,0.8383329911627658,0.07201099231820514,0.04151034355163574
RBF_SVM,"C=8.0, gamma=0.02, class_weight=balanced, kernel=rbf",Pipeline C,34,0.0,0.8642857142857143,0.8477268886259929,0.849411231884058,0.9016393442622951,0.7938144329896907,0.8343611982497965,0.09666966238137722,0.0410001277923584
RBF_SVM,"C=1.0, gamma=0.08, class_weight=None, kernel=rbf",Pipeline A,34,0.0,0.8642857142857143,0.8477268886259929,0.849411231884058,0.9016393442622951,0.7938144329896907,0.8483146269460432,0.056763487300896705,0.02903461456298828
RBF_SVM,"C=2.0, gamma=0.08, class_weight=None, kernel=rbf",Pipeline A,34,0.0,0.8642857142857143,0.8477268886259929,0.849411231884058,0.9016393442622951,0.7938144329896907,0.8497043794643867,0.06729425516098546,0.03009486198425293
RBF_SVM,"C=1.0, gamma=0.08, class_weight=None, kernel=rbf",Pipeline B,34,0.0,0.8642857142857143,0.8477268886259929,0.849411231884058,0.9016393442622951,0.7938144329896907,0.8483146269460432,0.056763487300896705,0.028999805450439453
RBF_SVM,"C=2.0, gamma=0.08, class_weight=None, kernel=rbf",Pipeline B,34,0.0,0.8642857142857143,0.8477268886259929,0.849411231884058,0.9016393442622951,0.7938144329896907,0.8497043794643867,0.06729425516098546,0.0339961051940918
RBF_SVM,"C=4.0, gamma=0.04, class_weight=None, kernel=rbf",Pipeline B,34,0.0,0.8714285714285714,0.8459241732860121,0.8543015726179464,0.9289617486338798,0.7628865979381443,0.8377967626853607,0.09078250607763899,0.03186202049255371
RBF_SVM,"C=4.0, gamma=0.04, class_weight=None, kernel=rbf",Pipeline A,34,0.0,0.8714285714285714,0.8459241732860121,0.8543015726179464,0.9289617486338798,0.7628865979381443,0.8377967626853607,0.09078250607763899,0.027998685836791992
RBF_SVM,"C=8.0, gamma=0.04, class_weight=balanced, kernel=rbf",Pipeline B,34,0.0,0.8678571428571429,0.8456143315869529,0.8514716634886955,0.9180327868852459,0.7731958762886598,0.8361540107229157,0.07405393111345093,0.03276777267456055
RBF_SVM,"C=8.0, gamma=0.04, class_weight=balanced, kernel=rbf",Pipeline A,34,0.0,0.8678571428571429,0.8456143315869529,0.8514716634886955,0.9180327868852459,0.7731958762886598,0.8361540107229157,0.07405393111345093,0.037198781967163086
RBF_SVM,"C=8.0, gamma=0.04, class_weight=None, kernel=rbf",Pipeline A,34,0.0,0.8678571428571429,0.8456143315869529,0.8514716634886955,0.9180327868852459,0.7731958762886598,0.8361540107229157,0.07405393111345093,0.03132462501525879
RBF_SVM,"C=4.0, gamma=0.01, class_weight=balanced, kernel=rbf",Pipeline B,34,0.0,0.8785714285714286,0.8441214579460312,0.8591382575757576,0.9562841530054644,0.7319587628865979,0.8281005253197605,0.12234058378628015,0.028129100799560547
RBF_SVM,"C=8.0, gamma=0.01, class_weight=None, kernel=rbf",Pipeline C,34,0.0,0.8714285714285714,0.8435017745479128,0.8534798534798536,0.9344262295081968,0.7525773195876289,0.832065641093774,0.08882645640484084,0.04100179672241211
RBF_SVM,"C=2.0, gamma=0.01, class_weight=balanced, kernel=rbf",Pipeline A,34,0.0,0.8714285714285714,0.8435017745479128,0.8534798534798536,0.9344262295081968,0.7525773195876289,0.8248554420856211,0.10651520510178467,0.028006792068481445
RBF_SVM_SelectK28,"C=1.0, gamma=0.04, class_weight=balanced, kernel=rbf",Pipeline B,28,0.0,0.8678571428571429,0.8431919328488535,0.8506666666666667,0.9234972677595629,0.7628865979381443,0.8366962579045492,0.10087170352993631,0.03501319885253906
RBF_SVM,"C=0.5, gamma=0.08, class_weight=balanced, kernel=rbf",Pipeline C,34,0.0,0.825,0.8418962311982423,0.817434232412077,0.7868852459016393,0.8969072164948454,0.8543513909908962,0.04296008202709209,0.04671072959899902
RBF_SVM,"C=2.0, gamma=0.01, class_weight=balanced, kernel=rbf",Pipeline B,34,0.0,0.8714285714285714,0.8410793758098136,0.8526315789473684,0.9398907103825137,0.7422680412371134,0.8225827148128937,0.10508831426816165,0.029999971389770508
RBF_SVM,"C=0.5, gamma=0.04, class_weight=balanced, kernel=rbf",Pipeline C,34,0.0,0.8428571428571429,0.8410230409554391,0.8310569908397785,0.8469945355191257,0.8350515463917526,0.8454518546938103,0.012659781368244749,0.050003767013549805
LogisticRegression,"C=100.0, penalty=l2, class_weight=None, solver=lbfgs",Pipeline B,34,0.0,0.8607142857142858,0.8401498507126359,0.8442647499251272,0.907103825136612,0.7731958762886598,0.8408914769086661,0.08488739384779273,0.06899428367614746
RBF_SVM,"C=4.0, gamma=0.01, class_weight=balanced, kernel=rbf",Pipeline A,34,0.0,0.875,0.8389668187707735,0.8545454545454545,0.9562841530054644,0.7216494845360825,0.8241005253197603,0.12249250658940698,0.02700018882751465
RBF_SVM,"C=4.0, gamma=0.005, class_weight=balanced, kernel=rbf",Pipeline A,34,0.0,0.8714285714285714,0.8386569770717143,0.8517559856462145,0.9453551912568307,0.7319587628865979,0.8215091217393006,0.10761716812396618,0.02900409698486328
RBF_SVM,"C=1.0, gamma=scale, class_weight=None, kernel=rbf",Pipeline B,34,0.0,0.8714285714285714,0.8386569770717143,0.8517559856462145,0.9453551912568307,0.7319587628865979,0.8163092773520418,0.10686076720728073,0.030580997467041016
RBF_SVM,"C=8.0, gamma=0.005, class_weight=balanced, kernel=rbf",Pipeline A,34,0.0,0.8714285714285714,0.8386569770717143,0.8517559856462145,0.9453551912568307,0.7319587628865979,0.8227377950267976,0.11459493957896727,0.029099225997924805
RBF_SVM,"C=8.0, gamma=0.005, class_weight=balanced, kernel=rbf",Pipeline B,34,0.0,0.8714285714285714,0.8386569770717143,0.8517559856462145,0.9453551912568307,0.7319587628865979,0.8227377950267976,0.11459493957896727,0.026999950408935547
RBF_SVM,"C=1.0, gamma=scale, class_weight=None, kernel=rbf",Pipeline A,34,0.0,0.8714285714285714,0.8386569770717143,0.8517559856462145,0.9453551912568307,0.7319587628865979,0.8163092773520418,0.10686076720728073,0.0260467529296875
RBF_SVM,"C=4.0, gamma=scale, class_weight=None, kernel=rbf",Pipeline C,34,0.0,0.8678571428571429,0.838347135372655,0.848977390340967,0.9344262295081968,0.7422680412371134,0.8201832881525976,0.10108778843887715,0.03977322578430176
RBF_SVM,"C=1.0, gamma=0.04, class_weight=None, kernel=rbf",Pipeline A,34,0.0,0.8678571428571429,0.838347135372655,0.848977390340967,0.9344262295081968,0.7422680412371134,0.8214051151172427,0.08709456555295898,0.028535842895507812
RBF_SVM,"C=1.0, gamma=0.04, class_weight=None, kernel=rbf",Pipeline B,34,0.0,0.8678571428571429,0.838347135372655,0.848977390340967,0.9344262295081968,0.7422680412371134,0.8214051151172427,0.08709456555295898,0.028074026107788086
RBF_SVM,"C=4.0, gamma=0.04, class_weight=None, kernel=rbf",Pipeline C,34,0.0,0.8642857142857143,0.8380372936735958,0.8462072155411655,0.9234972677595629,0.7525773195876289,0.8280134087843598,0.0740712598308922,0.040001630783081055
RBF_SVM,"C=0.5, gamma=0.08, class_weight=None, kernel=rbf",Pipeline A,34,0.0,0.8571428571428571,0.8374176102754775,0.8406827880512091,0.9016393442622951,0.7731958762886598,0.8373483750532464,0.0488602734022715,0.03300023078918457
RBF_SVM,"C=0.5, gamma=0.08, class_weight=None, kernel=rbf",Pipeline B,34,0.0,0.8571428571428571,0.8374176102754775,0.8406827880512091,0.9016393442622951,0.7731958762886598,0.8373483750532464,0.0488602734022715,0.032000064849853516
LogisticRegression,"C=100.0, penalty=l2, class_weight=None, solver=lbfgs",Pipeline A,34,0.0,0.8571428571428571,0.8374176102754775,0.8406827880512091,0.9016393442622951,0.7731958762886598,0.8446187496359387,0.07744349987669452,0.06854891777038574
RBF_SVM,"C=4.0, gamma=0.01, class_weight=None, kernel=rbf",Pipeline B,34,0.0,0.875,0.8365444200326742,0.8536242923929441,0.9617486338797814,0.711340206185567,0.8199982992284782,0.10651645974430839,0.03099989891052246
RBF_SVM,"C=4.0, gamma=0.01, class_weight=None, kernel=rbf",Pipeline A,34,0.0,0.875,0.8365444200326742,0.8536242923929441,0.9617486338797814,0.711340206185567,0.8199982992284782,0.10651645974430839,0.02599787712097168
RBF_SVM,"C=4.0, gamma=0.005, class_weight=balanced, kernel=rbf",Pipeline B,34,0.0,0.8714285714285714,0.8362345783336149,0.8508522727272727,0.9508196721311475,0.7216494845360825,0.8192363944665735,0.10641932477133663,0.029005765914916992
RBF_SVM,"C=1.0, gamma=0.04, class_weight=None, kernel=rbf",Pipeline C,34,0.0,0.8678571428571429,0.8359247366345558,0.8480916142465432,0.9398907103825137,0.7319587628865979,0.8182106479337193,0.07642245115615,0.03999686241149902
RBF_SVM_SelectK24,"C=1.0, gamma=0.04, class_weight=balanced, kernel=rbf",Pipeline B,24,0.0,0.8642857142857143,0.8356148949354967,0.8453398453398453,0.9289617486338798,0.7422680412371134,0.8244763847544434,0.11556494814525634,0.03733086585998535
RBF_SVM,"C=1.0, gamma=0.02, class_weight=balanced, kernel=rbf",Pipeline C,34,0.0,0.8607142857142858,0.8353050532364374,0.8425945945945946,0.9180327868852459,0.7525773195876289,0.8134957720167973,0.09868787273038009,0.04200291633605957
RBF_SVM,"C=1.0, gamma=0.01, class_weight=balanced, kernel=rbf",Pipeline A,34,0.0,0.8607142857142858,0.8353050532364374,0.8425945945945946,0.9180327868852459,0.7525773195876289,0.8119761227689617,0.09760350069162763,0.02864980697631836
RBF_SVM,"C=8.0, gamma=0.04, class_weight=balanced, kernel=rbf",Pipeline C,34,0.0,0.8535714285714285,0.834685369838319,0.8371146015125073,0.8961748633879781,0.7731958762886598,0.8310341477353314,0.0489847058864818,0.042632102966308594
RBF_SVM,"C=0.5, gamma=scale, class_weight=balanced, kernel=rbf",Pipeline B,34,0.0,0.85,0.8343755281392597,0.8343755281392597,0.8852459016393442,0.7835051546391752,0.8245414051837653,0.04866374245561412,0.02900099754333496
RBF_SVM,"C=0.5, gamma=scale, class_weight=balanced, kernel=rbf",Pipeline A,34,0.0,0.85,0.8343755281392597,0.8343755281392597,0.8852459016393442,0.7835051546391752,0.8245414051837653,0.04866374245561412,0.03099346160888672
LogisticRegression,"C=100.0, penalty=l2, class_weight=balanced, solver=lbfgs",Pipeline B,34,0.0,0.8464285714285714,0.8340656864402005,0.8316342940246955,0.8743169398907104,0.7938144329896907,0.8465123632686827,0.09295831575802109,0.07758164405822754
RBF_SVM,"C=0.5, gamma=0.04, class_weight=None, kernel=rbf",Pipeline C,34,0.0,0.8642857142857143,0.8331924961973973,0.8444444444444444,0.9344262295081968,0.7319587628865979,0.8255654841599644,0.045687778067564855,0.041994571685791016
LogisticRegression,"C=100.0, penalty=l2, class_weight=balanced, solver=lbfgs",Pipeline C,34,0.0,0.8464285714285714,0.8316432877021013,0.8308394801545487,0.8797814207650273,0.7835051546391752,0.8391293199554068,0.08246987179651888,0.1262812614440918
RBF_SVM,"C=2.0, gamma=0.02, class_weight=None, kernel=rbf",Pipeline B,34,0.0,0.8714285714285714,0.8313897808574164,0.8489570846319827,0.9617486338797814,0.7010309278350515,0.813462266633622,0.09928449955369689,0.027002573013305664
RBF_SVM,"C=8.0, gamma=0.005, class_weight=None, kernel=rbf",Pipeline C,34,0.0,0.8714285714285714,0.8313897808574164,0.8489570846319827,0.9617486338797814,0.7010309278350515,0.8122900441417066,0.0938673856679669,0.04352450370788574
LogisticRegression,"C=100.0, penalty=l2, class_weight=balanced, solver=lbfgs",Pipeline A,34,0.0,0.8428571428571429,0.831333446003042,0.8281154082259055,0.8688524590163934,0.7938144329896907,0.8443478611041806,0.0830559677601297,0.0712270736694336
RBF_SVM,"C=4.0, gamma=0.01, class_weight=balanced, kernel=rbf",Pipeline C,34,0.0,0.8642857142857143,0.8307700974592981,0.8435202070710042,0.9398907103825137,0.7216494845360825,0.8127712909426463,0.09885107971441291,0.04200029373168945
RBF_SVM,"C=2.0, gamma=0.02, class_weight=balanced, kernel=rbf",Pipeline C,34,0.0,0.8607142857142858,0.8304602557602389,0.8408140060350734,0.9289617486338798,0.7319587628865979,0.8198577067572488,0.08458017236787335,0.042001962661743164
RBF_SVM,"C=1.0, gamma=0.01, class_weight=balanced, kernel=rbf",Pipeline B,34,0.0,0.8571428571428571,0.8301504140611797,0.8381128584643849,0.9180327868852459,0.7422680412371134,0.8074306682235072,0.09390179607688533,0.029999732971191406
LogisticRegression,"C=100.0, penalty=l2, class_weight=None, solver=lbfgs",Pipeline C,34,0.0,0.8571428571428571,0.8301504140611797,0.8381128584643849,0.9180327868852459,0.7422680412371134,0.8276353067222633,0.08261892632086804,0.11515045166015625
RBF_SVM,"C=0.5, gamma=0.08, class_weight=None, kernel=rbf",Pipeline C,34,0.0,0.8535714285714285,0.8298405723621205,0.835414546028014,0.907103825136612,0.7525773195876289,0.8384490441060357,0.04708924566663346,0.041686296463012695
RBF_SVM,"C=8.0, gamma=0.04, class_weight=None, kernel=rbf",Pipeline C,34,0.0,0.85,0.8295307306630613,0.8327169274537696,0.8961748633879781,0.7628865979381443,0.8264886931898768,0.05210641085808522,0.04407978057861328
RBF_SVM,"C=2.0, gamma=0.02, class_weight=None, kernel=rbf",Pipeline A,34,0.0,0.8678571428571429,0.828657540420258,0.8452599662439695,0.9562841530054644,0.7010309278350515,0.8108981640695194,0.09791493265981888,0.026000022888183594
RBF_SVM,"C=2.0, gamma=scale, class_weight=balanced, kernel=rbf",Pipeline C,34,0.0,0.8571428571428571,0.8277280153230804,0.8371998371998373,0.9234972677595629,0.7319587628865979,0.8099567057974243,0.09954625253950193,0.04375767707824707
LogisticRegression_SelectK30,"C=100.0, penalty=l2, class_weight=None, solver=lbfgs",Pipeline B,30,0.0,0.85,0.8271083319249619,0.8318462594371997,0.9016393442622951,0.7525773195876289,0.8357936727520384,0.05175220134083283,0.06761860847473145
RBF_SVM,"C=1.0, gamma=0.02, class_weight=None, kernel=rbf",Pipeline A,34,0.0,0.8678571428571429,0.8262351416821587,0.8442550248801094,0.9617486338797814,0.6907216494845361,0.8032697532646381,0.09294916747825813,0.02700018882751465
RBF_SVM,"C=1.0, gamma=0.02, class_weight=None, kernel=rbf",Pipeline B,34,0.0,0.8678571428571429,0.8262351416821587,0.8442550248801094,0.9617486338797814,0.6907216494845361,0.8032697532646381,0.09294916747825813,0.027003765106201172
RBF_SVM,"C=0.5, gamma=0.04, class_weight=None, kernel=rbf",Pipeline B,34,0.0,0.8571428571428571,0.8253056165849811,0.8362573099415205,0.9289617486338798,0.7216494845360825,0.8122912511466012,0.07317130625940856,0.02799677848815918
RBF_SVM,"C=0.5, gamma=0.04, class_weight=None, kernel=rbf",Pipeline A,34,0.0,0.8571428571428571,0.8253056165849811,0.8362573099415205,0.9289617486338798,0.7216494845360825,0.8122912511466012,0.07317130625940856,0.027521133422851562
RBF_SVM,"C=2.0, gamma=0.005, class_weight=balanced, kernel=rbf",Pipeline A,34,0.0,0.8535714285714285,0.8249957748859219,0.8336014842515691,0.9180327868852459,0.7319587628865979,0.8025309992650147,0.09514558678609075,0.029000282287597656
LogisticRegression,"C=10.0, penalty=l2, class_weight=balanced, solver=lbfgs",Pipeline A,34,0.0,0.8428571428571429,0.8240662497887443,0.8256340579710145,0.8852459016393442,0.7628865979381443,0.8286040976212867,0.07828810790404955,0.0510258674621582
RBF_SVM,"C=8.0, gamma=0.005, class_weight=balanced, kernel=rbf",Pipeline C,34,0.0,0.8571428571428571,0.8204608191087825,0.834280303030303,0.9398907103825137,0.7010309278350515,0.8025266336391657,0.09054384486954078,0.04813838005065918
RBF_SVM,"C=2.0, gamma=0.02, class_weight=None, kernel=rbf",Pipeline C,34,0.0,0.8571428571428571,0.8204608191087825,0.834280303030303,0.9398907103825137,0.7010309278350515,0.8045208083615268,0.10327844262002778,0.0399932861328125
LogisticRegression,"C=10.0, penalty=l2, class_weight=None, solver=lbfgs",Pipeline B,34,0.0,0.8535714285714285,0.8201509774097234,0.8316690860569803,0.9289617486338798,0.711340206185567,0.8251966499964478,0.09247506497083607,0.05152320861816406
RBF_SVM,"C=2.0, gamma=0.005, class_weight=balanced, kernel=rbf",Pipeline B,34,0.0,0.85,0.8198411357106642,0.829059829059829,0.9180327868852459,0.7216494845360825,0.7979855447195601,0.08932072118134472,0.028605937957763672
RBF_SVM,"C=4.0, gamma=0.01, class_weight=None, kernel=rbf",Pipeline C,34,0.0,0.8535714285714285,0.8177285786716242,0.8306559867829063,0.9344262295081968,0.7010309278350515,0.8022480810887995,0.10041375816827337,0.039182424545288086
RBF_SVM,"C=0.5, gamma=scale, class_weight=None, kernel=rbf",Pipeline A,34,0.0,0.8535714285714285,0.8177285786716242,0.8306559867829063,0.9344262295081968,0.7010309278350515,0.8006722035275535,0.08657187309797951,0.02800583839416504
RBF_SVM,"C=0.5, gamma=scale, class_weight=None, kernel=rbf",Pipeline B,34,0.0,0.8535714285714285,0.8177285786716242,0.8306559867829063,0.9344262295081968,0.7010309278350515,0.8006722035275535,0.08657187309797951,0.030683279037475586
LogisticRegression,"C=10.0, penalty=l2, class_weight=balanced, solver=lbfgs",Pipeline B,34,0.0,0.8392857142857143,0.8164892118753873,0.8203054806828391,0.8907103825136612,0.7422680412371134,0.8221666944447531,0.08675483931288969,0.05513763427734375
RBF_SVM,"C=0.5, gamma=0.02, class_weight=balanced, kernel=rbf",Pipeline C,34,0.0,0.8321428571428572,0.8158695284772688,0.8151036178433438,0.8688524590163934,0.7628865979381443,0.7930643994677777,0.09266556751914269,0.06261444091796875
LogisticRegression,"C=10.0, penalty=l2, class_weight=None, solver=lbfgs",Pipeline A,34,0.0,0.85,0.8149963382344656,0.8270486499205836,0.9289617486338798,0.7010309278350515,0.8157421045419022,0.10143607431995437,0.04371309280395508
LogisticRegression,"C=1.0, penalty=l2, class_weight=balanced, solver=lbfgs",Pipeline A,34,0.0,0.8428571428571429,0.8143766548363472,0.8219241443108234,0.907103825136612,0.7216494845360825,0.8033280258669541,0.11848273732626918,0.03651094436645508
RBF_SVM,"C=2.0, gamma=0.01, class_weight=None, kernel=rbf",Pipeline A,34,0.0,0.8607142857142858,0.813503464593544,0.8336152123234447,0.9672131147540983,0.6597938144329897,0.7941961601910451,0.08312622263326817,0.02562260627746582
RBF_SVM,"C=0.5, gamma=0.02, class_weight=None, kernel=rbf",Pipeline A,34,0.0,0.8571428571428571,0.8131936228944847,0.8310708898944192,0.9562841530054644,0.6701030927835051,0.7918112902581469,0.10633124289831822,0.02800273895263672
HistGradientBoosting,"learning_rate=0.1, max_iter=300, max_leaf_nodes=31, l2_regularization=1.0",Pipeline A,34,0.0,0.85,0.8125739394963665,0.8259943181818181,0.9344262295081968,0.6907216494845361,0.8077576279070957,0.09847700536694319,1.054579257965088
HistGradientBoosting,"learning_rate=0.1, max_iter=300, max_leaf_nodes=15, l2_regularization=1.0",Pipeline A,34,0.0,0.85,0.8125739394963665,0.8259943181818181,0.9344262295081968,0.6907216494845361,0.8077576279070957,0.09847700536694319,1.0641613006591797
RBF_SVM,"C=1.0, gamma=scale, class_weight=balanced, kernel=rbf",Pipeline C,34,0.0,0.8392857142857143,0.8116444143991888,0.8183783783783785,0.9016393442622951,0.7216494845360825,0.7903486080128559,0.08841342762751707,0.04600834846496582
LogisticRegression,"C=10.0, penalty=l2, class_weight=balanced, solver=lbfgs",Pipeline C,34,0.0,0.8357142857142857,0.8113345727001295,0.8158316174788378,0.8907103825136612,0.7319587628865979,0.8059505917069112,0.10585000938670776,0.08176755905151367
RBF_SVM,"C=4.0, gamma=0.005, class_weight=None, kernel=rbf",Pipeline A,34,0.0,0.8607142857142858,0.8110810658554448,0.8324510932105869,0.9726775956284153,0.6494845360824743,0.7865771125719976,0.1064426221232794,0.02600407600402832
RBF_SVM,"C=4.0, gamma=0.005, class_weight=None, kernel=rbf",Pipeline B,34,0.0,0.8607142857142858,0.8110810658554448,0.8324510932105869,0.9726775956284153,0.6494845360824743,0.7865771125719976,0.1064426221232794,0.028304576873779297
LogisticRegression,"C=1.0, penalty=l2, class_weight=None, solver=lbfgs",Pipeline A,34,0.0,0.8535714285714285,0.8104613824573264,0.8274177302725536,0.9508196721311475,0.6701030927835051,0.7990408108515525,0.11607252129100765,0.03653573989868164
RBF_SVM,"C=2.0, gamma=0.01, class_weight=None, kernel=rbf",Pipeline C,34,0.0,0.8535714285714285,0.8104613824573264,0.8274177302725536,0.9508196721311475,0.6701030927835051,0.7931148101685187,0.08430114673186404,0.04299783706665039
RBF_SVM,"C=0.5, gamma=0.02, class_weight=None, kernel=rbf",Pipeline B,34,0.0,0.8535714285714285,0.8104613824573264,0.8274177302725536,0.9508196721311475,0.6701030927835051,0.7894303378771945,0.10245952229149105,0.028607845306396484
RBF_SVM,"C=0.5, gamma=scale, class_weight=balanced, kernel=rbf",Pipeline C,34,0.0,0.825,0.8104050476029518,0.8081414048188391,0.8579234972677595,0.7628865979381443,0.7926365919811469,0.08009220117960286,0.0429990291595459
RBF_SVM,"C=2.0, gamma=scale, class_weight=None, kernel=rbf",Pipeline C,34,0.0,0.85,0.8101515407582671,0.8249061997498659,0.9398907103825137,0.6804123711340206,0.7927561024791739,0.09057729269792417,0.04399561882019043
LogisticRegression,"C=1.0, penalty=l2, class_weight=balanced, solver=lbfgs",Pipeline B,34,0.0,0.8392857142857143,0.8092220156610895,0.8173674827151367,0.907103825136612,0.711340206185567,0.798729717198878,0.12496533635676642,0.03994894027709961
RBF_SVM,"C=0.25, gamma=0.04, class_weight=balanced, kernel=rbf",Pipeline A,34,0.0,0.8035714285714286,0.8085459974085967,0.7923828783282777,0.7923497267759563,0.8247422680412371,0.8133939126358684,0.041578540111442644,0.032000064849853516
RBF_SVM,"C=0.25, gamma=0.04, class_weight=balanced, kernel=rbf",Pipeline B,34,0.0,0.8035714285714286,0.8085459974085967,0.7923828783282777,0.7923497267759563,0.8247422680412371,0.8133939126358684,0.041578540111442644,0.03175544738769531
RBF_SVM,"C=4.0, gamma=0.005, class_weight=None, kernel=rbf",Pipeline C,34,0.0,0.8571428571428571,0.8083488254182862,0.8287566509693597,0.9672131147540983,0.6494845360824743,0.7881306570667185,0.08078510789849493,0.041999101638793945
RBF_SVM,"C=2.0, gamma=0.01, class_weight=None, kernel=rbf",Pipeline B,34,0.0,0.8571428571428571,0.8083488254182862,0.8287566509693597,0.9672131147540983,0.6494845360824743,0.7896507056455906,0.07910304850001346,0.02700018882751465
RBF_SVM,"C=0.25, gamma=0.08, class_weight=balanced, kernel=rbf",Pipeline C,34,0.0,0.7714285714285715,0.8081798208551632,0.7675866362315833,0.6885245901639344,0.9278350515463918,0.8244016221887513,0.09009056781853116,0.04500555992126465
HistGradientBoosting_SelectK30,"learning_rate=0.1, max_iter=300, max_leaf_nodes=15, l2_regularization=1.0",Pipeline A,30,0.0,0.85,0.8077291420201679,0.8237832654039798,0.9453551912568307,0.6701030927835051,0.7897634531847343,0.12374452167729483,1.0115694999694824
RBF_SVM,"C=1.0, gamma=0.02, class_weight=None, kernel=rbf",Pipeline C,34,0.0,0.85,0.8077291420201679,0.8237832654039798,0.9453551912568307,0.6701030927835051,0.7880135951995821,0.08824594710912569,0.04160737991333008
HistGradientBoosting,"learning_rate=0.1, max_iter=300, max_leaf_nodes=7, l2_regularization=1.0",Pipeline A,34,0.0,0.8464285714285714,0.8074193003211088,0.8212987012987013,0.9344262295081968,0.6804123711340206,0.8033953235447913,0.0987571856488148,1.000248670578003
HistGradientBoosting,"learning_rate=0.1, max_iter=200, max_leaf_nodes=7, l2_regularization=1.0",Pipeline B,34,0.0,0.8464285714285714,0.8074193003211088,0.8212987012987013,0.9344262295081968,0.6804123711340206,0.803299059848932,0.09562675503250974,0.6989626884460449
RBF_SVM,"C=0.25, gamma=scale, class_weight=balanced, kernel=rbf",Pipeline B,34,0.0,0.8071428571428572,0.8064334403695567,0.7942857142857143,0.8087431693989071,0.8041237113402062,0.8044908207437202,0.03587046019759292,0.031999826431274414
RBF_SVM,"C=0.25, gamma=0.08, class_weight=balanced, kernel=rbf",Pipeline B,34,0.0,0.775,0.806067263816123,0.7700699956985884,0.7049180327868853,0.9072164948453608,0.8190830021898243,0.07064551104613187,0.035004615783691406
RBF_SVM,"C=0.25, gamma=0.08, class_weight=balanced, kernel=rbf",Pipeline A,34,0.0,0.775,0.806067263816123,0.7700699956985884,0.7049180327868853,0.9072164948453608,0.8190830021898243,0.07064551104613187,0.032846927642822266
RBF_SVM,"C=0.5, gamma=0.02, class_weight=balanced, kernel=rbf",Pipeline A,34,0.0,0.8285714285714286,0.8058700918258126,0.808819345661451,0.8797814207650273,0.7319587628865979,0.7845707192349671,0.08569088406817835,0.02899479866027832
RBF_SVM,"C=0.5, gamma=0.02, class_weight=balanced, kernel=rbf",Pipeline B,34,0.0,0.8285714285714286,0.8058700918258126,0.808819345661451,0.8797814207650273,0.7319587628865979,0.7845707192349671,0.08569088406817835,0.03199958801269531
LogisticRegression,"C=1.0, penalty=l2, class_weight=None, solver=lbfgs",Pipeline B,34,0.0,0.85,0.8053067432820686,0.8226244343891402,0.9508196721311475,0.6597938144329897,0.7931584579103761,0.10546603404732652,0.03894948959350586
HistGradientBoosting,"learning_rate=0.1, max_iter=300, max_leaf_nodes=31, l2_regularization=1.0",Pipeline B,34,0.0,0.8428571428571429,0.8046870598839502,0.8177083333333333,0.9289617486338798,0.6804123711340206,0.8007229958724636,0.10310905236877405,1.0478191375732422
HistGradientBoosting,"learning_rate=0.1, max_iter=300, max_leaf_nodes=15, l2_regularization=1.0",Pipeline B,34,0.0,0.8428571428571429,0.8046870598839502,0.8177083333333333,0.9289617486338798,0.6804123711340206,0.8007229958724636,0.10310905236877405,1.039966106414795
RBF_SVM,"C=0.25, gamma=scale, class_weight=balanced, kernel=rbf",Pipeline A,34,0.0,0.8035714285714286,0.8037011999323982,0.7908716848409131,0.8032786885245902,0.8041237113402062,0.8022180934709929,0.03774423059486692,0.03142881393432617
RBF_SVM,"C=1.0, gamma=0.005, class_weight=balanced, kernel=rbf",Pipeline A,34,0.0,0.825,0.8031378513886541,0.8053320847344599,0.8743169398907104,0.7319587628865979,0.7826938535601474,0.07715210130218433,0.029787302017211914
RBF_SVM,"C=1.0, gamma=0.005, class_weight=balanced, kernel=rbf",Pipeline B,34,0.0,0.825,0.8031378513886541,0.8053320847344599,0.8743169398907104,0.7319587628865979,0.7826938535601474,0.07715210130218433,0.03228473663330078
HistGradientBoosting,"learning_rate=0.1, max_iter=100, max_leaf_nodes=31, l2_regularization=1.0",Pipeline A,34,0.0,0.8428571428571429,0.8022646611458509,0.8165683997379549,0.9344262295081968,0.6701030927835051,0.7923529250938992,0.11315181933124167,0.39165353775024414
HistGradientBoosting,"learning_rate=0.1, max_iter=100, max_leaf_nodes=15, l2_regularization=1.0",Pipeline A,34,0.0,0.8428571428571429,0.8022646611458509,0.8165683997379549,0.9344262295081968,0.6701030927835051,0.7923529250938992,0.11315181933124167,0.378507137298584
HistGradientBoosting,"learning_rate=0.1, max_iter=300, max_leaf_nodes=7, l2_regularization=1.0",Pipeline B,34,0.0,0.8392857142857143,0.8019548194467918,0.8141346196397752,0.9234972677595629,0.6804123711340206,0.7986478970582344,0.10224380036600746,1.0220623016357422
LogisticRegression,"C=10.0, penalty=l2, class_weight=None, solver=lbfgs",Pipeline C,34,0.0,0.8392857142857143,0.8019548194467918,0.8141346196397752,0.9234972677595629,0.6804123711340206,0.7991070729068707,0.1089082418765367,0.07619285583496094
RBF_SVM,"C=0.25, gamma=0.02, class_weight=balanced, kernel=rbf",Pipeline B,34,0.0,0.8071428571428572,0.8015886428933581,0.7926608523942735,0.819672131147541,0.7835051546391752,0.7934232266870701,0.04442518114792815,0.033391475677490234
RBF_SVM,"C=1.0, gamma=0.01, class_weight=balanced, kernel=rbf",Pipeline C,34,0.0,0.8214285714285714,0.8004056109514956,0.801856884057971,0.8688524590163934,0.7319587628865979,0.7787259953314197,0.08764488093647611,0.04199409484863281
RBF_SVM,"C=0.5, gamma=0.01, class_weight=balanced, kernel=rbf",Pipeline A,34,0.0,0.8142857142857143,0.7997859275533773,0.7968636642669792,0.8469945355191257,0.7525773195876289,0.7807611954254433,0.06342130157420274,0.03412508964538574
RBF_SVM,"C=0.5, gamma=0.01, class_weight=balanced, kernel=rbf",Pipeline B,34,0.0,0.8142857142857143,0.7997859275533773,0.7968636642669792,0.8469945355191257,0.7525773195876289,0.7807611954254433,0.06342130157420274,0.034008026123046875
HistGradientBoosting,"learning_rate=0.1, max_iter=200, max_leaf_nodes=15, l2_regularization=1.0",Pipeline A,34,0.0,0.8392857142857143,0.7995324207086925,0.8129870129870129,0.9289617486338798,0.6701030927835051,0.7904689166183843,0.11278357478559622,0.7170557975769043
HistGradientBoosting,"learning_rate=0.1, max_iter=200, max_leaf_nodes=31, l2_regularization=1.0",Pipeline A,34,0.0,0.8392857142857143,0.7995324207086925,0.8129870129870129,0.9289617486338798,0.6701030927835051,0.7904689166183843,0.11278357478559622,0.7270004749298096
RBF_SVM,"C=2.0, gamma=0.01, class_weight=balanced, kernel=rbf",Pipeline C,34,0.0,0.8285714285714286,0.7986028956115148,0.8057354301572618,0.8961748633879781,0.7010309278350515,0.7838746189871509,0.0876492124550852,0.04392862319946289
RBF_SVM,"C=1.0, gamma=0.01, class_weight=None, kernel=rbf",Pipeline A,34,0.0,0.85,0.7980395470677708,0.818920916481892,0.9672131147540983,0.6288659793814433,0.7810104244572811,0.08632823228913136,0.025625228881835938
HistGradientBoosting,"learning_rate=0.1, max_iter=200, max_leaf_nodes=31, l2_regularization=1.0",Pipeline B,34,0.0,0.8357142857142857,0.796800180271534,0.8094223484848485,0.9234972677595629,0.6701030927835051,0.7939942174045547,0.10521571526270145,0.7057240009307861
HistGradientBoosting,"learning_rate=0.1, max_iter=200, max_leaf_nodes=15, l2_regularization=1.0",Pipeline B,34,0.0,0.8357142857142857,0.796800180271534,0.8094223484848485,0.9234972677595629,0.6701030927835051,0.7939942174045547,0.10521571526270145,0.7131633758544922
HistGradientBoosting_SelectK28,"learning_rate=0.1, max_iter=300, max_leaf_nodes=15, l2_regularization=1.0",Pipeline A,28,0.0,0.8321428571428572,0.7964903385724749,0.8070352937726359,0.912568306010929,0.6804123711340206,0.7914549356153472,0.06308565999856941,0.9613957405090332
RBF_SVM,"C=0.25, gamma=0.02, class_weight=balanced, kernel=rbf",Pipeline A,34,0.0,0.8035714285714286,0.7964340037181004,0.788388869804191,0.819672131147541,0.7731958762886598,0.7888777721416156,0.03667761723502461,0.033007144927978516
LogisticRegression,"C=1.0, penalty=l2, class_weight=balanced, solver=lbfgs",Pipeline C,34,0.0,0.8285714285714286,0.7961804968734156,0.8046398046398047,0.9016393442622951,0.6907216494845361,0.7902217545732683,0.08764122999917051,0.059003353118896484
HistGradientBoosting,"learning_rate=0.1, max_iter=200, max_leaf_nodes=7, l2_regularization=1.0",Pipeline A,34,0.0,0.8392857142857143,0.794687623232494,0.8105804356649979,0.9398907103825137,0.6494845360824743,0.7922821697622744,0.09188387260561778,0.6902806758880615
RBF_SVM,"C=0.5, gamma=0.01, class_weight=balanced, kernel=rbf",Pipeline C,34,0.0,0.8071428571428572,0.7943214466790604,0.79,0.8360655737704918,0.7525773195876289,0.7756021558290636,0.09051141298436655,0.0586390495300293
RBF_SVM,"C=0.25, gamma=0.04, class_weight=balanced, kernel=rbf",Pipeline C,34,0.0,0.775,0.7939552701256267,0.7672792517051676,0.73224043715847,0.8556701030927835,0.8028531833162178,0.0747602585066178,0.045999765396118164
RBF_SVM,"C=1.0, gamma=0.01, class_weight=None, kernel=rbf",Pipeline B,34,0.0,0.8464285714285714,0.7928849078925131,0.8139419882245678,0.9672131147540983,0.6185567010309279,0.7764649699118265,0.08311626579455102,0.028011322021484375
HistGradientBoosting,"learning_rate=0.03, max_iter=100, max_leaf_nodes=15, l2_regularization=1.0",Pipeline A,34,0.0,0.8392857142857143,0.7922652244943946,0.8093191482921958,0.9453551912568307,0.6391752577319587,0.7765234262753444,0.11874802477086473,0.394665002822876
HistGradientBoosting,"learning_rate=0.03, max_iter=200, max_leaf_nodes=31, l2_regularization=0.0",Pipeline B,34,0.0,0.8392857142857143,0.7922652244943946,0.8093191482921958,0.9453551912568307,0.6391752577319587,0.7776771744879161,0.12741075350628334,0.8444728851318359
HistGradientBoosting,"learning_rate=0.03, max_iter=200, max_leaf_nodes=15, l2_regularization=0.0",Pipeline A,34,0.0,0.8392857142857143,0.7922652244943946,0.8093191482921958,0.9453551912568307,0.6391752577319587,0.7776771744879161,0.12741075350628334,0.8164985179901123
HistGradientBoosting,"learning_rate=0.03, max_iter=200, max_leaf_nodes=15, l2_regularization=0.0",Pipeline B,34,0.0,0.8392857142857143,0.7922652244943946,0.8093191482921958,0.9453551912568307,0.6391752577319587,0.7776771744879161,0.12741075350628334,0.8543925285339355
LogisticRegression,"C=1.0, penalty=l2, class_weight=None, solver=lbfgs",Pipeline C,34,0.0,0.8392857142857143,0.7922652244943946,0.8093191482921958,0.9453551912568307,0.6391752577319587,0.7823427929551763,0.11214705601452415,0.05678153038024902
RBF_SVM,"C=1.0, gamma=scale, class_weight=None, kernel=rbf",Pipeline C,34,0.0,0.8392857142857143,0.7922652244943946,0.8093191482921958,0.9453551912568307,0.6391752577319587,0.7737834161714492,0.08234358898115239,0.0475163459777832
HistGradientBoosting,"learning_rate=0.03, max_iter=100, max_leaf_nodes=31, l2_regularization=1.0",Pipeline A,34,0.0,0.8392857142857143,0.7922652244943946,0.8093191482921958,0.9453551912568307,0.6391752577319587,0.7765234262753444,0.11874802477086473,0.37377214431762695
HistGradientBoosting,"learning_rate=0.03, max_iter=200, max_leaf_nodes=31, l2_regularization=0.0",Pipeline A,34,0.0,0.8392857142857143,0.7922652244943946,0.8093191482921958,0.9453551912568307,0.6391752577319587,0.7776771744879161,0.12741075350628334,0.8106560707092285
RBF_SVM,"C=4.0, gamma=0.005, class_weight=balanced, kernel=rbf",Pipeline C,34,0.0,0.8285714285714286,0.791335699397217,0.8023413141949527,0.912568306010929,0.6701030927835051,0.7748571658520508,0.0843291579785716,0.0410003662109375
ExtraTrees,"n_estimators=300, max_depth=16, min_samples_leaf=1, class_weight=None",Pipeline B,34,0.0,0.85,0.790772350853473,0.8148498016247875,0.9836065573770492,0.5979381443298969,0.7807465339434648,0.053927552988402,1.1881718635559082
RBF_SVM,"C=0.25, gamma=0.02, class_weight=balanced, kernel=rbf",Pipeline C,34,0.0,0.7821428571428571,0.7897301560475466,0.7712877783580391,0.7650273224043715,0.8144329896907216,0.7880606822547582,0.04662295661163717,0.04670310020446777
HistGradientBoosting,"learning_rate=0.05, max_iter=200, max_leaf_nodes=15, l2_regularization=1.0",Pipeline A,34,0.0,0.8357142857142857,0.7895329840572363,0.8057315233785822,0.9398907103825137,0.6391752577319587,0.7802915917128729,0.10052445578241356,0.728447675704956
HistGradientBoosting,"learning_rate=0.05, max_iter=200, max_leaf_nodes=31, l2_regularization=1.0",Pipeline A,34,0.0,0.8357142857142857,0.7895329840572363,0.8057315233785822,0.9398907103825137,0.6391752577319587,0.7802915917128729,0.10052445578241356,0.7485458850860596
HistGradientBoosting,"learning_rate=0.05, max_iter=300, max_leaf_nodes=15, l2_regularization=1.0",Pipeline A,34,0.0,0.8357142857142857,0.7895329840572363,0.8057315233785822,0.9398907103825137,0.6391752577319587,0.786291591712873,0.08644899070302706,1.209402084350586
HistGradientBoosting,"learning_rate=0.05, max_iter=300, max_leaf_nodes=31, l2_regularization=1.0",Pipeline A,34,0.0,0.8357142857142857,0.7895329840572363,0.8057315233785822,0.9398907103825137,0.6391752577319587,0.786291591712873,0.08644899070302706,1.142263412475586
HistGradientBoosting,"learning_rate=0.1, max_iter=200, max_leaf_nodes=7, l2_regularization=0.0",Pipeline B,34,0.0,0.8321428571428572,0.789223142358177,0.8034383354990964,0.9289617486338798,0.6494845360824743,0.7861864912581027,0.10091732729037421,0.7106888294219971
HistGradientBoosting,"learning_rate=0.05, max_iter=300, max_leaf_nodes=7, l2_regularization=1.0",Pipeline B,34,0.0,0.8321428571428572,0.789223142358177,0.8034383354990964,0.9289617486338798,0.6494845360824743,0.7802542956755769,0.10386489901774282,1.0169167518615723
HistGradientBoosting,"learning_rate=0.1, max_iter=300, max_leaf_nodes=31, l2_regularization=0.0",Pipeline A,34,0.0,0.8285714285714286,0.7889133006591178,0.8011363636363636,0.9180327868852459,0.6597938144329897,0.78990888139993,0.06676951400566036,1.0880260467529297
HistGradientBoosting,"learning_rate=0.1, max_iter=300, max_leaf_nodes=15, l2_regularization=0.0",Pipeline A,34,0.0,0.8285714285714286,0.7889133006591178,0.8011363636363636,0.9180327868852459,0.6597938144329897,0.78990888139993,0.06676951400566036,1.0647337436676025
LogisticRegression,"C=0.1, penalty=l2, class_weight=balanced, solver=lbfgs",Pipeline B,34,0.0,0.8285714285714286,0.7889133006591178,0.8011363636363636,0.9180327868852459,0.6597938144329897,0.7778630374165971,0.10070072154054248,0.031999826431274414
ExtraTrees,"n_estimators=500, max_depth=10, min_samples_leaf=2, class_weight=balanced",Pipeline B,34,0.0,0.8464285714285714,0.7880401104163146,0.8111639141140858,0.9781420765027322,0.5979381443298969,0.777820127017058,0.047204959246604665,2.092160701751709
HistGradientBoosting,"learning_rate=0.1, max_iter=100, max_leaf_nodes=7, l2_regularization=1.0",Pipeline A,34,0.0,0.8357142857142857,0.7871105853191369,0.804421768707483,0.9453551912568307,0.6288659793814433,0.7712802747124998,0.10813504850837287,0.3638725280761719
HistGradientBoosting,"learning_rate=0.05, max_iter=100, max_leaf_nodes=7, l2_regularization=0.0",Pipeline A,34,0.0,0.8357142857142857,0.7871105853191369,0.804421768707483,0.9453551912568307,0.6288659793814433,0.7699124686055633,0.10905274458043326,0.3766336441040039
HistGradientBoosting,"learning_rate=0.03, max_iter=100, max_leaf_nodes=7, l2_regularization=1.0",Pipeline B,34,0.0,0.8357142857142857,0.7871105853191369,0.804421768707483,0.9453551912568307,0.6288659793814433,0.7719779717298898,0.11732058294925159,0.3630087375640869
HistGradientBoosting,"learning_rate=0.05, max_iter=100, max_leaf_nodes=7, l2_regularization=1.0",Pipeline A,34,0.0,0.8321428571428572,0.7868007436200777,0.8021617883612201,0.9344262295081968,0.6391752577319587,0.7713242920762102,0.1137296812599219,0.3600597381591797
HistGradientBoosting,"learning_rate=0.05, max_iter=300, max_leaf_nodes=7, l2_regularization=1.0",Pipeline A,34,0.0,0.8321428571428572,0.7868007436200777,0.8021617883612201,0.9344262295081968,0.6391752577319587,0.7797929922730968,0.11394823473364338,1.0746307373046875
HistGradientBoosting,"learning_rate=0.05, max_iter=200, max_leaf_nodes=31, l2_regularization=0.0",Pipeline A,34,0.0,0.8285714285714286,0.7864909019210186,0.7998927997141325,0.9234972677595629,0.6494845360824743,0.7721533649641067,0.1274190645318128,0.8237631320953369
HistGradientBoosting,"learning_rate=0.05, max_iter=200, max_leaf_nodes=15, l2_regularization=0.0",Pipeline A,34,0.0,0.8285714285714286,0.7864909019210186,0.7998927997141325,0.9234972677595629,0.6494845360824743,0.7721533649641067,0.1274190645318128,0.8286516666412354
LogisticRegression_SelectK28,"C=100.0, penalty=l2, class_weight=None, solver=lbfgs",Pipeline B,28,0.0,0.825,0.7861810602219593,0.7976132524966442,0.912568306010929,0.6597938144329897,0.7960324461121464,0.07708299545790231,0.06610846519470215
LogisticRegression,"C=0.1, penalty=l2, class_weight=balanced, solver=lbfgs",Pipeline A,34,0.0,0.825,0.7861810602219593,0.7976132524966442,0.912568306010929,0.6597938144329897,0.7761357646893243,0.10340966254318029,0.031007766723632812
ExtraTrees,"n_estimators=300, max_depth=10, min_samples_leaf=2, class_weight=balanced",Pipeline B,34,0.0,0.8464285714285714,0.7856177116782153,0.8097074489102432,0.9836065573770492,0.5876288659793815,0.7762010793980103,0.04706638417442612,1.2391042709350586
ExtraTrees,"n_estimators=500, max_depth=None, min_samples_leaf=2, class_weight=balanced",Pipeline A,34,0.0,0.8464285714285714,0.7856177116782153,0.8097074489102432,0.9836065573770492,0.5876288659793815,0.7720834323391867,0.07213750511728002,2.1042356491088867
LogisticRegression,"C=0.1, penalty=l2, class_weight=balanced, solver=lbfgs",Pipeline C,34,0.0,0.8178571428571428,0.785561376823841,0.7930164804104883,0.8907103825136612,0.6804123711340206,0.7768696677140738,0.06827925591054423,0.04809904098510742
HistGradientBoosting,"learning_rate=0.05, max_iter=300, max_leaf_nodes=7, l2_regularization=0.0",Pipeline B,34,0.0,0.8321428571428572,0.7843783448819786,0.8008444437718489,0.9398907103825137,0.6288659793814433,0.7710233210949324,0.13312146628567262,1.0754024982452393
HistGradientBoosting,"learning_rate=0.03, max_iter=100, max_leaf_nodes=7, l2_regularization=1.0",Pipeline A,34,0.0,0.8321428571428572,0.7843783448819786,0.8008444437718489,0.9398907103825137,0.6288659793814433,0.7695970193489374,0.11732244012259906,0.36379027366638184
RBF_SVM,"C=0.5, gamma=0.02, class_weight=None, kernel=rbf",Pipeline C,34,0.0,0.8321428571428572,0.7843783448819786,0.8008444437718489,0.9398907103825137,0.6288659793814433,0.7637943438626837,0.09388944478452346,0.06587576866149902
HistGradientBoosting,"learning_rate=0.1, max_iter=100, max_leaf_nodes=15, l2_regularization=1.0",Pipeline B,34,0.0,0.8285714285714286,0.7840685031829193,0.798609446175977,0.9289617486338798,0.6391752577319587,0.7768810636220378,0.11174982811660614,0.3900630474090576
HistGradientBoosting,"learning_rate=0.03, max_iter=200, max_leaf_nodes=15, l2_regularization=1.0",Pipeline A,34,0.0,0.8285714285714286,0.7840685031829193,0.798609446175977,0.9289617486338798,0.6391752577319587,0.771479372290114,0.12183999850688845,0.7252156734466553
HistGradientBoosting,"learning_rate=0.05, max_iter=300, max_leaf_nodes=15, l2_regularization=1.0",Pipeline B,34,0.0,0.8285714285714286,0.7840685031829193,0.798609446175977,0.9289617486338798,0.6391752577319587,0.7758170662383473,0.0969796013439994,1.0602598190307617
HistGradientBoosting,"learning_rate=0.1, max_iter=300, max_leaf_nodes=7, l2_regularization=0.0",Pipeline B,34,0.0,0.8285714285714286,0.7840685031829193,0.798609446175977,0.9289617486338798,0.6391752577319587,0.7764778665494777,0.10906374645836561,0.9870693683624268
HistGradientBoosting,"learning_rate=0.1, max_iter=100, max_leaf_nodes=31, l2_regularization=1.0",Pipeline B,34,0.0,0.8285714285714286,0.7840685031829193,0.798609446175977,0.9289617486338798,0.6391752577319587,0.7768810636220378,0.11174982811660614,0.3806278705596924
HistGradientBoosting,"learning_rate=0.03, max_iter=200, max_leaf_nodes=31, l2_regularization=1.0",Pipeline A,34,0.0,0.8285714285714286,0.7840685031829193,0.798609446175977,0.9289617486338798,0.6391752577319587,0.771479372290114,0.12183999850688845,0.7388045787811279
HistGradientBoosting,"learning_rate=0.05, max_iter=300, max_leaf_nodes=31, l2_regularization=1.0",Pipeline B,34,0.0,0.8285714285714286,0.7840685031829193,0.798609446175977,0.9289617486338798,0.6391752577319587,0.7758170662383473,0.0969796013439994,1.0576300621032715
HistGradientBoosting,"learning_rate=0.1, max_iter=300, max_leaf_nodes=7, l2_regularization=0.0",Pipeline A,34,0.0,0.825,0.7837586614838601,0.7963636363636364,0.9180327868852459,0.6494845360824743,0.7759888627996044,0.1029729982481276,0.9629406929016113
ExtraTrees,"n_estimators=500, max_depth=10, min_samples_leaf=2, class_weight=balanced",Pipeline A,34,0.0,0.8428571428571429,0.7828854712410569,0.8060331255116822,0.9781420765027322,0.5876288659793815,0.7738201270170579,0.047367207061289184,2.1060385704040527
ExtraTrees,"n_estimators=500, max_depth=6, min_samples_leaf=1, class_weight=balanced",Pipeline B,34,0.0,0.8428571428571429,0.7828854712410569,0.8060331255116822,0.9781420765027322,0.5876288659793815,0.773330043457207,0.04817850224921923,1.9272465705871582
HistGradientBoosting,"learning_rate=0.03, max_iter=100, max_leaf_nodes=31, l2_regularization=1.0",Pipeline B,34,0.0,0.8321428571428572,0.7819559461438792,0.7994849994667155,0.9453551912568307,0.6185567010309279,0.7674325171844354,0.11676367821531865,0.3924736976623535
HistGradientBoosting,"learning_rate=0.03, max_iter=200, max_leaf_nodes=7, l2_regularization=0.0",Pipeline A,34,0.0,0.8321428571428572,0.7819559461438792,0.7994849994667155,0.9453551912568307,0.6185567010309279,0.7658042434973382,0.11082813619786075,0.717440128326416
HistGradientBoosting,"learning_rate=0.03, max_iter=100, max_leaf_nodes=15, l2_regularization=1.0",Pipeline B,34,0.0,0.8321428571428572,0.7819559461438792,0.7994849994667155,0.9453551912568307,0.6185567010309279,0.7674325171844354,0.11676367821531865,0.3845174312591553
HistGradientBoosting,"learning_rate=0.03, max_iter=300, max_leaf_nodes=31, l2_regularization=0.0",Pipeline B,34,0.0,0.8285714285714286,0.78164610444482,0.7972850678733032,0.9344262295081968,0.6288659793814433,0.7685674436390549,0.12822883771605326,1.2170088291168213
HistGradientBoosting,"learning_rate=0.05, max_iter=200, max_leaf_nodes=7, l2_regularization=0.0",Pipeline B,34,0.0,0.8285714285714286,0.78164610444482,0.7972850678733032,0.9344262295081968,0.6288659793814433,0.7684592185308299,0.13272627993948793,0.7190754413604736
HistGradientBoosting,"learning_rate=0.03, max_iter=300, max_leaf_nodes=15, l2_regularization=0.0",Pipeline B,34,0.0,0.8285714285714286,0.78164610444482,0.7972850678733032,0.9344262295081968,0.6288659793814433,0.7685674436390549,0.12822883771605326,1.280127763748169
HistGradientBoosting,"learning_rate=0.1, max_iter=100, max_leaf_nodes=7, l2_regularization=1.0",Pipeline B,34,0.0,0.8285714285714286,0.78164610444482,0.7972850678733032,0.9344262295081968,0.6288659793814433,0.7661520695842947,0.1053393068771022,0.36557722091674805
HistGradientBoosting,"learning_rate=0.05, max_iter=100, max_leaf_nodes=15, l2_regularization=0.0",Pipeline A,34,0.0,0.8285714285714286,0.78164610444482,0.7972850678733032,0.9344262295081968,0.6288659793814433,0.7671078418597601,0.12206020802203141,0.436115026473999
HistGradientBoosting,"learning_rate=0.05, max_iter=100, max_leaf_nodes=31, l2_regularization=0.0",Pipeline A,34,0.0,0.8285714285714286,0.78164610444482,0.7972850678733032,0.9344262295081968,0.6288659793814433,0.7671078418597601,0.12206020802203141,0.4277760982513428
HistGradientBoosting,"learning_rate=0.05, max_iter=200, max_leaf_nodes=7, l2_regularization=0.0",Pipeline A,34,0.0,0.8285714285714286,0.78164610444482,0.7972850678733032,0.9344262295081968,0.6288659793814433,0.7684592185308299,0.13272627993948793,0.7351479530334473
HistGradientBoosting,"learning_rate=0.1, max_iter=200, max_leaf_nodes=31, l2_regularization=0.0",Pipeline B,34,0.0,0.825,0.7813362627457607,0.7950740093501217,0.9234972677595629,0.6391752577319587,0.7738388389104501,0.10374808692012917,0.8080050945281982
HistGradientBoosting,"learning_rate=0.05, max_iter=100, max_leaf_nodes=15, l2_regularization=0.0",Pipeline B,34,0.0,0.825,0.7813362627457607,0.7950740093501217,0.9234972677595629,0.6391752577319587,0.7682615900723319,0.1234819196157902,0.4386143684387207
HistGradientBoosting,"learning_rate=0.05, max_iter=100, max_leaf_nodes=31, l2_regularization=0.0",Pipeline B,34,0.0,0.825,0.7813362627457607,0.7950740093501217,0.9234972677595629,0.6391752577319587,0.7682615900723319,0.1234819196157902,0.4552948474884033
HistGradientBoosting,"learning_rate=0.1, max_iter=200, max_leaf_nodes=15, l2_regularization=0.0",Pipeline B,34,0.0,0.825,0.7813362627457607,0.7950740093501217,0.9234972677595629,0.6391752577319587,0.7738388389104501,0.10374808692012917,0.7973244190216064
HistGradientBoosting,"learning_rate=0.1, max_iter=200, max_leaf_nodes=31, l2_regularization=0.0",Pipeline A,34,0.0,0.8178571428571428,0.7807165793476424,0.790612765583073,0.9016393442622951,0.6597938144329897,0.7786628554735973,0.09221741714326485,0.811737060546875
HistGradientBoosting,"learning_rate=0.1, max_iter=200, max_leaf_nodes=15, l2_regularization=0.0",Pipeline A,34,0.0,0.8178571428571428,0.7807165793476424,0.790612765583073,0.9016393442622951,0.6597938144329897,0.7786628554735973,0.09221741714326485,0.8085002899169922
ExtraTrees,"n_estimators=300, max_depth=10, min_samples_leaf=2, class_weight=balanced",Pipeline A,34,0.0,0.8428571428571429,0.7804630725029575,0.8045189134298045,0.9836065573770492,0.5773195876288659,0.7722010793980104,0.04790981685761292,1.2454829216003418
ExtraTrees,"n_estimators=500, max_depth=16, min_samples_leaf=2, class_weight=balanced",Pipeline B,34,0.0,0.8428571428571429,0.7804630725029575,0.8045189134298045,0.9836065573770492,0.5773195876288659,0.7662010793980103,0.06797257906100757,2.1023361682891846
ExtraTrees,"n_estimators=500, max_depth=None, min_samples_leaf=2, class_weight=balanced",Pipeline B,34,0.0,0.8428571428571429,0.7804630725029575,0.8045189134298045,0.9836065573770492,0.5773195876288659,0.7662010793980103,0.06797257906100757,2.092294931411743
ExtraTrees,"n_estimators=500, max_depth=10, min_samples_leaf=1, class_weight=balanced",Pipeline B,34,0.0,0.8428571428571429,0.7804630725029575,0.8045189134298045,0.9836065573770492,0.5773195876288659,0.7703187264568339,0.046095292207437806,2.0834405422210693
ExtraTrees,"n_estimators=500, max_depth=10, min_samples_leaf=1, class_weight=balanced",Pipeline A,34,0.0,0.8428571428571429,0.7804630725029575,0.8045189134298045,0.9836065573770492,0.5773195876288659,0.7703187264568339,0.046095292207437806,2.1162314414978027
ExtraTrees,"n_estimators=500, max_depth=16, min_samples_leaf=2, class_weight=balanced",Pipeline A,34,0.0,0.8428571428571429,0.7804630725029575,0.8045189134298045,0.9836065573770492,0.5773195876288659,0.7662010793980103,0.06797257906100757,2.08777117729187
ExtraTrees,"n_estimators=500, max_depth=16, min_samples_leaf=1, class_weight=None",Pipeline B,34,0.0,0.8428571428571429,0.7804630725029575,0.8045189134298045,0.9836065573770492,0.5773195876288659,0.7716556248525558,0.04158027942956092,1.9664454460144043
RBF_SVM,"C=2.0, gamma=0.005, class_weight=None, kernel=rbf",Pipeline A,34,0.0,0.8392857142857143,0.7801532308038983,0.8023808403519503,0.9726775956284153,0.5876288659793815,0.7652560244529554,0.06572935598253496,0.026997089385986328
RBF_SVM,"C=2.0, gamma=0.005, class_weight=None, kernel=rbf",Pipeline B,34,0.0,0.8392857142857143,0.7801532308038983,0.8023808403519503,0.9726775956284153,0.5876288659793815,0.7652560244529554,0.06572935598253496,0.027096271514892578
HistGradientBoosting,"learning_rate=0.05, max_iter=100, max_leaf_nodes=31, l2_regularization=1.0",Pipeline B,34,0.0,0.8285714285714286,0.7792237057067208,0.7959183673469388,0.9398907103825137,0.6185567010309279,0.7654138691657874,0.11693011316347715,0.38629770278930664
HistGradientBoosting,"learning_rate=0.03, max_iter=200, max_leaf_nodes=15, l2_regularization=1.0",Pipeline B,34,0.0,0.8285714285714286,0.7792237057067208,0.7959183673469388,0.9398907103825137,0.6185567010309279,0.7657052444571626,0.11359376046372867,0.7289576530456543
HistGradientBoosting,"learning_rate=0.03, max_iter=200, max_leaf_nodes=31, l2_regularization=1.0",Pipeline B,34,0.0,0.8285714285714286,0.7792237057067208,0.7959183673469388,0.9398907103825137,0.6185567010309279,0.7657052444571626,0.11359376046372867,0.725928783416748
HistGradientBoosting,"learning_rate=0.05, max_iter=100, max_leaf_nodes=15, l2_regularization=1.0",Pipeline B,34,0.0,0.8285714285714286,0.7792237057067208,0.7959183673469388,0.9398907103825137,0.6185567010309279,0.7654138691657874,0.11693011316347715,0.4019606113433838
HistGradientBoosting,"learning_rate=0.05, max_iter=100, max_leaf_nodes=7, l2_regularization=1.0",Pipeline B,34,0.0,0.8285714285714286,0.7792237057067208,0.7959183673469388,0.9398907103825137,0.6185567010309279,0.7657052444571626,0.11359376046372867,0.363635778427124
HistGradientBoosting,"learning_rate=0.03, max_iter=200, max_leaf_nodes=7, l2_regularization=1.0",Pipeline B,34,0.0,0.8285714285714286,0.7792237057067208,0.7959183673469388,0.9398907103825137,0.6185567010309279,0.7657052444571626,0.11359376046372867,0.695643424987793
HistGradientBoosting,"learning_rate=0.03, max_iter=300, max_leaf_nodes=7, l2_regularization=0.0",Pipeline B,34,0.0,0.825,0.7789138640076616,0.7937431410574423,0.9289617486338798,0.6288659793814433,0.7660782661498775,0.13318212926603476,1.1249210834503174
HistGradientBoosting,"learning_rate=0.05, max_iter=300, max_leaf_nodes=7, l2_regularization=0.0",Pipeline A,34,0.0,0.825,0.7789138640076616,0.7937431410574423,0.9289617486338798,0.6288659793814433,0.7660782661498775,0.13318212926603476,1.1102328300476074
HistGradientBoosting,"learning_rate=0.03, max_iter=300, max_leaf_nodes=7, l2_regularization=0.0",Pipeline A,34,0.0,0.825,0.7789138640076616,0.7937431410574423,0.9289617486338798,0.6288659793814433,0.7658951159667272,0.13257809851817737,1.0714240074157715
HistGradientBoosting,"learning_rate=0.03, max_iter=300, max_leaf_nodes=31, l2_regularization=0.0",Pipeline A,34,0.0,0.825,0.7789138640076616,0.7937431410574423,0.9289617486338798,0.6288659793814433,0.7662947163663276,0.12403701857454637,1.2385923862457275
HistGradientBoosting,"learning_rate=0.05, max_iter=200, max_leaf_nodes=7, l2_regularization=1.0",Pipeline B,34,0.0,0.825,0.7789138640076616,0.7937431410574423,0.9289617486338798,0.6288659793814433,0.7653610150431658,0.11856669674501913,0.7036287784576416
HistGradientBoosting,"learning_rate=0.03, max_iter=300, max_leaf_nodes=15, l2_regularization=0.0",Pipeline A,34,0.0,0.825,0.7789138640076616,0.7937431410574423,0.9289617486338798,0.6288659793814433,0.7662947163663276,0.12403701857454637,1.2222306728363037
HistGradientBoosting,"learning_rate=0.1, max_iter=100, max_leaf_nodes=15, l2_regularization=0.0",Pipeline A,34,0.0,0.8214285714285714,0.7786040223086024,0.7915549997022214,0.9180327868852459,0.6391752577319587,0.7711520329627747,0.10848063024461756,0.43779492378234863
HistGradientBoosting,"learning_rate=0.1, max_iter=100, max_leaf_nodes=7, l2_regularization=0.0",Pipeline A,34,0.0,0.8214285714285714,0.7786040223086024,0.7915549997022214,0.9180327868852459,0.6391752577319587,0.771641036712648,0.10422234173982085,0.4052162170410156
HistGradientBoosting,"learning_rate=0.1, max_iter=100, max_leaf_nodes=31, l2_regularization=0.0",Pipeline A,34,0.0,0.8214285714285714,0.7786040223086024,0.7915549997022214,0.9180327868852459,0.6391752577319587,0.7711520329627747,0.10848063024461756,0.4330127239227295
HistGradientBoosting,"learning_rate=0.1, max_iter=100, max_leaf_nodes=31, l2_regularization=0.0",Pipeline B,34,0.0,0.8214285714285714,0.7786040223086024,0.7915549997022214,0.9180327868852459,0.6391752577319587,0.771641036712648,0.10422234173982085,0.42870569229125977
HistGradientBoosting,"learning_rate=0.1, max_iter=100, max_leaf_nodes=15, l2_regularization=0.0",Pipeline B,34,0.0,0.8214285714285714,0.7786040223086024,0.7915549997022214,0.9180327868852459,0.6391752577319587,0.771641036712648,0.10422234173982085,0.43503260612487793
RBF_SVM,"C=0.25, gamma=0.005, class_weight=balanced, kernel=rbf",Pipeline C,34,0.0,0.7928571428571428,0.7785476874542279,0.7744444444444445,0.825136612021858,0.7319587628865979,0.7693731445302849,0.06683143342595832,0.049674034118652344
ExtraTrees,"n_estimators=500, max_depth=None, min_samples_leaf=1, class_weight=None",Pipeline A,34,0.0,0.8392857142857143,0.7777308320657991,0.8008566325804871,0.9781420765027322,0.5773195876288659,0.7712123963983835,0.05272871055434556,1.9957280158996582
ExtraTrees,"n_estimators=500, max_depth=6, min_samples_leaf=1, class_weight=balanced",Pipeline A,34,0.0,0.8392857142857143,0.7777308320657991,0.8008566325804871,0.9781420765027322,0.5773195876288659,0.769330043457207,0.04661076862319833,1.9417908191680908
ExtraTrees,"n_estimators=300, max_depth=6, min_samples_leaf=1, class_weight=balanced",Pipeline A,34,0.0,0.8392857142857143,0.7777308320657991,0.8008566325804871,0.9781420765027322,0.5773195876288659,0.7687845889117525,0.04539253519638903,1.2064933776855469
ExtraTrees,"n_estimators=500, max_depth=None, min_samples_leaf=1, class_weight=None",Pipeline B,34,0.0,0.8392857142857143,0.7777308320657991,0.8008566325804871,0.9781420765027322,0.5773195876288659,0.7712123963983835,0.05272871055434556,1.9815590381622314
ExtraTrees,"n_estimators=300, max_depth=6, min_samples_leaf=1, class_weight=balanced",Pipeline B,34,0.0,0.8392857142857143,0.7777308320657991,0.8008566325804871,0.9781420765027322,0.5773195876288659,0.7687845889117525,0.04539253519638903,1.1684250831604004
ExtraTrees,"n_estimators=300, max_depth=None, min_samples_leaf=1, class_weight=None",Pipeline B,34,0.0,0.8392857142857143,0.7777308320657991,0.8008566325804871,0.9781420765027322,0.5773195876288659,0.7698754980026615,0.05236569404574208,1.206998586654663
ExtraTrees,"n_estimators=300, max_depth=None, min_samples_leaf=4, class_weight=balanced",Pipeline B,34,0.0,0.8285714285714286,0.7768013069686215,0.7945079811632316,0.9453551912568307,0.6082474226804123,0.7676451547025508,0.05692455784212727,1.2042820453643799
ExtraTrees,"n_estimators=500, max_depth=None, min_samples_leaf=4, class_weight=balanced",Pipeline B,34,0.0,0.8285714285714286,0.7768013069686215,0.7945079811632316,0.9453551912568307,0.6082474226804123,0.7676451547025508,0.05692455784212727,2.0399680137634277
HistGradientBoosting,"learning_rate=0.05, max_iter=100, max_leaf_nodes=15, l2_regularization=1.0",Pipeline A,34,0.0,0.825,0.7764914652695623,0.7923697392515019,0.9344262295081968,0.6185567010309279,0.7633242920762102,0.11395476359402243,0.3778841495513916
HistGradientBoosting,"learning_rate=0.05, max_iter=100, max_leaf_nodes=31, l2_regularization=1.0",Pipeline A,34,0.0,0.825,0.7764914652695623,0.7923697392515019,0.9344262295081968,0.6185567010309279,0.7633242920762102,0.11395476359402243,0.39151835441589355
HistGradientBoosting,"learning_rate=0.05, max_iter=300, max_leaf_nodes=15, l2_regularization=0.0",Pipeline B,34,0.0,0.8214285714285714,0.776181623570503,0.790218173099976,0.9234972677595629,0.6288659793814433,0.763622388694,0.12821758680418646,1.2040057182312012
HistGradientBoosting,"learning_rate=0.05, max_iter=300, max_leaf_nodes=31, l2_regularization=0.0",Pipeline B,34,0.0,0.8214285714285714,0.776181623570503,0.790218173099976,0.9234972677595629,0.6288659793814433,0.763622388694,0.12821758680418646,1.206047534942627
HistGradientBoosting,"learning_rate=0.1, max_iter=100, max_leaf_nodes=7, l2_regularization=0.0",Pipeline B,34,0.0,0.8214285714285714,0.776181623570503,0.790218173099976,0.9234972677595629,0.6288659793814433,0.7640219890936004,0.1199140609948507,0.3883042335510254
ExtraTrees,"n_estimators=300, max_depth=10, min_samples_leaf=1, class_weight=balanced",Pipeline B,34,0.0,0.8392857142857143,0.7753084333276998,0.7992831541218638,0.9836065573770492,0.5670103092783505,0.7603187264568338,0.06620229697759678,1.2731420993804932
RBF_SVM,"C=0.25, gamma=scale, class_weight=balanced, kernel=rbf",Pipeline C,34,0.0,0.775,0.7745760802208326,0.7613345780736291,0.7759562841530054,0.7731958762886598,0.7649590779766834,0.07075893414122203,0.04799938201904297
RBF_SVM,"C=1.0, gamma=0.01, class_weight=None, kernel=rbf",Pipeline C,34,0.0,0.8285714285714286,0.7743789082305221,0.7930524759793052,0.9508196721311475,0.5979381443298969,0.7579197112489208,0.07190391340797297,0.042003631591796875
HistGradientBoosting,"learning_rate=0.03, max_iter=200, max_leaf_nodes=7, l2_regularization=1.0",Pipeline A,34,0.0,0.825,0.774069066531463,0.7909524462525331,0.9398907103825137,0.6082474226804123,0.7611597899117081,0.11270270090540725,0.6849024295806885
ExtraTrees,"n_estimators=300, max_depth=None, min_samples_leaf=4, class_weight=balanced",Pipeline A,34,0.0,0.825,0.774069066531463,0.7909524462525331,0.9398907103825137,0.6082474226804123,0.7653724274298235,0.05581952922960539,1.213829755783081
ExtraTrees,"n_estimators=300, max_depth=16, min_samples_leaf=4, class_weight=balanced",Pipeline A,34,0.0,0.825,0.774069066531463,0.7909524462525331,0.9398907103825137,0.6082474226804123,0.7653724274298235,0.05581952922960539,1.2135233879089355
ExtraTrees,"n_estimators=500, max_depth=None, min_samples_leaf=4, class_weight=balanced",Pipeline A,34,0.0,0.825,0.774069066531463,0.7909524462525331,0.9398907103825137,0.6082474226804123,0.7653724274298235,0.05581952922960539,2.0510380268096924
ExtraTrees,"n_estimators=500, max_depth=16, min_samples_leaf=4, class_weight=balanced",Pipeline B,34,0.0,0.825,0.774069066531463,0.7909524462525331,0.9398907103825137,0.6082474226804123,0.7652642023215984,0.05774164961095454,2.024233818054199
HistGradientBoosting,"learning_rate=0.05, max_iter=200, max_leaf_nodes=15, l2_regularization=1.0",Pipeline B,34,0.0,0.8214285714285714,0.7737592248324039,0.7888386123680242,0.9289617486338798,0.6185567010309279,0.7662701059522566,0.09965419481485198,0.7330951690673828
HistGradientBoosting,"learning_rate=0.05, max_iter=100, max_leaf_nodes=7, l2_regularization=0.0",Pipeline B,34,0.0,0.8214285714285714,0.7737592248324039,0.7888386123680242,0.9289617486338798,0.6185567010309279,0.758769611462706,0.10694105505641019,0.3835563659667969
HistGradientBoosting,"learning_rate=0.03, max_iter=200, max_leaf_nodes=7, l2_regularization=0.0",Pipeline B,34,0.0,0.8214285714285714,0.7737592248324039,0.7888386123680242,0.9289617486338798,0.6185567010309279,0.7586613863544811,0.11110358217266651,0.7432613372802734
HistGradientBoosting,"learning_rate=0.05, max_iter=200, max_leaf_nodes=31, l2_regularization=1.0",Pipeline B,34,0.0,0.8214285714285714,0.7737592248324039,0.7888386123680242,0.9289617486338798,0.6185567010309279,0.7662701059522566,0.09965419481485198,0.7494826316833496
HistGradientBoosting,"learning_rate=0.05, max_iter=200, max_leaf_nodes=7, l2_regularization=1.0",Pipeline A,34,0.0,0.8214285714285714,0.7737592248324039,0.7888386123680242,0.9289617486338798,0.6185567010309279,0.7610924575137387,0.11438966915325155,0.6870343685150146
HistGradientBoosting,"learning_rate=0.1, max_iter=300, max_leaf_nodes=31, l2_regularization=0.0",Pipeline B,34,0.0,0.8214285714285714,0.7737592248324039,0.7888386123680242,0.9289617486338798,0.6185567010309279,0.7658669088796966,0.09682626412812494,1.0674214363098145
HistGradientBoosting,"learning_rate=0.1, max_iter=300, max_leaf_nodes=15, l2_regularization=0.0",Pipeline B,34,0.0,0.8214285714285714,0.7737592248324039,0.7888386123680242,0.9289617486338798,0.6185567010309279,0.7658669088796966,0.09682626412812494,1.0463638305664062
HistGradientBoosting,"learning_rate=0.05, max_iter=300, max_leaf_nodes=15, l2_regularization=0.0",Pipeline A,34,0.0,0.8178571428571428,0.7734493831333447,0.7867096832011471,0.9180327868852459,0.6288659793814433,0.7612414363130476,0.1285774983477199,1.2272486686706543
HistGradientBoosting,"learning_rate=0.05, max_iter=300, max_leaf_nodes=31, l2_regularization=0.0",Pipeline A,34,0.0,0.8178571428571428,0.7734493831333447,0.7867096832011471,0.9180327868852459,0.6288659793814433,0.7612414363130476,0.1285774983477199,1.269623041152954
HistGradientBoosting,"learning_rate=0.1, max_iter=200, max_leaf_nodes=7, l2_regularization=0.0",Pipeline A,34,0.0,0.8142857142857143,0.7731395414342854,0.784564393939394,0.907103825136612,0.6391752577319587,0.7668791319507433,0.10582671206521238,0.7215514183044434
RBF_SVM,"C=2.0, gamma=0.005, class_weight=balanced, kernel=rbf",Pipeline C,34,0.0,0.8035714285714286,0.7722100163371077,0.7780180180180181,0.8743169398907104,0.6701030927835051,0.7564496713857327,0.07935136820723639,0.044173479080200195
LogisticRegression,"C=0.01, penalty=l2, class_weight=balanced, solver=lbfgs",Pipeline A,34,0.0,0.8035714285714286,0.7722100163371077,0.7780180180180181,0.8743169398907104,0.6701030927835051,0.7759666858845471,0.05556525340933652,0.029042482376098633
LogisticRegression,"C=0.01, penalty=l2, class_weight=balanced, solver=lbfgs",Pipeline B,34,0.0,0.8035714285714286,0.7722100163371077,0.7780180180180181,0.8743169398907104,0.6701030927835051,0.7759666858845471,0.05556525340933652,0.03000020980834961
ExtraTrees,"n_estimators=300, max_depth=16, min_samples_leaf=4, class_weight=balanced",Pipeline B,34,0.0,0.825,0.7716466677933638,0.7894898350594552,0.9453551912568307,0.5979381443298969,0.7617628017613743,0.05499194766476314,1.2280616760253906
RBF_SVM,"C=0.25, gamma=0.04, class_weight=None, kernel=rbf",Pipeline B,34,0.0,0.825,0.7716466677933638,0.7894898350594552,0.9453551912568307,0.5979381443298969,0.7709895605098721,0.05594274117273621,0.02799224853515625
ExtraTrees,"n_estimators=500, max_depth=16, min_samples_leaf=4, class_weight=balanced",Pipeline A,34,0.0,0.8214285714285714,0.7713368260943045,0.7874149659863945,0.9344262295081968,0.6082474226804123,0.7629914750488711,0.05653303918204986,2.0152482986450195
HistGradientBoosting,"learning_rate=0.03, max_iter=300, max_leaf_nodes=7, l2_regularization=1.0",Pipeline A,34,0.0,0.8214285714285714,0.7713368260943045,0.7874149659863945,0.9344262295081968,0.6082474226804123,0.7593242920762103,0.11511434323711618,1.033022165298462
HistGradientBoosting,"learning_rate=0.03, max_iter=300, max_leaf_nodes=7, l2_regularization=1.0",Pipeline B,34,0.0,0.8214285714285714,0.7713368260943045,0.7874149659863945,0.9344262295081968,0.6082474226804123,0.7593796630618138,0.11849521766057765,1.0562784671783447
HistGradientBoosting_SelectK24,"learning_rate=0.1, max_iter=300, max_leaf_nodes=15, l2_regularization=1.0",Pipeline A,24,0.0,0.8178571428571428,0.7710269843952453,0.7853244937536643,0.9234972677595629,0.6185567010309279,0.7589239593452405,0.10680283353661975,0.9088313579559326
HistGradientBoosting,"learning_rate=0.03, max_iter=300, max_leaf_nodes=15, l2_regularization=1.0",Pipeline B,34,0.0,0.8178571428571428,0.7710269843952453,0.7853244937536643,0.9234972677595629,0.6185567010309279,0.764542833224984,0.09651219289335282,1.1051075458526611
HistGradientBoosting,"learning_rate=0.03, max_iter=100, max_leaf_nodes=7, l2_regularization=0.0",Pipeline B,34,0.0,0.8178571428571428,0.7710269843952453,0.7853244937536643,0.9234972677595629,0.6185567010309279,0.7546145312488024,0.0947829219110189,0.3808445930480957
HistGradientBoosting,"learning_rate=0.03, max_iter=300, max_leaf_nodes=31, l2_regularization=1.0",Pipeline B,34,0.0,0.8178571428571428,0.7710269843952453,0.7853244937536643,0.9234972677595629,0.6185567010309279,0.764542833224984,0.09651219289335282,1.0907948017120361
RBF_SVM,"C=0.25, gamma=0.01, class_weight=balanced, kernel=rbf",Pipeline A,34,0.0,0.7892857142857143,0.770970649540871,0.768986589475745,0.8306010928961749,0.711340206185567,0.7572415949204744,0.0691194665536511,0.0321650505065918
HistGradientBoosting,"learning_rate=0.05, max_iter=200, max_leaf_nodes=15, l2_regularization=0.0",Pipeline B,34,0.0,0.8142857142857143,0.7707171426961861,0.7832171996903103,0.912568306010929,0.6288659793814433,0.7586773337489451,0.12856428291418745,0.8146908283233643
HistGradientBoosting,"learning_rate=0.05, max_iter=200, max_leaf_nodes=31, l2_regularization=0.0",Pipeline B,34,0.0,0.8142857142857143,0.7707171426961861,0.7832171996903103,0.912568306010929,0.6288659793814433,0.7586773337489451,0.12856428291418745,0.8297615051269531
ExtraTrees,"n_estimators=300, max_depth=16, min_samples_leaf=2, class_weight=balanced",Pipeline B,34,0.0,0.8357142857142857,0.7701537941524421,0.793999104343932,0.9836065573770492,0.5567010309278351,0.7576556248525558,0.06288848658836572,1.2662014961242676
ExtraTrees,"n_estimators=500, max_depth=16, min_samples_leaf=1, class_weight=balanced",Pipeline A,34,0.0,0.8357142857142857,0.7701537941524421,0.793999104343932,0.9836065573770492,0.5567010309278351,0.7619709003698774,0.04542589065947643,2.129168748855591
ExtraTrees,"n_estimators=300, max_depth=None, min_samples_leaf=2, class_weight=balanced",Pipeline B,34,0.0,0.8357142857142857,0.7701537941524421,0.793999104343932,0.9836065573770492,0.5567010309278351,0.7576556248525558,0.06288848658836572,1.2811105251312256
ExtraTrees,"n_estimators=500, max_depth=16, min_samples_leaf=1, class_weight=balanced",Pipeline B,34,0.0,0.8357142857142857,0.7701537941524421,0.793999104343932,0.9836065573770492,0.5567010309278351,0.7619709003698774,0.04542589065947643,2.119170665740967
ExtraTrees,"n_estimators=500, max_depth=None, min_samples_leaf=1, class_weight=balanced",Pipeline B,34,0.0,0.8357142857142857,0.7701537941524421,0.793999104343932,0.9836065573770492,0.5567010309278351,0.7619709003698774,0.04542589065947643,2.160490036010742
ExtraTrees,"n_estimators=300, max_depth=None, min_samples_leaf=1, class_weight=None",Pipeline A,34,0.0,0.8357142857142857,0.7701537941524421,0.793999104343932,0.9836065573770492,0.5567010309278351,0.7576556248525558,0.06288848658836572,1.2079083919525146
ExtraTrees,"n_estimators=300, max_depth=16, min_samples_leaf=1, class_weight=None",Pipeline A,34,0.0,0.8357142857142857,0.7701537941524421,0.793999104343932,0.9836065573770492,0.5567010309278351,0.7576556248525558,0.06288848658836572,1.2171547412872314
LogisticRegression_SelectK24,"C=100.0, penalty=l2, class_weight=None, solver=lbfgs",Pipeline B,24,0.0,0.8071428571428572,0.7700974592980677,0.7789473684210526,0.8907103825136612,0.6494845360824743,0.780497424639636,0.06074113967857186,0.05330467224121094
ExtraTrees,"n_estimators=500, max_depth=6, min_samples_leaf=2, class_weight=balanced",Pipeline B,34,0.0,0.825,0.7692242690552644,0.7879804051861352,0.9508196721311475,0.5876288659793815,0.7615888776462738,0.05001419998221566,1.9189541339874268
ExtraTrees,"n_estimators=500, max_depth=6, min_samples_leaf=2, class_weight=balanced",Pipeline A,34,0.0,0.825,0.7692242690552644,0.7879804051861352,0.9508196721311475,0.5876288659793815,0.7615888776462738,0.05001419998221566,1.9427855014801025
ExtraTrees,"n_estimators=500, max_depth=10, min_samples_leaf=4, class_weight=balanced",Pipeline A,34,0.0,0.8178571428571428,0.7686045856571461,0.7838950347311551,0.9289617486338798,0.6082474226804123,0.7606105226679187,0.057730741700650505,1.9656412601470947
HistGradientBoosting,"learning_rate=0.03, max_iter=300, max_leaf_nodes=15, l2_regularization=1.0",Pipeline A,34,0.0,0.8178571428571428,0.7686045856571461,0.7838950347311551,0.9289617486338798,0.6082474226804123,0.7569987106808614,0.11918329449525826,1.081845760345459
HistGradientBoosting,"learning_rate=0.03, max_iter=300, max_leaf_nodes=31, l2_regularization=1.0",Pipeline A,34,0.0,0.8178571428571428,0.7686045856571461,0.7838950347311551,0.9289617486338798,0.6082474226804123,0.7569987106808614,0.11918329449525826,1.0685324668884277
ExtraTrees,"n_estimators=500, max_depth=10, min_samples_leaf=4, class_weight=balanced",Pipeline B,34,0.0,0.8178571428571428,0.7686045856571461,0.7838950347311551,0.9289617486338798,0.6082474226804123,0.7605022975596937,0.06075814147544537,2.007753610610962
HistGradientBoosting,"learning_rate=0.03, max_iter=100, max_leaf_nodes=15, l2_regularization=0.0",Pipeline A,34,0.0,0.8142857142857143,0.768294743958087,0.781826900023975,0.9180327868852459,0.6185567010309279,0.7541159318090266,0.10347705691380127,0.4447457790374756
HistGradientBoosting,"learning_rate=0.03, max_iter=100, max_leaf_nodes=31, l2_regularization=0.0",Pipeline A,34,0.0,0.8142857142857143,0.768294743958087,0.781826900023975,0.9180327868852459,0.6185567010309279,0.7541159318090266,0.10347705691380127,0.44204187393188477
ExtraTrees,"n_estimators=300, max_depth=10, min_samples_leaf=1, class_weight=balanced",Pipeline A,34,0.0,0.8321428571428572,0.7674215537152836,0.7903624054161689,0.9781420765027322,0.5567010309278351,0.7540459991841065,0.06543851143776303,1.285170316696167
ExtraTrees,"n_estimators=500, max_depth=16, min_samples_leaf=1, class_weight=None",Pipeline A,34,0.0,0.8321428571428572,0.7674215537152836,0.7903624054161689,0.9781420765027322,0.5567010309278351,0.7553300434572069,0.06788157471038378,1.9638636112213135
ExtraTrees,"n_estimators=500, max_depth=None, min_samples_leaf=1, class_weight=balanced",Pipeline A,34,0.0,0.8321428571428572,0.7674215537152836,0.7903624054161689,0.9781420765027322,0.5567010309278351,0.7591527185516955,0.038604636853061404,2.1523194313049316
ExtraTrees,"n_estimators=300, max_depth=None, min_samples_leaf=1, class_weight=balanced",Pipeline A,34,0.0,0.8321428571428572,0.7674215537152836,0.7903624054161689,0.9781420765027322,0.5567010309278351,0.7596981730971502,0.04553897581335555,1.3628365993499756
RBF_SVM,"C=2.0, gamma=0.005, class_weight=None, kernel=rbf",Pipeline C,34,0.0,0.8285714285714286,0.7671117120162244,0.7883997732854714,0.9672131147540983,0.5670103092783505,0.7505793899195434,0.06330564053393721,0.041124582290649414
LogisticRegression,"C=0.1, penalty=l2, class_weight=None, solver=lbfgs",Pipeline A,34,0.0,0.8285714285714286,0.7671117120162244,0.7883997732854714,0.9672131147540983,0.5670103092783505,0.7485272459850465,0.08560738370811559,0.03103160858154297
RBF_SVM,"C=0.25, gamma=0.04, class_weight=None, kernel=rbf",Pipeline A,34,0.0,0.8214285714285714,0.7664920286181061,0.7844296624784429,0.9453551912568307,0.5876288659793815,0.7609895605098721,0.05904002584267532,0.029715299606323242
RBF_SVM,"C=0.5, gamma=0.005, class_weight=balanced, kernel=rbf",Pipeline A,34,0.0,0.7928571428571428,0.7664356937637316,0.7689900426742533,0.8524590163934426,0.6804123711340206,0.7482948749737544,0.07238786004243682,0.032631874084472656
RBF_SVM,"C=0.5, gamma=0.005, class_weight=balanced, kernel=rbf",Pipeline B,34,0.0,0.7928571428571428,0.7664356937637316,0.7689900426742533,0.8524590163934426,0.6804123711340206,0.7482948749737544,0.07238786004243682,0.03766369819641113
HistGradientBoosting,"learning_rate=0.03, max_iter=100, max_leaf_nodes=15, l2_regularization=0.0",Pipeline B,34,0.0,0.8142857142857143,0.7658723452199876,0.7803921568627451,0.9234972677595629,0.6082474226804123,0.7507976814319525,0.09555669991298853,0.434528112411499
HistGradientBoosting,"learning_rate=0.03, max_iter=100, max_leaf_nodes=31, l2_regularization=0.0",Pipeline B,34,0.0,0.8142857142857143,0.7658723452199876,0.7803921568627451,0.9234972677595629,0.6082474226804123,0.7507976814319525,0.09555669991298853,0.4331061840057373
RBF_SVM,"C=0.25, gamma=0.01, class_weight=balanced, kernel=rbf",Pipeline B,34,0.0,0.7857142857142857,0.7658160103656132,0.7645211930926217,0.8306010928961749,0.7010309278350515,0.7526961403750198,0.06321598768543735,0.03499627113342285
ExtraTrees,"n_estimators=300, max_depth=10, min_samples_leaf=1, class_weight=None",Pipeline A,34,0.0,0.8321428571428572,0.7649991549771844,0.7886656710186122,0.9836065573770492,0.5463917525773195,0.7570776197374662,0.039795609344638785,1.1665270328521729
ExtraTrees,"n_estimators=300, max_depth=None, min_samples_leaf=1, class_weight=balanced",Pipeline B,34,0.0,0.8321428571428572,0.7649991549771844,0.7886656710186122,0.9836065573770492,0.5463917525773195,0.7576230742829209,0.04658326453657965,1.298243761062622
ExtraTrees,"n_estimators=300, max_depth=None, min_samples_leaf=2, class_weight=balanced",Pipeline A,34,0.0,0.8321428571428572,0.7649991549771844,0.7886656710186122,0.9836065573770492,0.5463917525773195,0.7533077987655993,0.061467476549444615,1.2864060401916504
ExtraTrees,"n_estimators=500, max_depth=10, min_samples_leaf=1, class_weight=None",Pipeline B,34,0.0,0.8321428571428572,0.7649991549771844,0.7886656710186122,0.9836065573770492,0.5463917525773195,0.7568799912789683,0.03297218582700911,1.8710224628448486
ExtraTrees,"n_estimators=300, max_depth=16, min_samples_leaf=2, class_weight=balanced",Pipeline A,34,0.0,0.8321428571428572,0.7649991549771844,0.7886656710186122,0.9836065573770492,0.5463917525773195,0.7533077987655993,0.061467476549444615,1.2851035594940186
LogisticRegression,"C=0.1, penalty=l2, class_weight=None, solver=lbfgs",Pipeline B,34,0.0,0.825,0.7643794715790659,0.7848146928276791,0.9617486338797814,0.5670103092783505,0.7461462936040941,0.08494105290703471,0.030005455017089844
RBF_SVM,"C=0.25, gamma=scale, class_weight=None, kernel=rbf",Pipeline B,34,0.0,0.8178571428571428,0.7637597881809476,0.780897583429229,0.9398907103825137,0.5876288659793815,0.7526086081289198,0.07289406875114444,0.030677318572998047
RBF_SVM,"C=0.5, gamma=scale, class_weight=None, kernel=rbf",Pipeline C,34,0.0,0.8178571428571428,0.7637597881809476,0.780897583429229,0.9398907103825137,0.5876288659793815,0.7444732557436418,0.09795249491932748,0.04150581359863281
RBF_SVM,"C=0.25, gamma=scale, class_weight=None, kernel=rbf",Pipeline A,34,0.0,0.8178571428571428,0.7637597881809476,0.780897583429229,0.9398907103825137,0.5876288659793815,0.7526086081289198,0.07289406875114444,0.02700042724609375
ExtraTrees,"n_estimators=300, max_depth=10, min_samples_leaf=4, class_weight=balanced",Pipeline B,34,0.0,0.8142857142857143,0.7634499464818884,0.7789115646258503,0.9289617486338798,0.5979381443298969,0.7546199446185172,0.058053585256949175,1.1938157081604004
HistGradientBoosting,"learning_rate=0.03, max_iter=100, max_leaf_nodes=7, l2_regularization=0.0",Pipeline A,34,0.0,0.8107142857142857,0.7631401047828291,0.7769058464498865,0.9180327868852459,0.6082474226804123,0.7482335788678499,0.0943205808002031,0.3849918842315674
ExtraTrees,"n_estimators=300, max_depth=16, min_samples_leaf=1, class_weight=balanced",Pipeline A,34,0.0,0.8285714285714286,0.7622669145400258,0.7850425436632333,0.9781420765027322,0.5463917525773195,0.75569817309715,0.0467854174630955,1.288788080215454
LogisticRegression,"C=0.1, penalty=l2, class_weight=None, solver=lbfgs",Pipeline C,34,0.0,0.825,0.7619570728409667,0.7831549999209748,0.9672131147540983,0.5567010309278351,0.747553983952961,0.055886528214318124,0.04652523994445801
ExtraTrees,"n_estimators=300, max_depth=6, min_samples_leaf=2, class_weight=balanced",Pipeline A,34,0.0,0.8214285714285714,0.7616472311419075,0.78125,0.9562841530054644,0.5670103092783505,0.7494243754817715,0.06872477413495282,1.179067850112915
ExtraTrees,"n_estimators=500, max_depth=6, min_samples_leaf=4, class_weight=balanced",Pipeline B,34,0.0,0.8142857142857143,0.7610275477437891,0.7773836462601675,0.9344262295081968,0.5876288659793815,0.7531091221076947,0.05728735941749621,1.9339354038238525
ExtraTrees,"n_estimators=500, max_depth=6, min_samples_leaf=4, class_weight=balanced",Pipeline A,34,0.0,0.8142857142857143,0.7610275477437891,0.7773836462601675,0.9344262295081968,0.5876288659793815,0.7531091221076947,0.05728735941749621,1.9148569107055664
ExtraTrees,"n_estimators=300, max_depth=10, min_samples_leaf=4, class_weight=balanced",Pipeline A,34,0.0,0.8107142857142857,0.7607177060447299,0.7754203302108083,0.9234972677595629,0.5979381443298969,0.7523472173457899,0.0577818201778615,1.2000913619995117
ExtraTrees,"n_estimators=500, max_depth=10, min_samples_leaf=1, class_weight=None",Pipeline A,34,0.0,0.8285714285714286,0.7598445158019267,0.78328173374613,0.9836065573770492,0.5360824742268041,0.7523345367335137,0.029963498835779888,1.9242050647735596
ExtraTrees,"n_estimators=300, max_depth=16, min_samples_leaf=1, class_weight=balanced",Pipeline B,34,0.0,0.8285714285714286,0.7598445158019267,0.78328173374613,0.9836065573770492,0.5360824742268041,0.7536230742829207,0.047584940010568524,1.3192636966705322
ExtraTrees,"n_estimators=300, max_depth=10, min_samples_leaf=1, class_weight=None",Pipeline B,34,0.0,0.8285714285714286,0.7598445158019267,0.78328173374613,0.9836065573770492,0.5360824742268041,0.7525321651920117,0.03373896949388977,1.1537754535675049
RBF_SVM,"C=0.25, gamma=0.01, class_weight=balanced, kernel=rbf",Pipeline C,34,0.0,0.7678571428571429,0.7594220043941187,0.7509271804135704,0.7868852459016393,0.7319587628865979,0.7464100267582692,0.06164540627969735,0.04800772666931152
RBF_SVM,"C=0.5, gamma=0.01, class_weight=None, kernel=rbf",Pipeline B,34,0.0,0.8214285714285714,0.7592248324038082,0.7795830971723661,0.9617486338797814,0.5567010309278351,0.744245718574928,0.07411445036727529,0.02858877182006836
RBF_SVM,"C=0.5, gamma=0.01, class_weight=None, kernel=rbf",Pipeline A,34,0.0,0.8214285714285714,0.7592248324038082,0.7795830971723661,0.9617486338797814,0.5567010309278351,0.744245718574928,0.07411445036727529,0.028999805450439453
RBF_SVM,"C=1.0, gamma=0.005, class_weight=balanced, kernel=rbf",Pipeline C,34,0.0,0.7857142857142857,0.7585488141513155,0.7610241820768137,0.8469945355191257,0.6701030927835051,0.7458673688768853,0.061585990608594994,0.05167746543884277
ExtraTrees,"n_estimators=300, max_depth=6, min_samples_leaf=4, class_weight=balanced",Pipeline B,34,0.0,0.8107142857142857,0.7582953073066306,0.7738873398241685,0.9289617486338798,0.5876288659793815,0.7507281697267423,0.05898236733815698,1.1872873306274414
RBF_SVM,"C=0.5, gamma=0.005, class_weight=balanced, kernel=rbf",Pipeline C,34,0.0,0.775,0.7576192890541378,0.754450924985036,0.8142076502732241,0.7010309278350515,0.744402527011639,0.07405243250325588,0.04600691795349121
ExtraTrees,"n_estimators=300, max_depth=6, min_samples_leaf=2, class_weight=balanced",Pipeline B,34,0.0,0.8178571428571428,0.7564925919666498,0.7760316190655436,0.9562841530054644,0.5567010309278351,0.7454243754817715,0.06762787007520249,1.1702227592468262
LogisticRegression,"C=0.01, penalty=l2, class_weight=balanced, solver=lbfgs",Pipeline C,34,0.0,0.7821428571428571,0.7558165737141569,0.7576583095673889,0.8415300546448088,0.6701030927835051,0.7581891667285113,0.07379308562351608,0.04398393630981445
ExtraTrees,"n_estimators=300, max_depth=6, min_samples_leaf=4, class_weight=balanced",Pipeline A,34,0.0,0.8071428571428572,0.7555630668694722,0.7704081632653061,0.9234972677595629,0.5876288659793815,0.748455442454015,0.05907531969491991,1.1972718238830566
ExtraTrees,"n_estimators=500, max_depth=10, min_samples_leaf=2, class_weight=None",Pipeline B,34,0.0,0.825,0.754689876626669,0.7778461438818633,0.9836065573770492,0.5257731958762887,0.7485321651920118,0.03133264994418731,1.8746631145477295
ExtraTrees,"n_estimators=500, max_depth=None, min_samples_leaf=2, class_weight=None",Pipeline A,34,0.0,0.825,0.754689876626669,0.7778461438818633,0.9836065573770492,0.5257731958762887,0.7428799912789683,0.052877783341115446,1.940119743347168
ExtraTrees,"n_estimators=500, max_depth=None, min_samples_leaf=2, class_weight=None",Pipeline B,34,0.0,0.8214285714285714,0.7519576361895104,0.7742518059855521,0.9781420765027322,0.5257731958762887,0.7405544098836194,0.05799225434916491,1.9712235927581787
ExtraTrees,"n_estimators=500, max_depth=16, min_samples_leaf=2, class_weight=None",Pipeline B,34,0.0,0.8214285714285714,0.7519576361895104,0.7742518059855521,0.9781420765027322,0.5257731958762887,0.7405544098836194,0.05799225434916491,1.9251716136932373
ExtraTrees,"n_estimators=500, max_depth=16, min_samples_leaf=2, class_weight=None",Pipeline A,34,0.0,0.8214285714285714,0.7519576361895104,0.7742518059855521,0.9781420765027322,0.5257731958762887,0.7405544098836194,0.05799225434916491,1.9312303066253662
ExtraTrees,"n_estimators=300, max_depth=16, min_samples_leaf=2, class_weight=None",Pipeline A,34,0.0,0.8214285714285714,0.7495352374514112,0.7723577235772358,0.9836065573770492,0.5154639175257731,0.7385321651920117,0.051913765826852434,1.1772115230560303
ExtraTrees,"n_estimators=500, max_depth=10, min_samples_leaf=2, class_weight=None",Pipeline A,34,0.0,0.8214285714285714,0.7495352374514112,0.7723577235772358,0.9836065573770492,0.5154639175257731,0.7385321651920117,0.051913765826852434,1.9234623908996582
ExtraTrees,"n_estimators=300, max_depth=None, min_samples_leaf=2, class_weight=None",Pipeline A,34,0.0,0.8214285714285714,0.7495352374514112,0.7723577235772358,0.9836065573770492,0.5154639175257731,0.7371952667962898,0.056164491870921485,1.1871333122253418
RBF_SVM,"C=0.25, gamma=0.02, class_weight=None, kernel=rbf",Pipeline A,34,0.0,0.8142857142857143,0.7489155540532928,0.768976897689769,0.9617486338797814,0.5360824742268041,0.7345609940922496,0.06632043360839326,0.028998851776123047
RBF_SVM,"C=0.25, gamma=0.02, class_weight=None, kernel=rbf",Pipeline B,34,0.0,0.8142857142857143,0.7489155540532928,0.768976897689769,0.9617486338797814,0.5360824742268041,0.7345609940922496,0.06632043360839326,0.029928207397460938
RBF_SVM,"C=1.0, gamma=0.005, class_weight=None, kernel=rbf",Pipeline A,34,0.0,0.8142857142857143,0.7464931553151934,0.7671294223018361,0.9672131147540983,0.5257731958762887,0.727234401574555,0.07691201731091606,0.028006553649902344
RBF_SVM,"C=1.0, gamma=0.005, class_weight=None, kernel=rbf",Pipeline B,34,0.0,0.8142857142857143,0.7464931553151934,0.7671294223018361,0.9672131147540983,0.5257731958762887,0.727234401574555,0.07691201731091606,0.028999805450439453
RBF_SVM,"C=0.25, gamma=0.005, class_weight=balanced, kernel=rbf",Pipeline A,34,0.0,0.7785714285714286,0.7458171370627007,0.750445632798574,0.8524590163934426,0.6391752577319587,0.7380212416303537,0.06102728564806145,0.032004594802856445
RBF_SVM,"C=0.25, gamma=0.005, class_weight=balanced, kernel=rbf",Pipeline B,34,0.0,0.7785714285714286,0.7458171370627007,0.750445632798574,0.8524590163934426,0.6391752577319587,0.7380212416303537,0.06102728564806145,0.03385305404663086
ExtraTrees,"n_estimators=300, max_depth=10, min_samples_leaf=2, class_weight=None",Pipeline A,34,0.0,0.8178571428571428,0.7443805982761534,0.7668152647822466,0.9836065573770492,0.5051546391752577,0.7341843391050552,0.05275465960846298,1.146228551864624
ExtraTrees,"n_estimators=300, max_depth=None, min_samples_leaf=2, class_weight=None",Pipeline B,34,0.0,0.8178571428571428,0.7443805982761534,0.7668152647822466,0.9836065573770492,0.5051546391752577,0.7329976383377919,0.05036043076448002,1.160184621810913
ExtraTrees,"n_estimators=300, max_depth=10, min_samples_leaf=2, class_weight=None",Pipeline B,34,0.0,0.8178571428571428,0.7443805982761534,0.7668152647822466,0.9836065573770492,0.5051546391752577,0.7341843391050552,0.05275465960846298,1.1431000232696533
ExtraTrees,"n_estimators=300, max_depth=16, min_samples_leaf=2, class_weight=None",Pipeline B,34,0.0,0.8178571428571428,0.7443805982761534,0.7668152647822466,0.9836065573770492,0.5051546391752577,0.7329976383377919,0.05036043076448002,1.1611483097076416
RBF_SVM,"C=0.25, gamma=0.04, class_weight=None, kernel=rbf",Pipeline C,34,0.0,0.7964285714285714,0.7352543518675004,0.7515527950310559,0.9344262295081968,0.5360824742268041,0.7341951051783325,0.03117660740692499,0.04400134086608887
RBF_SVM,"C=1.0, gamma=0.005, class_weight=None, kernel=rbf",Pipeline C,34,0.0,0.8,0.7282969973522618,0.7471620227038184,0.9617486338797814,0.4948453608247423,0.7177625401026935,0.044572018611069214,0.041089534759521484
RBF_SVM,"C=0.5, gamma=0.01, class_weight=None, kernel=rbf",Pipeline C,34,0.0,0.7892857142857143,0.7225226747788858,0.7389009182721942,0.9398907103825137,0.5051546391752577,0.7119278011981872,0.05384752981642826,0.04609942436218262
ExtraTrees,"n_estimators=500, max_depth=None, min_samples_leaf=4, class_weight=None",Pipeline B,34,0.0,0.8,0.7210298011379641,0.7405863278406459,0.9781420765027322,0.4639175257731959,0.7117462257403968,0.05315018675102469,1.9068496227264404
ExtraTrees,"n_estimators=500, max_depth=10, min_samples_leaf=4, class_weight=None",Pipeline B,34,0.0,0.8,0.7210298011379641,0.7405863278406459,0.9781420765027322,0.4639175257731959,0.7117462257403968,0.05315018675102469,1.8301739692687988
ExtraTrees,"n_estimators=300, max_depth=10, min_samples_leaf=4, class_weight=None",Pipeline B,34,0.0,0.8,0.7210298011379641,0.7405863278406459,0.9781420765027322,0.4639175257731959,0.7117462257403968,0.05315018675102469,1.1058313846588135
ExtraTrees,"n_estimators=500, max_depth=10, min_samples_leaf=4, class_weight=None",Pipeline A,34,0.0,0.8,0.7210298011379641,0.7405863278406459,0.9781420765027322,0.4639175257731959,0.7117462257403968,0.05315018675102469,1.848808765411377
ExtraTrees,"n_estimators=300, max_depth=10, min_samples_leaf=4, class_weight=None",Pipeline A,34,0.0,0.8,0.7210298011379641,0.7405863278406459,0.9781420765027322,0.4639175257731959,0.7113983996534403,0.058841451557560605,1.1283164024353027
ExtraTrees,"n_estimators=300, max_depth=16, min_samples_leaf=4, class_weight=None",Pipeline A,34,0.0,0.8,0.7210298011379641,0.7405863278406459,0.9781420765027322,0.4639175257731959,0.7136285786815734,0.052972637594183115,1.1365470886230469
Poly_SVM,"degree=2, C=4.0, gamma=scale, class_weight=balanced, kernel=poly",Pipeline B,34,0.0,0.7785714285714286,0.7191707509436088,0.7326927814732693,0.912568306010929,0.5257731958762887,0.7094681627973725,0.05872661884942956,0.02951669692993164
ExtraTrees,"n_estimators=500, max_depth=6, min_samples_leaf=1, class_weight=None",Pipeline B,34,0.0,0.8,0.7186074023998648,0.7382478632478633,0.9836065573770492,0.4536082474226804,0.7091785265033346,0.048836702719031504,1.7905974388122559
ExtraTrees,"n_estimators=500, max_depth=6, min_samples_leaf=1, class_weight=None",Pipeline A,34,0.0,0.8,0.7186074023998648,0.7382478632478633,0.9836065573770492,0.4536082474226804,0.7091785265033346,0.048836702719031504,1.8166329860687256
RBF_SVM,"C=0.25, gamma=0.02, class_weight=None, kernel=rbf",Pipeline C,34,0.0,0.7857142857142857,0.717368035603628,0.7334348819497334,0.9398907103825137,0.4948453608247423,0.7074297774827721,0.05145780642017607,0.04210472106933594
Poly_SVM,"degree=3, C=4.0, gamma=scale, class_weight=balanced, kernel=poly",Pipeline A,34,0.0,0.7964285714285714,0.7158751619627063,0.7347735770668882,0.9781420765027322,0.4536082474226804,0.7107753167548563,0.05981271584409402,0.026535511016845703
ExtraTrees,"n_estimators=500, max_depth=16, min_samples_leaf=4, class_weight=None",Pipeline B,34,0.0,0.7964285714285714,0.7158751619627063,0.7347735770668882,0.9781420765027322,0.4536082474226804,0.7073983996534403,0.05562729236652088,1.8105964660644531
ExtraTrees,"n_estimators=300, max_depth=16, min_samples_leaf=4, class_weight=None",Pipeline B,34,0.0,0.7964285714285714,0.7158751619627063,0.7347735770668882,0.9781420765027322,0.4536082474226804,0.7077462257403969,0.05158003341573179,1.1314482688903809
ExtraTrees,"n_estimators=300, max_depth=None, min_samples_leaf=4, class_weight=None",Pipeline A,34,0.0,0.7964285714285714,0.7158751619627063,0.7347735770668882,0.9781420765027322,0.4536082474226804,0.7077462257403969,0.05158003341573179,1.1291985511779785
ExtraTrees,"n_estimators=500, max_depth=16, min_samples_leaf=4, class_weight=None",Pipeline A,34,0.0,0.7964285714285714,0.7158751619627063,0.7347735770668882,0.9781420765027322,0.4536082474226804,0.7133983996534403,0.04196209271360785,1.8364758491516113
ExtraTrees,"n_estimators=300, max_depth=None, min_samples_leaf=4, class_weight=None",Pipeline B,34,0.0,0.7964285714285714,0.7158751619627063,0.7347735770668882,0.9781420765027322,0.4536082474226804,0.7077462257403969,0.05158003341573179,1.1435229778289795
ExtraTrees,"n_estimators=500, max_depth=None, min_samples_leaf=4, class_weight=None",Pipeline A,34,0.0,0.7964285714285714,0.7158751619627063,0.7347735770668882,0.9781420765027322,0.4536082474226804,0.7133983996534403,0.04196209271360785,1.9179871082305908
ExtraTrees,"n_estimators=300, max_depth=6, min_samples_leaf=1, class_weight=None",Pipeline A,34,0.0,0.7964285714285714,0.713452763224607,0.7323539769582934,0.9836065573770492,0.44329896907216493,0.7051785265033347,0.044664348597014646,1.0783793926239014
ExtraTrees,"n_estimators=300, max_depth=6, min_samples_leaf=1, class_weight=None",Pipeline B,34,0.0,0.7964285714285714,0.713452763224607,0.7323539769582934,0.9836065573770492,0.44329896907216493,0.7051785265033347,0.044664348597014646,1.0834290981292725
Poly_SVM,"degree=3, C=4.0, gamma=scale, class_weight=balanced, kernel=poly",Pipeline B,34,0.0,0.7928571428571428,0.7107205227874486,0.7288995726495726,0.9781420765027322,0.44329896907216493,0.7067753167548564,0.058338746835102116,0.02900409698486328
ExtraTrees,"n_estimators=300, max_depth=6, min_samples_leaf=4, class_weight=None",Pipeline A,34,0.0,0.7928571428571428,0.7107205227874486,0.7288995726495726,0.9781420765027322,0.44329896907216493,0.7023074905625313,0.047503135720147936,1.0809142589569092
ExtraTrees,"n_estimators=500, max_depth=6, min_samples_leaf=2, class_weight=None",Pipeline A,34,0.0,0.7928571428571428,0.7107205227874486,0.7288995726495726,0.9781420765027322,0.44329896907216493,0.7028529451079859,0.04840197378594082,1.8026885986328125
ExtraTrees,"n_estimators=300, max_depth=6, min_samples_leaf=2, class_weight=None",Pipeline A,34,0.0,0.7928571428571428,0.7107205227874486,0.7288995726495726,0.9781420765027322,0.44329896907216493,0.7047352980491624,0.0486390766850953,1.088599443435669
ExtraTrees,"n_estimators=300, max_depth=6, min_samples_leaf=2, class_weight=None",Pipeline B,34,0.0,0.7928571428571428,0.7107205227874486,0.7288995726495726,0.9781420765027322,0.44329896907216493,0.7047352980491624,0.0486390766850953,1.078648328781128
ExtraTrees,"n_estimators=500, max_depth=6, min_samples_leaf=2, class_weight=None",Pipeline B,34,0.0,0.7928571428571428,0.7107205227874486,0.7288995726495726,0.9781420765027322,0.44329896907216493,0.7028529451079859,0.04840197378594082,1.771083116531372
Poly_SVM,"degree=2, C=2.0, gamma=scale, class_weight=balanced, kernel=poly",Pipeline B,34,0.0,0.775,0.7091713142921525,0.7233331764927304,0.9234972677595629,0.4948453608247423,0.6990027262731122,0.08256513168663213,0.02751445770263672
Poly_SVM,"degree=2, C=4.0, gamma=scale, class_weight=None, kernel=poly",Pipeline B,34,0.0,0.7857142857142857,0.7076784406512309,0.7244817633167148,0.9617486338797814,0.4536082474226804,0.6990537416547646,0.06473040309377334,0.027514934539794922
Poly_SVM,"degree=2, C=2.0, gamma=scale, class_weight=balanced, kernel=poly",Pipeline A,34,0.0,0.775,0.7067489155540533,0.7211992856126819,0.9289617486338798,0.4845360824742268,0.6970358525671081,0.08291327309341644,0.02699875831604004
Poly_SVM,"degree=2, C=4.0, gamma=scale, class_weight=balanced, kernel=poly",Pipeline A,34,0.0,0.7678571428571429,0.7061292321559349,0.7187495170836489,0.907103825136612,0.5051546391752577,0.6991425814020236,0.05740135381146095,0.026516437530517578
ExtraTrees,"n_estimators=500, max_depth=6, min_samples_leaf=4, class_weight=None",Pipeline B,34,0.0,0.7892857142857143,0.7055658836121909,0.7229628884305144,0.9781420765027322,0.4329896907216495,0.6983074905625313,0.04239950526795502,1.762998104095459
ExtraTrees,"n_estimators=500, max_depth=6, min_samples_leaf=4, class_weight=None",Pipeline A,34,0.0,0.7892857142857143,0.7055658836121909,0.7229628884305144,0.9781420765027322,0.4329896907216495,0.6983074905625313,0.04239950526795502,1.7828235626220703
ExtraTrees,"n_estimators=300, max_depth=6, min_samples_leaf=4, class_weight=None",Pipeline B,34,0.0,0.7892857142857143,0.7055658836121909,0.7229628884305144,0.9781420765027322,0.4329896907216495,0.6983074905625313,0.04239950526795502,1.0695793628692627
Poly_SVM,"degree=2, C=4.0, gamma=scale, class_weight=None, kernel=poly",Pipeline A,34,0.0,0.7821428571428571,0.7049462002140724,0.7210927676807264,0.9562841530054644,0.4536082474226804,0.6967281602594158,0.0670989038749946,0.026009559631347656
Poly_SVM,"degree=3, C=4.0, gamma=scale, class_weight=None, kernel=poly",Pipeline A,34,0.0,0.7892857142857143,0.7031434848740916,0.7203744139203438,0.9836065573770492,0.422680412371134,0.6972413656249974,0.042267980701302575,0.024514198303222656
Poly_SVM,"degree=2, C=2.0, gamma=scale, class_weight=None, kernel=poly",Pipeline B,34,0.0,0.7821428571428571,0.7001014027378739,0.7161611965101786,0.9672131147540983,0.4329896907216495,0.686739041861804,0.0825627776467426,0.02754831314086914
Poly_SVM,"degree=2, C=2.0, gamma=scale, class_weight=None, kernel=poly",Pipeline A,34,0.0,0.7821428571428571,0.7001014027378739,0.7161611965101786,0.9672131147540983,0.4329896907216495,0.686739041861804,0.0825627776467426,0.026000261306762695
Poly_SVM,"degree=3, C=4.0, gamma=scale, class_weight=None, kernel=poly",Pipeline B,34,0.0,0.7857142857142857,0.6979888456988339,0.7142857142857142,0.9836065573770492,0.41237113402061853,0.6932413656249974,0.03685164131844441,0.027119874954223633
RBF_SVM,"C=0.25, gamma=scale, class_weight=None, kernel=rbf",Pipeline C,34,0.0,0.7714285714285715,0.6943270801644978,0.7086178861788618,0.9453551912568307,0.44329896907216493,0.6880241685989024,0.057801839286736004,0.04615044593811035
Poly_SVM,"degree=3, C=2.0, gamma=scale, class_weight=balanced, kernel=poly",Pipeline A,34,0.0,0.7821428571428571,0.6928342065235762,0.7081289837488678,0.9836065573770492,0.4020618556701031,0.6868135581383663,0.04055648437672901,0.0260012149810791
Poly_SVM,"degree=3, C=2.0, gamma=scale, class_weight=balanced, kernel=poly",Pipeline B,34,0.0,0.7821428571428571,0.6928342065235762,0.7081289837488678,0.9836065573770492,0.4020618556701031,0.6868135581383663,0.04055648437672901,0.027022838592529297
Poly_SVM,"degree=2, C=4.0, gamma=scale, class_weight=None, kernel=poly",Pipeline C,34,0.0,0.7714285714285715,0.6894822826882993,0.703527231817881,0.9562841530054644,0.422680412371134,0.6689359601321774,0.10551126063141376,0.03950166702270508
Poly_SVM,"degree=2, C=4.0, gamma=scale, class_weight=balanced, kernel=poly",Pipeline C,34,0.0,0.7607142857142857,0.6861303588530223,0.6987361693244046,0.9289617486338798,0.44329896907216493,0.6707586446939924,0.09097537253266924,0.044443607330322266
LogisticRegression,"C=0.01, penalty=l2, class_weight=None, solver=lbfgs",Pipeline A,34,0.0,0.775,0.6849473269111599,0.6985594422324373,0.9781420765027322,0.3917525773195876,0.680540830865639,0.03172956624299959,0.0279996395111084
LogisticRegression,"C=0.01, penalty=l2, class_weight=None, solver=lbfgs",Pipeline B,34,0.0,0.775,0.6849473269111599,0.6985594422324373,0.9781420765027322,0.3917525773195876,0.680540830865639,0.03172956624299959,0.0279998779296875
Poly_SVM,"degree=2, C=1.0, gamma=scale, class_weight=None, kernel=poly",Pipeline B,34,0.0,0.7678571428571429,0.6819052447749423,0.6947896228471768,0.9617486338797814,0.4020618556701031,0.6620095532057704,0.10546727041499203,0.025951147079467773
Poly_SVM,"degree=2, C=1.0, gamma=scale, class_weight=None, kernel=poly",Pipeline A,34,0.0,0.7678571428571429,0.6819052447749423,0.6947896228471768,0.9617486338797814,0.4020618556701031,0.6620095532057704,0.10546727041499203,0.025346040725708008
Poly_SVM,"degree=2, C=2.0, gamma=scale, class_weight=balanced, kernel=poly",Pipeline C,34,0.0,0.7607142857142857,0.6812855613768238,0.6936592694198142,0.9398907103825137,0.422680412371134,0.6682636324598497,0.07039583447041402,0.04569602012634277
Poly_SVM,"degree=3, C=2.0, gamma=scale, class_weight=None, kernel=poly",Pipeline A,34,0.0,0.7714285714285715,0.6797926877359022,0.6922865581427295,0.9781420765027322,0.38144329896907214,0.6724847496919109,0.04393026931495301,0.025511503219604492
Poly_SVM,"degree=2, C=1.0, gamma=scale, class_weight=balanced, kernel=poly",Pipeline B,34,0.0,0.7535714285714286,0.6782434792406062,0.6897432191549839,0.9234972677595629,0.4329896907216495,0.6677076856211455,0.09136457725062981,0.02814030647277832
Poly_SVM,"degree=2, C=1.0, gamma=scale, class_weight=balanced, kernel=poly",Pipeline A,34,0.0,0.7535714285714286,0.6782434792406062,0.6897432191549839,0.9234972677595629,0.4329896907216495,0.6677076856211455,0.09136457725062981,0.0260009765625
Poly_SVM,"degree=3, C=1.0, gamma=scale, class_weight=balanced, kernel=poly",Pipeline B,34,0.0,0.7678571428571429,0.6770604472987437,0.6889899007160067,0.9726775956284153,0.38144329896907214,0.6701037973109585,0.038834917307932135,0.029999971389770508
Poly_SVM,"degree=3, C=1.0, gamma=scale, class_weight=balanced, kernel=poly",Pipeline A,34,0.0,0.7678571428571429,0.6770604472987437,0.6889899007160067,0.9726775956284153,0.38144329896907214,0.6701037973109585,0.038834917307932135,0.026000261306762695
Poly_SVM,"degree=3, C=2.0, gamma=scale, class_weight=None, kernel=poly",Pipeline B,34,0.0,0.7678571428571429,0.6746380485606445,0.6859415713275008,0.9781420765027322,0.3711340206185567,0.6684847496919109,0.03540852549953229,0.02602362632751465
Poly_SVM,"degree=3, C=0.5, gamma=scale, class_weight=balanced, kernel=poly",Pipeline A,34,0.0,0.7607142857142857,0.6667511689482283,0.6762782350606547,0.9726775956284153,0.36082474226804123,0.6606650621330928,0.05795530023647702,0.02802276611328125
Poly_SVM,"degree=3, C=0.5, gamma=scale, class_weight=balanced, kernel=poly",Pipeline B,34,0.0,0.7607142857142857,0.6667511689482283,0.6762782350606547,0.9726775956284153,0.36082474226804123,0.6606650621330928,0.05795530023647702,0.027995586395263672
Poly_SVM,"degree=3, C=1.0, gamma=scale, class_weight=None, kernel=poly",Pipeline A,34,0.0,0.7607142857142857,0.664328770210129,0.6730283224400871,0.9781420765027322,0.35051546391752575,0.6585005599685907,0.06927728860608409,0.02499699592590332
RBF_SVM,"C=0.25, gamma=0.01, class_weight=None, kernel=rbf",Pipeline A,34,0.0,0.7571428571428571,0.6640189285110698,0.6730544680266501,0.9672131147540983,0.36082474226804123,0.6546026123205687,0.05903234445358806,0.0299985408782959
RBF_SVM,"C=0.25, gamma=0.01, class_weight=None, kernel=rbf",Pipeline B,34,0.0,0.7571428571428571,0.6640189285110698,0.6730544680266501,0.9672131147540983,0.36082474226804123,0.6546026123205687,0.05903234445358806,0.03102421760559082
Poly_SVM,"degree=2, C=2.0, gamma=scale, class_weight=None, kernel=poly",Pipeline C,34,0.0,0.7535714285714286,0.6637090868120106,0.6729802467881989,0.9562841530054644,0.3711340206185567,0.6396713228087165,0.1189314777257763,0.04201078414916992
RBF_SVM,"C=0.5, gamma=0.005, class_weight=None, kernel=rbf",Pipeline B,34,0.0,0.7571428571428571,0.6615965297729705,0.6698113207547169,0.9726775956284153,0.35051546391752575,0.6499093959035671,0.06824139932004712,0.03099966049194336
RBF_SVM,"C=0.5, gamma=0.005, class_weight=None, kernel=rbf",Pipeline A,34,0.0,0.7571428571428571,0.6615965297729705,0.6698113207547169,0.9726775956284153,0.35051546391752575,0.6499093959035671,0.06824139932004712,0.028670072555541992
Poly_SVM,"degree=3, C=1.0, gamma=scale, class_weight=None, kernel=poly",Pipeline B,34,0.0,0.7571428571428571,0.6615965297729705,0.6698113207547169,0.9726775956284153,0.35051546391752575,0.6561196075876383,0.06461685626250399,0.027031421661376953
LogisticRegression,"C=0.01, penalty=l2, class_weight=None, solver=lbfgs",Pipeline C,34,0.0,0.75,0.6585544476367529,0.6666666666666667,0.9562841530054644,0.36082474226804123,0.657686511272189,0.032200277162579186,0.040282249450683594
Poly_SVM,"degree=2, C=0.5, gamma=scale, class_weight=balanced, kernel=poly",Pipeline A,34,0.0,0.7321428571428571,0.6545828404033576,0.6627643686467215,0.907103825136612,0.4020618556701031,0.6481275990410589,0.07685680242294853,0.027924537658691406
Poly_SVM,"degree=2, C=0.5, gamma=scale, class_weight=balanced, kernel=poly",Pipeline B,34,0.0,0.7321428571428571,0.6545828404033576,0.6627643686467215,0.907103825136612,0.4020618556701031,0.6481275990410589,0.07685680242294853,0.0280001163482666
Poly_SVM,"degree=2, C=1.0, gamma=scale, class_weight=balanced, kernel=poly",Pipeline C,34,0.0,0.7392857142857143,0.6527801250633767,0.6603240548400499,0.9344262295081968,0.3711340206185567,0.6306929678303616,0.09428516065486268,0.039568185806274414
Poly_SVM,"degree=2, C=0.5, gamma=scale, class_weight=None, kernel=poly",Pipeline A,34,0.0,0.7464285714285714,0.6485550109852966,0.6535076252723311,0.9672131147540983,0.32989690721649484,0.627028524757425,0.10920718982835201,0.024999618530273438
Poly_SVM,"degree=2, C=0.5, gamma=scale, class_weight=None, kernel=poly",Pipeline B,34,0.0,0.7464285714285714,0.6485550109852966,0.6535076252723311,0.9672131147540983,0.32989690721649484,0.627028524757425,0.10920718982835201,0.02599167823791504
Poly_SVM,"degree=3, C=4.0, gamma=scale, class_weight=balanced, kernel=poly",Pipeline C,34,0.0,0.7464285714285714,0.6461326122471973,0.6499445334648095,0.9726775956284153,0.31958762886597936,0.6234458107961945,0.09345190082668679,0.04088020324707031
Poly_SVM,"degree=3, C=0.5, gamma=scale, class_weight=None, kernel=poly",Pipeline A,34,0.0,0.7428571428571429,0.6361331755957411,0.6354166666666667,0.9836065573770492,0.28865979381443296,0.6299882317171319,0.06185784898668306,0.026000022888183594
Poly_SVM,"degree=3, C=0.5, gamma=scale, class_weight=None, kernel=poly",Pipeline B,34,0.0,0.7428571428571429,0.6361331755957411,0.6354166666666667,0.9836065573770492,0.28865979381443296,0.6299882317171319,0.06185784898668306,0.025999784469604492
Poly_SVM,"degree=3, C=4.0, gamma=scale, class_weight=None, kernel=poly",Pipeline C,34,0.0,0.7321428571428571,0.6279364542842656,0.6263278706026798,0.9672131147540983,0.28865979381443296,0.604406871900478,0.10344813853595901,0.039539337158203125
RBF_SVM,"C=0.5, gamma=0.005, class_weight=None, kernel=rbf",Pipeline C,34,0.0,0.7285714285714285,0.6252042138471072,0.6233361653922401,0.9617486338797814,0.28865979381443296,0.6306777111347979,0.039122388129478027,0.046187639236450195
Poly_SVM,"degree=2, C=0.5, gamma=scale, class_weight=balanced, kernel=poly",Pipeline C,34,0.0,0.7214285714285714,0.6221621317108895,0.6212541620421753,0.9453551912568307,0.29896907216494845,0.5976354175375171,0.12300371238184656,0.04500102996826172
Poly_SVM,"degree=3, C=2.0, gamma=scale, class_weight=balanced, kernel=poly",Pipeline C,34,0.0,0.7285714285714285,0.6203594163709086,0.615162037037037,0.9726775956284153,0.26804123711340205,0.5982423697359758,0.10112527230044847,0.040996551513671875
Poly_SVM,"degree=2, C=1.0, gamma=scale, class_weight=None, kernel=poly",Pipeline C,34,0.0,0.725,0.6200495746718495,0.6163632804854179,0.9617486338797814,0.27835051546391754,0.5970861730905745,0.14370958796062308,0.041008949279785156
RBF_SVM,"C=0.25, gamma=0.08, class_weight=None, kernel=rbf",Pipeline C,34,0.0,0.7178571428571429,0.609740296321334,0.6021511178258602,0.9617486338797814,0.25773195876288657,0.6379487394383606,0.1084188417144146,0.042799949645996094
RBF_SVM,"C=0.25, gamma=0.01, class_weight=None, kernel=rbf",Pipeline C,34,0.0,0.7,0.5912342966593431,0.5792486583184258,0.9453551912568307,0.23711340206185566,0.5940450939650963,0.030813135367038204,0.04674363136291504
Poly_SVM,"degree=3, C=1.0, gamma=scale, class_weight=balanced, kernel=poly",Pipeline C,34,0.0,0.7071428571428572,0.5894315813193622,0.5703271202934351,0.9726775956284153,0.20618556701030927,0.5728036345581102,0.07992488450847082,0.044039249420166016
Poly_SVM,"degree=3, C=2.0, gamma=scale, class_weight=None, kernel=poly",Pipeline C,34,0.0,0.6964285714285714,0.5788124612697876,0.5572175401387881,0.9617486338797814,0.1958762886597938,0.5638585796130553,0.06993855123119808,0.0380098819732666
RBF_SVM,"C=0.25, gamma=0.08, class_weight=None, kernel=rbf",Pipeline A,34,0.0,0.7035714285714286,0.5770097459298068,0.5458720078163166,0.9890710382513661,0.16494845360824742,0.6072902461839593,0.11112460355306752,0.02999734878540039
RBF_SVM,"C=0.25, gamma=0.08, class_weight=None, kernel=rbf",Pipeline B,34,0.0,0.7035714285714286,0.5770097459298068,0.5458720078163166,0.9890710382513661,0.16494845360824742,0.6072902461839593,0.11112460355306752,0.02999401092529297
Poly_SVM,"degree=3, C=1.0, gamma=scale, class_weight=None, kernel=poly",Pipeline C,34,0.0,0.6857142857142857,0.5633485437440144,0.5333333333333333,0.9617486338797814,0.16494845360824742,0.5506174728936878,0.06951883371338936,0.03979825973510742
Poly_SVM,"degree=3, C=0.5, gamma=scale, class_weight=balanced, kernel=poly",Pipeline C,34,0.0,0.6785714285714286,0.5530392653934989,0.5168341130454789,0.9617486338797814,0.14432989690721648,0.5429652989806443,0.050263988157160155,0.04210495948791504
Poly_SVM,"degree=2, C=0.5, gamma=scale, class_weight=None, kernel=poly",Pipeline C,34,0.0,0.6714285714285714,0.5403075883048842,0.49335221461726064,0.9672131147540983,0.1134020618556701,0.5315377436853675,0.04156930106893289,0.03803563117980957
RBF_SVM,"C=0.25, gamma=0.005, class_weight=None, kernel=rbf",Pipeline B,34,0.0,0.6785714285714286,0.5385048729649033,0.47635275538193,0.994535519125683,0.08247422680412371,0.535976236891838,0.0370295581510574,0.029999732971191406
RBF_SVM,"C=0.25, gamma=0.005, class_weight=None, kernel=rbf",Pipeline A,34,0.0,0.6785714285714286,0.5385048729649033,0.47635275538193,0.994535519125683,0.08247422680412371,0.535976236891838,0.0370295581510574,0.02961254119873047
Poly_SVM,"degree=3, C=0.5, gamma=scale, class_weight=None, kernel=poly",Pipeline C,34,0.0,0.65,0.5118021519914371,0.4456565656565657,0.9617486338797814,0.061855670103092786,0.5074940132331436,0.02724145961799857,0.037999868392944336
RBF_SVM,"C=0.25, gamma=0.005, class_weight=None, kernel=rbf",Pipeline C,34,0.0,0.6607142857142857,0.5103092783505154,0.41716514384627185,1.0,0.020618556701030927,0.508,0.017888543819998333,0.04607081413269043
