strategy,repetition_id,video_id,hand,ground_truth_label,canon_start_frame,canon_end_frame,canon_duration,canon_rom,completed,fragmented,start_frame_error,end_frame_error,duration_error,rom_error,iou,predicted_label
Strategy 1: Fixed 135 deg Threshold (Phase 4 Baseline),rep_fb0c2f97d90ea5de5a,vid_0c264aade3d23621,Right,Correct,4,350,5.7642109999999995,57.79998016357422,True,False,138.0,-62.0,-3.3319219999999996,-16.39178466796875,0.42196531791907516,Incorrect
Strategy 1: Fixed 135 deg Threshold (Phase 4 Baseline),rep_02cbaaa878991f7eee,vid_0c264aade3d23621,Left,Correct,372,572,3.3319110000000007,62.01153564453125,True,False,3.0,-22.0,-0.4164880000000011,-5.4856414794921875,0.875,Correct
Strategy 1: Fixed 135 deg Threshold (Phase 4 Baseline),rep_3b3a031e67b667bb2f,vid_0c264aade3d23621,Right,Correct,572,832,4.3314889999999995,48.47113800048828,True,False,42.0,-66.0,-1.799244999999999,0.0,0.5846153846153846,Incorrect
Strategy 1: Fixed 135 deg Threshold (Phase 4 Baseline),rep_b59965fe88fa0c3f40,vid_0c264aade3d23621,Left,Correct,832,1010,2.9654000000000007,69.94298553466797,True,False,15.0,-14.0,-0.48312199999999983,-15.680419921875,0.8370786516853933,Correct
Strategy 1: Fixed 135 deg Threshold (Phase 4 Baseline),rep_9988a74422e7c505d0,vid_0c264aade3d23621,Right,Correct,1010,1260,4.164887999999998,46.64124298095703,True,False,75.0,-34.0,-1.8158989999999982,-1.543426513671875,0.564,Incorrect
Strategy 1: Fixed 135 deg Threshold (Phase 4 Baseline),rep_372c0410acd5099364,vid_0c264aade3d23621,Left,Correct,1265,1480,3.5818119999999993,55.62651062011719,True,False,31.0,-5.0,-0.5997559999999993,-5.5806121826171875,0.8325581395348837,Correct
Strategy 1: Fixed 135 deg Threshold (Phase 4 Baseline),rep_46b03a163715ea8674,vid_0c264aade3d23621,Right,Correct,1490,1780,4.831278000000001,52.61701202392578,True,True,56.0,-65.0,-2.015811000000003,-10.075363159179688,0.5827586206896552,Correct
Strategy 1: Fixed 135 deg Threshold (Phase 4 Baseline),rep_cea1129ae50e36fb30,vid_0c264aade3d23621,Left,Correct,1810,2004,3.2319449999999996,62.376014709472656,True,False,18.0,-12.0,-0.4997899999999973,-9.287017822265625,0.845360824742268,Correct
Strategy 1: Fixed 135 deg Threshold (Phase 4 Baseline),rep_20614a58d738f0f71c,vid_0c264aade3d23621,Right,Correct,2030,2324,4.897911000000001,46.64794158935547,True,True,1.0,-102.0,-1.715921999999999,-0.0438995361328125,0.6496598639455783,Correct
Strategy 1: Fixed 135 deg Threshold (Phase 4 Baseline),rep_e8c1d21c6f2e4707b3,vid_0c264aade3d23621,Left,Correct,2324,2534,3.4985110000000006,65.99900817871094,True,False,24.0,-29.0,-0.8829670000000007,-9.433486938476562,0.7476190476190476,Correct
Strategy 1: Fixed 135 deg Threshold (Phase 4 Baseline),rep_5c1dd8ed9aa6c8aa69,vid_0c264aade3d23621,Right,Correct,2534,2755,3.6817670000000007,43.3350830078125,True,False,60.0,-35.0,-1.5826670000000007,-5.128204345703125,0.5701357466063348,Incorrect
Strategy 1: Fixed 135 deg Threshold (Phase 4 Baseline),rep_edc2513a7b19ebb4ed,vid_0c264aade3d23621,Left,Correct,2780,3000,3.665111000000003,71.63307189941406,True,False,18.0,-25.0,-0.7163670000000053,-13.193267822265625,0.8045454545454546,Correct
Strategy 1: Fixed 135 deg Threshold (Phase 4 Baseline),rep_6be9256acb543f49b8,vid_0c264aade3d23621,Right,Correct,2990,3270,4.664678000000002,42.332740783691406,True,False,-3.0,-63.0,-0.9995779999999996,0.0,0.7667844522968198,Correct
Strategy 1: Fixed 135 deg Threshold (Phase 4 Baseline),rep_1c83a3b866cf4e027c,vid_1ac0cd5b45de866a,Right,Correct,4,330,5.431023,51.11205291748047,True,False,4.0,-66.0,-1.1661679999999999,-5.1880645751953125,0.7852760736196319,Correct
Strategy 1: Fixed 135 deg Threshold (Phase 4 Baseline),rep_0d7eaf4563fd24294a,vid_1ac0cd5b45de866a,Left,Correct,346,556,3.498499999999999,74.2674331665039,True,True,23.0,-22.0,-0.7496669999999996,-16.536270141601562,0.7857142857142857,Correct
Strategy 1: Fixed 135 deg Threshold (Phase 4 Baseline),rep_cff3c2f757be354140,vid_1ac0cd5b45de866a,Right,Incorrect,556,810,4.231545000000001,37.70032501220703,True,False,93.0,-24.0,-1.9491790000000009,-1.6353607177734375,0.5393700787401575,Incorrect
Strategy 1: Fixed 135 deg Threshold (Phase 4 Baseline),rep_503633f6745e8f6a45,vid_1ac0cd5b45de866a,Left,Incorrect,820,1070,4.164899999999999,53.462646484375,True,True,61.0,-29.0,-1.4993669999999977,-11.590301513671875,0.64,Incorrect
Strategy 1: Fixed 135 deg Threshold (Phase 4 Baseline),rep_bb9858d2e8e9c3549c,vid_1ac0cd5b45de866a,Right,Correct,1150,1332,3.032043999999999,46.08067321777344,True,False,-114.0,-45.0,1.1495010000000008,-5.18951416015625,0.46283783783783783,Incorrect
Strategy 1: Fixed 135 deg Threshold (Phase 4 Baseline),rep_9ff0bc77263dfff528,vid_1ac0cd5b45de866a,Right,Correct,1606,1772,2.7654770000000006,65.53998565673828,True,False,-308.0,-69.0,3.9816339999999997,-3.1359405517578125,0.20464135021097046,Incorrect
Strategy 1: Fixed 135 deg Threshold (Phase 4 Baseline),rep_35e324ed6452359dd2,vid_1ac0cd5b45de866a,Left,Correct,1772,1944,2.865445000000001,61.80139923095703,True,False,21.0,-32.0,-0.8829560000000001,-11.247604370117188,0.6918604651162791,Correct
Strategy 1: Fixed 135 deg Threshold (Phase 4 Baseline),rep_d8ea12c9407f1b8ebe,vid_1ac0cd5b45de866a,Left,Correct,1944,2144,3.331910999999998,62.128562927246094,True,False,39.0,-40.0,-1.3160999999999987,-14.994781494140625,0.605,Correct
Strategy 1: Fixed 135 deg Threshold (Phase 4 Baseline),rep_ed4d23c464cf750af7,vid_1ac0cd5b45de866a,Left,Correct,2144,2320,2.9320889999999977,62.16267395019531,True,False,31.0,-19.0,-0.8329769999999996,-13.173843383789062,0.7159090909090909,Correct
Strategy 1: Fixed 135 deg Threshold (Phase 4 Baseline),rep_8c17d582de78f254dd,vid_1ac0cd5b45de866a,Right,Incorrect,2320,2396,1.2661220000000029,17.098793029785156,False,False,,,,,0.0,Missed
Strategy 1: Fixed 135 deg Threshold (Phase 4 Baseline),rep_83f806588a8c338f4b,vid_1ac0cd5b45de866a,Right,Incorrect,2892,2984,1.5326880000000003,30.514999389648438,False,False,,,,,0.0,Missed
Strategy 1: Fixed 135 deg Threshold (Phase 4 Baseline),rep_ef9e190c4981e28593,vid_1ac0cd5b45de866a,Right,Incorrect,2984,3220,3.9316559999999967,34.50457000732422,True,False,-35.0,-47.0,-0.1999229999999983,0.0,0.6974169741697417,Incorrect
Strategy 1: Fixed 135 deg Threshold (Phase 4 Baseline),rep_5c39730111cd443d20,vid_1ac0cd5b45de866a,Left,Incorrect,3242,3432,3.165300000000002,49.56865692138672,False,False,,,,,0.0,Missed
Strategy 1: Fixed 135 deg Threshold (Phase 4 Baseline),rep_b62f14d196952f28be,vid_1334a563691c2170,Right,Correct,6,176,2.832133,78.32747650146484,True,False,26.0,-48.0,-1.2328219999999996,-19.040542602539062,0.5647058823529412,Correct
Strategy 1: Fixed 135 deg Threshold (Phase 4 Baseline),rep_ebf0037ac696966f6b,vid_1334a563691c2170,Left,Correct,176,328,2.532244,88.74259948730469,True,False,18.0,-30.0,-0.7996439999999998,-33.58403015136719,0.6842105263157895,Correct
Strategy 1: Fixed 135 deg Threshold (Phase 4 Baseline),rep_3937e4fb3928cf8769,vid_1334a563691c2170,Left,Correct,328,496,2.7988110000000006,90.0221176147461,True,False,39.0,-40.0,-1.3161110000000003,-33.89752197265625,0.5297619047619048,Correct
Strategy 1: Fixed 135 deg Threshold (Phase 4 Baseline),rep_4145f06cb4db15ce3f,vid_1334a563691c2170,Right,Correct,496,640,2.3989779999999996,104.22831726074219,True,False,23.0,-27.0,-0.8329780000000007,-40.906341552734375,0.6527777777777778,Correct
Strategy 1: Fixed 135 deg Threshold (Phase 4 Baseline),rep_df6be1b0d78003c9ac,vid_1334a563691c2170,Right,Correct,640,800,2.665533999999999,97.66472625732422,True,False,37.0,-29.0,-1.0995340000000002,-35.254364013671875,0.5875,Correct
Strategy 1: Fixed 135 deg Threshold (Phase 4 Baseline),rep_4791579acae25fe0bd,vid_1334a563691c2170,Left,Correct,780,980,3.331900000000001,91.9024429321289,True,False,63.0,-48.0,-1.8491890000000009,-36.14289855957031,0.445,Correct
Strategy 1: Fixed 135 deg Threshold (Phase 4 Baseline),rep_ff72086c1823042be9,vid_1334a563691c2170,Right,Correct,980,1160,2.998732999999998,99.35140991210938,True,False,18.0,-56.0,-1.2328209999999977,-33.288177490234375,0.5888888888888889,Correct
Strategy 1: Fixed 135 deg Threshold (Phase 4 Baseline),rep_d348e469e89a781661,vid_1334a563691c2170,Left,Correct,1160,1328,2.7988,92.711181640625,True,False,41.0,-47.0,-1.4660440000000001,-33.37550354003906,0.47619047619047616,Correct
Strategy 1: Fixed 135 deg Threshold (Phase 4 Baseline),rep_e8d9e0d9e521cb4474,vid_1334a563691c2170,Left,Correct,1328,1490,2.6988559999999993,84.31739807128906,True,False,22.0,-51.0,-1.2161560000000016,-30.672515869140625,0.5493827160493827,Correct
Strategy 1: Fixed 135 deg Threshold (Phase 4 Baseline),rep_496c495105f1f840b1,vid_1334a563691c2170,Right,Correct,1508,1650,2.3656560000000013,,True,False,25.0,-40.0,-1.082878000000001,,0.5422535211267606,Correct
Strategy 1: Fixed 135 deg Threshold (Phase 4 Baseline),rep_fbee42bcc84ad72a70,vid_1334a563691c2170,Right,Correct,1650,1800,2.4989329999999974,82.7657241821289,True,False,30.0,-30.0,-0.9995779999999996,-22.375686645507812,0.6,Correct
Strategy 1: Fixed 135 deg Threshold (Phase 4 Baseline),rep_27f29611af9d868d70,vid_1334a563691c2170,Right,Correct,1800,1964,2.732178000000001,100.77892303466797,True,False,38.0,-39.0,-1.2827889999999975,-34.73768615722656,0.5304878048780488,Correct
Strategy 1: Fixed 135 deg Threshold (Phase 4 Baseline),rep_96581b03de4436e334,vid_769bc27d1c4abfab,Right,Correct,28,216,3.131989,76.52783203125,True,False,29.0,-30.0,-0.9829109999999996,-18.59796142578125,0.6861702127659575,Correct
Strategy 1: Fixed 135 deg Threshold (Phase 4 Baseline),rep_f58658b961ff048335,vid_769bc27d1c4abfab,Left,Correct,216,398,3.0320440000000004,79.59202575683594,True,False,33.0,-31.0,-1.066221000000001,-23.571258544921875,0.6483516483516484,Correct
Strategy 1: Fixed 135 deg Threshold (Phase 4 Baseline),rep_0da66c37aeaee10dba,vid_769bc27d1c4abfab,Left,Correct,398,562,2.7321670000000005,93.56515502929688,True,False,28.0,-27.0,-0.9162670000000004,-34.03666687011719,0.6646341463414634,Correct
Strategy 1: Fixed 135 deg Threshold (Phase 4 Baseline),rep_c4774628dd2fa04641,vid_769bc27d1c4abfab,Right,Correct,562,754,3.198632999999999,95.1409912109375,True,False,26.0,-32.0,-0.9662549999999985,-32.96038818359375,0.6979166666666666,Incorrect
Strategy 1: Fixed 135 deg Threshold (Phase 4 Baseline),rep_15de4676677de916d0,vid_769bc27d1c4abfab,Right,Incorrect,754,914,2.665533,79.85400390625,True,False,27.0,-16.0,-0.7163660000000007,-22.115478515625,0.73125,Correct
Strategy 1: Fixed 135 deg Threshold (Phase 4 Baseline),rep_506fc27703682724ad,vid_769bc27d1c4abfab,Right,Incorrect,914,1104,3.165312,93.09306335449219,True,False,51.0,-32.0,-1.382746000000001,-33.407684326171875,0.5631578947368421,Correct
Strategy 1: Fixed 135 deg Threshold (Phase 4 Baseline),rep_50437be04b9a9a36ed,vid_769bc27d1c4abfab,Left,Incorrect,1104,1264,2.665533,93.77217102050781,True,False,26.0,-33.0,-0.9829219999999985,-37.37199401855469,0.63125,Correct
Strategy 1: Fixed 135 deg Threshold (Phase 4 Baseline),rep_a8f87271f827579bc4,vid_769bc27d1c4abfab,Left,Incorrect,1264,1422,2.6322110000000016,71.32793426513672,True,False,45.0,-37.0,-1.366100000000003,-28.553741455078125,0.4810126582278481,Incorrect
Strategy 1: Fixed 135 deg Threshold (Phase 4 Baseline),rep_3f57d674d3d25f06bc,vid_769bc27d1c4abfab,Left,Correct,1422,1572,2.4989329999999974,90.2385482788086,True,False,32.0,-29.0,-1.0162439999999968,-33.537322998046875,0.5933333333333334,Incorrect
Strategy 1: Fixed 135 deg Threshold (Phase 4 Baseline),rep_2a80f26013fc49beb7,vid_769bc27d1c4abfab,Right,Correct,1572,1740,2.7988,96.73076629638672,True,False,48.0,-28.0,-1.2661110000000022,-28.73883056640625,0.5476190476190477,Correct
Strategy 1: Fixed 135 deg Threshold (Phase 4 Baseline),rep_830e9ff6471c2e6ac0,vid_769bc27d1c4abfab,Right,Incorrect,1740,1898,2.6322110000000016,60.811866760253906,True,False,35.0,-12.0,-0.7830000000000013,-17.588302612304688,0.7025316455696202,Incorrect
Strategy 1: Fixed 135 deg Threshold (Phase 4 Baseline),rep_d06e09af4456675bf7,vid_769bc27d1c4abfab,Right,Incorrect,1898,2072,2.898778,58.87322235107422,True,False,59.0,-16.0,-1.2494780000000034,-22.1336669921875,0.5689655172413793,Incorrect
Strategy 1: Fixed 135 deg Threshold (Phase 4 Baseline),rep_2073ececf0915178cc,vid_769bc27d1c4abfab,Left,Incorrect,2072,2250,2.965389000000002,63.73335266113281,True,False,31.0,-58.0,-1.482678,-18.97552490234375,0.5,Incorrect
Strategy 1: Fixed 135 deg Threshold (Phase 4 Baseline),rep_b99bfda2386efa860d,vid_769bc27d1c4abfab,Left,Correct,2250,2400,2.498933000000001,77.5048599243164,True,False,2.0,-63.0,-1.0828660000000028,-21.43792724609375,0.5666666666666667,Correct
Strategy 1: Fixed 135 deg Threshold (Phase 4 Baseline),rep_ceb27ce1bfcd40e009,vid_d5dd3c73ecfdd074,Right,Correct,2,86,2.799477,72.96882629394531,True,False,2.0,-23.0,-0.8331770000000001,-15.096359252929688,0.7023809523809523,Correct
Strategy 1: Fixed 135 deg Threshold (Phase 4 Baseline),rep_ed49f7e3ae23c14632,vid_d5dd3c73ecfdd074,Left,Correct,86,177,3.0327559999999996,80.0293197631836,True,True,9.0,-20.0,-0.9664779999999995,-18.362594604492188,0.6813186813186813,Correct
Strategy 1: Fixed 135 deg Threshold (Phase 4 Baseline),rep_25ebac40f9fffdcd03,vid_d5dd3c73ecfdd074,Right,Correct,177,275,3.2660670000000005,69.80219268798828,True,True,15.0,-29.0,-1.4663999999999993,-14.443023681640625,0.5510204081632653,Correct
Strategy 1: Fixed 135 deg Threshold (Phase 4 Baseline),rep_f31c86caa9c9a81254,vid_d5dd3c73ecfdd074,Left,Correct,275,369,3.132733,75.26802825927734,True,False,13.0,-24.0,-1.2330889999999997,-13.968719482421875,0.6063829787234043,Correct
Strategy 1: Fixed 135 deg Threshold (Phase 4 Baseline),rep_374cd3d66f0b6ae7da,vid_d5dd3c73ecfdd074,Right,Correct,369,466,3.2327329999999996,72.76138305664062,True,True,20.0,-28.0,-1.59971,-12.740249633789062,0.5051546391752577,Correct
Strategy 1: Fixed 135 deg Threshold (Phase 4 Baseline),rep_9145ce2ee0edd05abc,vid_d5dd3c73ecfdd074,Left,Correct,466,556,2.9994449999999997,76.54549407958984,True,False,14.0,-15.0,-0.966489000000001,-13.2596435546875,0.6777777777777778,Correct
Strategy 1: Fixed 135 deg Threshold (Phase 4 Baseline),rep_0842956941b20f23e2,vid_d5dd3c73ecfdd074,Right,Correct,556,655,3.299377,72.77853393554688,True,True,21.0,-21.0,-1.3997320000000002,-13.434722900390625,0.5757575757575758,Correct
Strategy 1: Fixed 135 deg Threshold (Phase 4 Baseline),rep_bb77b1ff42cedb3170,vid_d5dd3c73ecfdd074,Left,Correct,655,749,3.132745,78.57931518554688,True,True,14.0,-22.0,-1.1997670000000014,-16.665740966796875,0.6170212765957447,Correct
Strategy 1: Fixed 135 deg Threshold (Phase 4 Baseline),rep_99a949701e9d3cb359,vid_d5dd3c73ecfdd074,Right,Correct,749,845,3.1994000000000007,77.15081024169922,True,True,14.0,-23.0,-1.2331000000000003,-15.889358520507812,0.6145833333333334,Correct
Strategy 1: Fixed 135 deg Threshold (Phase 4 Baseline),rep_3521755f47891373fb,vid_d5dd3c73ecfdd074,Left,Correct,845,942,3.2327329999999996,73.8160400390625,True,False,15.0,-23.0,-1.2664329999999993,-17.094955444335938,0.6082474226804123,Correct
Strategy 1: Fixed 135 deg Threshold (Phase 4 Baseline),rep_74b1650c1e192f8b21,vid_d5dd3c73ecfdd074,Right,Correct,942,1028,2.8661220000000007,77.38615417480469,True,True,15.0,-17.0,-1.0664550000000013,-14.771194458007812,0.627906976744186,Correct
Strategy 1: Fixed 135 deg Threshold (Phase 4 Baseline),rep_931a64113a41501185,vid_d5dd3c73ecfdd074,Left,Correct,1028,1116,2.932777999999999,82.0189437866211,True,False,15.0,-21.0,-1.1997659999999968,-21.26873779296875,0.5909090909090909,Correct
Strategy 1: Fixed 135 deg Threshold (Phase 4 Baseline),rep_0e7a579eafe33e64d5,vid_e2fbdd20b335321f,Right,Correct,2,90,2.932788,79.73098754882812,True,False,0.0,-20.0,-0.666544,-14.88018798828125,0.7727272727272727,Correct
Strategy 1: Fixed 135 deg Threshold (Phase 4 Baseline),rep_3bd189643926330002,vid_e2fbdd20b335321f,Left,Correct,90,191,3.3660340000000004,84.63256072998047,True,True,13.0,-24.0,-1.2330900000000002,-20.5811767578125,0.6336633663366337,Correct
Strategy 1: Fixed 135 deg Threshold (Phase 4 Baseline),rep_a688119e8807169567,vid_e2fbdd20b335321f,Right,Correct,191,287,3.1994,82.91388702392578,True,False,16.0,-17.0,-1.0998,-19.687652587890625,0.65625,Correct
Strategy 1: Fixed 135 deg Threshold (Phase 4 Baseline),rep_e586c2d87bca5883fe,vid_e2fbdd20b335321f,Left,Correct,287,382,3.166065999999999,78.4169921875,True,False,11.0,-17.0,-0.9331439999999986,-17.280685424804688,0.7052631578947368,Correct
Strategy 1: Fixed 135 deg Threshold (Phase 4 Baseline),rep_4401202746b68b5331,vid_e2fbdd20b335321f,Right,Incorrect,382,468,2.8661340000000006,71.11182403564453,True,True,21.0,-14.0,-1.1664450000000013,-15.350662231445312,0.5930232558139535,Incorrect
Strategy 1: Fixed 135 deg Threshold (Phase 4 Baseline),rep_44b1272fd8a9d6b943,vid_e2fbdd20b335321f,Left,Incorrect,468,576,3.599322000000001,59.48150634765625,True,True,16.0,-17.0,-1.0997890000000012,-15.245880126953125,0.6944444444444444,Incorrect
Strategy 1: Fixed 135 deg Threshold (Phase 4 Baseline),rep_39093c9edb2675b1e2,vid_e2fbdd20b335321f,Right,Incorrect,576,651,2.4995329999999996,39.928382873535156,True,False,7.0,-16.0,-0.7665219999999984,-10.605621337890625,0.6933333333333334,Incorrect
Strategy 1: Fixed 135 deg Threshold (Phase 4 Baseline),rep_4dc2ae4ad47611b5cf,vid_e2fbdd20b335321f,Left,Incorrect,651,762,3.699300000000001,52.3348388671875,True,True,12.0,-4.0,-0.5332230000000031,-14.001434326171875,0.8558558558558559,Incorrect
Strategy 1: Fixed 135 deg Threshold (Phase 4 Baseline),rep_6d5a12d97b49f35b0b,vid_6dbe8779159bce47,Right,Incorrect,56,258,3.365234,40.555519104003906,True,False,1.0,-45.0,-0.7663450000000003,-11.260284423828125,0.7722772277227723,Incorrect
Strategy 1: Fixed 135 deg Threshold (Phase 4 Baseline),rep_c39bf43c73a524fc03,vid_6dbe8779159bce47,Left,Correct,258,400,2.3656549999999994,57.80705261230469,True,False,8.0,-43.0,-0.8496319999999997,-9.491409301757812,0.6408450704225352,Incorrect
Strategy 1: Fixed 135 deg Threshold (Phase 4 Baseline),rep_3e2b0d854af171fe50,vid_6dbe8779159bce47,Right,Incorrect,400,534,2.2657000000000007,29.78864288330078,True,False,-2.0,2.0,0.0666329999999995,0.0,0.9710144927536232,Incorrect
Strategy 1: Fixed 135 deg Threshold (Phase 4 Baseline),rep_f70d7f024f22be7f97,vid_6dbe8779159bce47,Left,Correct,534,700,2.7654889999999988,59.045814514160156,True,False,40.0,-44.0,-1.399410999999997,-12.924270629882812,0.4939759036144578,Incorrect
Strategy 1: Fixed 135 deg Threshold (Phase 4 Baseline),rep_cde7ca96475dc38287,vid_6dbe8779159bce47,Right,Incorrect,700,840,2.332345,34.45862579345703,True,False,4.0,792.0,13.127744,-6.252471923828125,0.1459227467811159,Incorrect
Strategy 1: Fixed 135 deg Threshold (Phase 4 Baseline),rep_52ea159192f8fc5a18,vid_6dbe8779159bce47,Left,Incorrect,1632,1796,2.7321670000000005,56.93882751464844,True,False,21.0,-41.0,-1.0328890000000008,-14.982528686523438,0.6219512195121951,Incorrect
Strategy 1: Fixed 135 deg Threshold (Phase 4 Baseline),rep_ffb088c184f9250a80,vid_6dbe8779159bce47,Left,Incorrect,1796,1948,2.5322560000000003,54.17510223388672,True,False,14.0,-39.0,-0.8829449999999994,-15.010940551757812,0.6513157894736842,Incorrect
Strategy 1: Fixed 135 deg Threshold (Phase 4 Baseline),rep_ecc384666d3fc61013,vid_6dbe8779159bce47,Left,Incorrect,1948,2060,1.865865999999997,47.23687744140625,True,False,22.0,-8.0,-0.49977799999999917,-6.71685791015625,0.7321428571428571,Incorrect
Strategy 1: Fixed 135 deg Threshold (Phase 4 Baseline),rep_1f4a610c3defe53722,vid_03222b4845d8ef2c,Left,Incorrect,600,762,2.698856000000001,65.1882095336914,True,False,30.0,-24.0,-0.8996220000000008,-23.75762939453125,0.6666666666666666,Incorrect
Strategy 1: Fixed 135 deg Threshold (Phase 4 Baseline),rep_3175004fbb9db3a0f3,vid_03222b4845d8ef2c,Right,Incorrect,762,912,2.498932999999999,34.381736755371094,False,False,,,,,0.0,Missed
Strategy 1: Fixed 135 deg Threshold (Phase 4 Baseline),rep_52a2c5c414944694f1,vid_03222b4845d8ef2c,Left,Incorrect,912,1056,2.3989780000000014,80.67830657958984,True,False,17.0,-21.0,-0.6330670000000023,-10.109573364257812,0.7361111111111112,Incorrect
Strategy 1: Fixed 135 deg Threshold (Phase 4 Baseline),rep_6d548704cfd01f491a,vid_03222b4845d8ef2c,Right,Incorrect,1056,1206,2.498943999999998,34.6033935546875,False,False,,,,,0.0,Missed
Strategy 1: Fixed 135 deg Threshold (Phase 4 Baseline),rep_ac1e97d62d5c2b56a0,vid_03222b4845d8ef2c,Left,Incorrect,1206,1354,2.465600000000002,66.60511779785156,True,False,10.0,-42.0,-0.8662780000000012,-13.773239135742188,0.6486486486486487,Incorrect
Strategy 1: Fixed 135 deg Threshold (Phase 4 Baseline),rep_29323d0780eb56b21d,vid_03222b4845d8ef2c,Right,Incorrect,1354,1492,2.2990229999999983,37.51222229003906,False,False,,,,,0.0,Missed
Strategy 1: Fixed 135 deg Threshold (Phase 4 Baseline),rep_59893c3e996fee9c34,vid_03222b4845d8ef2c,Left,Incorrect,1492,1600,1.799233000000001,59.928184509277344,True,False,5.0,166.0,2.6821889999999975,9.168212890625,0.3759124087591241,Incorrect
Strategy 1: Fixed 135 deg Threshold (Phase 4 Baseline),rep_2b168be9071d57530d,vid_03222b4845d8ef2c,Left,Incorrect,1766,1900,2.2323780000000006,69.95743560791016,True,True,11.0,-23.0,-0.5664219999999993,-12.275146484375,0.746268656716418,Incorrect
Strategy 1: Fixed 135 deg Threshold (Phase 4 Baseline),rep_6ccabad19ce4f7ab3f,vid_03222b4845d8ef2c,Left,Incorrect,2050,2200,2.498933000000001,61.90733337402344,True,False,8.0,-36.0,-0.7330110000000047,-13.319900512695312,0.7066666666666667,Incorrect
Strategy 1: Fixed 135 deg Threshold (Phase 4 Baseline),rep_db11ea7c1113500c85,vid_03222b4845d8ef2c,Right,Incorrect,2200,2350,2.4989339999999984,37.554100036621094,False,False,,,,,0.0,Missed
Strategy 1: Fixed 135 deg Threshold (Phase 4 Baseline),rep_07b241628c6745b2c2,vid_762b204cd565ac52,Right,Correct,196,464,4.464755,60.240692138671875,True,False,88.0,-52.0,-2.3323220000000005,-16.256134033203125,0.47761194029850745,Correct
Strategy 1: Fixed 135 deg Threshold (Phase 4 Baseline),rep_45d0e83c2ac0045b55,vid_762b204cd565ac52,Left,Correct,464,600,2.2657,59.15412902832031,True,False,3.0,-35.0,-0.6330669999999996,-10.025375366210938,0.7205882352941176,Correct
Strategy 1: Fixed 135 deg Threshold (Phase 4 Baseline),rep_74c3a7e79d3520b0b8,vid_762b204cd565ac52,Left,Correct,736,900,2.7321670000000005,62.707763671875,True,False,31.0,-38.0,-1.1495119999999996,-15.513168334960938,0.5792682926829268,Correct
Strategy 1: Fixed 135 deg Threshold (Phase 4 Baseline),rep_497a451e0b4ab0dff3,vid_762b204cd565ac52,Left,Correct,1040,1150,1.8325560000000003,64.84867858886719,True,False,16.0,-14.0,-0.4997889999999998,-15.536041259765625,0.7272727272727273,Incorrect
Strategy 1: Fixed 135 deg Threshold (Phase 4 Baseline),rep_210c60fdf8d5448ec9,vid_762b204cd565ac52,Left,Correct,1324,1450,2.0991,69.20266723632812,True,False,10.0,-30.0,-0.6663889999999988,-21.388381958007812,0.6825396825396826,Correct
Strategy 1: Fixed 135 deg Threshold (Phase 4 Baseline),rep_7600ddc1c7518532b0,vid_762b204cd565ac52,Left,Correct,1580,1700,1.9991559999999993,63.40735626220703,True,False,22.0,-13.0,-0.5830889999999975,-14.135482788085938,0.7083333333333334,Incorrect
Strategy 1: Fixed 135 deg Threshold (Phase 4 Baseline),rep_2b1b56fcdf686f87e9,vid_762b204cd565ac52,Left,Correct,1858,2000,2.365666000000001,58.57733917236328,True,False,23.0,-25.0,-0.7996659999999984,-11.999755859375,0.6619718309859155,Incorrect
Strategy 1: Fixed 135 deg Threshold (Phase 4 Baseline),rep_5fefb43622c2eda5a6,vid_762b204cd565ac52,Left,Correct,2126,2282,2.5989000000000004,65.54315185546875,True,False,27.0,-23.0,-0.8329880000000003,-13.783416748046875,0.6794871794871795,Correct
Strategy 1: Fixed 135 deg Threshold (Phase 4 Baseline),rep_3bd69e41cd57266903,vid_762b204cd565ac52,Right,Correct,2282,2426,2.3989779999999996,59.32371520996094,True,False,-35.0,-20.0,0.24988900000000314,-12.4678955078125,0.6927374301675978,Correct
Strategy 1: Fixed 135 deg Threshold (Phase 4 Baseline),rep_d761ba3d8f066eef71,vid_a098f327a26fe877,Right,Correct,14,150,2.265711,60.33916473388672,True,False,1.0,-39.0,-0.6664000000000001,-10.152755737304688,0.7058823529411765,Correct
Strategy 1: Fixed 135 deg Threshold (Phase 4 Baseline),rep_2b4256b8b20205abf2,vid_a098f327a26fe877,Right,Correct,280,398,1.965833,65.12336730957031,True,False,15.0,-18.0,-0.5497779999999999,-15.581634521484375,0.7203389830508474,Correct
Strategy 1: Fixed 135 deg Threshold (Phase 4 Baseline),rep_20525de896af3c2e51,vid_a098f327a26fe877,Left,Correct,398,520,2.0324670000000005,61.51835632324219,True,False,40.0,-10.0,-0.8329780000000007,-13.01812744140625,0.5901639344262295,Correct
Strategy 1: Fixed 135 deg Threshold (Phase 4 Baseline),rep_f5ef6c0161f1b2bb87,vid_a098f327a26fe877,Left,Correct,648,800,2.5322559999999985,81.14264678955078,True,False,47.0,-31.0,-1.2994559999999993,-22.781417846679688,0.4868421052631579,Correct
Strategy 1: Fixed 135 deg Threshold (Phase 4 Baseline),rep_8cafe422282d959530,vid_a098f327a26fe877,Left,Correct,910,1078,2.7988,78.77212524414062,True,False,53.0,-48.0,-1.6826119999999989,-21.80633544921875,0.39880952380952384,Correct
Strategy 1: Fixed 135 deg Threshold (Phase 4 Baseline),rep_9b959c53711117bcab,vid_a098f327a26fe877,Right,Correct,1078,1184,1.7659109999999991,53.51085662841797,True,True,6.0,-8.0,-0.23322199999999782,-7.58380126953125,0.8679245283018868,Correct
Strategy 1: Fixed 135 deg Threshold (Phase 4 Baseline),rep_2d5fa419c6ca6c569a,vid_a098f327a26fe877,Right,Correct,1300,1464,2.7321670000000005,58.74418640136719,True,True,51.0,-12.0,-1.0495449999999984,-13.354644775390625,0.6158536585365854,Correct
Strategy 1: Fixed 135 deg Threshold (Phase 4 Baseline),rep_73da4dbfe62e87e2ac,vid_a098f327a26fe877,Left,Correct,1464,1614,2.4989329999999974,61.267364501953125,True,False,32.0,-34.0,-1.0995219999999968,-14.64312744140625,0.56,Incorrect
Strategy 1: Fixed 135 deg Threshold (Phase 4 Baseline),rep_89410eaac0367f3a17,vid_a098f327a26fe877,Right,Correct,1614,1750,2.2657000000000025,54.083534240722656,True,False,6.0,-22.0,-0.46646700000000507,-8.037979125976562,0.7941176470588235,Correct
Strategy 1: Fixed 135 deg Threshold (Phase 4 Baseline),rep_a9e0a6a7f11f1efc53,vid_a098f327a26fe877,Right,Correct,1888,2038,2.4989329999999974,66.53166198730469,True,False,9.0,-36.0,-0.7496660000000013,-17.176437377929688,0.7,Correct
Strategy 1: Fixed 135 deg Threshold (Phase 4 Baseline),rep_b652806afe1fe9072b,vid_a098f327a26fe877,Left,Correct,2038,2222,3.065367000000002,60.64844512939453,True,False,9.0,-83.0,-1.5327000000000055,-10.140884399414062,0.5,Correct
Strategy 1: Fixed 135 deg Threshold (Phase 4 Baseline),rep_36e091bfd9c6523606,vid_c63ebda7f39171bc,Right,Correct,18,200,3.0320329999999998,69.59673309326172,True,False,47.0,-36.0,-1.3827329999999998,-23.305587768554688,0.5439560439560439,Correct
Strategy 1: Fixed 135 deg Threshold (Phase 4 Baseline),rep_946de87b024761fafe,vid_c63ebda7f39171bc,Left,Correct,200,330,2.1657450000000003,61.61109161376953,True,False,21.0,-23.0,-0.733034,-11.61328125,0.6615384615384615,Correct
Strategy 1: Fixed 135 deg Threshold (Phase 4 Baseline),rep_35e3d2cee2f75e3e22,vid_c63ebda7f39171bc,Right,Correct,330,480,2.498933,59.73322296142578,True,False,22.0,-31.0,-0.8829560000000001,-13.027877807617188,0.6466666666666666,Correct
Strategy 1: Fixed 135 deg Threshold (Phase 4 Baseline),rep_2adad38065a30e32ca,vid_c63ebda7f39171bc,Right,Correct,626,770,2.3989779999999996,65.46955108642578,True,False,3.0,-41.0,-0.7330229999999993,-13.184555053710938,0.6944444444444444,Correct
Strategy 1: Fixed 135 deg Threshold (Phase 4 Baseline),rep_ff671892c1724ab31e,vid_c63ebda7f39171bc,Left,Correct,770,880,1.8325440000000004,67.86956787109375,True,False,6.0,-31.0,-0.6163990000000013,-12.113037109375,0.6636363636363637,Correct
Strategy 1: Fixed 135 deg Threshold (Phase 4 Baseline),rep_bd8591da4c0c8237a0,vid_c63ebda7f39171bc,Left,Correct,1000,1150,2.498933000000001,67.6185302734375,True,False,41.0,-34.0,-1.2494770000000024,-15.6463623046875,0.5,Correct
Strategy 1: Fixed 135 deg Threshold (Phase 4 Baseline),rep_ad037e7a08fb6f68f3,vid_c63ebda7f39171bc,Right,Correct,1150,1284,2.2323780000000006,54.97315979003906,True,False,6.0,-14.0,-0.3331899999999983,-7.0108489990234375,0.8507462686567164,Correct
Strategy 1: Fixed 135 deg Threshold (Phase 4 Baseline),rep_192fcfc43111194ede,vid_c63ebda7f39171bc,Left,Correct,1284,1420,2.2657109999999996,58.23271179199219,True,False,22.0,-22.0,-0.7330329999999989,-6.3205718994140625,0.6764705882352942,Correct
Strategy 1: Fixed 135 deg Threshold (Phase 4 Baseline),rep_41d7f4014c8377557d,vid_c63ebda7f39171bc,Left,Correct,1554,1700,2.432299999999998,67.7708969116211,True,False,28.0,-25.0,-0.8829659999999997,-13.328231811523438,0.636986301369863,Correct
Strategy 1: Fixed 135 deg Threshold (Phase 4 Baseline),rep_d5a43d3ea2a3e2ae47,vid_c63ebda7f39171bc,Right,Correct,1700,1858,2.632200000000001,53.034568786621094,True,False,2.0,-24.0,-0.4331340000000026,-4.356414794921875,0.8354430379746836,Correct
Strategy 1: Fixed 135 deg Threshold (Phase 4 Baseline),rep_3a308bcf386c6a7ee0,vid_c63ebda7f39171bc,Left,Correct,1858,2022,2.732166000000003,61.59380340576172,True,False,22.0,-48.0,-1.1661549999999998,-11.484634399414062,0.573170731707317,Correct
Strategy 1: Fixed 135 deg Threshold (Phase 4 Baseline),rep_2bca3e223f0ea212b4,vid_c63ebda7f39171bc,Right,Correct,2022,2150,2.1324229999999957,46.22734069824219,True,False,5.0,-22.0,-0.4498119999999943,-5.9002532958984375,0.7890625,Correct
Strategy 1: Fixed 135 deg Threshold (Phase 4 Baseline),rep_6ba25eaa22a69f22ea,vid_4d1daeb09e2c1b0e,Right,Correct,42,200,2.632211,72.33282470703125,True,False,10.0,-40.0,-0.8329779999999998,-22.692535400390625,0.6835443037974683,Correct
Strategy 1: Fixed 135 deg Threshold (Phase 4 Baseline),rep_c47dfb83a60baa7049,vid_4d1daeb09e2c1b0e,Right,Correct,306,472,2.7654890000000005,58.33734130859375,True,False,51.0,-9.0,-0.9995780000000005,-12.3499755859375,0.6385542168674698,Correct
Strategy 1: Fixed 135 deg Threshold (Phase 4 Baseline),rep_f6ac69e13453320ef3,vid_4d1daeb09e2c1b0e,Left,Correct,472,642,2.832133,64.23577117919922,True,False,41.0,-46.0,-1.4493889999999992,-15.254547119140625,0.48823529411764705,Incorrect
Strategy 1: Fixed 135 deg Threshold (Phase 4 Baseline),rep_4fc424027655115822,vid_4d1daeb09e2c1b0e,Right,Correct,642,765,2.049123,55.7459716796875,True,False,5.0,-25.0,-0.4997889999999998,-10.470947265625,0.7560975609756098,Correct
Strategy 1: Fixed 135 deg Threshold (Phase 4 Baseline),rep_11a1d40991198961f0,vid_4d1daeb09e2c1b0e,Right,Correct,900,1014,1.8991890000000016,51.54859924316406,True,False,5.0,-6.0,-0.18325600000000364,-8.469924926757812,0.9035087719298246,Correct
Strategy 1: Fixed 135 deg Threshold (Phase 4 Baseline),rep_63276acd130a1a16ce,vid_4d1daeb09e2c1b0e,Left,Correct,1014,1140,2.0991,53.87982177734375,True,False,31.0,-20.0,-0.8496330000000007,-13.140853881835938,0.5952380952380952,Incorrect
Strategy 1: Fixed 135 deg Threshold (Phase 4 Baseline),rep_b2360b4774599f8408,vid_4d1daeb09e2c1b0e,Left,Correct,1308,1434,2.0991,70.13851165771484,True,False,4.0,-40.0,-0.7330110000000012,-14.751312255859375,0.6507936507936508,Correct
Strategy 1: Fixed 135 deg Threshold (Phase 4 Baseline),rep_d8f0afe79b91d46b4e,vid_4d1daeb09e2c1b0e,Right,Correct,1434,1552,1.965833,48.69429016113281,True,False,5.0,-5.0,-0.16659999999999897,-5.7554168701171875,0.9152542372881356,Correct
Strategy 1: Fixed 135 deg Threshold (Phase 4 Baseline),rep_0def6e3c339b9e5a3a,vid_4d1daeb09e2c1b0e,Left,Correct,1552,1700,2.4656229999999972,59.72649383544922,True,False,35.0,-17.0,-0.8663119999999971,-16.35186767578125,0.6486486486486487,Correct
Strategy 1: Fixed 135 deg Threshold (Phase 4 Baseline),rep_3b63838c9199bc61e4,vid_4d1daeb09e2c1b0e,Left,Correct,1836,2012,2.9320769999999996,69.41483306884766,True,False,30.0,-60.0,-1.4993540000000003,-18.452880859375,0.48863636363636365,Correct
Strategy 1: Fixed 135 deg Threshold (Phase 4 Baseline),rep_02baf361a41927f7e1,vid_a7e0a74bb2cacc23,Left,Incorrect,0,158,2.632211,77.03350830078125,True,False,30.0,-32.0,-1.0328889999999997,-18.612533569335938,0.6075949367088608,Incorrect
Strategy 1: Fixed 135 deg Threshold (Phase 4 Baseline),rep_443563c8a2fba0febe,vid_a7e0a74bb2cacc23,Right,Incorrect,342,450,1.799233,88.68563842773438,False,False,,,,,0.0,Missed
Strategy 1: Fixed 135 deg Threshold (Phase 4 Baseline),rep_826841f39e9298f126,vid_a7e0a74bb2cacc23,Right,Incorrect,600,770,2.832134,105.333251953125,True,False,53.0,-61.0,-1.8992120000000003,-8.248825073242188,0.32941176470588235,Incorrect
Strategy 1: Fixed 135 deg Threshold (Phase 4 Baseline),rep_cd3eab9efb5a4c93d3,vid_a7e0a74bb2cacc23,Right,Incorrect,748,924,2.9320880000000002,108.35894012451172,True,False,83.0,-38.0,-2.0157990000000012,-3.61334228515625,0.3125,Incorrect
Strategy 1: Fixed 135 deg Threshold (Phase 4 Baseline),rep_3138501c806e115527,vid_a7e0a74bb2cacc23,Right,Incorrect,924,1084,2.6655229999999985,87.3865737915039,True,False,66.0,-32.0,-1.632622999999997,-17.1529541015625,0.3875,Incorrect
Strategy 1: Fixed 135 deg Threshold (Phase 4 Baseline),rep_9b8cb4166cbacaada7,vid_a7e0a74bb2cacc23,Right,Incorrect,1084,1280,3.265277000000001,90.59229278564453,True,False,87.0,-55.0,-2.365666000000001,-10.612319946289062,0.2755102040816326,Incorrect
Strategy 1: Fixed 135 deg Threshold (Phase 4 Baseline),rep_fd1259ada4de072a01,vid_a7e0a74bb2cacc23,Left,Incorrect,1384,1522,2.2990229999999983,73.44063568115234,True,False,16.0,-15.0,-0.516455999999998,-21.457275390625,0.7753623188405797,Incorrect
Strategy 1: Fixed 135 deg Threshold (Phase 4 Baseline),rep_dd74432211f9ffa5e1,vid_a7e0a74bb2cacc23,Left,Incorrect,1522,1658,2.2657000000000025,72.35511016845703,True,False,11.0,-11.0,-0.36651099999999914,-18.027252197265625,0.8382352941176471,Incorrect
Strategy 1: Fixed 135 deg Threshold (Phase 4 Baseline),rep_91609c5df4bead6c69,vid_a7e0a74bb2cacc23,Left,Incorrect,1658,1814,2.598899999999997,80.06404876708984,True,False,15.0,-15.0,-0.4997999999999969,-21.410842895507812,0.8076923076923077,Incorrect
Strategy 1: Fixed 135 deg Threshold (Phase 4 Baseline),rep_a37330b43adea50a3e,vid_a7e0a74bb2cacc23,Left,Incorrect,1814,1954,2.3323329999999984,79.86317443847656,True,False,13.0,-12.0,-0.41647700000000043,-20.753524780273438,0.8214285714285714,Incorrect
Strategy 1: Fixed 135 deg Threshold (Phase 4 Baseline),rep_4ad73d552251012434,vid_a7e0a74bb2cacc23,Left,Incorrect,1954,2094,2.332344000000006,69.58517456054688,True,False,15.0,-14.0,-0.48313300000000936,-18.066360473632812,0.7928571428571428,Incorrect
Strategy 1: Fixed 135 deg Threshold (Phase 4 Baseline),rep_fa168bf284d8c96c8f,vid_ac42199741c9c0c1,Left,Incorrect,10,120,1.832544,58.499359130859375,True,False,27.0,-22.0,-0.8163109999999998,-19.670654296875,0.5545454545454546,Incorrect
Strategy 1: Fixed 135 deg Threshold (Phase 4 Baseline),rep_acba12d05fb8cb1071,vid_ac42199741c9c0c1,Left,Incorrect,120,264,2.3989889999999994,50.28203582763672,False,False,,,,,0.0,Missed
Strategy 1: Fixed 135 deg Threshold (Phase 4 Baseline),rep_fa63fb414a09fba399,vid_ac42199741c9c0c1,Left,Incorrect,264,416,2.5322450000000005,47.420738220214844,True,False,37.0,-13.0,-0.8329670000000009,-13.040176391601562,0.6710526315789473,Incorrect
Strategy 1: Fixed 135 deg Threshold (Phase 4 Baseline),rep_8c2b0e419612f75982,vid_ac42199741c9c0c1,Left,Incorrect,416,592,2.9320779999999997,40.93870544433594,True,False,62.0,-31.0,-1.549333999999999,-10.942726135253906,0.4715909090909091,Incorrect
Strategy 1: Fixed 135 deg Threshold (Phase 4 Baseline),rep_60375464ef15bd70a9,vid_ac42199741c9c0c1,Right,Incorrect,700,850,2.4989220000000003,34.09703063964844,True,False,-142.0,-10.0,2.199078,1.754852294921875,0.4794520547945205,Incorrect
Strategy 1: Fixed 135 deg Threshold (Phase 4 Baseline),rep_8e0838c69b44e0e484,vid_ac42199741c9c0c1,Right,Incorrect,844,976,2.199066,26.505157470703125,False,False,,,,,0.0,Missed
Strategy 1: Fixed 135 deg Threshold (Phase 4 Baseline),rep_a9527922a989ef766d,vid_ac42199741c9c0c1,Right,Incorrect,976,1100,2.065777999999998,38.71678924560547,True,False,-5.0,138.0,2.382322000000002,7.7590789794921875,0.46441947565543074,Incorrect
Strategy 1: Fixed 135 deg Threshold (Phase 4 Baseline),rep_7b675a687f7d9e628c,vid_ac42199741c9c0c1,Right,Incorrect,1238,1392,2.565578000000002,36.17973327636719,True,True,10.0,-34.0,-0.7330220000000018,-8.983627319335938,0.7142857142857143,Incorrect
Strategy 1: Fixed 135 deg Threshold (Phase 4 Baseline),rep_88e19ee5be79751d7e,vid_8c19cbd3c181b15a,Left,Correct,8,120,1.865866,74.32585144042969,True,False,12.0,-26.0,-0.6330659999999999,-13.713134765625,0.6607142857142857,Incorrect
Strategy 1: Fixed 135 deg Threshold (Phase 4 Baseline),rep_e0083818482a4934d7,vid_8c19cbd3c181b15a,Left,Correct,246,400,2.5655659999999996,72.39736938476562,True,False,19.0,-34.0,-0.882954999999999,-17.605911254882812,0.6558441558441559,Correct
Strategy 1: Fixed 135 deg Threshold (Phase 4 Baseline),rep_a1e37a6d86f9be1dbb,vid_8c19cbd3c181b15a,Left,Correct,524,640,1.9325109999999999,74.70513916015625,True,False,20.0,-7.0,-0.4498219999999993,-19.609268188476562,0.7672413793103449,Correct
Strategy 1: Fixed 135 deg Threshold (Phase 4 Baseline),rep_051c9c524e3b73459a,vid_8c19cbd3c181b15a,Right,Correct,640,798,2.632211,54.788551330566406,True,False,16.0,-30.0,-0.7663449999999994,-11.92279052734375,0.7088607594936709,Correct
Strategy 1: Fixed 135 deg Threshold (Phase 4 Baseline),rep_d70a06a71c2b8e94b3,vid_8c19cbd3c181b15a,Right,Correct,798,960,2.6988450000000004,57.282691955566406,True,False,25.0,-36.0,-1.0162340000000007,-8.129287719726562,0.6234567901234568,Correct
Strategy 1: Fixed 135 deg Threshold (Phase 4 Baseline),rep_fd22cdda358387a39d,vid_8c19cbd3c181b15a,Right,Correct,960,1112,2.5322549999999993,55.07029724121094,True,False,27.0,-34.0,-1.0162440000000004,-7.01239013671875,0.5986842105263158,Correct
Strategy 1: Fixed 135 deg Threshold (Phase 4 Baseline),rep_7d900f8fa9436f8bcc,vid_8c19cbd3c181b15a,Right,Correct,1112,1220,1.799234000000002,50.12091827392578,True,False,13.0,-25.0,-0.633067000000004,-11.910537719726562,0.6481481481481481,Correct
Strategy 1: Fixed 135 deg Threshold (Phase 4 Baseline),rep_8c67fa02a8495509fc,vid_fd3e2ae78827f629,Left,Correct,4,100,1.599323,67.76876068115234,True,False,0.0,-34.0,-0.5664339999999999,-16.957931518554688,0.6458333333333334,Incorrect
Strategy 1: Fixed 135 deg Threshold (Phase 4 Baseline),rep_82d242d849eeae0237,vid_fd3e2ae78827f629,Left,Correct,240,350,1.8325549999999997,76.53982543945312,True,False,24.0,-26.0,-0.832987999999999,-12.812759399414062,0.5454545454545454,Incorrect
Strategy 1: Fixed 135 deg Threshold (Phase 4 Baseline),rep_010c51d0b4570e895d,vid_fd3e2ae78827f629,Left,Correct,484,616,2.1990560000000006,77.71429443359375,True,False,24.0,-7.0,-0.5164340000000003,-23.824676513671875,0.7651515151515151,Correct
Strategy 1: Fixed 135 deg Threshold (Phase 4 Baseline),rep_6d4759beadb7cb7930,vid_fd3e2ae78827f629,Right,Correct,616,750,2.232377999999999,57.219329833984375,True,False,32.0,-20.0,-0.866299999999999,-6.80615234375,0.6119402985074627,Correct
Strategy 1: Fixed 135 deg Threshold (Phase 4 Baseline),rep_725cbf72d2ac96e8be,vid_fd3e2ae78827f629,Right,Correct,860,1002,2.3656559999999995,51.097923278808594,True,False,30.0,-28.0,-0.9662560000000013,-7.98577880859375,0.5915492957746479,Incorrect
Strategy 1: Fixed 135 deg Threshold (Phase 4 Baseline),rep_b69516d1c1792753ff,vid_fd3e2ae78827f629,Right,Correct,1002,1140,2.299022000000001,54.530921936035156,True,False,26.0,-30.0,-0.9329439999999991,-8.525619506835938,0.5942028985507246,Correct
Strategy 1: Fixed 135 deg Threshold (Phase 4 Baseline),rep_c64a4599869d796b40,vid_4a4b044fd46cca10,Left,Correct,18,148,2.165744,74.06702423095703,True,False,18.0,-23.0,-0.683044,-19.040557861328125,0.6846153846153846,Correct
Strategy 1: Fixed 135 deg Threshold (Phase 4 Baseline),rep_dcdc4f2da30a32a6af,vid_4a4b044fd46cca10,Left,Correct,148,326,2.9653889999999996,76.76325988769531,True,False,22.0,-47.0,-1.1494999999999993,-21.963653564453125,0.6123595505617978,Correct
Strategy 1: Fixed 135 deg Threshold (Phase 4 Baseline),rep_a947b4bae2f945e240,vid_4a4b044fd46cca10,Left,Correct,326,476,2.498933,74.36543273925781,True,False,16.0,-30.0,-0.7663330000000004,-17.424560546875,0.6933333333333334,Correct
Strategy 1: Fixed 135 deg Threshold (Phase 4 Baseline),rep_e29f489f8bd9080007,vid_4a4b044fd46cca10,Left,Correct,476,620,2.3989889999999994,77.12065887451172,True,False,27.0,-31.0,-0.9662779999999982,-13.69586181640625,0.5972222222222222,Correct
Strategy 1: Fixed 135 deg Threshold (Phase 4 Baseline),rep_7b14ee7f1080746461,vid_4a4b044fd46cca10,Right,Correct,762,900,2.299021999999999,60.306396484375,True,False,32.0,-32.0,-1.0662109999999991,-11.24072265625,0.5362318840579711,Correct
Strategy 1: Fixed 135 deg Threshold (Phase 4 Baseline),rep_e8bb0f69d30c556400,vid_4a4b044fd46cca10,Right,Correct,900,1050,2.498932999999999,58.98072052001953,True,False,20.0,-51.0,-1.1828329999999987,-14.589736938476562,0.5266666666666666,Correct
Strategy 1: Fixed 135 deg Threshold (Phase 4 Baseline),rep_c5eb98de0ecf39c224,vid_4a4b044fd46cca10,Right,Correct,1188,1300,1.8658660000000005,57.456939697265625,True,False,2.0,-22.0,-0.39982200000000034,-7.530487060546875,0.7857142857142857,Correct
Strategy 1: Fixed 135 deg Threshold (Phase 4 Baseline),rep_ebc5faa71293b08f88,vid_cccf82e3e7e7a94a,Right,Correct,104,336,3.865011,48.96642303466797,True,False,1.0,-12.0,-0.2165669999999995,-5.85345458984375,0.9439655172413793,Correct
Strategy 1: Fixed 135 deg Threshold (Phase 4 Baseline),rep_8e15f367084c47cc58,vid_cccf82e3e7e7a94a,Right,Correct,464,758,4.897911,50.97454071044922,True,False,-139.0,-97.0,0.6997109999999997,-5.3723602294921875,0.45496535796766746,Correct
Strategy 1: Fixed 135 deg Threshold (Phase 4 Baseline),rep_d869da055595c4deef,vid_cccf82e3e7e7a94a,Right,Correct,778,1000,3.6984229999999982,42.91249084472656,True,False,1.0,-50.0,-0.8496449999999989,-2.684814453125,0.7702702702702703,Correct
Strategy 1: Fixed 135 deg Threshold (Phase 4 Baseline),rep_d6c78d6a173b7fff30,vid_cccf82e3e7e7a94a,Right,Correct,1066,1300,3.898333000000001,49.42823028564453,True,False,1.0,-64.0,-1.0828550000000021,-12.289306640625,0.7222222222222222,Correct
Strategy 1: Fixed 135 deg Threshold (Phase 4 Baseline),rep_9c84c6e808098ddddd,vid_cccf82e3e7e7a94a,Right,Correct,1336,1580,4.064944000000001,49.07532501220703,True,False,0.0,-56.0,-0.9329329999999985,-9.702392578125,0.7704918032786885,Correct
Strategy 1: Fixed 135 deg Threshold (Phase 4 Baseline),rep_f8dd7411e8827b9d89,vid_cccf82e3e7e7a94a,Right,Correct,1926,2130,3.3985559999999992,47.91027069091797,True,False,0.0,-29.0,-0.48313399999999973,-5.2911529541015625,0.8578431372549019,Incorrect
Strategy 1: Fixed 135 deg Threshold (Phase 4 Baseline),rep_167d453a980a90ffb1,vid_cccf82e3e7e7a94a,Right,Correct,2184,2420,3.9316549999999992,51.947052001953125,True,False,-55.0,-67.0,-0.1999099999999956,-9.361801147460938,0.5807560137457045,Correct
Strategy 1: Fixed 135 deg Threshold (Phase 4 Baseline),rep_0223c41078f59ba0c7,vid_cccf82e3e7e7a94a,Right,Correct,2450,2640,3.1653230000000008,48.35613250732422,True,False,0.0,-41.0,-0.6830449999999999,-6.8510894775390625,0.7842105263157895,Incorrect
Strategy 1: Fixed 135 deg Threshold (Phase 4 Baseline),rep_6e23e4f49a60e42831,vid_871bc1a5b112709b,Left,Correct,48,244,3.2652769999999998,63.11292266845703,True,False,1.0,-10.0,-0.1832549999999995,-8.05426025390625,0.9438775510204082,Correct
Strategy 1: Fixed 135 deg Threshold (Phase 4 Baseline),rep_e2c3d0e2d2b5678e36,vid_871bc1a5b112709b,Left,Correct,244,488,4.064934000000001,59.53993225097656,True,False,64.0,-10.0,-1.2328110000000008,-12.777694702148438,0.6967213114754098,Correct
Strategy 1: Fixed 135 deg Threshold (Phase 4 Baseline),rep_d0ff18f99d0f27f12c,vid_871bc1a5b112709b,Left,Correct,488,776,4.797955,62.78021240234375,True,False,57.0,-64.0,-2.015822,-10.109512329101562,0.5798611111111112,Correct
Strategy 1: Fixed 135 deg Threshold (Phase 4 Baseline),rep_f90d8c60da13e3f372,vid_871bc1a5b112709b,Left,Correct,776,964,3.131988999999999,58.573585510253906,True,False,9.0,-11.0,-0.33319999999999794,-10.806488037109375,0.8936170212765957,Correct
Strategy 1: Fixed 135 deg Threshold (Phase 4 Baseline),rep_7a9e2557829a90b7e0,vid_871bc1a5b112709b,Left,Correct,964,1250,4.764645000000002,58.208412170410156,True,False,69.0,-47.0,-1.9325220000000023,-10.041702270507812,0.5944055944055944,Correct
Strategy 1: Fixed 135 deg Threshold (Phase 4 Baseline),rep_d0b67e69c0399de83d,vid_871bc1a5b112709b,Left,Correct,1280,1468,3.131989000000001,65.23128509521484,True,False,0.0,-14.0,-0.23322200000000137,-13.8408203125,0.925531914893617,Correct
Strategy 1: Fixed 135 deg Threshold (Phase 4 Baseline),rep_9210747dded1234c01,vid_871bc1a5b112709b,Left,Correct,1468,1740,4.531399999999998,64.58910369873047,True,False,78.0,-5.0,-1.382755999999997,-14.94683837890625,0.6948529411764706,Correct
Strategy 1: Fixed 135 deg Threshold (Phase 4 Baseline),rep_c3ae4bbb70cbada492,vid_871bc1a5b112709b,Left,Correct,1740,1976,3.931667000000001,63.57733154296875,True,False,63.0,-6.0,-1.1495120000000014,-14.044525146484375,0.7076271186440678,Correct
Strategy 1: Fixed 135 deg Threshold (Phase 4 Baseline),rep_f3526932ce290edab5,vid_871bc1a5b112709b,Left,Correct,1976,2250,4.564711000000003,65.42412567138672,True,False,69.0,-63.0,-2.1990550000000013,-14.362838745117188,0.5182481751824818,Correct
Strategy 1: Fixed 135 deg Threshold (Phase 4 Baseline),rep_d16b4c22ff4fca8332,vid_871bc1a5b112709b,Left,Correct,2278,2428,2.498933000000001,59.5478515625,True,False,4.0,-6.0,-0.16659899999999794,-5.7244415283203125,0.9333333333333333,Correct
Strategy 1: Fixed 135 deg Threshold (Phase 4 Baseline),rep_2a706f670399059ddc,vid_0c264aade3d23621,Left,Correct,3300,3458,2.632210999999998,62.931732177734375,True,False,6.0,-9.0,-0.24989999999999668,-7.5574188232421875,0.9050632911392406,Correct
Strategy 1: Fixed 135 deg Threshold (Phase 4 Baseline),rep_d7af2020d057934d50,vid_5ecd6a78f9f6d143,Right,Incorrect,4,280,4.598034,53.12738800048828,False,False,,,,,0.0,Missed
Strategy 1: Fixed 135 deg Threshold (Phase 4 Baseline),rep_abd2c8c804430edc55,vid_5ecd6a78f9f6d143,Right,Incorrect,280,600,5.331054999999999,41.16278076171875,True,True,94.0,-36.0,-2.1657439999999992,0.0,0.59375,Incorrect
Strategy 1: Fixed 135 deg Threshold (Phase 4 Baseline),rep_9aae73a476f0e1ecb0,vid_5ecd6a78f9f6d143,Right,Incorrect,560,856,4.931222,43.35914611816406,True,False,154.0,414.0,4.331500000000002,0.0,0.2,Incorrect
Strategy 1: Fixed 135 deg Threshold (Phase 4 Baseline),rep_a614111ef20922f016,vid_5ecd6a78f9f6d143,Right,Incorrect,1270,1600,5.497655999999999,38.33307647705078,True,True,6.0,-11.0,-0.2832119999999989,-3.161468505859375,0.9484848484848485,Incorrect
Strategy 1: Fixed 135 deg Threshold (Phase 4 Baseline),rep_c39d5255ec18bcee57,vid_5ecd6a78f9f6d143,Right,Incorrect,1630,1880,4.164888999999999,38.34461212158203,True,False,-64.0,-63.0,0.016666000000000736,0.0,0.5955414012738853,Incorrect
Strategy 1: Fixed 135 deg Threshold (Phase 4 Baseline),rep_b5df2f9774dcb2df9c,vid_5ecd6a78f9f6d143,Right,Incorrect,1900,2150,4.164888999999999,37.31422424316406,True,False,-51.0,-85.0,-0.5664219999999993,0.0,0.5481727574750831,Incorrect
Strategy 1: Fixed 135 deg Threshold (Phase 4 Baseline),rep_723e60d2b4c013afb1,vid_5ecd6a78f9f6d143,Right,Incorrect,2186,2400,3.565133000000003,53.007476806640625,True,True,115.0,-27.0,-2.3656450000000007,-20.98546600341797,0.3364485981308411,Incorrect
Strategy 1: Fixed 135 deg Threshold (Phase 4 Baseline),rep_35b4b0fac466afddb0,vid_5ecd6a78f9f6d143,Right,Incorrect,2470,2700,3.831700000000005,60.10179138183594,True,False,-104.0,-31.0,1.2161449999999974,-5.5944976806640625,0.5958083832335329,Incorrect
Strategy 1: Fixed 135 deg Threshold (Phase 4 Baseline),rep_27863e57422bec0cd1,vid_e61ec8fb945f06ad,Left,Incorrect,100,430,5.497655,59.14595031738281,True,False,1.0,-24.0,-0.4164880000000002,-8.208099365234375,0.9242424242424242,Incorrect
Strategy 1: Fixed 135 deg Threshold (Phase 4 Baseline),rep_2f16162b29e51e2f78,vid_e61ec8fb945f06ad,Left,Incorrect,622,898,4.598032999999999,67.97067260742188,True,False,5.0,-30.0,-0.5830769999999994,-12.690155029296875,0.8731884057971014,Incorrect
Strategy 1: Fixed 135 deg Threshold (Phase 4 Baseline),rep_6d7e4cbc3b8ce62f45,vid_e61ec8fb945f06ad,Left,Incorrect,898,1200,5.031189000000001,60.14830017089844,True,False,17.0,-91.0,-1.7992329999999992,-9.5582275390625,0.6423841059602649,Incorrect
Strategy 1: Fixed 135 deg Threshold (Phase 4 Baseline),rep_b1d03d4854933c563f,vid_e61ec8fb945f06ad,Left,Incorrect,1200,1400,3.331910999999998,43.87770080566406,True,False,8.0,-30.0,-0.6330670000000005,-2.4789886474609375,0.81,Incorrect
Strategy 1: Fixed 135 deg Threshold (Phase 4 Baseline),rep_7501569b908e793d35,vid_e61ec8fb945f06ad,Left,Incorrect,1688,2000,5.197789,66.82950592041016,True,False,5.0,-41.0,-0.7663440000000001,-15.714401245117188,0.8525641025641025,Incorrect
Strategy 1: Fixed 135 deg Threshold (Phase 4 Baseline),rep_7e51865d23f0a47ccb,vid_e61ec8fb945f06ad,Left,Incorrect,2500,2768,4.464767000000002,62.50141143798828,True,False,24.0,-27.0,-0.8496439999999978,-12.024795532226562,0.8097014925373134,Incorrect
Strategy 1: Fixed 135 deg Threshold (Phase 4 Baseline),rep_66de1799390f52427b,vid_ffec5a0821a6c480,Right,Correct,22,206,3.065356,77.87207794189453,True,False,28.0,-23.0,-0.8496339999999996,-15.397491455078125,0.7228260869565217,Correct
Strategy 1: Fixed 135 deg Threshold (Phase 4 Baseline),rep_553468c167c3d10264,vid_ffec5a0821a6c480,Right,Correct,206,370,2.7321769999999996,84.06062316894531,True,False,32.0,-20.0,-0.8663109999999996,-21.472000122070312,0.6829268292682927,Correct
Strategy 1: Fixed 135 deg Threshold (Phase 4 Baseline),rep_83421d321828b69e6d,vid_ffec5a0821a6c480,Right,Correct,370,562,3.1986230000000004,88.92203521728516,True,False,43.0,-21.0,-1.0661899999999997,-25.580032348632812,0.6666666666666666,Correct
Strategy 1: Fixed 135 deg Threshold (Phase 4 Baseline),rep_5e045c199c05e4d1f5,vid_ffec5a0821a6c480,Right,Correct,562,780,3.6318,85.58522033691406,True,False,49.0,-46.0,-1.582666999999999,-26.543441772460938,0.5642201834862385,Correct
Strategy 1: Fixed 135 deg Threshold (Phase 4 Baseline),rep_2a229748fc8b8dea38,vid_ffec5a0821a6c480,Right,Correct,780,938,2.632211,81.46302795410156,True,False,14.0,-30.0,-0.7330109999999994,-21.113601684570312,0.7215189873417721,Correct
Strategy 1: Fixed 135 deg Threshold (Phase 4 Baseline),rep_ce3bc79cff8137bdbc,vid_ffec5a0821a6c480,Right,Correct,938,1146,3.465178,92.22492980957031,True,False,35.0,-42.0,-1.2827779999999986,-26.598831176757812,0.6298076923076923,Correct
Strategy 1: Fixed 135 deg Threshold (Phase 4 Baseline),rep_911557ec2316444144,vid_ffec5a0821a6c480,Right,Correct,1146,1344,3.2985879999999987,89.24870300292969,True,False,27.0,-46.0,-1.2161329999999992,-35.38862609863281,0.6313131313131313,Correct
Strategy 1: Fixed 135 deg Threshold (Phase 4 Baseline),rep_ed5503be0ec8ad904f,vid_ffec5a0821a6c480,Right,Correct,1344,1534,3.1653340000000014,94.31558227539062,True,False,29.0,-46.0,-1.249479000000001,-20.15692138671875,0.6052631578947368,Incorrect
Strategy 1: Fixed 135 deg Threshold (Phase 4 Baseline),rep_058f4e9eb34097e9af,vid_ffec5a0821a6c480,Right,Correct,1534,1720,3.0986779999999996,79.7106704711914,True,False,24.0,-42.0,-1.0995339999999985,-20.78851318359375,0.6451612903225806,Correct
Strategy 1: Fixed 135 deg Threshold (Phase 4 Baseline),rep_0950635c9107f00107,vid_ffec5a0821a6c480,Right,Correct,1720,1904,3.0653550000000003,80.80406188964844,True,False,23.0,-40.0,-1.0495439999999974,-21.917953491210938,0.657608695652174,Correct
Strategy 1: Fixed 135 deg Threshold (Phase 4 Baseline),rep_e680b771aee91835f2,vid_ffec5a0821a6c480,Right,Correct,1904,2074,2.8321219999999983,77.88021850585938,True,False,17.0,-33.0,-0.8329769999999996,-18.6063232421875,0.7058823529411765,Correct
Strategy 1: Fixed 135 deg Threshold (Phase 4 Baseline),rep_abfde45ee3011ded28,vid_ffec5a0821a6c480,Right,Correct,2074,2270,3.265278000000002,76.04534149169922,True,False,33.0,-39.0,-1.1994889999999998,-19.587600708007812,0.6326530612244898,Correct
Strategy 1: Fixed 135 deg Threshold (Phase 4 Baseline),rep_c9d185afbd34a49b2a,vid_ffec5a0821a6c480,Right,Correct,2270,2440,2.8321219999999983,78.6700668334961,True,False,25.0,-26.0,-0.8496329999999972,-19.730133056640625,0.7,Correct
Strategy 1: Fixed 135 deg Threshold (Phase 4 Baseline),rep_e69932267095995434,vid_bbc5006a077ac6b1,Left,Correct,4,166,2.698856,83.46768951416016,True,False,24.0,-30.0,-0.8996340000000003,-26.061965942382812,0.6666666666666666,Correct
Strategy 1: Fixed 135 deg Threshold (Phase 4 Baseline),rep_dbbca0e9e8f0d1f5a2,vid_bbc5006a077ac6b1,Left,Correct,166,332,2.765489,84.40599060058594,True,False,40.0,-21.0,-1.0162339999999999,-30.678695678710938,0.6325301204819277,Correct
Strategy 1: Fixed 135 deg Threshold (Phase 4 Baseline),rep_75e0f4a0f4886840c9,vid_bbc5006a077ac6b1,Left,Correct,332,514,3.0320329999999993,83.92337799072266,True,False,45.0,-23.0,-1.1328449999999997,-28.193099975585938,0.6263736263736264,Correct
Strategy 1: Fixed 135 deg Threshold (Phase 4 Baseline),rep_84528959491488725c,vid_bbc5006a077ac6b1,Left,Correct,514,696,3.032045,73.45806884765625,True,False,46.0,-26.0,-1.1995010000000015,-17.222137451171875,0.6043956043956044,Correct
Strategy 1: Fixed 135 deg Threshold (Phase 4 Baseline),rep_b0b26366e45af54e18,vid_bbc5006a077ac6b1,Left,Correct,696,870,2.898766,76.31904602050781,True,False,42.0,-32.0,-1.2328109999999999,-18.116897583007812,0.5747126436781609,Correct
Strategy 1: Fixed 135 deg Threshold (Phase 4 Baseline),rep_eea76f3ce16712ba34,vid_bbc5006a077ac6b1,Left,Correct,1040,1222,3.0320339999999995,82.22076416015625,True,False,31.0,-42.0,-1.2161340000000003,-26.344100952148438,0.5989010989010989,Correct
Strategy 1: Fixed 135 deg Threshold (Phase 4 Baseline),rep_6f6457b2c6082aad4b,vid_bbc5006a077ac6b1,Left,Correct,1222,1374,2.5322549999999993,74.64134216308594,True,False,28.0,-20.0,-0.7996669999999995,-20.520553588867188,0.6842105263157895,Correct
Strategy 1: Fixed 135 deg Threshold (Phase 4 Baseline),rep_96e0f2de75f010a545,vid_bbc5006a077ac6b1,Left,Correct,1374,1556,3.032045,93.45993041992188,True,False,51.0,-32.0,-1.382745,-34.47496032714844,0.5439560439560439,Correct
Strategy 1: Fixed 135 deg Threshold (Phase 4 Baseline),rep_d4f184058e742c55a8,vid_bbc5006a077ac6b1,Left,Correct,1556,1696,2.3323440000000026,87.40031433105469,True,False,27.0,-19.0,-0.7663440000000001,-29.325714111328125,0.6714285714285714,Correct
Strategy 1: Fixed 135 deg Threshold (Phase 4 Baseline),rep_a7b16cdf5f9c7677ca,vid_bbc5006a077ac6b1,Left,Correct,1696,1906,3.4985,81.72892761230469,True,False,46.0,-66.0,-1.8658560000000008,-21.003936767578125,0.4666666666666667,Correct
Strategy 1: Fixed 135 deg Threshold (Phase 4 Baseline),rep_aee0a429a21693a253,vid_aa01d8740a74fd7d,Right,Incorrect,14,168,2.565567,67.05715942382812,True,False,25.0,-12.0,-0.6164000000000005,-17.809844970703125,0.7597402597402597,Incorrect
Strategy 1: Fixed 135 deg Threshold (Phase 4 Baseline),rep_4a38d28ad2708bf974,vid_aa01d8740a74fd7d,Right,Incorrect,300,458,2.6322,46.190223693847656,True,False,64.0,-16.0,-1.3327560000000007,-18.300186157226562,0.4936708860759494,Incorrect
Strategy 1: Fixed 135 deg Threshold (Phase 4 Baseline),rep_1c63cefc535235092e,vid_aa01d8740a74fd7d,Right,Incorrect,458,644,3.0986780000000005,58.59111022949219,True,False,57.0,-44.0,-1.6826230000000004,-20.335556030273438,0.45698924731182794,Incorrect
Strategy 1: Fixed 135 deg Threshold (Phase 4 Baseline),rep_79c5c294b8bda9221b,vid_aa01d8740a74fd7d,Right,Incorrect,644,760,1.9325109999999999,63.06793975830078,True,False,24.0,-12.0,-0.5997439999999994,-16.481277465820312,0.6896551724137931,Incorrect
Strategy 1: Fixed 135 deg Threshold (Phase 4 Baseline),rep_cec13eefff34409cdb,vid_aa01d8740a74fd7d,Right,Incorrect,760,938,2.9654109999999996,71.98680877685547,True,False,59.0,-31.0,-1.4993669999999995,-18.611114501953125,0.4943820224719101,Correct
Strategy 1: Fixed 135 deg Threshold (Phase 4 Baseline),rep_6e34e000e401e92ab6,vid_aa01d8740a74fd7d,Right,Incorrect,938,1074,2.265689,78.12557220458984,True,False,32.0,-12.0,-0.7329889999999981,-28.704299926757812,0.6764705882352942,Incorrect
Strategy 1: Fixed 135 deg Threshold (Phase 4 Baseline),rep_865eff11a82c98aff9,vid_aa01d8740a74fd7d,Right,Incorrect,1074,1216,2.3656550000000003,85.9810562133789,True,False,36.0,-13.0,-0.8163100000000014,-35.37928771972656,0.6549295774647887,Correct
Strategy 1: Fixed 135 deg Threshold (Phase 4 Baseline),rep_834edc610f0edab7bf,vid_aa01d8740a74fd7d,Right,Incorrect,1216,1380,2.732178000000001,89.93326568603516,True,False,47.0,-32.0,-1.316111000000003,-29.704849243164062,0.5182926829268293,Correct
Strategy 1: Fixed 135 deg Threshold (Phase 4 Baseline),rep_cddfc02155f1821b8f,vid_33cbe5f84565bf3d,Left,Incorrect,150,312,2.6988339999999997,87.81593322753906,True,False,30.0,-35.0,-1.0828559999999996,-39.495452880859375,0.5987654320987654,Incorrect
Strategy 1: Fixed 135 deg Threshold (Phase 4 Baseline),rep_ee7d1d18c368991ac9,vid_33cbe5f84565bf3d,Left,Incorrect,312,458,2.4323000000000006,79.06489562988281,True,False,29.0,-29.0,-0.9662670000000002,-33.531158447265625,0.6027397260273972,Incorrect
Strategy 1: Fixed 135 deg Threshold (Phase 4 Baseline),rep_d5d4d4a1e507d6b680,vid_33cbe5f84565bf3d,Left,Incorrect,458,602,2.3989780000000005,77.85338592529297,True,False,19.0,-36.0,-0.9162780000000001,-22.513687133789062,0.6180555555555556,Incorrect
Strategy 1: Fixed 135 deg Threshold (Phase 4 Baseline),rep_022ebf6bb664f09d61,vid_33cbe5f84565bf3d,Left,Incorrect,602,732,2.165744,64.97191619873047,True,False,18.0,-29.0,-0.7830099999999991,-23.1435546875,0.6384615384615384,Incorrect
Strategy 1: Fixed 135 deg Threshold (Phase 4 Baseline),rep_1469f4f4fb01f19d72,vid_33cbe5f84565bf3d,Left,Incorrect,732,884,2.5322559999999985,72.45282745361328,True,False,33.0,-30.0,-1.049555999999999,-26.49041748046875,0.5855263157894737,Incorrect
Strategy 1: Fixed 135 deg Threshold (Phase 4 Baseline),rep_19561ede8233796b10,vid_33cbe5f84565bf3d,Left,Incorrect,884,1048,2.732166000000001,67.79161071777344,True,False,36.0,-34.0,-1.1661660000000005,-22.676376342773438,0.573170731707317,Incorrect
Strategy 1: Fixed 135 deg Threshold (Phase 4 Baseline),rep_f4b3097cc669548327,vid_33cbe5f84565bf3d,Left,Incorrect,1048,1192,2.3989779999999996,71.62430572509766,True,False,24.0,-30.0,-0.8996110000000002,-20.718658447265625,0.625,Incorrect
Strategy 1: Fixed 135 deg Threshold (Phase 4 Baseline),rep_e1b6add5088147c3ba,vid_33cbe5f84565bf3d,Left,Incorrect,1192,1376,3.0653560000000013,61.512664794921875,True,False,47.0,-56.0,-1.7159340000000043,-23.121322631835938,0.44021739130434784,Incorrect
Strategy 1: Fixed 135 deg Threshold (Phase 4 Baseline),rep_d17ae39eb23db00ffb,vid_33cbe5f84565bf3d,Left,Incorrect,1376,1524,2.4656219999999998,57.59546661376953,True,False,22.0,-34.0,-0.932933000000002,-23.541213989257812,0.6216216216216216,Incorrect
Strategy 1: Fixed 135 deg Threshold (Phase 4 Baseline),rep_b7b00586fe8bd0f1b6,vid_33cbe5f84565bf3d,Left,Correct,1524,1714,3.1653219999999997,69.32232666015625,True,False,41.0,-57.0,-1.632643999999999,-24.39532470703125,0.4842105263157895,Incorrect
Strategy 1: Fixed 135 deg Threshold (Phase 4 Baseline),rep_ad33ca17f825154427,vid_33cbe5f84565bf3d,Left,Incorrect,1714,1868,2.565566999999998,67.87073516845703,True,False,31.0,-40.0,-1.182821999999998,-29.743865966796875,0.538961038961039,Incorrect
Strategy 1: Fixed 135 deg Threshold (Phase 4 Baseline),rep_44118ed2737a68ce85,vid_33cbe5f84565bf3d,Left,Correct,1868,2042,2.898766000000002,82.07086944580078,True,False,32.0,-36.0,-1.1328550000000028,-27.265380859375,0.6091954022988506,Incorrect
Strategy 1: Fixed 135 deg Threshold (Phase 4 Baseline),rep_597f9b9e8bf941e18e,vid_33cbe5f84565bf3d,Left,Incorrect,2042,2208,2.7654890000000023,51.410430908203125,True,False,45.0,-37.0,-1.3660890000000023,-20.551528930664062,0.5060240963855421,Incorrect
Strategy 1: Fixed 135 deg Threshold (Phase 4 Baseline),rep_adb80c25b2c9d425f3,vid_3e2129fa15608b04,Right,Correct,8,75,2.232911,75.63137817382812,True,False,6.0,-7.0,-0.4332450000000001,-14.33941650390625,0.8059701492537313,Correct
Strategy 1: Fixed 135 deg Threshold (Phase 4 Baseline),rep_554e3ad8208e7b637c,vid_3e2129fa15608b04,Right,Correct,75,171,3.1994000000000002,65.98851013183594,True,True,19.0,-21.0,-1.3330890000000002,-14.93994140625,0.5833333333333334,Correct
Strategy 1: Fixed 135 deg Threshold (Phase 4 Baseline),rep_da2f0010908c6eb032,vid_3e2129fa15608b04,Right,Correct,171,247,2.5328669999999995,75.14218139648438,True,False,5.0,-15.0,-0.6665559999999999,-14.105712890625,0.7368421052631579,Correct
Strategy 1: Fixed 135 deg Threshold (Phase 4 Baseline),rep_0d63cb249dcc0744ef,vid_3e2129fa15608b04,Right,Correct,247,319,2.3995440000000006,73.4324951171875,True,False,13.0,-6.0,-0.63321,-12.538131713867188,0.7361111111111112,Correct
Strategy 1: Fixed 135 deg Threshold (Phase 4 Baseline),rep_4dfea2f3fd5ac8b257,vid_3e2129fa15608b04,Right,Correct,319,397,2.599511999999999,76.29458618164062,True,True,18.0,-12.0,-0.9998009999999997,-13.738311767578125,0.6153846153846154,Correct
Strategy 1: Fixed 135 deg Threshold (Phase 4 Baseline),rep_78a0d12479541b9d88,vid_3e2129fa15608b04,Right,Correct,397,473,2.5328550000000014,69.72894287109375,True,False,7.0,-12.0,-0.63321,-11.9254150390625,0.75,Correct
Strategy 1: Fixed 135 deg Threshold (Phase 4 Baseline),rep_b3645da62bbd2d427a,vid_3e2129fa15608b04,Right,Correct,473,540,2.232910999999998,75.17659759521484,True,False,9.0,-10.0,-0.6332109999999993,-10.5467529296875,0.7164179104477612,Correct
Strategy 1: Fixed 135 deg Threshold (Phase 4 Baseline),rep_7abe4e1b8bc95b4c35,vid_3e2129fa15608b04,Right,Correct,540,600,1.9996340000000004,70.50637817382812,True,True,13.0,-4.0,-0.5665680000000002,-12.349761962890625,0.7166666666666667,Correct
Strategy 1: Fixed 135 deg Threshold (Phase 4 Baseline),rep_6c538cb001cf283488,vid_3e2129fa15608b04,Right,Correct,675,753,2.5995220000000003,73.44422912597656,True,True,13.0,-12.0,-0.8331659999999985,-13.436904907226562,0.6794871794871795,Correct
Strategy 1: Fixed 135 deg Threshold (Phase 4 Baseline),rep_86bf49a3e75df22620,vid_3e2129fa15608b04,Right,Correct,753,825,2.399543999999999,72.9620361328125,True,False,9.0,-14.0,-0.7665100000000002,-12.463333129882812,0.6805555555555556,Correct
Strategy 1: Fixed 135 deg Threshold (Phase 4 Baseline),rep_4cf117e3f09fd04811,vid_dd4079cefb8f35d3,Left,Correct,2,80,2.5995,85.89940643310547,True,False,0.0,-14.0,-0.46656699999999995,-20.514694213867188,0.8205128205128205,Correct
Strategy 1: Fixed 135 deg Threshold (Phase 4 Baseline),rep_000b3a49ed66a26cd4,vid_dd4079cefb8f35d3,Left,Correct,80,159,2.632855,82.37753295898438,True,False,9.0,-13.0,-0.7332100000000001,-21.0001220703125,0.7215189873417721,Correct
Strategy 1: Fixed 135 deg Threshold (Phase 4 Baseline),rep_f7b25824c180b3b99e,vid_dd4079cefb8f35d3,Left,Correct,159,244,2.8328000000000007,83.5676498413086,True,False,9.0,-19.0,-0.933167000000001,-19.473129272460938,0.6705882352941176,Correct
Strategy 1: Fixed 135 deg Threshold (Phase 4 Baseline),rep_cc4d004af51869c14f,vid_dd4079cefb8f35d3,Left,Correct,244,328,2.799477999999999,88.06177520751953,True,False,9.0,-15.0,-0.7998559999999983,-18.787734985351562,0.7142857142857143,Correct
Strategy 1: Fixed 135 deg Threshold (Phase 4 Baseline),rep_47c05630bd12f93580,vid_dd4079cefb8f35d3,Left,Correct,328,400,2.3995440000000006,78.2359848022461,True,False,9.0,-2.0,-0.3665880000000019,-15.790313720703125,0.8472222222222222,Correct
Strategy 1: Fixed 135 deg Threshold (Phase 4 Baseline),rep_f0c351e2ed0c752d12,vid_dd4079cefb8f35d3,Left,Correct,487,565,2.5995109999999997,79.48004913330078,True,True,6.0,-12.0,-0.599889000000001,-17.139129638671875,0.7692307692307693,Correct
Strategy 1: Fixed 135 deg Threshold (Phase 4 Baseline),rep_55f1cf4d132e297fa8,vid_dd4079cefb8f35d3,Left,Correct,565,634,2.2995669999999997,80.68399047851562,True,False,7.0,-7.0,-0.4665670000000013,-16.388214111328125,0.7971014492753623,Correct
Strategy 1: Fixed 135 deg Threshold (Phase 4 Baseline),rep_32b7ca8fa017f2f360,vid_dd4079cefb8f35d3,Left,Correct,634,717,2.7661550000000013,80.02501678466797,True,True,12.0,-10.0,-0.7332110000000007,-18.549163818359375,0.7349397590361446,Correct
Strategy 1: Fixed 135 deg Threshold (Phase 4 Baseline),rep_64a8bb8f3fdd8ff2de,vid_dd4079cefb8f35d3,Left,Correct,717,787,2.3328999999999986,76.01199340820312,True,True,8.0,-5.0,-0.43325499999999906,-12.644577026367188,0.8142857142857143,Correct
Strategy 1: Fixed 135 deg Threshold (Phase 4 Baseline),rep_a311f440abd3b3b9f6,vid_dd4079cefb8f35d3,Left,Correct,787,867,2.6661670000000015,77.11234283447266,True,True,9.0,-17.0,-0.8665120000000002,-17.19866943359375,0.675,Correct
Strategy 1: Fixed 135 deg Threshold (Phase 4 Baseline),rep_709aefa59abbdda681,vid_2f993d44fd54187e,Right,Incorrect,3,105,3.3993659999999997,68.29119110107422,True,False,24.0,-12.0,-1.1997659999999994,-12.689407348632812,0.6470588235294118,Incorrect
Strategy 1: Fixed 135 deg Threshold (Phase 4 Baseline),rep_c76e4661561c2feeb0,vid_2f993d44fd54187e,Right,Incorrect,105,190,2.8328120000000006,65.64797973632812,True,False,12.0,-14.0,-0.8665120000000002,-11.554229736328125,0.6941176470588235,Incorrect
Strategy 1: Fixed 135 deg Threshold (Phase 4 Baseline),rep_215b169aee5b06c4cb,vid_2f993d44fd54187e,Right,Incorrect,190,268,2.5995,54.445159912109375,True,False,9.0,-9.0,-0.5998669999999997,-9.720230102539062,0.7692307692307693,Incorrect
Strategy 1: Fixed 135 deg Threshold (Phase 4 Baseline),rep_e1ba0ca673273d816e,vid_2f993d44fd54187e,Right,Incorrect,268,330,2.066288,62.67033386230469,True,False,-35.0,-71.0,-1.199777,-20.103004455566406,0.0,Incorrect
Strategy 1: Fixed 135 deg Threshold (Phase 4 Baseline),rep_ebbc42143c6e49093c,vid_2f993d44fd54187e,Right,Incorrect,371,429,1.9329659999999986,59.300071716308594,True,False,-75.0,-10.0,2.1662680000000005,-5.9022369384765625,0.3609022556390977,Incorrect
Strategy 1: Fixed 135 deg Threshold (Phase 4 Baseline),rep_195e4e5ecad0f53344,vid_2f993d44fd54187e,Right,Incorrect,429,500,2.3662220000000023,51.019737243652344,True,True,8.0,-4.0,-0.39992200000000366,-8.361221313476562,0.8309859154929577,Incorrect
Strategy 1: Fixed 135 deg Threshold (Phase 4 Baseline),rep_aa68b93d455532c686,vid_2f993d44fd54187e,Right,Incorrect,580,680,3.3327109999999998,55.44043731689453,True,False,-114.0,-184.0,-2.3329000000000004,-18.174224853515625,0.0,Incorrect
Strategy 1: Fixed 135 deg Threshold (Phase 4 Baseline),rep_b1d4ed63906ea1bec9,vid_d19791ead4037b9a,Left,Incorrect,13,70,1.8996330000000001,31.116920471191406,False,False,,,,,0.0,Missed
Strategy 1: Fixed 135 deg Threshold (Phase 4 Baseline),rep_a75ff677dcd98eb2fd,vid_d19791ead4037b9a,Left,Incorrect,70,150,2.666178,40.407440185546875,False,False,,,,,0.0,Missed
Strategy 1: Fixed 135 deg Threshold (Phase 4 Baseline),rep_c1831610de7e01f9bd,vid_d19791ead4037b9a,Left,Incorrect,167,230,2.0995999999999997,23.52691650390625,False,False,,,,,0.0,Missed
Strategy 1: Fixed 135 deg Threshold (Phase 4 Baseline),rep_b257c286eaa1bdf653,vid_d19791ead4037b9a,Left,Incorrect,360,450,2.999433,28.07782745361328,False,False,,,,,0.0,Missed
Strategy 1: Fixed 135 deg Threshold (Phase 4 Baseline),rep_e49bed2fd11cb67f4e,vid_d19791ead4037b9a,Left,Incorrect,450,520,2.3328889999999998,24.426376342773438,False,False,,,,,0.0,Missed
Strategy 2: Fixed 135 deg with Circular Pre/Post-Roll Buffers,rep_fb0c2f97d90ea5de5a,vid_0c264aade3d23621,Right,Correct,4,350,5.7642109999999995,57.79998016357422,True,True,77.0,-47.0,-2.0657889999999988,-9.18701171875,0.6416184971098265,Correct
Strategy 2: Fixed 135 deg with Circular Pre/Post-Roll Buffers,rep_02cbaaa878991f7eee,vid_0c264aade3d23621,Left,Correct,372,572,3.3319110000000007,62.01153564453125,True,True,-56.0,-7.0,0.8163229999999997,-0.190093994140625,0.75390625,Correct
Strategy 2: Fixed 135 deg with Circular Pre/Post-Roll Buffers,rep_3b3a031e67b667bb2f,vid_0c264aade3d23621,Right,Correct,572,832,4.3314889999999995,48.47113800048828,True,True,57.0,-51.0,-1.7992339999999984,0.0,0.5846153846153846,Incorrect
Strategy 2: Fixed 135 deg with Circular Pre/Post-Roll Buffers,rep_b59965fe88fa0c3f40,vid_0c264aade3d23621,Left,Correct,832,1010,2.9654000000000007,69.94298553466797,True,False,-4.0,1.0,0.08331100000000191,0.0,0.9726775956284153,Correct
Strategy 2: Fixed 135 deg with Circular Pre/Post-Roll Buffers,rep_9988a74422e7c505d0,vid_0c264aade3d23621,Right,Correct,1010,1260,4.164887999999998,46.64124298095703,True,True,-35.0,21.0,0.9329450000000037,11.969680786132812,0.8169934640522876,Incorrect
Strategy 2: Fixed 135 deg with Circular Pre/Post-Roll Buffers,rep_372c0410acd5099364,vid_0c264aade3d23621,Left,Correct,1265,1480,3.5818119999999993,55.62651062011719,True,True,-39.0,19.0,0.9662439999999997,10.660690307617188,0.7875457875457875,Correct
Strategy 2: Fixed 135 deg with Circular Pre/Post-Roll Buffers,rep_46b03a163715ea8674,vid_0c264aade3d23621,Right,Correct,1490,1780,4.831278000000001,52.61701202392578,True,True,37.0,-50.0,-1.449390000000001,-0.2623748779296875,0.7,Correct
Strategy 2: Fixed 135 deg with Circular Pre/Post-Roll Buffers,rep_cea1129ae50e36fb30,vid_0c264aade3d23621,Left,Correct,1810,2004,3.2319449999999996,62.376014709472656,True,False,-64.0,28.0,1.5326880000000003,1.60498046875,0.6783216783216783,Correct
Strategy 2: Fixed 135 deg with Circular Pre/Post-Roll Buffers,rep_20614a58d738f0f71c,vid_0c264aade3d23621,Right,Correct,2030,2324,4.897911000000001,46.64794158935547,True,True,-60.0,-19.0,0.6830339999999993,0.0,0.7768361581920904,Incorrect
Strategy 2: Fixed 135 deg with Circular Pre/Post-Roll Buffers,rep_e8c1d21c6f2e4707b3,vid_0c264aade3d23621,Left,Correct,2324,2534,3.4985110000000006,65.99900817871094,True,False,5.0,-14.0,-0.31653299999999973,-1.5307769775390625,0.9095238095238095,Correct
Strategy 2: Fixed 135 deg with Circular Pre/Post-Roll Buffers,rep_5c1dd8ed9aa6c8aa69,vid_0c264aade3d23621,Right,Correct,2534,2755,3.6817670000000007,43.3350830078125,True,False,-35.0,-20.0,0.24989999999999668,0.0,0.78515625,Incorrect
Strategy 2: Fixed 135 deg with Circular Pre/Post-Roll Buffers,rep_edc2513a7b19ebb4ed,vid_0c264aade3d23621,Left,Correct,2780,3000,3.665111000000003,71.63307189941406,True,True,-59.0,-10.0,0.8163109999999989,0.0,0.7526881720430108,Correct
Strategy 2: Fixed 135 deg with Circular Pre/Post-Roll Buffers,rep_6be9256acb543f49b8,vid_0c264aade3d23621,Right,Correct,2990,3270,4.664678000000002,42.332740783691406,True,False,-35.0,-48.0,-0.2165780000000055,0.0,0.7365079365079366,Incorrect
Strategy 2: Fixed 135 deg with Circular Pre/Post-Roll Buffers,rep_1c83a3b866cf4e027c,vid_1ac0cd5b45de866a,Right,Correct,4,330,5.431023,51.11205291748047,True,False,0.0,-51.0,-0.8496449999999998,0.0,0.843558282208589,Correct
Strategy 2: Fixed 135 deg with Circular Pre/Post-Roll Buffers,rep_0d7eaf4563fd24294a,vid_1ac0cd5b45de866a,Left,Correct,346,556,3.498499999999999,74.2674331665039,True,True,-50.0,-7.0,0.7163670000000018,0.0,0.7807692307692308,Correct
Strategy 2: Fixed 135 deg with Circular Pre/Post-Roll Buffers,rep_cff3c2f757be354140,vid_1ac0cd5b45de866a,Right,Incorrect,556,810,4.231545000000001,37.70032501220703,True,False,-35.0,-9.0,0.433132999999998,0.0,0.8477508650519031,Incorrect
Strategy 2: Fixed 135 deg with Circular Pre/Post-Roll Buffers,rep_503633f6745e8f6a45,vid_1ac0cd5b45de866a,Left,Incorrect,820,1070,4.164899999999999,53.462646484375,True,True,-44.0,-14.0,0.49977800000000094,0.0,0.8027210884353742,Incorrect
Strategy 2: Fixed 135 deg with Circular Pre/Post-Roll Buffers,rep_bb9858d2e8e9c3549c,vid_1ac0cd5b45de866a,Right,Correct,1150,1332,3.032043999999999,46.08067321777344,True,False,-114.0,-30.0,1.399401000000001,0.0,0.5135135135135135,Incorrect
Strategy 2: Fixed 135 deg with Circular Pre/Post-Roll Buffers,rep_9ff0bc77263dfff528,vid_1ac0cd5b45de866a,Right,Correct,1606,1772,2.7654770000000006,65.53998565673828,True,False,-308.0,-54.0,4.231534,0.0,0.23628691983122363,Incorrect
Strategy 2: Fixed 135 deg with Circular Pre/Post-Roll Buffers,rep_35e324ed6452359dd2,vid_1ac0cd5b45de866a,Left,Correct,1772,1944,2.865445000000001,61.80139923095703,True,False,-35.0,-17.0,0.2998769999999986,0.0,0.748792270531401,Correct
Strategy 2: Fixed 135 deg with Circular Pre/Post-Roll Buffers,rep_d8ea12c9407f1b8ebe,vid_1ac0cd5b45de866a,Left,Correct,1944,2144,3.331910999999998,62.128562927246094,True,False,20.0,-25.0,-0.7496779999999958,-3.3874359130859375,0.775,Correct
Strategy 2: Fixed 135 deg with Circular Pre/Post-Roll Buffers,rep_ed4d23c464cf750af7,vid_1ac0cd5b45de866a,Left,Correct,2144,2320,2.9320889999999977,62.16267395019531,True,False,12.0,-4.0,-0.2665669999999949,-0.0768280029296875,0.9090909090909091,Correct
Strategy 2: Fixed 135 deg with Circular Pre/Post-Roll Buffers,rep_8c17d582de78f254dd,vid_1ac0cd5b45de866a,Right,Incorrect,2320,2396,1.2661220000000029,17.098793029785156,True,False,-35.0,498.0,8.879555999999994,25.013389587402344,0.12479474548440066,Incorrect
Strategy 2: Fixed 135 deg with Circular Pre/Post-Roll Buffers,rep_83f806588a8c338f4b,vid_1ac0cd5b45de866a,Right,Incorrect,2892,2984,1.5326880000000003,30.514999389648438,False,False,,,,,0.0,Missed
Strategy 2: Fixed 135 deg with Circular Pre/Post-Roll Buffers,rep_ef9e190c4981e28593,vid_1ac0cd5b45de866a,Right,Incorrect,2984,3220,3.9316559999999967,34.50457000732422,True,False,-35.0,-32.0,0.04997700000000549,0.0,0.7527675276752768,Incorrect
Strategy 2: Fixed 135 deg with Circular Pre/Post-Roll Buffers,rep_5c39730111cd443d20,vid_1ac0cd5b45de866a,Left,Incorrect,3242,3432,3.165300000000002,49.56865692138672,False,False,,,,,0.0,Missed
Strategy 2: Fixed 135 deg with Circular Pre/Post-Roll Buffers,rep_b62f14d196952f28be,vid_1334a563691c2170,Right,Correct,6,176,2.832133,78.32747650146484,True,False,7.0,-33.0,-0.6663890000000001,-2.8116607666015625,0.7647058823529411,Correct
Strategy 2: Fixed 135 deg with Circular Pre/Post-Roll Buffers,rep_ebf0037ac696966f6b,vid_1334a563691c2170,Left,Correct,176,328,2.532244,88.74259948730469,True,False,-1.0,-15.0,-0.2332219999999996,-11.024215698242188,0.8954248366013072,Correct
Strategy 2: Fixed 135 deg with Circular Pre/Post-Roll Buffers,rep_3937e4fb3928cf8769,vid_1334a563691c2170,Left,Correct,328,496,2.7988110000000006,90.0221176147461,True,False,20.0,-25.0,-0.7496770000000001,-6.760650634765625,0.7321428571428571,Correct
Strategy 2: Fixed 135 deg with Circular Pre/Post-Roll Buffers,rep_4145f06cb4db15ce3f,vid_1334a563691c2170,Right,Correct,496,640,2.3989779999999996,104.22831726074219,True,False,4.0,-12.0,-0.2665670000000002,-0.8976593017578125,0.8888888888888888,Correct
Strategy 2: Fixed 135 deg with Circular Pre/Post-Roll Buffers,rep_df6be1b0d78003c9ac,vid_1334a563691c2170,Right,Correct,640,800,2.665533999999999,97.66472625732422,True,False,18.0,-14.0,-0.5331119999999991,0.0,0.8,Correct
Strategy 2: Fixed 135 deg with Circular Pre/Post-Roll Buffers,rep_4791579acae25fe0bd,vid_1334a563691c2170,Left,Correct,780,980,3.331900000000001,91.9024429321289,True,False,44.0,-33.0,-1.2827780000000004,-15.705108642578125,0.615,Correct
Strategy 2: Fixed 135 deg with Circular Pre/Post-Roll Buffers,rep_ff72086c1823042be9,vid_1334a563691c2170,Right,Correct,980,1160,2.998732999999998,99.35140991210938,True,False,-1.0,-41.0,-0.6663879999999978,-5.0802459716796875,0.7679558011049724,Correct
Strategy 2: Fixed 135 deg with Circular Pre/Post-Roll Buffers,rep_d348e469e89a781661,vid_1334a563691c2170,Left,Correct,1160,1328,2.7988,92.711181640625,True,False,22.0,-32.0,-0.8995999999999995,-11.28546142578125,0.6785714285714286,Correct
Strategy 2: Fixed 135 deg with Circular Pre/Post-Roll Buffers,rep_e8d9e0d9e521cb4474,vid_1334a563691c2170,Left,Correct,1328,1490,2.6988559999999993,84.31739807128906,True,False,3.0,-36.0,-0.6497339999999987,-12.903121948242188,0.7592592592592593,Correct
Strategy 2: Fixed 135 deg with Circular Pre/Post-Roll Buffers,rep_496c495105f1f840b1,vid_1334a563691c2170,Right,Correct,1508,1650,2.3656560000000013,,False,False,,,,,0.0,Missed
Strategy 2: Fixed 135 deg with Circular Pre/Post-Roll Buffers,rep_fbee42bcc84ad72a70,vid_1334a563691c2170,Right,Correct,1650,1800,2.4989329999999974,82.7657241821289,True,False,11.0,-15.0,-0.43314399999999864,-1.867706298828125,0.8266666666666667,Correct
Strategy 2: Fixed 135 deg with Circular Pre/Post-Roll Buffers,rep_27f29611af9d868d70,vid_1334a563691c2170,Right,Correct,1800,1964,2.732178000000001,100.77892303466797,True,False,19.0,-24.0,-0.7163780000000024,-10.598159790039062,0.7378048780487805,Correct
Strategy 2: Fixed 135 deg with Circular Pre/Post-Roll Buffers,rep_96581b03de4436e334,vid_769bc27d1c4abfab,Right,Correct,28,216,3.131989,76.52783203125,True,False,10.0,-15.0,-0.4164779999999997,-2.1998291015625,0.8670212765957447,Correct
Strategy 2: Fixed 135 deg with Circular Pre/Post-Roll Buffers,rep_f58658b961ff048335,vid_769bc27d1c4abfab,Left,Correct,216,398,3.0320440000000004,79.59202575683594,True,False,14.0,-16.0,-0.49978800000000057,-3.8129730224609375,0.8351648351648352,Correct
Strategy 2: Fixed 135 deg with Circular Pre/Post-Roll Buffers,rep_0da66c37aeaee10dba,vid_769bc27d1c4abfab,Left,Correct,398,562,2.7321670000000005,93.56515502929688,True,False,9.0,-12.0,-0.34984400000000004,-14.90771484375,0.8719512195121951,Correct
Strategy 2: Fixed 135 deg with Circular Pre/Post-Roll Buffers,rep_c4774628dd2fa04641,vid_769bc27d1c4abfab,Right,Correct,562,754,3.198632999999999,95.1409912109375,True,False,7.0,-17.0,-0.39982199999999857,0.0,0.875,Correct
Strategy 2: Fixed 135 deg with Circular Pre/Post-Roll Buffers,rep_15de4676677de916d0,vid_769bc27d1c4abfab,Right,Incorrect,754,914,2.665533,79.85400390625,True,False,8.0,-1.0,-0.14994399999999963,-4.379364013671875,0.94375,Correct
Strategy 2: Fixed 135 deg with Circular Pre/Post-Roll Buffers,rep_506fc27703682724ad,vid_769bc27d1c4abfab,Right,Incorrect,914,1104,3.165312,93.09306335449219,True,False,32.0,-17.0,-0.8163119999999999,-16.5736083984375,0.7421052631578947,Correct
Strategy 2: Fixed 135 deg with Circular Pre/Post-Roll Buffers,rep_50437be04b9a9a36ed,vid_769bc27d1c4abfab,Left,Incorrect,1104,1264,2.665533,93.77217102050781,True,False,7.0,-18.0,-0.4164999999999992,-0.452301025390625,0.84375,Incorrect
Strategy 2: Fixed 135 deg with Circular Pre/Post-Roll Buffers,rep_a8f87271f827579bc4,vid_769bc27d1c4abfab,Left,Incorrect,1264,1422,2.6322110000000016,71.32793426513672,True,False,26.0,-22.0,-0.799666000000002,-14.204864501953125,0.6962025316455697,Incorrect
Strategy 2: Fixed 135 deg with Circular Pre/Post-Roll Buffers,rep_3f57d674d3d25f06bc,vid_769bc27d1c4abfab,Left,Correct,1422,1572,2.4989329999999974,90.2385482788086,True,False,13.0,-14.0,-0.44981099999999685,-9.730026245117188,0.82,Correct
Strategy 2: Fixed 135 deg with Circular Pre/Post-Roll Buffers,rep_2a80f26013fc49beb7,vid_769bc27d1c4abfab,Right,Correct,1572,1740,2.7988,96.73076629638672,True,False,29.0,-13.0,-0.6997109999999971,0.0,0.75,Correct
Strategy 2: Fixed 135 deg with Circular Pre/Post-Roll Buffers,rep_830e9ff6471c2e6ac0,vid_769bc27d1c4abfab,Right,Incorrect,1740,1898,2.6322110000000016,60.811866760253906,True,False,16.0,3.0,-0.21657800000000194,-2.115478515625,0.8819875776397516,Incorrect
Strategy 2: Fixed 135 deg with Circular Pre/Post-Roll Buffers,rep_d06e09af4456675bf7,vid_769bc27d1c4abfab,Right,Incorrect,1898,2072,2.898778,58.87322235107422,True,False,40.0,-1.0,-0.6830550000000031,-4.4122161865234375,0.764367816091954,Incorrect
Strategy 2: Fixed 135 deg with Circular Pre/Post-Roll Buffers,rep_2073ececf0915178cc,vid_769bc27d1c4abfab,Left,Incorrect,2072,2250,2.965389000000002,63.73335266113281,True,False,12.0,-43.0,-0.9162660000000002,-4.9564208984375,0.6910112359550562,Correct
Strategy 2: Fixed 135 deg with Circular Pre/Post-Roll Buffers,rep_b99bfda2386efa860d,vid_769bc27d1c4abfab,Left,Correct,2250,2400,2.498933000000001,77.5048599243164,True,False,-17.0,-48.0,-0.5164439999999999,-4.6519775390625,0.6107784431137725,Correct
Strategy 2: Fixed 135 deg with Circular Pre/Post-Roll Buffers,rep_ceb27ce1bfcd40e009,vid_d5dd3c73ecfdd074,Right,Correct,2,86,2.799477,72.96882629394531,True,False,0.0,-8.0,-0.26661100000000015,0.0,0.9047619047619048,Correct
Strategy 2: Fixed 135 deg with Circular Pre/Post-Roll Buffers,rep_ed49f7e3ae23c14632,vid_d5dd3c73ecfdd074,Left,Correct,86,177,3.0327559999999996,80.0293197631836,True,True,-35.0,-5.0,0.9998109999999998,-1.048004150390625,0.6825396825396826,Correct
Strategy 2: Fixed 135 deg with Circular Pre/Post-Roll Buffers,rep_25ebac40f9fffdcd03,vid_d5dd3c73ecfdd074,Right,Correct,177,275,3.2660670000000005,69.80219268798828,True,True,-35.0,-14.0,0.6998559999999987,0.0,0.631578947368421,Correct
Strategy 2: Fixed 135 deg with Circular Pre/Post-Roll Buffers,rep_f31c86caa9c9a81254,vid_d5dd3c73ecfdd074,Left,Correct,275,369,3.132733,75.26802825927734,True,True,-35.0,-9.0,0.8665230000000008,0.0,0.6589147286821705,Correct
Strategy 2: Fixed 135 deg with Circular Pre/Post-Roll Buffers,rep_374cd3d66f0b6ae7da,vid_d5dd3c73ecfdd074,Right,Correct,369,466,3.2327329999999996,72.76138305664062,True,True,-35.0,-13.0,0.7331780000000006,0.0,0.6363636363636364,Correct
Strategy 2: Fixed 135 deg with Circular Pre/Post-Roll Buffers,rep_9145ce2ee0edd05abc,vid_d5dd3c73ecfdd074,Left,Correct,466,556,2.9994449999999997,76.54549407958984,True,True,-35.0,0.0,1.1664440000000003,0.0,0.72,Correct
Strategy 2: Fixed 135 deg with Circular Pre/Post-Roll Buffers,rep_0842956941b20f23e2,vid_d5dd3c73ecfdd074,Right,Correct,556,655,3.299377,72.77853393554688,True,True,-35.0,-6.0,0.9664900000000003,-1.1840057373046875,0.6940298507462687,Correct
Strategy 2: Fixed 135 deg with Circular Pre/Post-Roll Buffers,rep_bb77b1ff42cedb3170,vid_d5dd3c73ecfdd074,Left,Correct,655,749,3.132745,78.57931518554688,True,True,-35.0,-7.0,0.9331659999999999,0.0,0.6744186046511628,Correct
Strategy 2: Fixed 135 deg with Circular Pre/Post-Roll Buffers,rep_99a949701e9d3cb359,vid_d5dd3c73ecfdd074,Right,Correct,749,845,3.1994000000000007,77.15081024169922,True,True,-35.0,-8.0,0.8998230000000014,0.0,0.6717557251908397,Correct
Strategy 2: Fixed 135 deg with Circular Pre/Post-Roll Buffers,rep_3521755f47891373fb,vid_d5dd3c73ecfdd074,Left,Correct,845,942,3.2327329999999996,73.8160400390625,True,True,-35.0,-8.0,0.8998230000000014,0.0,0.6742424242424242,Correct
Strategy 2: Fixed 135 deg with Circular Pre/Post-Roll Buffers,rep_74b1650c1e192f8b21,vid_d5dd3c73ecfdd074,Right,Correct,942,1028,2.8661220000000007,77.38615417480469,True,True,-35.0,-2.0,1.0998000000000019,0.0,0.6942148760330579,Correct
Strategy 2: Fixed 135 deg with Circular Pre/Post-Roll Buffers,rep_931a64113a41501185,vid_d5dd3c73ecfdd074,Left,Correct,1028,1116,2.932777999999999,82.0189437866211,True,True,-35.0,-6.0,0.9665000000000035,-2.3401947021484375,0.6666666666666666,Correct
Strategy 2: Fixed 135 deg with Circular Pre/Post-Roll Buffers,rep_0e7a579eafe33e64d5,vid_e2fbdd20b335321f,Right,Correct,2,90,2.932788,79.73098754882812,True,False,0.0,-5.0,-0.1666439999999998,-2.1400299072265625,0.9431818181818182,Correct
Strategy 2: Fixed 135 deg with Circular Pre/Post-Roll Buffers,rep_3bd189643926330002,vid_e2fbdd20b335321f,Left,Correct,90,191,3.3660340000000004,84.63256072998047,True,True,-35.0,-9.0,0.8665100000000003,0.0,0.6764705882352942,Correct
Strategy 2: Fixed 135 deg with Circular Pre/Post-Roll Buffers,rep_a688119e8807169567,vid_e2fbdd20b335321f,Right,Correct,191,287,3.1994,82.91388702392578,True,True,-35.0,-2.0,1.0998,0.0,0.7175572519083969,Correct
Strategy 2: Fixed 135 deg with Circular Pre/Post-Roll Buffers,rep_e586c2d87bca5883fe,vid_e2fbdd20b335321f,Left,Correct,287,382,3.166065999999999,78.4169921875,True,True,-35.0,-2.0,1.0998010000000011,0.0,0.7153846153846154,Correct
Strategy 2: Fixed 135 deg with Circular Pre/Post-Roll Buffers,rep_4401202746b68b5331,vid_e2fbdd20b335321f,Right,Incorrect,382,468,2.8661340000000006,71.11182403564453,True,True,-35.0,1.0,1.1997659999999986,0.183441162109375,0.7049180327868853,Correct
Strategy 2: Fixed 135 deg with Circular Pre/Post-Roll Buffers,rep_44b1272fd8a9d6b943,vid_e2fbdd20b335321f,Left,Incorrect,468,576,3.599322000000001,59.48150634765625,True,True,-35.0,-2.0,1.099812,0.0,0.7412587412587412,Incorrect
Strategy 2: Fixed 135 deg with Circular Pre/Post-Roll Buffers,rep_39093c9edb2675b1e2,vid_e2fbdd20b335321f,Right,Incorrect,576,651,2.4995329999999996,39.928382873535156,True,True,-35.0,-1.0,1.133111000000003,3.4806747436523438,0.6727272727272727,Incorrect
Strategy 2: Fixed 135 deg with Circular Pre/Post-Roll Buffers,rep_4dc2ae4ad47611b5cf,vid_e2fbdd20b335321f,Left,Incorrect,651,762,3.699300000000001,52.3348388671875,True,False,-35.0,-100.0,-2.1662450000000035,-16.149215698242188,0.07534246575342465,Incorrect
Strategy 2: Fixed 135 deg with Circular Pre/Post-Roll Buffers,rep_6d5a12d97b49f35b0b,vid_6dbe8779159bce47,Right,Incorrect,56,258,3.365234,40.555519104003906,True,False,0.0,-30.0,-0.4997889999999998,0.0,0.8514851485148515,Incorrect
Strategy 2: Fixed 135 deg with Circular Pre/Post-Roll Buffers,rep_c39bf43c73a524fc03,vid_6dbe8779159bce47,Left,Correct,258,400,2.3656549999999994,57.80705261230469,True,False,-11.0,-28.0,-0.2832099999999995,-1.7005615234375,0.7450980392156863,Correct
Strategy 2: Fixed 135 deg with Circular Pre/Post-Roll Buffers,rep_3e2b0d854af171fe50,vid_6dbe8779159bce47,Right,Incorrect,400,534,2.2657000000000007,29.78864288330078,True,False,-35.0,17.0,0.8662889999999992,3.802520751953125,0.7204301075268817,Incorrect
Strategy 2: Fixed 135 deg with Circular Pre/Post-Roll Buffers,rep_f70d7f024f22be7f97,vid_6dbe8779159bce47,Left,Correct,534,700,2.7654889999999988,59.045814514160156,True,False,21.0,-29.0,-0.8329779999999989,-2.1568145751953125,0.6987951807228916,Correct
Strategy 2: Fixed 135 deg with Circular Pre/Post-Roll Buffers,rep_cde7ca96475dc38287,vid_6dbe8779159bce47,Right,Incorrect,700,840,2.332345,34.45862579345703,True,False,-35.0,807.0,14.027355,1.2796173095703125,0.1425661914460285,Incorrect
Strategy 2: Fixed 135 deg with Circular Pre/Post-Roll Buffers,rep_52ea159192f8fc5a18,vid_6dbe8779159bce47,Left,Incorrect,1632,1796,2.7321670000000005,56.93882751464844,True,False,2.0,-26.0,-0.4664670000000015,-3.79827880859375,0.8292682926829268,Incorrect
Strategy 2: Fixed 135 deg with Circular Pre/Post-Roll Buffers,rep_ffb088c184f9250a80,vid_6dbe8779159bce47,Left,Incorrect,1796,1948,2.5322560000000003,54.17510223388672,True,False,-5.0,-24.0,-0.3165339999999972,0.1755218505859375,0.8152866242038217,Incorrect
Strategy 2: Fixed 135 deg with Circular Pre/Post-Roll Buffers,rep_ecc384666d3fc61013,vid_6dbe8779159bce47,Left,Incorrect,1948,2060,1.865865999999997,47.23687744140625,False,False,,,,,0.0,Missed
Strategy 2: Fixed 135 deg with Circular Pre/Post-Roll Buffers,rep_1f4a610c3defe53722,vid_03222b4845d8ef2c,Left,Incorrect,600,762,2.698856000000001,65.1882095336914,True,False,11.0,-9.0,-0.33318900000000085,-4.302276611328125,0.8765432098765432,Incorrect
Strategy 2: Fixed 135 deg with Circular Pre/Post-Roll Buffers,rep_3175004fbb9db3a0f3,vid_03222b4845d8ef2c,Right,Incorrect,762,912,2.498932999999999,34.381736755371094,False,False,,,,,0.0,Missed
Strategy 2: Fixed 135 deg with Circular Pre/Post-Roll Buffers,rep_52a2c5c414944694f1,vid_03222b4845d8ef2c,Left,Incorrect,912,1056,2.3989780000000014,80.67830657958984,True,False,-2.0,-6.0,-0.06664500000000295,-1.7782745361328125,0.9452054794520548,Incorrect
Strategy 2: Fixed 135 deg with Circular Pre/Post-Roll Buffers,rep_6d548704cfd01f491a,vid_03222b4845d8ef2c,Right,Incorrect,1056,1206,2.498943999999998,34.6033935546875,False,False,,,,,0.0,Missed
Strategy 2: Fixed 135 deg with Circular Pre/Post-Roll Buffers,rep_ac1e97d62d5c2b56a0,vid_03222b4845d8ef2c,Left,Incorrect,1206,1354,2.465600000000002,66.60511779785156,True,False,-35.0,-27.0,0.1332880000000003,-1.3519287109375,0.6612021857923497,Incorrect
Strategy 2: Fixed 135 deg with Circular Pre/Post-Roll Buffers,rep_29323d0780eb56b21d,vid_03222b4845d8ef2c,Right,Incorrect,1354,1492,2.2990229999999983,37.51222229003906,False,False,,,,,0.0,Missed
Strategy 2: Fixed 135 deg with Circular Pre/Post-Roll Buffers,rep_59893c3e996fee9c34,vid_03222b4845d8ef2c,Left,Incorrect,1492,1600,1.799233000000001,59.928184509277344,True,False,-14.0,181.0,3.248611999999998,9.168212890625,0.3564356435643564,Incorrect
Strategy 2: Fixed 135 deg with Circular Pre/Post-Roll Buffers,rep_2b168be9071d57530d,vid_03222b4845d8ef2c,Left,Incorrect,1766,1900,2.2323780000000006,69.95743560791016,True,True,-200.0,-8.0,3.1986329999999974,0.0,0.3772455089820359,Incorrect
Strategy 2: Fixed 135 deg with Circular Pre/Post-Roll Buffers,rep_6ccabad19ce4f7ab3f,vid_03222b4845d8ef2c,Left,Incorrect,2050,2200,2.498933000000001,61.90733337402344,True,False,-184.0,-21.0,2.7155120000000004,0.0,0.38622754491017963,Incorrect
Strategy 2: Fixed 135 deg with Circular Pre/Post-Roll Buffers,rep_db11ea7c1113500c85,vid_03222b4845d8ef2c,Right,Incorrect,2200,2350,2.4989339999999984,37.554100036621094,False,False,,,,,0.0,Missed
Strategy 2: Fixed 135 deg with Circular Pre/Post-Roll Buffers,rep_07b241628c6745b2c2,vid_762b204cd565ac52,Right,Correct,196,464,4.464755,60.240692138671875,True,False,69.0,-37.0,-1.765911,-4.394287109375,0.6044776119402985,Correct
Strategy 2: Fixed 135 deg with Circular Pre/Post-Roll Buffers,rep_45d0e83c2ac0045b55,vid_762b204cd565ac52,Left,Correct,464,600,2.2657,59.15412902832031,True,False,-16.0,-20.0,-0.0666449999999994,4.5145416259765625,0.7631578947368421,Correct
Strategy 2: Fixed 135 deg with Circular Pre/Post-Roll Buffers,rep_74c3a7e79d3520b0b8,vid_762b204cd565ac52,Left,Correct,736,900,2.7321670000000005,62.707763671875,True,False,12.0,-23.0,-0.5830900000000003,-8.857955932617188,0.7865853658536586,Correct
Strategy 2: Fixed 135 deg with Circular Pre/Post-Roll Buffers,rep_497a451e0b4ab0dff3,vid_762b204cd565ac52,Left,Correct,1040,1150,1.8325560000000003,64.84867858886719,True,False,-142.0,174.0,5.264422,7.668914794921875,0.25821596244131456,Incorrect
Strategy 2: Fixed 135 deg with Circular Pre/Post-Roll Buffers,rep_210c60fdf8d5448ec9,vid_762b204cd565ac52,Left,Correct,1324,1450,2.0991,69.20266723632812,True,True,-208.0,-15.0,3.215311,0.0,0.3323353293413174,Incorrect
Strategy 2: Fixed 135 deg with Circular Pre/Post-Roll Buffers,rep_7600ddc1c7518532b0,vid_762b204cd565ac52,Left,Correct,1580,1700,1.9991559999999993,63.40735626220703,True,False,3.0,159.0,2.5988770000000017,-3.28802490234375,0.41935483870967744,Incorrect
Strategy 2: Fixed 135 deg with Circular Pre/Post-Roll Buffers,rep_2b1b56fcdf686f87e9,vid_762b204cd565ac52,Left,Correct,1858,2000,2.365666000000001,58.57733917236328,True,True,4.0,-10.0,-0.23323300000000202,-0.956207275390625,0.9014084507042254,Correct
Strategy 2: Fixed 135 deg with Circular Pre/Post-Roll Buffers,rep_5fefb43622c2eda5a6,vid_762b204cd565ac52,Left,Correct,2126,2282,2.5989000000000004,65.54315185546875,True,False,8.0,-8.0,-0.26655599999999424,-7.3905487060546875,0.8974358974358975,Correct
Strategy 2: Fixed 135 deg with Circular Pre/Post-Roll Buffers,rep_3bd69e41cd57266903,vid_762b204cd565ac52,Right,Correct,2282,2426,2.3989779999999996,59.32371520996094,True,False,-35.0,-5.0,0.49977799999999917,-1.703216552734375,0.776536312849162,Correct
Strategy 2: Fixed 135 deg with Circular Pre/Post-Roll Buffers,rep_d761ba3d8f066eef71,vid_a098f327a26fe877,Right,Correct,14,150,2.265711,60.33916473388672,True,False,0.0,-24.0,-0.3998329999999999,0.0,0.8235294117647058,Correct
Strategy 2: Fixed 135 deg with Circular Pre/Post-Roll Buffers,rep_2b4256b8b20205abf2,vid_a098f327a26fe877,Right,Correct,280,398,1.965833,65.12336730957031,True,False,-133.0,-3.0,2.165744,0.0,0.4581673306772908,Correct
Strategy 2: Fixed 135 deg with Circular Pre/Post-Roll Buffers,rep_20525de896af3c2e51,vid_a098f327a26fe877,Left,Correct,398,520,2.0324670000000005,61.51835632324219,True,False,21.0,132.0,1.8491989999999996,11.559707641601562,0.39763779527559057,Incorrect
Strategy 2: Fixed 135 deg with Circular Pre/Post-Roll Buffers,rep_f5ef6c0161f1b2bb87,vid_a098f327a26fe877,Left,Correct,648,800,2.5322559999999985,81.14264678955078,True,True,28.0,-16.0,-0.7330119999999987,-7.979248046875,0.7105263157894737,Correct
Strategy 2: Fixed 135 deg with Circular Pre/Post-Roll Buffers,rep_8cafe422282d959530,vid_a098f327a26fe877,Left,Correct,910,1078,2.7988,78.77212524414062,True,False,34.0,-33.0,-1.1161889999999985,-10.672470092773438,0.6011904761904762,Correct
Strategy 2: Fixed 135 deg with Circular Pre/Post-Roll Buffers,rep_9b959c53711117bcab,vid_a098f327a26fe877,Right,Correct,1078,1184,1.7659109999999991,53.51085662841797,True,True,-13.0,122.0,2.2490450000000024,5.514434814453125,0.43983402489626555,Incorrect
Strategy 2: Fixed 135 deg with Circular Pre/Post-Roll Buffers,rep_2d5fa419c6ca6c569a,vid_a098f327a26fe877,Right,Correct,1300,1464,2.7321670000000005,58.74418640136719,True,True,32.0,3.0,-0.4831329999999987,-0.48663330078125,0.7904191616766467,Correct
Strategy 2: Fixed 135 deg with Circular Pre/Post-Roll Buffers,rep_73da4dbfe62e87e2ac,vid_a098f327a26fe877,Left,Correct,1464,1614,2.4989329999999974,61.267364501953125,True,False,13.0,-19.0,-0.5330999999999975,-3.9234771728515625,0.7866666666666666,Correct
Strategy 2: Fixed 135 deg with Circular Pre/Post-Roll Buffers,rep_89410eaac0367f3a17,vid_a098f327a26fe877,Right,Correct,1614,1750,2.2657000000000025,54.083534240722656,True,True,-35.0,154.0,3.148654999999998,10.100845336914062,0.41846153846153844,Incorrect
Strategy 2: Fixed 135 deg with Circular Pre/Post-Roll Buffers,rep_a9e0a6a7f11f1efc53,vid_a098f327a26fe877,Right,Correct,1888,2038,2.4989329999999974,66.53166198730469,True,True,-172.0,-21.0,2.5155890000000056,0.0,0.40062111801242234,Correct
Strategy 2: Fixed 135 deg with Circular Pre/Post-Roll Buffers,rep_b652806afe1fe9072b,vid_a098f327a26fe877,Left,Correct,2038,2222,3.065367000000002,60.64844512939453,True,False,-10.0,-68.0,-0.9662560000000013,-0.271759033203125,0.5979381443298969,Correct
Strategy 2: Fixed 135 deg with Circular Pre/Post-Roll Buffers,rep_36e091bfd9c6523606,vid_c63ebda7f39171bc,Right,Correct,18,200,3.0320329999999998,69.59673309326172,True,False,28.0,-21.0,-0.8162989999999999,-10.400192260742188,0.7307692307692307,Correct
Strategy 2: Fixed 135 deg with Circular Pre/Post-Roll Buffers,rep_946de87b024761fafe,vid_c63ebda7f39171bc,Left,Correct,200,330,2.1657450000000003,61.61109161376953,True,False,2.0,-8.0,-0.16659999999999986,-1.108642578125,0.9230769230769231,Correct
Strategy 2: Fixed 135 deg with Circular Pre/Post-Roll Buffers,rep_35e3d2cee2f75e3e22,vid_c63ebda7f39171bc,Right,Correct,330,480,2.498933,59.73322296142578,True,False,-35.0,-16.0,0.31652199999999997,-1.397705078125,0.7243243243243244,Correct
Strategy 2: Fixed 135 deg with Circular Pre/Post-Roll Buffers,rep_2adad38065a30e32ca,vid_c63ebda7f39171bc,Right,Correct,626,770,2.3989779999999996,65.46955108642578,True,False,-180.0,-26.0,2.5655659999999996,0.335174560546875,0.36419753086419754,Correct
Strategy 2: Fixed 135 deg with Circular Pre/Post-Roll Buffers,rep_ff671892c1724ab31e,vid_c63ebda7f39171bc,Left,Correct,770,880,1.8325440000000004,67.86956787109375,True,False,-13.0,-16.0,-0.04997700000000016,0.022125244140625,0.7642276422764228,Correct
Strategy 2: Fixed 135 deg with Circular Pre/Post-Roll Buffers,rep_bd8591da4c0c8237a0,vid_c63ebda7f39171bc,Left,Correct,1000,1150,2.498933000000001,67.6185302734375,True,False,22.0,-19.0,-0.6830439999999989,-4.4750518798828125,0.7266666666666667,Correct
Strategy 2: Fixed 135 deg with Circular Pre/Post-Roll Buffers,rep_ad037e7a08fb6f68f3,vid_c63ebda7f39171bc,Right,Correct,1150,1284,2.2323780000000006,54.97315979003906,True,False,-35.0,1.0,0.5997550000000018,0.892791748046875,0.788235294117647,Correct
Strategy 2: Fixed 135 deg with Circular Pre/Post-Roll Buffers,rep_192fcfc43111194ede,vid_c63ebda7f39171bc,Left,Correct,1284,1420,2.2657109999999996,58.23271179199219,True,False,3.0,-7.0,-0.16659999999999897,-1.128997802734375,0.9264705882352942,Correct
Strategy 2: Fixed 135 deg with Circular Pre/Post-Roll Buffers,rep_41d7f4014c8377557d,vid_c63ebda7f39171bc,Left,Correct,1554,1700,2.432299999999998,67.7708969116211,True,False,9.0,-10.0,-0.31653299999999973,-0.328948974609375,0.8698630136986302,Correct
Strategy 2: Fixed 135 deg with Circular Pre/Post-Roll Buffers,rep_d5a43d3ea2a3e2ae47,vid_c63ebda7f39171bc,Right,Correct,1700,1858,2.632200000000001,53.034568786621094,True,False,-35.0,-9.0,0.4331549999999993,-1.5834503173828125,0.772020725388601,Correct
Strategy 2: Fixed 135 deg with Circular Pre/Post-Roll Buffers,rep_3a308bcf386c6a7ee0,vid_c63ebda7f39171bc,Left,Correct,1858,2022,2.732166000000003,61.59380340576172,True,False,3.0,-33.0,-0.5997430000000037,-2.4300537109375,0.7804878048780488,Correct
Strategy 2: Fixed 135 deg with Circular Pre/Post-Roll Buffers,rep_2bca3e223f0ea212b4,vid_c63ebda7f39171bc,Right,Correct,2022,2150,2.1324229999999957,46.22734069824219,True,False,-14.0,-7.0,0.11662100000000919,0.9635772705078125,0.852112676056338,Correct
Strategy 2: Fixed 135 deg with Circular Pre/Post-Roll Buffers,rep_6ba25eaa22a69f22ea,vid_4d1daeb09e2c1b0e,Right,Correct,42,200,2.632211,72.33282470703125,True,True,0.0,-25.0,-0.4164779999999997,0.0,0.8417721518987342,Correct
Strategy 2: Fixed 135 deg with Circular Pre/Post-Roll Buffers,rep_c47dfb83a60baa7049,vid_4d1daeb09e2c1b0e,Right,Correct,306,472,2.7654890000000005,58.33734130859375,True,True,32.0,6.0,-0.4331550000000002,0.0,0.7790697674418605,Correct
Strategy 2: Fixed 135 deg with Circular Pre/Post-Roll Buffers,rep_f6ac69e13453320ef3,vid_4d1daeb09e2c1b0e,Left,Correct,472,642,2.832133,64.23577117919922,True,False,22.0,-31.0,-0.8829660000000006,-0.889495849609375,0.6882352941176471,Correct
Strategy 2: Fixed 135 deg with Circular Pre/Post-Roll Buffers,rep_4fc424027655115822,vid_4d1daeb09e2c1b0e,Right,Correct,642,765,2.049123,55.7459716796875,True,False,-14.0,-10.0,0.06664400000000015,2.05657958984375,0.8248175182481752,Correct
Strategy 2: Fixed 135 deg with Circular Pre/Post-Roll Buffers,rep_11a1d40991198961f0,vid_4d1daeb09e2c1b0e,Right,Correct,900,1014,1.8991890000000016,51.54859924316406,True,False,-169.0,9.0,2.965399999999997,0.0,0.3904109589041096,Correct
Strategy 2: Fixed 135 deg with Circular Pre/Post-Roll Buffers,rep_63276acd130a1a16ce,vid_4d1daeb09e2c1b0e,Left,Correct,1014,1140,2.0991,53.87982177734375,True,False,12.0,-5.0,-0.2832000000000008,-1.7585906982421875,0.8650793650793651,Correct
Strategy 2: Fixed 135 deg with Circular Pre/Post-Roll Buffers,rep_b2360b4774599f8408,vid_4d1daeb09e2c1b0e,Left,Correct,1308,1434,2.0991,70.13851165771484,True,False,-202.0,-25.0,2.9487440000000014,-0.884918212890625,0.3079268292682927,Incorrect
Strategy 2: Fixed 135 deg with Circular Pre/Post-Roll Buffers,rep_d8f0afe79b91d46b4e,vid_4d1daeb09e2c1b0e,Right,Correct,1434,1552,1.965833,48.69429016113281,True,False,-35.0,10.0,0.7496779999999994,4.7031402587890625,0.7239263803680982,Correct
Strategy 2: Fixed 135 deg with Circular Pre/Post-Roll Buffers,rep_0def6e3c339b9e5a3a,vid_4d1daeb09e2c1b0e,Left,Correct,1552,1700,2.4656229999999972,59.72649383544922,True,False,16.0,-2.0,-0.2998789999999971,-5.008697509765625,0.8783783783783784,Correct
Strategy 2: Fixed 135 deg with Circular Pre/Post-Roll Buffers,rep_3b63838c9199bc61e4,vid_4d1daeb09e2c1b0e,Left,Correct,1836,2012,2.9320769999999996,69.41483306884766,True,False,11.0,-45.0,-0.9329319999999974,0.0,0.6818181818181818,Correct
Strategy 2: Fixed 135 deg with Circular Pre/Post-Roll Buffers,rep_02baf361a41927f7e1,vid_a7e0a74bb2cacc23,Left,Incorrect,0,158,2.632211,77.03350830078125,True,False,11.0,-17.0,-0.46646699999999974,-0.0507049560546875,0.8227848101265823,Incorrect
Strategy 2: Fixed 135 deg with Circular Pre/Post-Roll Buffers,rep_443563c8a2fba0febe,vid_a7e0a74bb2cacc23,Right,Incorrect,342,450,1.799233,88.68563842773438,True,True,-218.0,-6.0,3.531821999999999,0.0,0.3128834355828221,Incorrect
Strategy 2: Fixed 135 deg with Circular Pre/Post-Roll Buffers,rep_826841f39e9298f126,vid_a7e0a74bb2cacc23,Right,Incorrect,600,770,2.832134,105.333251953125,True,True,7.0,-21.0,-0.46647899999999964,-1.0123138427734375,0.8352941176470589,Incorrect
Strategy 2: Fixed 135 deg with Circular Pre/Post-Roll Buffers,rep_cd3eab9efb5a4c93d3,vid_a7e0a74bb2cacc23,Right,Incorrect,748,924,2.9320880000000002,108.35894012451172,True,True,36.0,3.0,-0.549766,-1.28759765625,0.7821229050279329,Incorrect
Strategy 2: Fixed 135 deg with Circular Pre/Post-Roll Buffers,rep_3138501c806e115527,vid_a7e0a74bb2cacc23,Right,Incorrect,924,1084,2.6655229999999985,87.3865737915039,True,True,23.0,7.0,-0.26653400000000005,0.0,0.8203592814371258,Incorrect
Strategy 2: Fixed 135 deg with Circular Pre/Post-Roll Buffers,rep_9b8cb4166cbacaada7,vid_a7e0a74bb2cacc23,Right,Incorrect,1084,1280,3.265277000000001,90.59229278564453,True,True,34.0,-15.0,-0.8163219999999995,0.0,0.75,Incorrect
Strategy 2: Fixed 135 deg with Circular Pre/Post-Roll Buffers,rep_fd1259ada4de072a01,vid_a7e0a74bb2cacc23,Left,Incorrect,1384,1522,2.2990229999999983,73.44063568115234,True,False,-106.0,0.0,1.7659110000000027,0.0,0.5655737704918032,Incorrect
Strategy 2: Fixed 135 deg with Circular Pre/Post-Roll Buffers,rep_dd74432211f9ffa5e1,vid_a7e0a74bb2cacc23,Left,Incorrect,1522,1658,2.2657000000000025,72.35511016845703,True,False,-35.0,4.0,0.6497109999999999,0.0,0.7771428571428571,Incorrect
Strategy 2: Fixed 135 deg with Circular Pre/Post-Roll Buffers,rep_91609c5df4bead6c69,vid_a7e0a74bb2cacc23,Left,Incorrect,1658,1814,2.598899999999997,80.06404876708984,True,False,-35.0,0.0,0.5830890000000011,0.0,0.8167539267015707,Incorrect
Strategy 2: Fixed 135 deg with Circular Pre/Post-Roll Buffers,rep_a37330b43adea50a3e,vid_a7e0a74bb2cacc23,Left,Incorrect,1814,1954,2.3323329999999984,79.86317443847656,True,False,-35.0,3.0,0.6330670000000005,0.67095947265625,0.7865168539325843,Incorrect
Strategy 2: Fixed 135 deg with Circular Pre/Post-Roll Buffers,rep_4ad73d552251012434,vid_a7e0a74bb2cacc23,Left,Incorrect,1954,2094,2.332344000000006,69.58517456054688,False,False,,,,,0.0,Missed
Strategy 2: Fixed 135 deg with Circular Pre/Post-Roll Buffers,rep_fa168bf284d8c96c8f,vid_ac42199741c9c0c1,Left,Incorrect,10,120,1.832544,58.499359130859375,True,False,8.0,-7.0,-0.24988900000000003,0.0,0.8636363636363636,Incorrect
Strategy 2: Fixed 135 deg with Circular Pre/Post-Roll Buffers,rep_acba12d05fb8cb1071,vid_ac42199741c9c0c1,Left,Incorrect,120,264,2.3989889999999994,50.28203582763672,True,True,22.0,-6.0,-0.46647799999999906,0.0,0.8055555555555556,Incorrect
Strategy 2: Fixed 135 deg with Circular Pre/Post-Roll Buffers,rep_fa63fb414a09fba399,vid_ac42199741c9c0c1,Left,Incorrect,264,416,2.5322450000000005,47.420738220214844,True,False,18.0,2.0,-0.26653400000000005,0.0,0.8701298701298701,Incorrect
Strategy 2: Fixed 135 deg with Circular Pre/Post-Roll Buffers,rep_8c2b0e419612f75982,vid_ac42199741c9c0c1,Left,Incorrect,416,592,2.9320779999999997,40.93870544433594,True,True,3.0,-16.0,-0.31653400000000076,0.0,0.8920454545454546,Incorrect
Strategy 2: Fixed 135 deg with Circular Pre/Post-Roll Buffers,rep_60375464ef15bd70a9,vid_ac42199741c9c0c1,Right,Incorrect,700,850,2.4989220000000003,34.09703063964844,True,False,-142.0,5.0,2.4489669999999997,1.754852294921875,0.5050505050505051,Incorrect
Strategy 2: Fixed 135 deg with Circular Pre/Post-Roll Buffers,rep_8e0838c69b44e0e484,vid_ac42199741c9c0c1,Right,Incorrect,844,976,2.199066,26.505157470703125,True,False,-35.0,8.0,0.7163560000000011,3.4663238525390625,0.7542857142857143,Incorrect
Strategy 2: Fixed 135 deg with Circular Pre/Post-Roll Buffers,rep_a9527922a989ef766d,vid_ac42199741c9c0c1,Right,Incorrect,976,1100,2.065777999999998,38.71678924560547,True,False,-35.0,153.0,3.131999000000002,7.7590789794921875,0.3974358974358974,Incorrect
Strategy 2: Fixed 135 deg with Circular Pre/Post-Roll Buffers,rep_7b675a687f7d9e628c,vid_ac42199741c9c0c1,Right,Incorrect,1238,1392,2.565578000000002,36.17973327636719,True,True,-172.0,-19.0,2.548899999999996,-1.1907806396484375,0.41411042944785276,Incorrect
Strategy 2: Fixed 135 deg with Circular Pre/Post-Roll Buffers,rep_88e19ee5be79751d7e,vid_8c19cbd3c181b15a,Left,Correct,8,120,1.865866,74.32585144042969,True,False,0.0,-11.0,-0.18324399999999996,-0.799285888671875,0.9017857142857143,Correct
Strategy 2: Fixed 135 deg with Circular Pre/Post-Roll Buffers,rep_e0083818482a4934d7,vid_8c19cbd3c181b15a,Left,Correct,246,400,2.5655659999999996,72.39736938476562,True,False,0.0,-19.0,-0.31652199999999997,0.0,0.8766233766233766,Correct
Strategy 2: Fixed 135 deg with Circular Pre/Post-Roll Buffers,rep_a1e37a6d86f9be1dbb,vid_8c19cbd3c181b15a,Left,Correct,524,640,1.9325109999999999,74.70513916015625,True,False,1.0,8.0,0.11661100000000069,0.0,0.9274193548387096,Correct
Strategy 2: Fixed 135 deg with Circular Pre/Post-Roll Buffers,rep_051c9c524e3b73459a,vid_8c19cbd3c181b15a,Right,Correct,640,798,2.632211,54.788551330566406,True,False,-35.0,-15.0,0.3331999999999997,-1.6027679443359375,0.7409326424870466,Correct
Strategy 2: Fixed 135 deg with Circular Pre/Post-Roll Buffers,rep_d70a06a71c2b8e94b3,vid_8c19cbd3c181b15a,Right,Correct,798,960,2.6988450000000004,57.282691955566406,True,False,6.0,-21.0,-0.4498010000000008,0.0,0.8333333333333334,Correct
Strategy 2: Fixed 135 deg with Circular Pre/Post-Roll Buffers,rep_fd22cdda358387a39d,vid_8c19cbd3c181b15a,Right,Correct,960,1112,2.5322549999999993,55.07029724121094,True,False,8.0,-19.0,-0.4498110000000004,-0.237640380859375,0.8223684210526315,Correct
Strategy 2: Fixed 135 deg with Circular Pre/Post-Roll Buffers,rep_7d900f8fa9436f8bcc,vid_8c19cbd3c181b15a,Right,Correct,1112,1220,1.799234000000002,50.12091827392578,True,False,-35.0,-10.0,0.4164999999999992,0.2637176513671875,0.6853146853146853,Correct
Strategy 2: Fixed 135 deg with Circular Pre/Post-Roll Buffers,rep_8c67fa02a8495509fc,vid_fd3e2ae78827f629,Left,Correct,4,100,1.599323,67.76876068115234,True,False,0.0,-19.0,-0.3165340000000001,-14.429092407226562,0.8020833333333334,Incorrect
Strategy 2: Fixed 135 deg with Circular Pre/Post-Roll Buffers,rep_82d242d849eeae0237,vid_fd3e2ae78827f629,Left,Correct,240,350,1.8325549999999997,76.53982543945312,True,True,-173.0,-11.0,2.698845,0.0,0.3498233215547703,Incorrect
Strategy 2: Fixed 135 deg with Circular Pre/Post-Roll Buffers,rep_010c51d0b4570e895d,vid_fd3e2ae78827f629,Left,Correct,484,616,2.1990560000000006,77.71429443359375,True,False,5.0,8.0,0.04998900000000006,0.0,0.9071428571428571,Correct
Strategy 2: Fixed 135 deg with Circular Pre/Post-Roll Buffers,rep_6d4759beadb7cb7930,vid_fd3e2ae78827f629,Right,Correct,616,750,2.232377999999999,57.219329833984375,True,False,13.0,-5.0,-0.299866999999999,-0.4336395263671875,0.8656716417910447,Correct
Strategy 2: Fixed 135 deg with Circular Pre/Post-Roll Buffers,rep_725cbf72d2ac96e8be,vid_fd3e2ae78827f629,Right,Correct,860,1002,2.3656559999999995,51.097923278808594,True,False,11.0,-13.0,-0.39982300000000137,0.0,0.8309859154929577,Correct
Strategy 2: Fixed 135 deg with Circular Pre/Post-Roll Buffers,rep_b69516d1c1792753ff,vid_fd3e2ae78827f629,Right,Correct,1002,1140,2.299022000000001,54.530921936035156,True,False,7.0,-15.0,-0.36651099999999914,0.0,0.8405797101449275,Correct
Strategy 2: Fixed 135 deg with Circular Pre/Post-Roll Buffers,rep_c64a4599869d796b40,vid_4a4b044fd46cca10,Left,Correct,18,148,2.165744,74.06702423095703,True,False,0.0,-8.0,-0.13327800000000023,-1.86041259765625,0.9384615384615385,Correct
Strategy 2: Fixed 135 deg with Circular Pre/Post-Roll Buffers,rep_dcdc4f2da30a32a6af,vid_4a4b044fd46cca10,Left,Correct,148,326,2.9653889999999996,76.76325988769531,True,False,3.0,-32.0,-0.583078,-1.045074462890625,0.8033707865168539,Correct
Strategy 2: Fixed 135 deg with Circular Pre/Post-Roll Buffers,rep_a947b4bae2f945e240,vid_4a4b044fd46cca10,Left,Correct,326,476,2.498933,74.36543273925781,True,False,-3.0,-15.0,-0.19991000000000003,-1.686614990234375,0.8823529411764706,Correct
Strategy 2: Fixed 135 deg with Circular Pre/Post-Roll Buffers,rep_e29f489f8bd9080007,vid_4a4b044fd46cca10,Left,Correct,476,620,2.3989889999999994,77.12065887451172,True,False,8.0,-16.0,-0.399843999999999,-3.7499237060546875,0.8333333333333334,Correct
Strategy 2: Fixed 135 deg with Circular Pre/Post-Roll Buffers,rep_7b14ee7f1080746461,vid_4a4b044fd46cca10,Right,Correct,762,900,2.299021999999999,60.306396484375,True,True,13.0,-17.0,-0.4997889999999998,0.0,0.782608695652174,Correct
Strategy 2: Fixed 135 deg with Circular Pre/Post-Roll Buffers,rep_e8bb0f69d30c556400,vid_4a4b044fd46cca10,Right,Correct,900,1050,2.498932999999999,58.98072052001953,True,False,1.0,-36.0,-0.6163999999999987,-1.7003631591796875,0.7533333333333333,Correct
Strategy 2: Fixed 135 deg with Circular Pre/Post-Roll Buffers,rep_c5eb98de0ecf39c224,vid_4a4b044fd46cca10,Right,Correct,1188,1300,1.8658660000000005,57.456939697265625,True,False,-154.0,-7.0,2.4489669999999997,0.9806671142578125,0.39473684210526316,Incorrect
Strategy 2: Fixed 135 deg with Circular Pre/Post-Roll Buffers,rep_ebc5faa71293b08f88,vid_cccf82e3e7e7a94a,Right,Correct,104,336,3.865011,48.96642303466797,True,False,0.0,130.0,2.1657450000000003,0.0,0.6408839779005525,Incorrect
Strategy 2: Fixed 135 deg with Circular Pre/Post-Roll Buffers,rep_8e15f367084c47cc58,vid_cccf82e3e7e7a94a,Right,Correct,464,758,4.897911,50.97454071044922,True,True,-162.0,-17.0,2.4156329999999997,0.0,0.6074561403508771,Incorrect
Strategy 2: Fixed 135 deg with Circular Pre/Post-Roll Buffers,rep_d869da055595c4deef,vid_cccf82e3e7e7a94a,Right,Correct,778,1000,3.6984229999999982,42.91249084472656,True,True,-36.0,77.0,1.8825210000000006,7.5228118896484375,0.6626865671641791,Incorrect
Strategy 2: Fixed 135 deg with Circular Pre/Post-Roll Buffers,rep_d6c78d6a173b7fff30,vid_cccf82e3e7e7a94a,Right,Correct,1066,1300,3.898333000000001,49.42823028564453,True,True,-100.0,-14.0,1.4327339999999964,-0.8916473388671875,0.6586826347305389,Incorrect
Strategy 2: Fixed 135 deg with Circular Pre/Post-Roll Buffers,rep_9c84c6e808098ddddd,vid_cccf82e3e7e7a94a,Right,Correct,1336,1580,4.064944000000001,49.07532501220703,True,False,-54.0,-41.0,0.21655600000000064,2.5856781005859375,0.6812080536912751,Correct
Strategy 2: Fixed 135 deg with Circular Pre/Post-Roll Buffers,rep_f8dd7411e8827b9d89,vid_cccf82e3e7e7a94a,Right,Correct,1926,2130,3.3985559999999992,47.91027069091797,True,True,-380.0,65.0,7.413498999999998,3.4069366455078125,0.31432973805855163,Incorrect
Strategy 2: Fixed 135 deg with Circular Pre/Post-Roll Buffers,rep_167d453a980a90ffb1,vid_cccf82e3e7e7a94a,Right,Correct,2184,2420,3.9316549999999992,51.947052001953125,True,True,-88.0,-52.0,0.5997449999999986,-3.2865753173828125,0.5679012345679012,Incorrect
Strategy 2: Fixed 135 deg with Circular Pre/Post-Roll Buffers,rep_0223c41078f59ba0c7,vid_cccf82e3e7e7a94a,Right,Correct,2450,2640,3.1653230000000008,48.35613250732422,True,False,-48.0,-26.0,0.3665099999999981,2.8961334228515625,0.6890756302521008,Correct
Strategy 2: Fixed 135 deg with Circular Pre/Post-Roll Buffers,rep_6e23e4f49a60e42831,vid_871bc1a5b112709b,Left,Correct,48,244,3.2652769999999998,63.11292266845703,True,False,0.0,5.0,0.08330000000000037,0.0,0.9751243781094527,Correct
Strategy 2: Fixed 135 deg with Circular Pre/Post-Roll Buffers,rep_e2c3d0e2d2b5678e36,vid_871bc1a5b112709b,Left,Correct,244,488,4.064934000000001,59.53993225097656,True,False,45.0,5.0,-0.6663890000000006,-2.6030426025390625,0.7991967871485943,Correct
Strategy 2: Fixed 135 deg with Circular Pre/Post-Roll Buffers,rep_d0ff18f99d0f27f12c,vid_871bc1a5b112709b,Left,Correct,488,776,4.797955,62.78021240234375,True,False,38.0,-49.0,-1.4493880000000008,-3.053253173828125,0.6979166666666666,Correct
Strategy 2: Fixed 135 deg with Circular Pre/Post-Roll Buffers,rep_f90d8c60da13e3f372,vid_871bc1a5b112709b,Left,Correct,776,964,3.131988999999999,58.573585510253906,True,False,-10.0,4.0,0.23324500000000192,0.0,0.9306930693069307,Correct
Strategy 2: Fixed 135 deg with Circular Pre/Post-Roll Buffers,rep_7a9e2557829a90b7e0,vid_871bc1a5b112709b,Left,Correct,964,1250,4.764645000000002,58.208412170410156,True,False,50.0,-32.0,-1.366101000000004,-4.870025634765625,0.7132867132867133,Correct
Strategy 2: Fixed 135 deg with Circular Pre/Post-Roll Buffers,rep_d0b67e69c0399de83d,vid_871bc1a5b112709b,Left,Correct,1280,1468,3.131989000000001,65.23128509521484,True,False,-48.0,1.0,0.8163329999999966,0.0,0.7932489451476793,Correct
Strategy 2: Fixed 135 deg with Circular Pre/Post-Roll Buffers,rep_9210747dded1234c01,vid_871bc1a5b112709b,Left,Correct,1468,1740,4.531399999999998,64.58910369873047,True,False,59.0,10.0,-0.816322999999997,-5.56256103515625,0.7553191489361702,Correct
Strategy 2: Fixed 135 deg with Circular Pre/Post-Roll Buffers,rep_c3ae4bbb70cbada492,vid_871bc1a5b112709b,Left,Correct,1740,1976,3.931667000000001,63.57733154296875,True,False,44.0,9.0,-0.5830900000000057,-1.8069000244140625,0.7836734693877551,Correct
Strategy 2: Fixed 135 deg with Circular Pre/Post-Roll Buffers,rep_f3526932ce290edab5,vid_871bc1a5b112709b,Left,Correct,1976,2250,4.564711000000003,65.42412567138672,True,False,50.0,-48.0,-1.6326219999999978,-2.6733856201171875,0.6423357664233577,Correct
Strategy 2: Fixed 135 deg with Circular Pre/Post-Roll Buffers,rep_d16b4c22ff4fca8332,vid_871bc1a5b112709b,Left,Correct,2278,2428,2.498933000000001,59.5478515625,False,False,,,,,0.0,Missed
Strategy 2: Fixed 135 deg with Circular Pre/Post-Roll Buffers,rep_2a706f670399059ddc,vid_0c264aade3d23621,Left,Correct,3300,3458,2.632210999999998,62.931732177734375,False,False,,,,,0.0,Missed
Strategy 2: Fixed 135 deg with Circular Pre/Post-Roll Buffers,rep_d7af2020d057934d50,vid_5ecd6a78f9f6d143,Right,Incorrect,4,280,4.598034,53.12738800048828,False,False,,,,,0.0,Missed
Strategy 2: Fixed 135 deg with Circular Pre/Post-Roll Buffers,rep_abd2c8c804430edc55,vid_5ecd6a78f9f6d143,Right,Incorrect,280,600,5.331054999999999,41.16278076171875,True,True,-35.0,-21.0,0.23323400000000039,0.0,0.8422535211267606,Incorrect
Strategy 2: Fixed 135 deg with Circular Pre/Post-Roll Buffers,rep_9aae73a476f0e1ecb0,vid_5ecd6a78f9f6d143,Right,Incorrect,560,856,4.931222,43.35914611816406,True,True,-35.0,429.0,7.730055000000002,0.0,0.3894736842105263,Incorrect
Strategy 2: Fixed 135 deg with Circular Pre/Post-Roll Buffers,rep_a614111ef20922f016,vid_5ecd6a78f9f6d143,Right,Incorrect,1270,1600,5.497655999999999,38.33307647705078,True,True,-448.0,33.0,8.013244,1.400543212890625,0.406905055487053,Incorrect
Strategy 2: Fixed 135 deg with Circular Pre/Post-Roll Buffers,rep_c39d5255ec18bcee57,vid_5ecd6a78f9f6d143,Right,Incorrect,1630,1880,4.164888999999999,38.34461212158203,True,False,-64.0,-48.0,0.2665550000000003,0.0,0.643312101910828,Incorrect
Strategy 2: Fixed 135 deg with Circular Pre/Post-Roll Buffers,rep_b5df2f9774dcb2df9c,vid_5ecd6a78f9f6d143,Right,Incorrect,1900,2150,4.164888999999999,37.31422424316406,True,False,-54.0,-70.0,-0.2665450000000007,0.8445587158203125,0.5921052631578947,Incorrect
Strategy 2: Fixed 135 deg with Circular Pre/Post-Roll Buffers,rep_723e60d2b4c013afb1,vid_5ecd6a78f9f6d143,Right,Incorrect,2186,2400,3.565133000000003,53.007476806640625,True,True,96.0,-12.0,-1.7992220000000003,-7.872779846191406,0.4953271028037383,Incorrect
Strategy 2: Fixed 135 deg with Circular Pre/Post-Roll Buffers,rep_35b4b0fac466afddb0,vid_5ecd6a78f9f6d143,Right,Incorrect,2470,2700,3.831700000000005,60.10179138183594,True,False,-104.0,-16.0,1.4660339999999934,-4.50341796875,0.6407185628742516,Incorrect
Strategy 2: Fixed 135 deg with Circular Pre/Post-Roll Buffers,rep_27863e57422bec0cd1,vid_e61ec8fb945f06ad,Left,Incorrect,100,430,5.497655,59.14595031738281,True,False,0.0,-9.0,-0.14993300000000076,0.0,0.9727272727272728,Incorrect
Strategy 2: Fixed 135 deg with Circular Pre/Post-Roll Buffers,rep_2f16162b29e51e2f78,vid_e61ec8fb945f06ad,Left,Incorrect,622,898,4.598032999999999,67.97067260742188,True,False,-226.0,-15.0,3.5151780000000006,0.0,0.5199203187250996,Incorrect
Strategy 2: Fixed 135 deg with Circular Pre/Post-Roll Buffers,rep_6d7e4cbc3b8ce62f45,vid_e61ec8fb945f06ad,Left,Incorrect,898,1200,5.031189000000001,60.14830017089844,True,False,-2.0,-76.0,-1.232812000000001,0.0,0.743421052631579,Incorrect
Strategy 2: Fixed 135 deg with Circular Pre/Post-Roll Buffers,rep_b1d03d4854933c563f,vid_e61ec8fb945f06ad,Left,Incorrect,1200,1400,3.331910999999998,43.87770080566406,True,False,-11.0,-15.0,-0.0666329999999995,-1.3868255615234375,0.8767772511848341,Incorrect
Strategy 2: Fixed 135 deg with Circular Pre/Post-Roll Buffers,rep_7501569b908e793d35,vid_e61ec8fb945f06ad,Left,Incorrect,1688,2000,5.197789,66.82950592041016,True,False,-322.0,-26.0,4.931233000000002,0.0,0.45110410094637227,Incorrect
Strategy 2: Fixed 135 deg with Circular Pre/Post-Roll Buffers,rep_7e51865d23f0a47ccb,vid_e61ec8fb945f06ad,Left,Incorrect,2500,2768,4.464767000000002,62.50141143798828,True,False,5.0,-12.0,-0.2832000000000008,0.0,0.9365671641791045,Incorrect
Strategy 2: Fixed 135 deg with Circular Pre/Post-Roll Buffers,rep_66de1799390f52427b,vid_ffec5a0821a6c480,Right,Correct,22,206,3.065356,77.87207794189453,True,False,9.0,-8.0,-0.283223,-1.569671630859375,0.907608695652174,Correct
Strategy 2: Fixed 135 deg with Circular Pre/Post-Roll Buffers,rep_553468c167c3d10264,vid_ffec5a0821a6c480,Right,Correct,206,370,2.7321769999999996,84.06062316894531,True,False,13.0,-5.0,-0.2998769999999995,0.0,0.8902439024390244,Correct
Strategy 2: Fixed 135 deg with Circular Pre/Post-Roll Buffers,rep_83421d321828b69e6d,vid_ffec5a0821a6c480,Right,Correct,370,562,3.1986230000000004,88.92203521728516,True,False,24.0,-6.0,-0.4997790000000011,-8.940505981445312,0.84375,Correct
Strategy 2: Fixed 135 deg with Circular Pre/Post-Roll Buffers,rep_5e045c199c05e4d1f5,vid_ffec5a0821a6c480,Right,Correct,562,780,3.6318,85.58522033691406,True,False,30.0,-31.0,-1.0162449999999996,-10.699356079101562,0.7201834862385321,Correct
Strategy 2: Fixed 135 deg with Circular Pre/Post-Roll Buffers,rep_2a229748fc8b8dea38,vid_ffec5a0821a6c480,Right,Correct,780,938,2.632211,81.46302795410156,True,False,-5.0,-15.0,-0.16660000000000075,0.15985107421875,0.8773006134969326,Correct
Strategy 2: Fixed 135 deg with Circular Pre/Post-Roll Buffers,rep_ce3bc79cff8137bdbc,vid_ffec5a0821a6c480,Right,Correct,938,1146,3.465178,92.22492980957031,True,False,16.0,-27.0,-0.7163439999999994,-10.067901611328125,0.7932692307692307,Correct
Strategy 2: Fixed 135 deg with Circular Pre/Post-Roll Buffers,rep_911557ec2316444144,vid_ffec5a0821a6c480,Right,Correct,1146,1344,3.2985879999999987,89.24870300292969,True,False,8.0,-31.0,-0.6497099999999989,-7.5267486572265625,0.803030303030303,Correct
Strategy 2: Fixed 135 deg with Circular Pre/Post-Roll Buffers,rep_ed5503be0ec8ad904f,vid_ffec5a0821a6c480,Right,Correct,1344,1534,3.1653340000000014,94.31558227539062,True,False,10.0,-31.0,-0.6830560000000041,-5.6161346435546875,0.7842105263157895,Incorrect
Strategy 2: Fixed 135 deg with Circular Pre/Post-Roll Buffers,rep_058f4e9eb34097e9af,vid_ffec5a0821a6c480,Right,Correct,1534,1720,3.0986779999999996,79.7106704711914,True,False,5.0,-27.0,-0.533101000000002,-4.0178375244140625,0.8279569892473119,Correct
Strategy 2: Fixed 135 deg with Circular Pre/Post-Roll Buffers,rep_0950635c9107f00107,vid_ffec5a0821a6c480,Right,Correct,1720,1904,3.0653550000000003,80.80406188964844,True,False,4.0,-25.0,-0.48312199999999805,-1.595306396484375,0.842391304347826,Correct
Strategy 2: Fixed 135 deg with Circular Pre/Post-Roll Buffers,rep_e680b771aee91835f2,vid_ffec5a0821a6c480,Right,Correct,1904,2074,2.8321219999999983,77.88021850585938,True,False,-2.0,-18.0,-0.2665440000000032,0.4196624755859375,0.8837209302325582,Correct
Strategy 2: Fixed 135 deg with Circular Pre/Post-Roll Buffers,rep_abfde45ee3011ded28,vid_ffec5a0821a6c480,Right,Correct,2074,2270,3.265278000000002,76.04534149169922,True,False,14.0,-24.0,-0.633067000000004,-0.500946044921875,0.8061224489795918,Correct
Strategy 2: Fixed 135 deg with Circular Pre/Post-Roll Buffers,rep_c9d185afbd34a49b2a,vid_ffec5a0821a6c480,Right,Correct,2270,2440,2.8321219999999983,78.6700668334961,True,False,6.0,-11.0,-0.28321099999999433,-0.4739990234375,0.9,Correct
Strategy 2: Fixed 135 deg with Circular Pre/Post-Roll Buffers,rep_e69932267095995434,vid_bbc5006a077ac6b1,Left,Correct,4,166,2.698856,83.46768951416016,True,False,5.0,-15.0,-0.33318899999999996,-7.271209716796875,0.8765432098765432,Correct
Strategy 2: Fixed 135 deg with Circular Pre/Post-Roll Buffers,rep_dbbca0e9e8f0d1f5a2,vid_bbc5006a077ac6b1,Left,Correct,166,332,2.765489,84.40599060058594,True,False,21.0,-6.0,-0.4498110000000004,-1.2802276611328125,0.8373493975903614,Incorrect
Strategy 2: Fixed 135 deg with Circular Pre/Post-Roll Buffers,rep_75e0f4a0f4886840c9,vid_bbc5006a077ac6b1,Left,Correct,332,514,3.0320329999999993,83.92337799072266,True,False,26.0,-8.0,-0.5664109999999996,-4.4751434326171875,0.8131868131868132,Correct
Strategy 2: Fixed 135 deg with Circular Pre/Post-Roll Buffers,rep_84528959491488725c,vid_bbc5006a077ac6b1,Left,Correct,514,696,3.032045,73.45806884765625,True,False,27.0,-11.0,-0.6330780000000011,-1.3760223388671875,0.7912087912087912,Correct
Strategy 2: Fixed 135 deg with Circular Pre/Post-Roll Buffers,rep_b0b26366e45af54e18,vid_bbc5006a077ac6b1,Left,Correct,696,870,2.898766,76.31904602050781,True,False,23.0,-17.0,-0.6663770000000007,-0.5778350830078125,0.7701149425287356,Correct
Strategy 2: Fixed 135 deg with Circular Pre/Post-Roll Buffers,rep_eea76f3ce16712ba34,vid_bbc5006a077ac6b1,Left,Correct,1040,1222,3.0320339999999995,82.22076416015625,True,False,12.0,-27.0,-0.6497230000000016,-10.19757080078125,0.7857142857142857,Correct
Strategy 2: Fixed 135 deg with Circular Pre/Post-Roll Buffers,rep_6f6457b2c6082aad4b,vid_bbc5006a077ac6b1,Left,Correct,1222,1374,2.5322549999999993,74.64134216308594,True,False,9.0,-5.0,-0.23323299999999847,-3.2778778076171875,0.9078947368421053,Correct
Strategy 2: Fixed 135 deg with Circular Pre/Post-Roll Buffers,rep_96e0f2de75f010a545,vid_bbc5006a077ac6b1,Left,Correct,1374,1556,3.032045,93.45993041992188,True,False,32.0,-17.0,-0.8163219999999995,-18.170623779296875,0.7307692307692307,Correct
Strategy 2: Fixed 135 deg with Circular Pre/Post-Roll Buffers,rep_d4f184058e742c55a8,vid_bbc5006a077ac6b1,Left,Correct,1556,1696,2.3323440000000026,87.40031433105469,True,False,8.0,-4.0,-0.19991100000000017,0.0,0.9142857142857143,Correct
Strategy 2: Fixed 135 deg with Circular Pre/Post-Roll Buffers,rep_a7b16cdf5f9c7677ca,vid_bbc5006a077ac6b1,Left,Correct,1696,1906,3.4985,81.72892761230469,True,False,27.0,-51.0,-1.2994330000000005,-4.0787811279296875,0.6285714285714286,Correct
Strategy 2: Fixed 135 deg with Circular Pre/Post-Roll Buffers,rep_aee0a429a21693a253,vid_aa01d8740a74fd7d,Right,Incorrect,14,168,2.565567,67.05715942382812,True,False,6.0,134.0,2.132411,-2.5576629638671875,0.5138888888888888,Correct
Strategy 2: Fixed 135 deg with Circular Pre/Post-Roll Buffers,rep_4a38d28ad2708bf974,vid_aa01d8740a74fd7d,Right,Incorrect,300,458,2.6322,46.190223693847656,True,True,45.0,-1.0,-0.7663330000000004,-0.8957061767578125,0.7088607594936709,Incorrect
Strategy 2: Fixed 135 deg with Circular Pre/Post-Roll Buffers,rep_1c63cefc535235092e,vid_aa01d8740a74fd7d,Right,Incorrect,458,644,3.0986780000000005,58.59111022949219,True,False,38.0,-29.0,-1.1161890000000012,-2.3933868408203125,0.6397849462365591,Incorrect
Strategy 2: Fixed 135 deg with Circular Pre/Post-Roll Buffers,rep_79c5c294b8bda9221b,vid_aa01d8740a74fd7d,Right,Incorrect,644,760,1.9325109999999999,63.06793975830078,True,False,5.0,3.0,-0.033322999999999325,-1.6395111083984375,0.9327731092436975,Incorrect
Strategy 2: Fixed 135 deg with Circular Pre/Post-Roll Buffers,rep_cec13eefff34409cdb,vid_aa01d8740a74fd7d,Right,Incorrect,760,938,2.9654109999999996,71.98680877685547,True,False,40.0,-16.0,-0.9329449999999984,-5.8446502685546875,0.6853932584269663,Correct
Strategy 2: Fixed 135 deg with Circular Pre/Post-Roll Buffers,rep_6e34e000e401e92ab6,vid_aa01d8740a74fd7d,Right,Incorrect,938,1074,2.265689,78.12557220458984,True,False,13.0,3.0,-0.16658900000000187,0.0,0.8848920863309353,Incorrect
Strategy 2: Fixed 135 deg with Circular Pre/Post-Roll Buffers,rep_865eff11a82c98aff9,vid_aa01d8740a74fd7d,Right,Incorrect,1074,1216,2.3656550000000003,85.9810562133789,True,False,17.0,2.0,-0.24990000000000023,-5.78900146484375,0.8680555555555556,Incorrect
Strategy 2: Fixed 135 deg with Circular Pre/Post-Roll Buffers,rep_834edc610f0edab7bf,vid_aa01d8740a74fd7d,Right,Incorrect,1216,1380,2.732178000000001,89.93326568603516,True,False,28.0,-17.0,-0.749689,0.0,0.725609756097561,Incorrect
Strategy 2: Fixed 135 deg with Circular Pre/Post-Roll Buffers,rep_cddfc02155f1821b8f,vid_33cbe5f84565bf3d,Left,Incorrect,150,312,2.6988339999999997,87.81593322753906,True,False,11.0,-20.0,-0.5164229999999996,0.0,0.808641975308642,Incorrect
Strategy 2: Fixed 135 deg with Circular Pre/Post-Roll Buffers,rep_ee7d1d18c368991ac9,vid_33cbe5f84565bf3d,Left,Incorrect,312,458,2.4323000000000006,79.06489562988281,True,False,10.0,-14.0,-0.39983400000000113,-14.323455810546875,0.8356164383561644,Incorrect
Strategy 2: Fixed 135 deg with Circular Pre/Post-Roll Buffers,rep_d5d4d4a1e507d6b680,vid_33cbe5f84565bf3d,Left,Incorrect,458,602,2.3989780000000005,77.85338592529297,True,False,0.0,-21.0,-0.34985600000000083,-1.036895751953125,0.8541666666666666,Incorrect
Strategy 2: Fixed 135 deg with Circular Pre/Post-Roll Buffers,rep_022ebf6bb664f09d61,vid_33cbe5f84565bf3d,Left,Incorrect,602,732,2.165744,64.97191619873047,True,False,-1.0,-14.0,-0.21657699999999913,-0.044708251953125,0.8854961832061069,Incorrect
Strategy 2: Fixed 135 deg with Circular Pre/Post-Roll Buffers,rep_1469f4f4fb01f19d72,vid_33cbe5f84565bf3d,Left,Incorrect,732,884,2.5322559999999985,72.45282745361328,True,False,14.0,-15.0,-0.4831329999999969,-0.3241424560546875,0.8092105263157895,Incorrect
Strategy 2: Fixed 135 deg with Circular Pre/Post-Roll Buffers,rep_19561ede8233796b10,vid_33cbe5f84565bf3d,Left,Incorrect,884,1048,2.732166000000001,67.79161071777344,True,False,17.0,-19.0,-0.5997440000000012,-1.753387451171875,0.7804878048780488,Incorrect
Strategy 2: Fixed 135 deg with Circular Pre/Post-Roll Buffers,rep_f4b3097cc669548327,vid_33cbe5f84565bf3d,Left,Incorrect,1048,1192,2.3989779999999996,71.62430572509766,True,False,5.0,-15.0,-0.33318900000000085,-0.3520355224609375,0.8611111111111112,Incorrect
Strategy 2: Fixed 135 deg with Circular Pre/Post-Roll Buffers,rep_e1b6add5088147c3ba,vid_33cbe5f84565bf3d,Left,Incorrect,1192,1376,3.0653560000000013,61.512664794921875,True,False,28.0,-41.0,-1.1495010000000043,-5.3830108642578125,0.625,Incorrect
Strategy 2: Fixed 135 deg with Circular Pre/Post-Roll Buffers,rep_d17ae39eb23db00ffb,vid_33cbe5f84565bf3d,Left,Incorrect,1376,1524,2.4656219999999998,57.59546661376953,True,False,3.0,-19.0,-0.36651099999999914,-4.533966064453125,0.8513513513513513,Incorrect
Strategy 2: Fixed 135 deg with Circular Pre/Post-Roll Buffers,rep_b7b00586fe8bd0f1b6,vid_33cbe5f84565bf3d,Left,Correct,1524,1714,3.1653219999999997,69.32232666015625,True,False,22.0,-42.0,-1.0662219999999998,-7.04150390625,0.6631578947368421,Correct
Strategy 2: Fixed 135 deg with Circular Pre/Post-Roll Buffers,rep_ad33ca17f825154427,vid_33cbe5f84565bf3d,Left,Incorrect,1714,1868,2.565566999999998,67.87073516845703,True,False,12.0,-25.0,-0.6163999999999987,-12.417190551757812,0.7597402597402597,Incorrect
Strategy 2: Fixed 135 deg with Circular Pre/Post-Roll Buffers,rep_44118ed2737a68ce85,vid_33cbe5f84565bf3d,Left,Correct,1868,2042,2.898766000000002,82.07086944580078,True,False,13.0,-21.0,-0.5664319999999989,-6.51361083984375,0.8045977011494253,Correct
Strategy 2: Fixed 135 deg with Circular Pre/Post-Roll Buffers,rep_597f9b9e8bf941e18e,vid_33cbe5f84565bf3d,Left,Incorrect,2042,2208,2.7654890000000023,51.410430908203125,True,False,26.0,-22.0,-0.7996559999999988,-6.0366973876953125,0.7108433734939759,Incorrect
Strategy 2: Fixed 135 deg with Circular Pre/Post-Roll Buffers,rep_adb80c25b2c9d425f3,vid_3e2129fa15608b04,Right,Correct,8,75,2.232911,75.63137817382812,True,False,0.0,8.0,0.26661100000000015,0.477874755859375,0.8933333333333333,Correct
Strategy 2: Fixed 135 deg with Circular Pre/Post-Roll Buffers,rep_554e3ad8208e7b637c,vid_3e2129fa15608b04,Right,Correct,75,171,3.1994000000000002,65.98851013183594,True,True,-35.0,-6.0,0.9665000000000004,5.2061920166015625,0.6870229007633588,Incorrect
Strategy 2: Fixed 135 deg with Circular Pre/Post-Roll Buffers,rep_da2f0010908c6eb032,vid_3e2129fa15608b04,Right,Correct,171,247,2.5328669999999995,75.14218139648438,True,True,-35.0,0.0,1.166455,0.0,0.6846846846846847,Correct
Strategy 2: Fixed 135 deg with Circular Pre/Post-Roll Buffers,rep_0d63cb249dcc0744ef,vid_3e2129fa15608b04,Right,Correct,247,319,2.3995440000000006,73.4324951171875,True,True,-35.0,9.0,1.4663900000000005,1.709686279296875,0.6206896551724138,Incorrect
Strategy 2: Fixed 135 deg with Circular Pre/Post-Roll Buffers,rep_4dfea2f3fd5ac8b257,vid_3e2129fa15608b04,Right,Correct,319,397,2.599511999999999,76.29458618164062,True,True,-35.0,3.0,1.2664320000000018,0.1148834228515625,0.6724137931034483,Correct
Strategy 2: Fixed 135 deg with Circular Pre/Post-Roll Buffers,rep_78a0d12479541b9d88,vid_3e2129fa15608b04,Right,Correct,397,473,2.5328550000000014,69.72894287109375,True,True,-35.0,3.0,1.2664339999999985,6.0352020263671875,0.6666666666666666,Correct
Strategy 2: Fixed 135 deg with Circular Pre/Post-Roll Buffers,rep_b3645da62bbd2d427a,vid_3e2129fa15608b04,Right,Correct,473,540,2.232910999999998,75.17659759521484,True,True,-35.0,5.0,1.3330890000000029,0.2158355712890625,0.6261682242990654,Correct
Strategy 2: Fixed 135 deg with Circular Pre/Post-Roll Buffers,rep_7abe4e1b8bc95b4c35,vid_3e2129fa15608b04,Right,Correct,540,600,1.9996340000000004,70.50637817382812,True,True,-35.0,85.0,3.999244000000001,4.886054992675781,0.3333333333333333,Incorrect
Strategy 2: Fixed 135 deg with Circular Pre/Post-Roll Buffers,rep_6c538cb001cf283488,vid_3e2129fa15608b04,Right,Correct,675,753,2.5995220000000003,73.44422912597656,True,True,-109.0,3.0,3.7326229999999967,0.0,0.4105263157894737,Incorrect
Strategy 2: Fixed 135 deg with Circular Pre/Post-Roll Buffers,rep_86bf49a3e75df22620,vid_3e2129fa15608b04,Right,Correct,753,825,2.399543999999999,72.9620361328125,True,False,-35.0,-69.0,-1.1331220000000002,-2.6581954956054688,0.028037383177570093,Correct
Strategy 2: Fixed 135 deg with Circular Pre/Post-Roll Buffers,rep_4cf117e3f09fd04811,vid_dd4079cefb8f35d3,Left,Correct,2,80,2.5995,85.89940643310547,True,False,0.0,1.0,0.033332999999999835,0.0,0.9873417721518988,Correct
Strategy 2: Fixed 135 deg with Circular Pre/Post-Roll Buffers,rep_000b3a49ed66a26cd4,vid_dd4079cefb8f35d3,Left,Correct,80,159,2.632855,82.37753295898438,True,True,-35.0,2.0,1.2330899999999998,0.988128662109375,0.6810344827586207,Correct
Strategy 2: Fixed 135 deg with Circular Pre/Post-Roll Buffers,rep_f7b25824c180b3b99e,vid_dd4079cefb8f35d3,Left,Correct,159,244,2.8328000000000007,83.5676498413086,True,True,-35.0,-4.0,1.0331439999999992,-1.0710906982421875,0.675,Correct
Strategy 2: Fixed 135 deg with Circular Pre/Post-Roll Buffers,rep_cc4d004af51869c14f,vid_dd4079cefb8f35d3,Left,Correct,244,328,2.799477999999999,88.06177520751953,True,True,-35.0,0.0,1.166455000000001,0.3956146240234375,0.7058823529411765,Correct
Strategy 2: Fixed 135 deg with Circular Pre/Post-Roll Buffers,rep_47c05630bd12f93580,vid_dd4079cefb8f35d3,Left,Correct,328,400,2.3995440000000006,78.2359848022461,True,True,-35.0,99.0,4.465833999999999,5.478187561035156,0.34951456310679613,Incorrect
Strategy 2: Fixed 135 deg with Circular Pre/Post-Roll Buffers,rep_f0c351e2ed0c752d12,vid_dd4079cefb8f35d3,Left,Correct,487,565,2.5995109999999997,79.48004913330078,True,True,-121.0,3.0,4.132567,0.0,0.38613861386138615,Incorrect
Strategy 2: Fixed 135 deg with Circular Pre/Post-Roll Buffers,rep_55f1cf4d132e297fa8,vid_dd4079cefb8f35d3,Left,Correct,565,634,2.2995669999999997,80.68399047851562,True,True,-35.0,8.0,1.4330660000000002,0.2150421142578125,0.6160714285714286,Correct
Strategy 2: Fixed 135 deg with Circular Pre/Post-Roll Buffers,rep_32b7ca8fa017f2f360,vid_dd4079cefb8f35d3,Left,Correct,634,717,2.7661550000000013,80.02501678466797,True,True,-35.0,5.0,1.3330790000000015,0.0,0.6747967479674797,Incorrect
Strategy 2: Fixed 135 deg with Circular Pre/Post-Roll Buffers,rep_64a8bb8f3fdd8ff2de,vid_dd4079cefb8f35d3,Left,Correct,717,787,2.3328999999999986,76.01199340820312,True,True,-35.0,10.0,1.4997110000000013,0.859649658203125,0.6086956521739131,Incorrect
Strategy 2: Fixed 135 deg with Circular Pre/Post-Roll Buffers,rep_a311f440abd3b3b9f6,vid_dd4079cefb8f35d3,Left,Correct,787,867,2.6661670000000015,77.11234283447266,True,True,-35.0,-2.0,1.0997990000000009,1.3257522583007812,0.6782608695652174,Correct
Strategy 2: Fixed 135 deg with Circular Pre/Post-Roll Buffers,rep_709aefa59abbdda681,vid_2f993d44fd54187e,Right,Incorrect,3,105,3.3993659999999997,68.29119110107422,True,False,5.0,3.0,-0.06665499999999946,-1.58563232421875,0.9238095238095239,Correct
Strategy 2: Fixed 135 deg with Circular Pre/Post-Roll Buffers,rep_c76e4661561c2feeb0,vid_2f993d44fd54187e,Right,Incorrect,105,190,2.8328120000000006,65.64797973632812,True,True,-35.0,1.0,1.1997660000000003,0.2195281982421875,0.7024793388429752,Incorrect
Strategy 2: Fixed 135 deg with Circular Pre/Post-Roll Buffers,rep_215b169aee5b06c4cb,vid_2f993d44fd54187e,Right,Incorrect,190,268,2.5995,54.445159912109375,True,True,-35.0,6.0,1.366422,6.272651672363281,0.6554621848739496,Incorrect
Strategy 2: Fixed 135 deg with Circular Pre/Post-Roll Buffers,rep_e1ba0ca673273d816e,vid_2f993d44fd54187e,Right,Incorrect,268,330,2.066288,62.67033386230469,True,False,-35.0,-56.0,-0.6998769999999999,-9.372779846191406,0.061855670103092786,Incorrect
Strategy 2: Fixed 135 deg with Circular Pre/Post-Roll Buffers,rep_ebbc42143c6e49093c,vid_2f993d44fd54187e,Right,Incorrect,371,429,1.9329659999999986,59.300071716308594,True,False,-75.0,5.0,2.6661680000000008,1.340789794921875,0.42028985507246375,Incorrect
Strategy 2: Fixed 135 deg with Circular Pre/Post-Roll Buffers,rep_195e4e5ecad0f53344,vid_2f993d44fd54187e,Right,Incorrect,429,500,2.3662220000000023,51.019737243652344,True,True,-35.0,90.0,4.165899999999997,0.0,0.3622448979591837,Incorrect
Strategy 2: Fixed 135 deg with Circular Pre/Post-Roll Buffers,rep_aa68b93d455532c686,vid_2f993d44fd54187e,Right,Incorrect,580,680,3.3327109999999998,55.44043731689453,True,False,-114.0,-90.0,0.7998560000000001,-15.970901489257812,0.04672897196261682,Incorrect
Strategy 2: Fixed 135 deg with Circular Pre/Post-Roll Buffers,rep_b1d4ed63906ea1bec9,vid_d19791ead4037b9a,Left,Incorrect,13,70,1.8996330000000001,31.116920471191406,False,False,,,,,0.0,Missed
Strategy 2: Fixed 135 deg with Circular Pre/Post-Roll Buffers,rep_a75ff677dcd98eb2fd,vid_d19791ead4037b9a,Left,Incorrect,70,150,2.666178,40.407440185546875,False,False,,,,,0.0,Missed
Strategy 2: Fixed 135 deg with Circular Pre/Post-Roll Buffers,rep_c1831610de7e01f9bd,vid_d19791ead4037b9a,Left,Incorrect,167,230,2.0995999999999997,23.52691650390625,False,False,,,,,0.0,Missed
Strategy 2: Fixed 135 deg with Circular Pre/Post-Roll Buffers,rep_b257c286eaa1bdf653,vid_d19791ead4037b9a,Left,Incorrect,360,450,2.999433,28.07782745361328,False,False,,,,,0.0,Missed
Strategy 2: Fixed 135 deg with Circular Pre/Post-Roll Buffers,rep_e49bed2fd11cb67f4e,vid_d19791ead4037b9a,Left,Incorrect,450,520,2.3328889999999998,24.426376342773438,False,False,,,,,0.0,Missed
Strategy 3: Adaptive Extension Baseline with Hysteresis,rep_fb0c2f97d90ea5de5a,vid_0c264aade3d23621,Right,Correct,4,350,5.7642109999999995,57.79998016357422,False,False,,,,,0.0,Missed
Strategy 3: Adaptive Extension Baseline with Hysteresis,rep_02cbaaa878991f7eee,vid_0c264aade3d23621,Left,Correct,372,572,3.3319110000000007,62.01153564453125,True,False,-56.0,-7.0,0.8163229999999997,-0.190093994140625,0.75390625,Correct
Strategy 3: Adaptive Extension Baseline with Hysteresis,rep_3b3a031e67b667bb2f,vid_0c264aade3d23621,Right,Correct,572,832,4.3314889999999995,48.47113800048828,True,True,-35.0,-12.0,0.38315500000000036,0.0,0.8406779661016949,Incorrect
Strategy 3: Adaptive Extension Baseline with Hysteresis,rep_b59965fe88fa0c3f40,vid_0c264aade3d23621,Left,Correct,832,1010,2.9654000000000007,69.94298553466797,True,False,1.0,-1.0,-0.0333110000000012,0.0,0.9887640449438202,Correct
Strategy 3: Adaptive Extension Baseline with Hysteresis,rep_9988a74422e7c505d0,vid_0c264aade3d23621,Right,Correct,1010,1260,4.164887999999998,46.64124298095703,True,False,-35.0,17.0,0.8663120000000006,11.969680786132812,0.8278145695364238,Correct
Strategy 3: Adaptive Extension Baseline with Hysteresis,rep_372c0410acd5099364,vid_0c264aade3d23621,Left,Correct,1265,1480,3.5818119999999993,55.62651062011719,True,True,-39.0,18.0,0.9495880000000021,10.660690307617188,0.7904411764705882,Correct
Strategy 3: Adaptive Extension Baseline with Hysteresis,rep_46b03a163715ea8674,vid_0c264aade3d23621,Right,Correct,1490,1780,4.831278000000001,52.61701202392578,True,True,42.0,-47.0,-1.4827119999999994,-0.2623748779296875,0.6931034482758621,Correct
Strategy 3: Adaptive Extension Baseline with Hysteresis,rep_cea1129ae50e36fb30,vid_0c264aade3d23621,Left,Correct,1810,2004,3.2319449999999996,62.376014709472656,True,False,5.0,26.0,0.3498550000000016,1.3409881591796875,0.8590909090909091,Correct
Strategy 3: Adaptive Extension Baseline with Hysteresis,rep_20614a58d738f0f71c,vid_0c264aade3d23621,Right,Correct,2030,2324,4.897911000000001,46.64794158935547,True,True,-60.0,-87.0,-0.44981100000000396,0.0,0.5847457627118644,Incorrect
Strategy 3: Adaptive Extension Baseline with Hysteresis,rep_e8c1d21c6f2e4707b3,vid_0c264aade3d23621,Left,Correct,2324,2534,3.4985110000000006,65.99900817871094,True,False,-35.0,-1.0,0.5664230000000003,1.7254791259765625,0.8530612244897959,Correct
Strategy 3: Adaptive Extension Baseline with Hysteresis,rep_5c1dd8ed9aa6c8aa69,vid_0c264aade3d23621,Right,Correct,2534,2755,3.6817670000000007,43.3350830078125,False,False,,,,,0.0,Missed
Strategy 3: Adaptive Extension Baseline with Hysteresis,rep_edc2513a7b19ebb4ed,vid_0c264aade3d23621,Left,Correct,2780,3000,3.665111000000003,71.63307189941406,True,True,-59.0,-12.0,0.7829890000000006,0.0,0.7455197132616488,Correct
Strategy 3: Adaptive Extension Baseline with Hysteresis,rep_6be9256acb543f49b8,vid_0c264aade3d23621,Right,Correct,2990,3270,4.664678000000002,42.332740783691406,False,False,,,,,0.0,Missed
Strategy 3: Adaptive Extension Baseline with Hysteresis,rep_1c83a3b866cf4e027c,vid_1ac0cd5b45de866a,Right,Correct,4,330,5.431023,51.11205291748047,False,False,,,,,0.0,Missed
Strategy 3: Adaptive Extension Baseline with Hysteresis,rep_0d7eaf4563fd24294a,vid_1ac0cd5b45de866a,Left,Correct,346,556,3.498499999999999,74.2674331665039,True,True,-50.0,-5.0,0.7496890000000018,0.0,0.7884615384615384,Correct
Strategy 3: Adaptive Extension Baseline with Hysteresis,rep_cff3c2f757be354140,vid_1ac0cd5b45de866a,Right,Incorrect,556,810,4.231545000000001,37.70032501220703,False,False,,,,,0.0,Missed
Strategy 3: Adaptive Extension Baseline with Hysteresis,rep_503633f6745e8f6a45,vid_1ac0cd5b45de866a,Left,Incorrect,820,1070,4.164899999999999,53.462646484375,True,False,-44.0,-193.0,-2.4822889999999997,-11.147384643554688,0.19387755102040816,Incorrect
Strategy 3: Adaptive Extension Baseline with Hysteresis,rep_bb9858d2e8e9c3549c,vid_1ac0cd5b45de866a,Right,Correct,1150,1332,3.032043999999999,46.08067321777344,False,False,,,,,0.0,Missed
Strategy 3: Adaptive Extension Baseline with Hysteresis,rep_9ff0bc77263dfff528,vid_1ac0cd5b45de866a,Right,Correct,1606,1772,2.7654770000000006,65.53998565673828,False,False,,,,,0.0,Missed
Strategy 3: Adaptive Extension Baseline with Hysteresis,rep_35e324ed6452359dd2,vid_1ac0cd5b45de866a,Left,Correct,1772,1944,2.865445000000001,61.80139923095703,True,False,-35.0,-6.0,0.4831320000000012,0.0,0.8019323671497585,Correct
Strategy 3: Adaptive Extension Baseline with Hysteresis,rep_d8ea12c9407f1b8ebe,vid_1ac0cd5b45de866a,Left,Correct,1944,2144,3.331910999999998,62.128562927246094,True,False,22.0,-22.0,-0.7330219999999983,-3.3874359130859375,0.78,Correct
Strategy 3: Adaptive Extension Baseline with Hysteresis,rep_ed4d23c464cf750af7,vid_1ac0cd5b45de866a,Left,Correct,2144,2320,2.9320889999999977,62.16267395019531,True,False,12.0,-1.0,-0.21657799999999838,0.0,0.9261363636363636,Correct
Strategy 3: Adaptive Extension Baseline with Hysteresis,rep_8c17d582de78f254dd,vid_1ac0cd5b45de866a,Right,Incorrect,2320,2396,1.2661220000000029,17.098793029785156,False,False,,,,,0.0,Missed
Strategy 3: Adaptive Extension Baseline with Hysteresis,rep_83f806588a8c338f4b,vid_1ac0cd5b45de866a,Right,Incorrect,2892,2984,1.5326880000000003,30.514999389648438,False,False,,,,,0.0,Missed
Strategy 3: Adaptive Extension Baseline with Hysteresis,rep_ef9e190c4981e28593,vid_1ac0cd5b45de866a,Right,Incorrect,2984,3220,3.9316559999999967,34.50457000732422,False,False,,,,,0.0,Missed
Strategy 3: Adaptive Extension Baseline with Hysteresis,rep_5c39730111cd443d20,vid_1ac0cd5b45de866a,Left,Incorrect,3242,3432,3.165300000000002,49.56865692138672,False,False,,,,,0.0,Missed
Strategy 3: Adaptive Extension Baseline with Hysteresis,rep_b62f14d196952f28be,vid_1334a563691c2170,Right,Correct,6,176,2.832133,78.32747650146484,True,False,7.0,-32.0,-0.6497329999999999,-2.8116607666015625,0.7705882352941177,Correct
Strategy 3: Adaptive Extension Baseline with Hysteresis,rep_ebf0037ac696966f6b,vid_1334a563691c2170,Left,Correct,176,328,2.532244,88.74259948730469,True,False,-4.0,-8.0,-0.0666319999999998,-9.34429931640625,0.9230769230769231,Correct
Strategy 3: Adaptive Extension Baseline with Hysteresis,rep_3937e4fb3928cf8769,vid_1334a563691c2170,Left,Correct,328,496,2.7988110000000006,90.0221176147461,True,False,10.0,-1.0,-0.18325499999999995,-3.076812744140625,0.9345238095238095,Correct
Strategy 3: Adaptive Extension Baseline with Hysteresis,rep_4145f06cb4db15ce3f,vid_1334a563691c2170,Right,Correct,496,640,2.3989779999999996,104.22831726074219,True,False,-5.0,7.0,0.19991100000000195,0.4833984375,0.9230769230769231,Correct
Strategy 3: Adaptive Extension Baseline with Hysteresis,rep_df6be1b0d78003c9ac,vid_1334a563691c2170,Right,Correct,640,800,2.665533999999999,97.66472625732422,True,False,9.0,22.0,0.21656600000000026,0.0,0.8296703296703297,Correct
Strategy 3: Adaptive Extension Baseline with Hysteresis,rep_4791579acae25fe0bd,vid_1334a563691c2170,Left,Correct,780,980,3.331900000000001,91.9024429321289,True,False,35.0,-15.0,-0.8329550000000001,-13.994918823242188,0.75,Correct
Strategy 3: Adaptive Extension Baseline with Hysteresis,rep_ff72086c1823042be9,vid_1334a563691c2170,Right,Correct,980,1160,2.998732999999998,99.35140991210938,True,False,-35.0,7.0,0.6997000000000035,5.3471527099609375,0.8108108108108109,Correct
Strategy 3: Adaptive Extension Baseline with Hysteresis,rep_d348e469e89a781661,vid_1334a563691c2170,Left,Correct,1160,1328,2.7988,92.711181640625,False,False,,,,,0.0,Missed
Strategy 3: Adaptive Extension Baseline with Hysteresis,rep_e8d9e0d9e521cb4474,vid_1334a563691c2170,Left,Correct,1328,1490,2.6988559999999993,84.31739807128906,True,False,4.0,-28.0,-0.5331219999999988,-11.067459106445312,0.8024691358024691,Correct
Strategy 3: Adaptive Extension Baseline with Hysteresis,rep_496c495105f1f840b1,vid_1334a563691c2170,Right,Correct,1508,1650,2.3656560000000013,,False,False,,,,,0.0,Missed
Strategy 3: Adaptive Extension Baseline with Hysteresis,rep_fbee42bcc84ad72a70,vid_1334a563691c2170,Right,Correct,1650,1800,2.4989329999999974,82.7657241821289,True,False,7.0,-6.0,-0.21657699999999735,-0.8766326904296875,0.9133333333333333,Correct
Strategy 3: Adaptive Extension Baseline with Hysteresis,rep_27f29611af9d868d70,vid_1334a563691c2170,Right,Correct,1800,1964,2.732178000000001,100.77892303466797,True,False,18.0,-18.0,-0.5997560000000028,-10.598159790039062,0.7804878048780488,Correct
Strategy 3: Adaptive Extension Baseline with Hysteresis,rep_96581b03de4436e334,vid_769bc27d1c4abfab,Right,Correct,28,216,3.131989,76.52783203125,True,False,10.0,-3.0,-0.21655599999999975,-1.6533355712890625,0.9308510638297872,Correct
Strategy 3: Adaptive Extension Baseline with Hysteresis,rep_f58658b961ff048335,vid_769bc27d1c4abfab,Left,Correct,216,398,3.0320440000000004,79.59202575683594,True,False,18.0,-15.0,-0.5497660000000004,-3.8129730224609375,0.8186813186813187,Correct
Strategy 3: Adaptive Extension Baseline with Hysteresis,rep_0da66c37aeaee10dba,vid_769bc27d1c4abfab,Left,Correct,398,562,2.7321670000000005,93.56515502929688,True,False,10.0,-7.0,-0.28321100000000143,-12.151657104492188,0.8963414634146342,Correct
Strategy 3: Adaptive Extension Baseline with Hysteresis,rep_c4774628dd2fa04641,vid_769bc27d1c4abfab,Right,Correct,562,754,3.198632999999999,95.1409912109375,True,False,8.0,-5.0,-0.21657799999999838,0.0,0.9322916666666666,Correct
Strategy 3: Adaptive Extension Baseline with Hysteresis,rep_15de4676677de916d0,vid_769bc27d1c4abfab,Right,Incorrect,754,914,2.665533,79.85400390625,True,False,-35.0,29.0,1.066222999999999,1.5132293701171875,0.7142857142857143,Incorrect
Strategy 3: Adaptive Extension Baseline with Hysteresis,rep_506fc27703682724ad,vid_769bc27d1c4abfab,Right,Incorrect,914,1104,3.165312,93.09306335449219,True,False,32.0,-10.0,-0.6997,-16.5736083984375,0.7789473684210526,Correct
Strategy 3: Adaptive Extension Baseline with Hysteresis,rep_50437be04b9a9a36ed,vid_769bc27d1c4abfab,Left,Incorrect,1104,1264,2.665533,93.77217102050781,True,False,-2.0,-11.0,-0.14993300000000076,2.922149658203125,0.9197530864197531,Incorrect
Strategy 3: Adaptive Extension Baseline with Hysteresis,rep_a8f87271f827579bc4,vid_769bc27d1c4abfab,Left,Incorrect,1264,1422,2.6322110000000016,71.32793426513672,True,False,-2.0,8.0,0.16659999999999542,1.0530548095703125,0.9404761904761905,Incorrect
Strategy 3: Adaptive Extension Baseline with Hysteresis,rep_3f57d674d3d25f06bc,vid_769bc27d1c4abfab,Left,Correct,1422,1572,2.4989329999999974,90.2385482788086,True,False,-1.0,22.0,0.3831670000000038,0.0,0.8670520231213873,Correct
Strategy 3: Adaptive Extension Baseline with Hysteresis,rep_2a80f26013fc49beb7,vid_769bc27d1c4abfab,Right,Correct,1572,1740,2.7988,96.73076629638672,True,False,12.0,-11.0,-0.38316599999999923,0.0,0.8630952380952381,Correct
Strategy 3: Adaptive Extension Baseline with Hysteresis,rep_830e9ff6471c2e6ac0,vid_769bc27d1c4abfab,Right,Incorrect,1740,1898,2.6322110000000016,60.811866760253906,True,False,4.0,6.0,0.0333219999999983,0.0,0.9390243902439024,Incorrect
Strategy 3: Adaptive Extension Baseline with Hysteresis,rep_d06e09af4456675bf7,vid_769bc27d1c4abfab,Right,Incorrect,1898,2072,2.898778,58.87322235107422,True,False,35.0,10.0,-0.4164999999999992,-1.77520751953125,0.7554347826086957,Incorrect
Strategy 3: Adaptive Extension Baseline with Hysteresis,rep_2073ececf0915178cc,vid_769bc27d1c4abfab,Left,Incorrect,2072,2250,2.965389000000002,63.73335266113281,True,False,12.0,-39.0,-0.8496220000000037,-1.1688690185546875,0.7134831460674157,Correct
Strategy 3: Adaptive Extension Baseline with Hysteresis,rep_b99bfda2386efa860d,vid_769bc27d1c4abfab,Left,Correct,2250,2400,2.498933000000001,77.5048599243164,True,False,-17.0,-39.0,-0.3665110000000027,-0.0392608642578125,0.6646706586826348,Correct
Strategy 3: Adaptive Extension Baseline with Hysteresis,rep_ceb27ce1bfcd40e009,vid_d5dd3c73ecfdd074,Right,Correct,2,86,2.799477,72.96882629394531,True,False,0.0,-8.0,-0.26661100000000015,0.0,0.9047619047619048,Correct
Strategy 3: Adaptive Extension Baseline with Hysteresis,rep_ed49f7e3ae23c14632,vid_d5dd3c73ecfdd074,Left,Correct,86,177,3.0327559999999996,80.0293197631836,True,True,-35.0,-5.0,0.9998109999999998,-1.048004150390625,0.6825396825396826,Correct
Strategy 3: Adaptive Extension Baseline with Hysteresis,rep_25ebac40f9fffdcd03,vid_d5dd3c73ecfdd074,Right,Correct,177,275,3.2660670000000005,69.80219268798828,True,True,-35.0,-15.0,0.6665329999999994,0.0,0.6240601503759399,Correct
Strategy 3: Adaptive Extension Baseline with Hysteresis,rep_f31c86caa9c9a81254,vid_d5dd3c73ecfdd074,Left,Correct,275,369,3.132733,75.26802825927734,True,True,-35.0,-11.0,0.7998670000000008,-0.8290557861328125,0.6434108527131783,Correct
Strategy 3: Adaptive Extension Baseline with Hysteresis,rep_374cd3d66f0b6ae7da,vid_d5dd3c73ecfdd074,Right,Correct,369,466,3.2327329999999996,72.76138305664062,True,True,-35.0,-10.0,0.8331669999999995,0.0,0.6590909090909091,Correct
Strategy 3: Adaptive Extension Baseline with Hysteresis,rep_9145ce2ee0edd05abc,vid_d5dd3c73ecfdd074,Left,Correct,466,556,2.9994449999999997,76.54549407958984,True,True,-35.0,-1.0,1.1331100000000003,0.0,0.712,Incorrect
Strategy 3: Adaptive Extension Baseline with Hysteresis,rep_0842956941b20f23e2,vid_d5dd3c73ecfdd074,Right,Correct,556,655,3.299377,72.77853393554688,True,False,-35.0,-6.0,0.9664900000000003,-1.1840057373046875,0.6940298507462687,Correct
Strategy 3: Adaptive Extension Baseline with Hysteresis,rep_bb77b1ff42cedb3170,vid_d5dd3c73ecfdd074,Left,Correct,655,749,3.132745,78.57931518554688,True,True,-35.0,-4.0,1.033144,0.0,0.6976744186046512,Correct
Strategy 3: Adaptive Extension Baseline with Hysteresis,rep_99a949701e9d3cb359,vid_d5dd3c73ecfdd074,Right,Correct,749,845,3.1994000000000007,77.15081024169922,True,True,-35.0,-8.0,0.8998230000000014,0.0,0.6717557251908397,Correct
Strategy 3: Adaptive Extension Baseline with Hysteresis,rep_3521755f47891373fb,vid_d5dd3c73ecfdd074,Left,Correct,845,942,3.2327329999999996,73.8160400390625,True,True,0.0,-7.0,-0.23329999999999984,0.0,0.9278350515463918,Correct
Strategy 3: Adaptive Extension Baseline with Hysteresis,rep_74b1650c1e192f8b21,vid_d5dd3c73ecfdd074,Right,Correct,942,1028,2.8661220000000007,77.38615417480469,True,True,-35.0,-2.0,1.0998000000000019,0.0,0.6942148760330579,Correct
Strategy 3: Adaptive Extension Baseline with Hysteresis,rep_931a64113a41501185,vid_d5dd3c73ecfdd074,Left,Correct,1028,1116,2.932777999999999,82.0189437866211,True,True,-35.0,-6.0,0.9665000000000035,-2.3401947021484375,0.6666666666666666,Correct
Strategy 3: Adaptive Extension Baseline with Hysteresis,rep_0e7a579eafe33e64d5,vid_e2fbdd20b335321f,Right,Correct,2,90,2.932788,79.73098754882812,True,False,0.0,-6.0,-0.19996599999999987,-2.1400299072265625,0.9318181818181818,Correct
Strategy 3: Adaptive Extension Baseline with Hysteresis,rep_3bd189643926330002,vid_e2fbdd20b335321f,Left,Correct,90,191,3.3660340000000004,84.63256072998047,True,True,-35.0,-10.0,0.8331880000000003,0.0,0.6691176470588235,Correct
Strategy 3: Adaptive Extension Baseline with Hysteresis,rep_a688119e8807169567,vid_e2fbdd20b335321f,Right,Correct,191,287,3.1994,82.91388702392578,True,True,-35.0,-2.0,1.0998,0.0,0.7175572519083969,Correct
Strategy 3: Adaptive Extension Baseline with Hysteresis,rep_e586c2d87bca5883fe,vid_e2fbdd20b335321f,Left,Correct,287,382,3.166065999999999,78.4169921875,True,True,-35.0,-2.0,1.0998010000000011,0.0,0.7153846153846154,Correct
Strategy 3: Adaptive Extension Baseline with Hysteresis,rep_4401202746b68b5331,vid_e2fbdd20b335321f,Right,Incorrect,382,468,2.8661340000000006,71.11182403564453,True,True,-35.0,3.0,1.2664219999999986,0.183441162109375,0.6935483870967742,Correct
Strategy 3: Adaptive Extension Baseline with Hysteresis,rep_44b1272fd8a9d6b943,vid_e2fbdd20b335321f,Left,Incorrect,468,576,3.599322000000001,59.48150634765625,True,False,-35.0,-101.0,-2.1995769999999997,-5.4664306640625,0.04895104895104895,Incorrect
Strategy 3: Adaptive Extension Baseline with Hysteresis,rep_39093c9edb2675b1e2,vid_e2fbdd20b335321f,Right,Incorrect,576,651,2.4995329999999996,39.928382873535156,True,True,-35.0,6.0,1.366411000000003,3.4806747436523438,0.646551724137931,Incorrect
Strategy 3: Adaptive Extension Baseline with Hysteresis,rep_4dc2ae4ad47611b5cf,vid_e2fbdd20b335321f,Left,Incorrect,651,762,3.699300000000001,52.3348388671875,True,False,-35.0,-98.0,-2.0996000000000024,-16.149215698242188,0.08904109589041095,Incorrect
Strategy 3: Adaptive Extension Baseline with Hysteresis,rep_6d5a12d97b49f35b0b,vid_6dbe8779159bce47,Right,Incorrect,56,258,3.365234,40.555519104003906,True,False,0.0,-22.0,-0.36651100000000003,0.0,0.8910891089108911,Incorrect
Strategy 3: Adaptive Extension Baseline with Hysteresis,rep_c39bf43c73a524fc03,vid_6dbe8779159bce47,Left,Correct,258,400,2.3656549999999994,57.80705261230469,True,False,-7.0,-30.0,-0.38316699999999937,-1.7005615234375,0.7516778523489933,Correct
Strategy 3: Adaptive Extension Baseline with Hysteresis,rep_3e2b0d854af171fe50,vid_6dbe8779159bce47,Right,Incorrect,400,534,2.2657000000000007,29.78864288330078,False,False,,,,,0.0,Missed
Strategy 3: Adaptive Extension Baseline with Hysteresis,rep_f70d7f024f22be7f97,vid_6dbe8779159bce47,Left,Correct,534,700,2.7654889999999988,59.045814514160156,True,False,24.0,-22.0,-0.7663449999999994,-1.8531494140625,0.7228915662650602,Correct
Strategy 3: Adaptive Extension Baseline with Hysteresis,rep_cde7ca96475dc38287,vid_6dbe8779159bce47,Right,Incorrect,700,840,2.332345,34.45862579345703,False,False,,,,,0.0,Missed
Strategy 3: Adaptive Extension Baseline with Hysteresis,rep_52ea159192f8fc5a18,vid_6dbe8779159bce47,Left,Incorrect,1632,1796,2.7321670000000005,56.93882751464844,True,False,7.0,-27.0,-0.5664219999999993,-3.79827880859375,0.7926829268292683,Incorrect
Strategy 3: Adaptive Extension Baseline with Hysteresis,rep_ffb088c184f9250a80,vid_6dbe8779159bce47,Left,Incorrect,1796,1948,2.5322560000000003,54.17510223388672,True,False,-4.0,-18.0,-0.23324500000000015,0.1755218505859375,0.8589743589743589,Incorrect
Strategy 3: Adaptive Extension Baseline with Hysteresis,rep_ecc384666d3fc61013,vid_6dbe8779159bce47,Left,Incorrect,1948,2060,1.865865999999997,47.23687744140625,False,False,,,,,0.0,Missed
Strategy 3: Adaptive Extension Baseline with Hysteresis,rep_1f4a610c3defe53722,vid_03222b4845d8ef2c,Left,Incorrect,600,762,2.698856000000001,65.1882095336914,False,False,,,,,0.0,Missed
Strategy 3: Adaptive Extension Baseline with Hysteresis,rep_3175004fbb9db3a0f3,vid_03222b4845d8ef2c,Right,Incorrect,762,912,2.498932999999999,34.381736755371094,False,False,,,,,0.0,Missed
Strategy 3: Adaptive Extension Baseline with Hysteresis,rep_52a2c5c414944694f1,vid_03222b4845d8ef2c,Left,Incorrect,912,1056,2.3989780000000014,80.67830657958984,True,False,-35.0,0.0,0.5830889999999993,0.0,0.8044692737430168,Incorrect
Strategy 3: Adaptive Extension Baseline with Hysteresis,rep_6d548704cfd01f491a,vid_03222b4845d8ef2c,Right,Incorrect,1056,1206,2.498943999999998,34.6033935546875,False,False,,,,,0.0,Missed
Strategy 3: Adaptive Extension Baseline with Hysteresis,rep_ac1e97d62d5c2b56a0,vid_03222b4845d8ef2c,Left,Incorrect,1206,1354,2.465600000000002,66.60511779785156,True,False,-3.0,-27.0,-0.3998120000000007,-1.3519287109375,0.8013245033112583,Incorrect
Strategy 3: Adaptive Extension Baseline with Hysteresis,rep_29323d0780eb56b21d,vid_03222b4845d8ef2c,Right,Incorrect,1354,1492,2.2990229999999983,37.51222229003906,False,False,,,,,0.0,Missed
Strategy 3: Adaptive Extension Baseline with Hysteresis,rep_59893c3e996fee9c34,vid_03222b4845d8ef2c,Left,Incorrect,1492,1600,1.799233000000001,59.928184509277344,True,False,-9.0,178.0,3.115333999999997,9.168212890625,0.36610169491525424,Incorrect
Strategy 3: Adaptive Extension Baseline with Hysteresis,rep_2b168be9071d57530d,vid_03222b4845d8ef2c,Left,Incorrect,1766,1900,2.2323780000000006,69.95743560791016,True,True,-200.0,-5.0,3.248610999999997,0.0,0.38622754491017963,Incorrect
Strategy 3: Adaptive Extension Baseline with Hysteresis,rep_6ccabad19ce4f7ab3f,vid_03222b4845d8ef2c,Left,Incorrect,2050,2200,2.498933000000001,61.90733337402344,True,False,-184.0,-14.0,2.832134,0.0,0.40718562874251496,Incorrect
Strategy 3: Adaptive Extension Baseline with Hysteresis,rep_db11ea7c1113500c85,vid_03222b4845d8ef2c,Right,Incorrect,2200,2350,2.4989339999999984,37.554100036621094,False,False,,,,,0.0,Missed
Strategy 3: Adaptive Extension Baseline with Hysteresis,rep_07b241628c6745b2c2,vid_762b204cd565ac52,Right,Correct,196,464,4.464755,60.240692138671875,True,False,73.0,-32.0,-1.749244000000001,-6.2767791748046875,0.6082089552238806,Correct
Strategy 3: Adaptive Extension Baseline with Hysteresis,rep_45d0e83c2ac0045b55,vid_762b204cd565ac52,Left,Correct,464,600,2.2657,59.15412902832031,True,False,-17.0,-7.0,0.16660000000000075,4.5145416259765625,0.8431372549019608,Correct
Strategy 3: Adaptive Extension Baseline with Hysteresis,rep_74c3a7e79d3520b0b8,vid_762b204cd565ac52,Left,Correct,736,900,2.7321670000000005,62.707763671875,True,False,16.0,-22.0,-0.6330559999999998,-8.857955932617188,0.7682926829268293,Correct
Strategy 3: Adaptive Extension Baseline with Hysteresis,rep_497a451e0b4ab0dff3,vid_762b204cd565ac52,Left,Correct,1040,1150,1.8325560000000003,64.84867858886719,True,False,2.0,0.0,-0.033322999999999325,-8.19854736328125,0.9818181818181818,Correct
Strategy 3: Adaptive Extension Baseline with Hysteresis,rep_210c60fdf8d5448ec9,vid_762b204cd565ac52,Left,Correct,1324,1450,2.0991,69.20266723632812,True,True,-208.0,-14.0,3.231966,0.0,0.33532934131736525,Incorrect
Strategy 3: Adaptive Extension Baseline with Hysteresis,rep_7600ddc1c7518532b0,vid_762b204cd565ac52,Left,Correct,1580,1700,1.9991559999999993,63.40735626220703,True,False,6.0,160.0,2.5655550000000034,-3.28802490234375,0.40714285714285714,Incorrect
Strategy 3: Adaptive Extension Baseline with Hysteresis,rep_2b1b56fcdf686f87e9,vid_762b204cd565ac52,Left,Correct,1858,2000,2.365666000000001,58.57733917236328,True,True,9.0,-12.0,-0.3498550000000016,-3.190277099609375,0.852112676056338,Correct
Strategy 3: Adaptive Extension Baseline with Hysteresis,rep_5fefb43622c2eda5a6,vid_762b204cd565ac52,Left,Correct,2126,2282,2.5989000000000004,65.54315185546875,True,False,12.0,-10.0,-0.36652200000000335,-7.3905487060546875,0.8589743589743589,Correct
Strategy 3: Adaptive Extension Baseline with Hysteresis,rep_3bd69e41cd57266903,vid_762b204cd565ac52,Right,Correct,2282,2426,2.3989779999999996,59.32371520996094,True,False,-35.0,-6.0,0.4831220000000016,-1.703216552734375,0.770949720670391,Correct
Strategy 3: Adaptive Extension Baseline with Hysteresis,rep_d761ba3d8f066eef71,vid_a098f327a26fe877,Right,Correct,14,150,2.265711,60.33916473388672,True,False,0.0,-20.0,-0.33319999999999994,0.0,0.8529411764705882,Correct
Strategy 3: Adaptive Extension Baseline with Hysteresis,rep_2b4256b8b20205abf2,vid_a098f327a26fe877,Right,Correct,280,398,1.965833,65.12336730957031,True,False,-164.0,5.0,2.815467,0.0,0.41114982578397213,Correct
Strategy 3: Adaptive Extension Baseline with Hysteresis,rep_20525de896af3c2e51,vid_a098f327a26fe877,Left,Correct,398,520,2.0324670000000005,61.51835632324219,True,False,17.0,138.0,2.0158109999999994,12.270156860351562,0.40384615384615385,Incorrect
Strategy 3: Adaptive Extension Baseline with Hysteresis,rep_f5ef6c0161f1b2bb87,vid_a098f327a26fe877,Left,Correct,648,800,2.5322559999999985,81.14264678955078,True,True,30.0,122.0,1.532688000000002,-3.7824859619140625,0.44525547445255476,Correct
Strategy 3: Adaptive Extension Baseline with Hysteresis,rep_8cafe422282d959530,vid_a098f327a26fe877,Left,Correct,910,1078,2.7988,78.77212524414062,False,False,,,,,0.0,Missed
Strategy 3: Adaptive Extension Baseline with Hysteresis,rep_9b959c53711117bcab,vid_a098f327a26fe877,Right,Correct,1078,1184,1.7659109999999991,53.51085662841797,True,False,-35.0,126.0,2.6822000000000017,8.0089111328125,0.3970037453183521,Incorrect
Strategy 3: Adaptive Extension Baseline with Hysteresis,rep_2d5fa419c6ca6c569a,vid_a098f327a26fe877,Right,Correct,1300,1464,2.7321670000000005,58.74418640136719,True,True,37.0,19.0,-0.299866999999999,-1.97967529296875,0.6939890710382514,Correct
Strategy 3: Adaptive Extension Baseline with Hysteresis,rep_73da4dbfe62e87e2ac,vid_a098f327a26fe877,Left,Correct,1464,1614,2.4989329999999974,61.267364501953125,True,False,13.0,-16.0,-0.4831109999999974,-3.9234771728515625,0.8066666666666666,Correct
Strategy 3: Adaptive Extension Baseline with Hysteresis,rep_89410eaac0367f3a17,vid_a098f327a26fe877,Right,Correct,1614,1750,2.2657000000000025,54.083534240722656,True,True,-35.0,151.0,3.098665999999998,10.100845336914062,0.422360248447205,Incorrect
Strategy 3: Adaptive Extension Baseline with Hysteresis,rep_a9e0a6a7f11f1efc53,vid_a098f327a26fe877,Right,Correct,1888,2038,2.4989329999999974,66.53166198730469,True,False,-172.0,-137.0,0.583078000000004,-38.85584259033203,0.040372670807453416,Incorrect
Strategy 3: Adaptive Extension Baseline with Hysteresis,rep_b652806afe1fe9072b,vid_a098f327a26fe877,Left,Correct,2038,2222,3.065367000000002,60.64844512939453,True,False,-6.0,-60.0,-0.8996220000000008,0.0,0.6526315789473685,Correct
Strategy 3: Adaptive Extension Baseline with Hysteresis,rep_36e091bfd9c6523606,vid_c63ebda7f39171bc,Right,Correct,18,200,3.0320329999999998,69.59673309326172,True,False,31.0,-17.0,-0.7996439999999994,-10.400192260742188,0.7362637362637363,Correct
Strategy 3: Adaptive Extension Baseline with Hysteresis,rep_946de87b024761fafe,vid_c63ebda7f39171bc,Left,Correct,200,330,2.1657450000000003,61.61109161376953,True,False,6.0,-7.0,-0.21657899999999985,-3.3308563232421875,0.9,Correct
Strategy 3: Adaptive Extension Baseline with Hysteresis,rep_35e3d2cee2f75e3e22,vid_c63ebda7f39171bc,Right,Correct,330,480,2.498933,59.73322296142578,True,False,-35.0,-14.0,0.3498450000000002,-1.397705078125,0.7351351351351352,Correct
Strategy 3: Adaptive Extension Baseline with Hysteresis,rep_2adad38065a30e32ca,vid_c63ebda7f39171bc,Right,Correct,626,770,2.3989779999999996,65.46955108642578,True,False,-180.0,-23.0,2.6155440000000008,0.335174560546875,0.3734567901234568,Correct
Strategy 3: Adaptive Extension Baseline with Hysteresis,rep_ff671892c1724ab31e,vid_c63ebda7f39171bc,Left,Correct,770,880,1.8325440000000004,67.86956787109375,True,False,-8.0,-17.0,-0.14993300000000076,-0.5109100341796875,0.788135593220339,Correct
Strategy 3: Adaptive Extension Baseline with Hysteresis,rep_bd8591da4c0c8237a0,vid_c63ebda7f39171bc,Left,Correct,1000,1150,2.498933000000001,67.6185302734375,True,False,21.0,-18.0,-0.6497330000000012,-3.499176025390625,0.74,Correct
Strategy 3: Adaptive Extension Baseline with Hysteresis,rep_ad037e7a08fb6f68f3,vid_c63ebda7f39171bc,Right,Correct,1150,1284,2.2323780000000006,54.97315979003906,False,False,,,,,0.0,Missed
Strategy 3: Adaptive Extension Baseline with Hysteresis,rep_192fcfc43111194ede,vid_c63ebda7f39171bc,Left,Correct,1284,1420,2.2657109999999996,58.23271179199219,True,False,-35.0,145.0,2.998711,7.8811187744140625,0.43037974683544306,Correct
Strategy 3: Adaptive Extension Baseline with Hysteresis,rep_41d7f4014c8377557d,vid_c63ebda7f39171bc,Left,Correct,1554,1700,2.432299999999998,67.7708969116211,True,True,15.0,-12.0,-0.4498119999999979,-5.3489837646484375,0.815068493150685,Correct
Strategy 3: Adaptive Extension Baseline with Hysteresis,rep_d5a43d3ea2a3e2ae47,vid_c63ebda7f39171bc,Right,Correct,1700,1858,2.632200000000001,53.034568786621094,True,False,-35.0,3.0,0.6330659999999959,0.0,0.8061224489795918,Correct
Strategy 3: Adaptive Extension Baseline with Hysteresis,rep_3a308bcf386c6a7ee0,vid_c63ebda7f39171bc,Left,Correct,1858,2022,2.732166000000003,61.59380340576172,True,False,8.0,-33.0,-0.683043000000005,-2.4300537109375,0.75,Correct
Strategy 3: Adaptive Extension Baseline with Hysteresis,rep_2bca3e223f0ea212b4,vid_c63ebda7f39171bc,Right,Correct,2022,2150,2.1324229999999957,46.22734069824219,False,False,,,,,0.0,Missed
Strategy 3: Adaptive Extension Baseline with Hysteresis,rep_6ba25eaa22a69f22ea,vid_4d1daeb09e2c1b0e,Right,Correct,42,200,2.632211,72.33282470703125,True,False,0.0,-16.0,-0.26654399999999967,0.0,0.8987341772151899,Correct
Strategy 3: Adaptive Extension Baseline with Hysteresis,rep_c47dfb83a60baa7049,vid_4d1daeb09e2c1b0e,Right,Correct,306,472,2.7654890000000005,58.33734130859375,True,True,35.0,7.0,-0.46646700000000063,0.0,0.7572254335260116,Correct
Strategy 3: Adaptive Extension Baseline with Hysteresis,rep_f6ac69e13453320ef3,vid_4d1daeb09e2c1b0e,Left,Correct,472,642,2.832133,64.23577117919922,True,False,27.0,-29.0,-0.932944,-6.2153778076171875,0.6705882352941176,Correct
Strategy 3: Adaptive Extension Baseline with Hysteresis,rep_4fc424027655115822,vid_4d1daeb09e2c1b0e,Right,Correct,642,765,2.049123,55.7459716796875,True,False,-35.0,-11.0,0.39983199999999997,2.9859771728515625,0.7088607594936709,Correct
Strategy 3: Adaptive Extension Baseline with Hysteresis,rep_11a1d40991198961f0,vid_4d1daeb09e2c1b0e,Right,Correct,900,1014,1.8991890000000016,51.54859924316406,True,False,-143.0,7.0,2.498944,0.0,0.4318181818181818,Correct
Strategy 3: Adaptive Extension Baseline with Hysteresis,rep_63276acd130a1a16ce,vid_4d1daeb09e2c1b0e,Left,Correct,1014,1140,2.0991,53.87982177734375,True,False,17.0,-4.0,-0.3498439999999974,-1.0798492431640625,0.8333333333333334,Correct
Strategy 3: Adaptive Extension Baseline with Hysteresis,rep_b2360b4774599f8408,vid_4d1daeb09e2c1b0e,Left,Correct,1308,1434,2.0991,70.13851165771484,True,False,-202.0,-26.0,2.9320890000000013,-0.884918212890625,0.3048780487804878,Incorrect
Strategy 3: Adaptive Extension Baseline with Hysteresis,rep_d8f0afe79b91d46b4e,vid_4d1daeb09e2c1b0e,Right,Correct,1434,1552,1.965833,48.69429016113281,True,False,-9.0,9.0,0.299866999999999,3.78912353515625,0.8676470588235294,Correct
Strategy 3: Adaptive Extension Baseline with Hysteresis,rep_0def6e3c339b9e5a3a,vid_4d1daeb09e2c1b0e,Left,Correct,1552,1700,2.4656229999999972,59.72649383544922,True,False,16.0,142.0,2.0990990000000025,1.7605133056640625,0.45517241379310347,Correct
Strategy 3: Adaptive Extension Baseline with Hysteresis,rep_3b63838c9199bc61e4,vid_4d1daeb09e2c1b0e,Left,Correct,1836,2012,2.9320769999999996,69.41483306884766,True,False,-170.0,-173.0,-0.04996600000000129,-30.454132080078125,0.008670520231213872,Incorrect
Strategy 3: Adaptive Extension Baseline with Hysteresis,rep_02baf361a41927f7e1,vid_a7e0a74bb2cacc23,Left,Incorrect,0,158,2.632211,77.03350830078125,True,False,16.0,-15.0,-0.516445,-0.0507049560546875,0.8037974683544303,Incorrect
Strategy 3: Adaptive Extension Baseline with Hysteresis,rep_443563c8a2fba0febe,vid_a7e0a74bb2cacc23,Right,Incorrect,342,450,1.799233,88.68563842773438,True,True,-187.0,-9.0,2.965400999999999,0.0,0.33559322033898303,Correct
Strategy 3: Adaptive Extension Baseline with Hysteresis,rep_826841f39e9298f126,vid_a7e0a74bb2cacc23,Right,Incorrect,600,770,2.832134,105.333251953125,True,True,9.0,-13.0,-0.3665230000000008,-1.0123138427734375,0.8705882352941177,Incorrect
Strategy 3: Adaptive Extension Baseline with Hysteresis,rep_cd3eab9efb5a4c93d3,vid_a7e0a74bb2cacc23,Right,Incorrect,748,924,2.9320880000000002,108.35894012451172,True,True,40.0,1.0,-0.6497320000000002,-2.2923736572265625,0.768361581920904,Incorrect
Strategy 3: Adaptive Extension Baseline with Hysteresis,rep_3138501c806e115527,vid_a7e0a74bb2cacc23,Right,Incorrect,924,1084,2.6655229999999985,87.3865737915039,True,True,23.0,7.0,-0.26653400000000005,0.0,0.8203592814371258,Incorrect
Strategy 3: Adaptive Extension Baseline with Hysteresis,rep_9b8cb4166cbacaada7,vid_a7e0a74bb2cacc23,Right,Incorrect,1084,1280,3.265277000000001,90.59229278564453,True,True,36.0,-14.0,-0.8329769999999996,0.0,0.7448979591836735,Incorrect
Strategy 3: Adaptive Extension Baseline with Hysteresis,rep_fd1259ada4de072a01,vid_a7e0a74bb2cacc23,Left,Incorrect,1384,1522,2.2990229999999983,73.44063568115234,True,False,-106.0,4.0,1.8325440000000022,0.0,0.5564516129032258,Incorrect
Strategy 3: Adaptive Extension Baseline with Hysteresis,rep_dd74432211f9ffa5e1,vid_a7e0a74bb2cacc23,Left,Incorrect,1522,1658,2.2657000000000025,72.35511016845703,True,False,-35.0,4.0,0.6497109999999999,0.0,0.7771428571428571,Incorrect
Strategy 3: Adaptive Extension Baseline with Hysteresis,rep_91609c5df4bead6c69,vid_a7e0a74bb2cacc23,Left,Incorrect,1658,1814,2.598899999999997,80.06404876708984,True,False,-35.0,0.0,0.5830890000000011,0.0,0.8167539267015707,Incorrect
Strategy 3: Adaptive Extension Baseline with Hysteresis,rep_a37330b43adea50a3e,vid_a7e0a74bb2cacc23,Left,Incorrect,1814,1954,2.3323329999999984,79.86317443847656,True,False,-35.0,2.0,0.6164110000000029,0.67095947265625,0.7909604519774012,Incorrect
Strategy 3: Adaptive Extension Baseline with Hysteresis,rep_4ad73d552251012434,vid_a7e0a74bb2cacc23,Left,Incorrect,1954,2094,2.332344000000006,69.58517456054688,True,False,-35.0,0.0,0.5830889999999975,2.06500244140625,0.8,Incorrect
Strategy 3: Adaptive Extension Baseline with Hysteresis,rep_fa168bf284d8c96c8f,vid_ac42199741c9c0c1,Left,Incorrect,10,120,1.832544,58.499359130859375,True,False,11.0,5.0,-0.09995599999999971,0.0,0.8608695652173913,Incorrect
Strategy 3: Adaptive Extension Baseline with Hysteresis,rep_acba12d05fb8cb1071,vid_ac42199741c9c0c1,Left,Incorrect,120,264,2.3989889999999994,50.28203582763672,True,True,20.0,-7.0,-0.4498219999999993,0.0,0.8125,Incorrect
Strategy 3: Adaptive Extension Baseline with Hysteresis,rep_fa63fb414a09fba399,vid_ac42199741c9c0c1,Left,Incorrect,264,416,2.5322450000000005,47.420738220214844,True,False,23.0,1.0,-0.3665010000000004,0.0,0.8431372549019608,Incorrect
Strategy 3: Adaptive Extension Baseline with Hysteresis,rep_8c2b0e419612f75982,vid_ac42199741c9c0c1,Left,Incorrect,416,592,2.9320779999999997,40.93870544433594,True,True,8.0,-16.0,-0.3998110000000006,0.0,0.8636363636363636,Incorrect
Strategy 3: Adaptive Extension Baseline with Hysteresis,rep_60375464ef15bd70a9,vid_ac42199741c9c0c1,Right,Incorrect,700,850,2.4989220000000003,34.09703063964844,False,False,,,,,0.0,Missed
Strategy 3: Adaptive Extension Baseline with Hysteresis,rep_8e0838c69b44e0e484,vid_ac42199741c9c0c1,Right,Incorrect,844,976,2.199066,26.505157470703125,False,False,,,,,0.0,Missed
Strategy 3: Adaptive Extension Baseline with Hysteresis,rep_a9527922a989ef766d,vid_ac42199741c9c0c1,Right,Incorrect,976,1100,2.065777999999998,38.71678924560547,False,False,,,,,0.0,Missed
Strategy 3: Adaptive Extension Baseline with Hysteresis,rep_7b675a687f7d9e628c,vid_ac42199741c9c0c1,Right,Incorrect,1238,1392,2.565578000000002,36.17973327636719,True,False,-172.0,-6.0,2.765477999999998,1.0719451904296875,0.4539877300613497,Incorrect
Strategy 3: Adaptive Extension Baseline with Hysteresis,rep_88e19ee5be79751d7e,vid_8c19cbd3c181b15a,Left,Correct,8,120,1.865866,74.32585144042969,True,False,0.0,-13.0,-0.21656600000000004,-0.991363525390625,0.8839285714285714,Correct
Strategy 3: Adaptive Extension Baseline with Hysteresis,rep_e0083818482a4934d7,vid_8c19cbd3c181b15a,Left,Correct,246,400,2.5655659999999996,72.39736938476562,True,False,1.0,-16.0,-0.28319899999999976,0.0,0.8896103896103896,Correct
Strategy 3: Adaptive Extension Baseline with Hysteresis,rep_a1e37a6d86f9be1dbb,vid_8c19cbd3c181b15a,Left,Correct,524,640,1.9325109999999999,74.70513916015625,True,False,2.0,10.0,0.13327800000000067,0.0,0.9047619047619048,Correct
Strategy 3: Adaptive Extension Baseline with Hysteresis,rep_051c9c524e3b73459a,vid_8c19cbd3c181b15a,Right,Correct,640,798,2.632211,54.788551330566406,True,False,-35.0,-3.0,0.5330999999999992,0.0,0.8031088082901554,Correct
Strategy 3: Adaptive Extension Baseline with Hysteresis,rep_d70a06a71c2b8e94b3,vid_8c19cbd3c181b15a,Right,Correct,798,960,2.6988450000000004,57.282691955566406,True,False,5.0,-23.0,-0.46646699999999974,0.0,0.8271604938271605,Correct
Strategy 3: Adaptive Extension Baseline with Hysteresis,rep_fd22cdda358387a39d,vid_8c19cbd3c181b15a,Right,Correct,960,1112,2.5322549999999993,55.07029724121094,True,False,13.0,-22.0,-0.5830779999999969,-3.3463287353515625,0.7697368421052632,Correct
Strategy 3: Adaptive Extension Baseline with Hysteresis,rep_7d900f8fa9436f8bcc,vid_8c19cbd3c181b15a,Right,Correct,1112,1220,1.799234000000002,50.12091827392578,True,False,-3.0,-2.0,0.016653999999995506,0.0,0.954954954954955,Correct
Strategy 3: Adaptive Extension Baseline with Hysteresis,rep_8c67fa02a8495509fc,vid_fd3e2ae78827f629,Left,Correct,4,100,1.599323,67.76876068115234,True,True,0.0,172.0,2.865443999999999,6.3231353759765625,0.3582089552238806,Incorrect
Strategy 3: Adaptive Extension Baseline with Hysteresis,rep_82d242d849eeae0237,vid_fd3e2ae78827f629,Left,Correct,240,350,1.8325549999999997,76.53982543945312,True,True,-145.0,138.0,4.7146560000000015,2.335235595703125,0.27989821882951654,Incorrect
Strategy 3: Adaptive Extension Baseline with Hysteresis,rep_010c51d0b4570e895d,vid_fd3e2ae78827f629,Left,Correct,484,616,2.1990560000000006,77.71429443359375,True,False,-168.0,-129.0,0.6497329999999994,-16.239280700683594,0.01,Incorrect
Strategy 3: Adaptive Extension Baseline with Hysteresis,rep_6d4759beadb7cb7930,vid_fd3e2ae78827f629,Right,Correct,616,750,2.232377999999999,57.219329833984375,True,False,18.0,-8.0,-0.43315599999999854,-0.4336395263671875,0.8059701492537313,Correct
Strategy 3: Adaptive Extension Baseline with Hysteresis,rep_725cbf72d2ac96e8be,vid_fd3e2ae78827f629,Right,Correct,860,1002,2.3656559999999995,51.097923278808594,True,True,17.0,-12.0,-0.48312199999999983,0.0,0.795774647887324,Correct
Strategy 3: Adaptive Extension Baseline with Hysteresis,rep_b69516d1c1792753ff,vid_fd3e2ae78827f629,Right,Correct,1002,1140,2.299022000000001,54.530921936035156,True,False,12.0,-12.0,-0.399833000000001,0.0,0.8260869565217391,Correct
Strategy 3: Adaptive Extension Baseline with Hysteresis,rep_c64a4599869d796b40,vid_4a4b044fd46cca10,Left,Correct,18,148,2.165744,74.06702423095703,True,False,3.0,-9.0,-0.19992199999999993,-2.2332000732421875,0.9076923076923077,Correct
Strategy 3: Adaptive Extension Baseline with Hysteresis,rep_dcdc4f2da30a32a6af,vid_4a4b044fd46cca10,Left,Correct,148,326,2.9653889999999996,76.76325988769531,True,False,4.0,-24.0,-0.46646699999999974,-1.160491943359375,0.8426966292134831,Correct
Strategy 3: Adaptive Extension Baseline with Hysteresis,rep_a947b4bae2f945e240,vid_4a4b044fd46cca10,Left,Correct,326,476,2.498933,74.36543273925781,True,False,-1.0,-12.0,-0.18325600000000009,-0.1839447021484375,0.9139072847682119,Correct
Strategy 3: Adaptive Extension Baseline with Hysteresis,rep_e29f489f8bd9080007,vid_4a4b044fd46cca10,Left,Correct,476,620,2.3989889999999994,77.12065887451172,True,False,4.0,145.0,2.3489890000000004,-0.243255615234375,0.4844290657439446,Incorrect
Strategy 3: Adaptive Extension Baseline with Hysteresis,rep_7b14ee7f1080746461,vid_4a4b044fd46cca10,Right,Correct,762,900,2.299021999999999,60.306396484375,True,True,17.0,-13.0,-0.4997889999999998,-1.0403900146484375,0.782608695652174,Correct
Strategy 3: Adaptive Extension Baseline with Hysteresis,rep_e8bb0f69d30c556400,vid_4a4b044fd46cca10,Right,Correct,900,1050,2.498932999999999,58.98072052001953,True,False,6.0,-38.0,-0.7330220000000001,-1.7003631591796875,0.7066666666666667,Correct
Strategy 3: Adaptive Extension Baseline with Hysteresis,rep_c5eb98de0ecf39c224,vid_4a4b044fd46cca10,Right,Correct,1188,1300,1.8658660000000005,57.456939697265625,False,False,,,,,0.0,Missed
Strategy 3: Adaptive Extension Baseline with Hysteresis,rep_ebc5faa71293b08f88,vid_cccf82e3e7e7a94a,Right,Correct,104,336,3.865011,48.96642303466797,False,False,,,,,0.0,Missed
Strategy 3: Adaptive Extension Baseline with Hysteresis,rep_8e15f367084c47cc58,vid_cccf82e3e7e7a94a,Right,Correct,464,758,4.897911,50.97454071044922,True,False,-162.0,-21.0,2.349,0.0,0.5986842105263158,Incorrect
Strategy 3: Adaptive Extension Baseline with Hysteresis,rep_d869da055595c4deef,vid_cccf82e3e7e7a94a,Right,Correct,778,1000,3.6984229999999982,42.91249084472656,False,False,,,,,0.0,Missed
Strategy 3: Adaptive Extension Baseline with Hysteresis,rep_d6c78d6a173b7fff30,vid_cccf82e3e7e7a94a,Right,Correct,1066,1300,3.898333000000001,49.42823028564453,True,False,-100.0,-17.0,1.382755999999997,-1.135528564453125,0.6497005988023952,Correct
Strategy 3: Adaptive Extension Baseline with Hysteresis,rep_9c84c6e808098ddddd,vid_cccf82e3e7e7a94a,Right,Correct,1336,1580,4.064944000000001,49.07532501220703,True,False,-70.0,-6.0,1.066200999999996,2.5856781005859375,0.7579617834394905,Correct
Strategy 3: Adaptive Extension Baseline with Hysteresis,rep_f8dd7411e8827b9d89,vid_cccf82e3e7e7a94a,Right,Correct,1926,2130,3.3985559999999992,47.91027069091797,False,False,,,,,0.0,Missed
Strategy 3: Adaptive Extension Baseline with Hysteresis,rep_167d453a980a90ffb1,vid_cccf82e3e7e7a94a,Right,Correct,2184,2420,3.9316549999999992,51.947052001953125,True,False,-88.0,-12.0,1.2661110000000022,-0.832061767578125,0.691358024691358,Correct
Strategy 3: Adaptive Extension Baseline with Hysteresis,rep_0223c41078f59ba0c7,vid_cccf82e3e7e7a94a,Right,Correct,2450,2640,3.1653230000000008,48.35613250732422,True,False,-43.0,-28.0,0.2498989999999992,2.8961334228515625,0.6952789699570815,Correct
Strategy 3: Adaptive Extension Baseline with Hysteresis,rep_6e23e4f49a60e42831,vid_871bc1a5b112709b,Left,Correct,48,244,3.2652769999999998,63.11292266845703,True,False,0.0,5.0,0.08330000000000037,0.0,0.9751243781094527,Correct
Strategy 3: Adaptive Extension Baseline with Hysteresis,rep_e2c3d0e2d2b5678e36,vid_871bc1a5b112709b,Left,Correct,244,488,4.064934000000001,59.53993225097656,True,False,41.0,7.0,-0.5664230000000003,-1.6151123046875,0.8087649402390438,Correct
Strategy 3: Adaptive Extension Baseline with Hysteresis,rep_d0ff18f99d0f27f12c,vid_871bc1a5b112709b,Left,Correct,488,776,4.797955,62.78021240234375,True,False,43.0,-51.0,-1.5660100000000003,-3.053253173828125,0.6736111111111112,Correct
Strategy 3: Adaptive Extension Baseline with Hysteresis,rep_f90d8c60da13e3f372,vid_871bc1a5b112709b,Left,Correct,776,964,3.131988999999999,58.573585510253906,True,False,-10.0,6.0,0.26655599999999957,0.0,0.9215686274509803,Correct
Strategy 3: Adaptive Extension Baseline with Hysteresis,rep_7a9e2557829a90b7e0,vid_871bc1a5b112709b,Left,Correct,964,1250,4.764645000000002,58.208412170410156,True,False,57.0,-34.0,-1.5160450000000019,-4.870025634765625,0.6818181818181818,Correct
Strategy 3: Adaptive Extension Baseline with Hysteresis,rep_d0b67e69c0399de83d,vid_871bc1a5b112709b,Left,Correct,1280,1468,3.131989000000001,65.23128509521484,True,False,-64.0,1.0,1.082888999999998,0.0,0.7430830039525692,Correct
Strategy 3: Adaptive Extension Baseline with Hysteresis,rep_9210747dded1234c01,vid_871bc1a5b112709b,Left,Correct,1468,1740,4.531399999999998,64.58910369873047,True,False,58.0,19.0,-0.649721999999997,-3.219635009765625,0.7353951890034365,Correct
Strategy 3: Adaptive Extension Baseline with Hysteresis,rep_c3ae4bbb70cbada492,vid_871bc1a5b112709b,Left,Correct,1740,1976,3.931667000000001,63.57733154296875,True,True,48.0,12.0,-0.5997559999999993,-1.8069000244140625,0.7580645161290323,Correct
Strategy 3: Adaptive Extension Baseline with Hysteresis,rep_f3526932ce290edab5,vid_871bc1a5b112709b,Left,Correct,1976,2250,4.564711000000003,65.42412567138672,True,False,50.0,-21.0,-1.1828220000000016,0.0,0.7408759124087592,Correct
Strategy 3: Adaptive Extension Baseline with Hysteresis,rep_d16b4c22ff4fca8332,vid_871bc1a5b112709b,Left,Correct,2278,2428,2.498933000000001,59.5478515625,False,False,,,,,0.0,Missed
Strategy 3: Adaptive Extension Baseline with Hysteresis,rep_2a706f670399059ddc,vid_0c264aade3d23621,Left,Correct,3300,3458,2.632210999999998,62.931732177734375,False,False,,,,,0.0,Missed
Strategy 3: Adaptive Extension Baseline with Hysteresis,rep_d7af2020d057934d50,vid_5ecd6a78f9f6d143,Right,Incorrect,4,280,4.598034,53.12738800048828,False,False,,,,,0.0,Missed
Strategy 3: Adaptive Extension Baseline with Hysteresis,rep_abd2c8c804430edc55,vid_5ecd6a78f9f6d143,Right,Incorrect,280,600,5.331054999999999,41.16278076171875,False,False,,,,,0.0,Missed
Strategy 3: Adaptive Extension Baseline with Hysteresis,rep_9aae73a476f0e1ecb0,vid_5ecd6a78f9f6d143,Right,Incorrect,560,856,4.931222,43.35914611816406,True,False,-35.0,-127.0,-1.532667,-3.4270401000976562,0.5105740181268882,Incorrect
Strategy 3: Adaptive Extension Baseline with Hysteresis,rep_a614111ef20922f016,vid_5ecd6a78f9f6d143,Right,Incorrect,1270,1600,5.497655999999999,38.33307647705078,False,False,,,,,0.0,Missed
Strategy 3: Adaptive Extension Baseline with Hysteresis,rep_c39d5255ec18bcee57,vid_5ecd6a78f9f6d143,Right,Incorrect,1630,1880,4.164888999999999,38.34461212158203,False,False,,,,,0.0,Missed
Strategy 3: Adaptive Extension Baseline with Hysteresis,rep_b5df2f9774dcb2df9c,vid_5ecd6a78f9f6d143,Right,Incorrect,1900,2150,4.164888999999999,37.31422424316406,False,False,,,,,0.0,Missed
Strategy 3: Adaptive Extension Baseline with Hysteresis,rep_723e60d2b4c013afb1,vid_5ecd6a78f9f6d143,Right,Incorrect,2186,2400,3.565133000000003,53.007476806640625,True,True,100.0,74.0,-0.43312200000000445,1.1526870727539062,0.3958333333333333,Incorrect
Strategy 3: Adaptive Extension Baseline with Hysteresis,rep_35b4b0fac466afddb0,vid_5ecd6a78f9f6d143,Right,Incorrect,2470,2700,3.831700000000005,60.10179138183594,True,False,-104.0,-6.0,1.632633999999996,-4.2142181396484375,0.6706586826347305,Incorrect
Strategy 3: Adaptive Extension Baseline with Hysteresis,rep_27863e57422bec0cd1,vid_e61ec8fb945f06ad,Left,Incorrect,100,430,5.497655,59.14595031738281,True,False,0.0,-4.0,-0.06664400000000015,0.0,0.9878787878787879,Incorrect
Strategy 3: Adaptive Extension Baseline with Hysteresis,rep_2f16162b29e51e2f78,vid_e61ec8fb945f06ad,Left,Incorrect,622,898,4.598032999999999,67.97067260742188,True,False,-226.0,-12.0,3.565156,0.0,0.5258964143426295,Incorrect
Strategy 3: Adaptive Extension Baseline with Hysteresis,rep_6d7e4cbc3b8ce62f45,vid_e61ec8fb945f06ad,Left,Incorrect,898,1200,5.031189000000001,60.14830017089844,True,False,3.0,-70.0,-1.2161450000000027,0.0,0.7582781456953642,Incorrect
Strategy 3: Adaptive Extension Baseline with Hysteresis,rep_b1d03d4854933c563f,vid_e61ec8fb945f06ad,Left,Incorrect,1200,1400,3.331910999999998,43.87770080566406,True,False,20.0,-3.0,-0.38316700000000026,-0.2437286376953125,0.885,Incorrect
Strategy 3: Adaptive Extension Baseline with Hysteresis,rep_7501569b908e793d35,vid_e61ec8fb945f06ad,Left,Incorrect,1688,2000,5.197789,66.82950592041016,True,True,-322.0,-24.0,4.964544,0.0,0.45425867507886436,Incorrect
Strategy 3: Adaptive Extension Baseline with Hysteresis,rep_7e51865d23f0a47ccb,vid_e61ec8fb945f06ad,Left,Incorrect,2500,2768,4.464767000000002,62.50141143798828,True,False,-512.0,-6.0,8.429732999999999,2.2057952880859375,0.33589743589743587,Incorrect
Strategy 3: Adaptive Extension Baseline with Hysteresis,rep_66de1799390f52427b,vid_ffec5a0821a6c480,Right,Correct,22,206,3.065356,77.87207794189453,True,False,10.0,-4.0,-0.23323399999999994,-1.569671630859375,0.9239130434782609,Correct
Strategy 3: Adaptive Extension Baseline with Hysteresis,rep_553468c167c3d10264,vid_ffec5a0821a6c480,Right,Correct,206,370,2.7321769999999996,84.06062316894531,True,False,15.0,-1.0,-0.26656599999999964,0.0,0.9024390243902439,Correct
Strategy 3: Adaptive Extension Baseline with Hysteresis,rep_83421d321828b69e6d,vid_ffec5a0821a6c480,Right,Correct,370,562,3.1986230000000004,88.92203521728516,False,False,,,,,0.0,Missed
Strategy 3: Adaptive Extension Baseline with Hysteresis,rep_5e045c199c05e4d1f5,vid_ffec5a0821a6c480,Right,Correct,562,780,3.6318,85.58522033691406,True,False,31.0,-29.0,-0.9995890000000003,-10.699356079101562,0.7247706422018348,Correct
Strategy 3: Adaptive Extension Baseline with Hysteresis,rep_2a229748fc8b8dea38,vid_ffec5a0821a6c480,Right,Correct,780,938,2.632211,81.46302795410156,True,False,-8.0,4.0,0.19991100000000017,1.1795501708984375,0.9294117647058824,Correct
Strategy 3: Adaptive Extension Baseline with Hysteresis,rep_ce3bc79cff8137bdbc,vid_ffec5a0821a6c480,Right,Correct,938,1146,3.465178,92.22492980957031,True,False,16.0,-18.0,-0.5664109999999987,-10.067901611328125,0.8365384615384616,Correct
Strategy 3: Adaptive Extension Baseline with Hysteresis,rep_911557ec2316444144,vid_ffec5a0821a6c480,Right,Correct,1146,1344,3.2985879999999987,89.24870300292969,True,False,1.0,-24.0,-0.4164880000000011,-7.5231475830078125,0.8737373737373737,Correct
Strategy 3: Adaptive Extension Baseline with Hysteresis,rep_ed5503be0ec8ad904f,vid_ffec5a0821a6c480,Right,Correct,1344,1534,3.1653340000000014,94.31558227539062,True,False,5.0,-26.0,-0.5164560000000016,-3.2939453125,0.8368421052631579,Incorrect
Strategy 3: Adaptive Extension Baseline with Hysteresis,rep_058f4e9eb34097e9af,vid_ffec5a0821a6c480,Right,Correct,1534,1720,3.0986779999999996,79.7106704711914,True,False,1.0,-6.0,-0.11662199999999956,-0.5982666015625,0.9623655913978495,Correct
Strategy 3: Adaptive Extension Baseline with Hysteresis,rep_0950635c9107f00107,vid_ffec5a0821a6c480,Right,Correct,1720,1904,3.0653550000000003,80.80406188964844,True,False,4.0,-15.0,-0.31653299999999973,-1.595306396484375,0.8967391304347826,Correct
Strategy 3: Adaptive Extension Baseline with Hysteresis,rep_e680b771aee91835f2,vid_ffec5a0821a6c480,Right,Correct,1904,2074,2.8321219999999983,77.88021850585938,True,False,-1.0,-15.0,-0.23322199999999782,0.4196624755859375,0.9064327485380117,Correct
Strategy 3: Adaptive Extension Baseline with Hysteresis,rep_abfde45ee3011ded28,vid_ffec5a0821a6c480,Right,Correct,2074,2270,3.265278000000002,76.04534149169922,True,False,15.0,-19.0,-0.5664330000000035,-0.922637939453125,0.826530612244898,Correct
Strategy 3: Adaptive Extension Baseline with Hysteresis,rep_c9d185afbd34a49b2a,vid_ffec5a0821a6c480,Right,Correct,2270,2440,2.8321219999999983,78.6700668334961,True,False,6.0,-7.0,-0.21656699999999773,-0.4739990234375,0.9235294117647059,Correct
Strategy 3: Adaptive Extension Baseline with Hysteresis,rep_e69932267095995434,vid_bbc5006a077ac6b1,Left,Correct,4,166,2.698856,83.46768951416016,True,False,2.0,-12.0,-0.23323400000000039,-5.03692626953125,0.9135802469135802,Correct
Strategy 3: Adaptive Extension Baseline with Hysteresis,rep_dbbca0e9e8f0d1f5a2,vid_bbc5006a077ac6b1,Left,Correct,166,332,2.765489,84.40599060058594,True,False,19.0,9.0,-0.1665890000000001,0.0,0.84,Incorrect
Strategy 3: Adaptive Extension Baseline with Hysteresis,rep_75e0f4a0f4886840c9,vid_bbc5006a077ac6b1,Left,Correct,332,514,3.0320329999999993,83.92337799072266,False,False,,,,,0.0,Missed
Strategy 3: Adaptive Extension Baseline with Hysteresis,rep_84528959491488725c,vid_bbc5006a077ac6b1,Left,Correct,514,696,3.032045,73.45806884765625,True,False,29.0,-9.0,-0.6330670000000005,-1.3760223388671875,0.7912087912087912,Correct
Strategy 3: Adaptive Extension Baseline with Hysteresis,rep_b0b26366e45af54e18,vid_bbc5006a077ac6b1,Left,Correct,696,870,2.898766,76.31904602050781,True,False,26.0,-16.0,-0.6996990000000007,-0.5778350830078125,0.7586206896551724,Correct
Strategy 3: Adaptive Extension Baseline with Hysteresis,rep_eea76f3ce16712ba34,vid_bbc5006a077ac6b1,Left,Correct,1040,1222,3.0320339999999995,82.22076416015625,True,False,11.0,-18.0,-0.48311199999999843,-7.0034332275390625,0.8406593406593407,Correct
Strategy 3: Adaptive Extension Baseline with Hysteresis,rep_6f6457b2c6082aad4b,vid_bbc5006a077ac6b1,Left,Correct,1222,1374,2.5322549999999993,74.64134216308594,True,False,3.0,5.0,0.03332200000000185,-0.5733795166015625,0.9490445859872612,Correct
Strategy 3: Adaptive Extension Baseline with Hysteresis,rep_96e0f2de75f010a545,vid_bbc5006a077ac6b1,Left,Correct,1374,1556,3.032045,93.45993041992188,True,False,35.0,-18.0,-0.8829560000000001,-18.170623779296875,0.7087912087912088,Correct
Strategy 3: Adaptive Extension Baseline with Hysteresis,rep_d4f184058e742c55a8,vid_bbc5006a077ac6b1,Left,Correct,1556,1696,2.3323440000000026,87.40031433105469,False,False,,,,,0.0,Missed
Strategy 3: Adaptive Extension Baseline with Hysteresis,rep_a7b16cdf5f9c7677ca,vid_bbc5006a077ac6b1,Left,Correct,1696,1906,3.4985,81.72892761230469,True,False,29.0,-50.0,-1.3161000000000023,-4.0787811279296875,0.6238095238095238,Correct
Strategy 3: Adaptive Extension Baseline with Hysteresis,rep_aee0a429a21693a253,vid_aa01d8740a74fd7d,Right,Incorrect,14,168,2.565567,67.05715942382812,True,False,7.0,151.0,2.398977,-1.2885894775390625,0.4819672131147541,Incorrect
Strategy 3: Adaptive Extension Baseline with Hysteresis,rep_4a38d28ad2708bf974,vid_aa01d8740a74fd7d,Right,Incorrect,300,458,2.6322,46.190223693847656,True,True,43.0,7.0,-0.5997330000000005,0.0,0.696969696969697,Incorrect
Strategy 3: Adaptive Extension Baseline with Hysteresis,rep_1c63cefc535235092e,vid_aa01d8740a74fd7d,Right,Incorrect,458,644,3.0986780000000005,58.59111022949219,True,False,32.0,-20.0,-0.8662999999999998,0.0,0.7204301075268817,Incorrect
Strategy 3: Adaptive Extension Baseline with Hysteresis,rep_79c5c294b8bda9221b,vid_aa01d8740a74fd7d,Right,Incorrect,644,760,1.9325109999999999,63.06793975830078,True,False,-3.0,13.0,0.2665550000000003,1.5733184814453125,0.8787878787878788,Incorrect
Strategy 3: Adaptive Extension Baseline with Hysteresis,rep_cec13eefff34409cdb,vid_aa01d8740a74fd7d,Right,Incorrect,760,938,2.9654109999999996,71.98680877685547,True,False,35.0,-7.0,-0.699698999999999,-1.007354736328125,0.7640449438202247,Correct
Strategy 3: Adaptive Extension Baseline with Hysteresis,rep_6e34e000e401e92ab6,vid_aa01d8740a74fd7d,Right,Incorrect,938,1074,2.265689,78.12557220458984,True,False,14.0,3.0,-0.1832450000000012,0.0,0.8776978417266187,Incorrect
Strategy 3: Adaptive Extension Baseline with Hysteresis,rep_865eff11a82c98aff9,vid_aa01d8740a74fd7d,Right,Incorrect,1074,1216,2.3656550000000003,85.9810562133789,True,False,4.0,28.0,0.39983399999999847,-5.78900146484375,0.8117647058823529,Incorrect
Strategy 3: Adaptive Extension Baseline with Hysteresis,rep_834edc610f0edab7bf,vid_aa01d8740a74fd7d,Right,Incorrect,1216,1380,2.732178000000001,89.93326568603516,True,False,31.0,-4.0,-0.5830999999999982,0.0,0.7865853658536586,Incorrect
Strategy 3: Adaptive Extension Baseline with Hysteresis,rep_cddfc02155f1821b8f,vid_33cbe5f84565bf3d,Left,Incorrect,150,312,2.6988339999999997,87.81593322753906,True,False,6.0,2.0,-0.06662299999999988,0.0,0.9512195121951219,Incorrect
Strategy 3: Adaptive Extension Baseline with Hysteresis,rep_ee7d1d18c368991ac9,vid_33cbe5f84565bf3d,Left,Incorrect,312,458,2.4323000000000006,79.06489562988281,False,False,,,,,0.0,Missed
Strategy 3: Adaptive Extension Baseline with Hysteresis,rep_d5d4d4a1e507d6b680,vid_33cbe5f84565bf3d,Left,Incorrect,458,602,2.3989780000000005,77.85338592529297,True,False,2.0,-19.0,-0.3498450000000002,-1.036895751953125,0.8541666666666666,Incorrect
Strategy 3: Adaptive Extension Baseline with Hysteresis,rep_022ebf6bb664f09d61,vid_33cbe5f84565bf3d,Left,Incorrect,602,732,2.165744,64.97191619873047,True,False,0.0,-11.0,-0.18325600000000009,-0.044708251953125,0.9153846153846154,Incorrect
Strategy 3: Adaptive Extension Baseline with Hysteresis,rep_1469f4f4fb01f19d72,vid_33cbe5f84565bf3d,Left,Incorrect,732,884,2.5322559999999985,72.45282745361328,True,False,14.0,-1.0,-0.2498889999999978,-0.3241424560546875,0.9013157894736842,Incorrect
Strategy 3: Adaptive Extension Baseline with Hysteresis,rep_19561ede8233796b10,vid_33cbe5f84565bf3d,Left,Incorrect,884,1048,2.732166000000001,67.79161071777344,True,False,13.0,-2.0,-0.2498880000000021,-0.248626708984375,0.9085365853658537,Incorrect
Strategy 3: Adaptive Extension Baseline with Hysteresis,rep_f4b3097cc669548327,vid_33cbe5f84565bf3d,Left,Incorrect,1048,1192,2.3989779999999996,71.62430572509766,True,False,5.0,-3.0,-0.13328900000000132,0.0,0.9444444444444444,Incorrect
Strategy 3: Adaptive Extension Baseline with Hysteresis,rep_e1b6add5088147c3ba,vid_33cbe5f84565bf3d,Left,Incorrect,1192,1376,3.0653560000000013,61.512664794921875,True,False,28.0,-24.0,-0.8663010000000035,-3.3486785888671875,0.717391304347826,Incorrect
Strategy 3: Adaptive Extension Baseline with Hysteresis,rep_d17ae39eb23db00ffb,vid_33cbe5f84565bf3d,Left,Incorrect,1376,1524,2.4656219999999998,57.59546661376953,True,False,1.0,-12.0,-0.2165770000000009,-3.227264404296875,0.9121621621621622,Incorrect
Strategy 3: Adaptive Extension Baseline with Hysteresis,rep_b7b00586fe8bd0f1b6,vid_33cbe5f84565bf3d,Left,Correct,1524,1714,3.1653219999999997,69.32232666015625,True,False,17.0,-24.0,-0.6830439999999989,-3.6925201416015625,0.7842105263157895,Correct
Strategy 3: Adaptive Extension Baseline with Hysteresis,rep_ad33ca17f825154427,vid_33cbe5f84565bf3d,Left,Incorrect,1714,1868,2.565566999999998,67.87073516845703,True,False,11.0,-16.0,-0.44980099999999723,-6.9942626953125,0.8246753246753247,Incorrect
Strategy 3: Adaptive Extension Baseline with Hysteresis,rep_44118ed2737a68ce85,vid_33cbe5f84565bf3d,Left,Correct,1868,2042,2.898766000000002,82.07086944580078,False,False,,,,,0.0,Missed
Strategy 3: Adaptive Extension Baseline with Hysteresis,rep_597f9b9e8bf941e18e,vid_33cbe5f84565bf3d,Left,Incorrect,2042,2208,2.7654890000000023,51.410430908203125,True,False,16.0,-16.0,-0.5331000000000046,-1.7324066162109375,0.8072289156626506,Incorrect
Strategy 3: Adaptive Extension Baseline with Hysteresis,rep_adb80c25b2c9d425f3,vid_3e2129fa15608b04,Right,Correct,8,75,2.232911,75.63137817382812,True,False,0.0,7.0,0.23328900000000008,0.477874755859375,0.9054054054054054,Correct
Strategy 3: Adaptive Extension Baseline with Hysteresis,rep_554e3ad8208e7b637c,vid_3e2129fa15608b04,Right,Correct,75,171,3.1994000000000002,65.98851013183594,True,True,-35.0,-6.0,0.9665000000000004,5.2061920166015625,0.6870229007633588,Incorrect
Strategy 3: Adaptive Extension Baseline with Hysteresis,rep_da2f0010908c6eb032,vid_3e2129fa15608b04,Right,Correct,171,247,2.5328669999999995,75.14218139648438,True,True,-35.0,0.0,1.166455,0.0,0.6846846846846847,Correct
Strategy 3: Adaptive Extension Baseline with Hysteresis,rep_0d63cb249dcc0744ef,vid_3e2129fa15608b04,Right,Correct,247,319,2.3995440000000006,73.4324951171875,True,True,-35.0,8.0,1.4330680000000005,1.709686279296875,0.6260869565217392,Incorrect
Strategy 3: Adaptive Extension Baseline with Hysteresis,rep_4dfea2f3fd5ac8b257,vid_3e2129fa15608b04,Right,Correct,319,397,2.599511999999999,76.29458618164062,True,True,-35.0,3.0,1.2664320000000018,0.1148834228515625,0.6724137931034483,Correct
Strategy 3: Adaptive Extension Baseline with Hysteresis,rep_78a0d12479541b9d88,vid_3e2129fa15608b04,Right,Correct,397,473,2.5328550000000014,69.72894287109375,True,True,-35.0,5.0,1.3330899999999986,6.0352020263671875,0.6551724137931034,Correct
Strategy 3: Adaptive Extension Baseline with Hysteresis,rep_b3645da62bbd2d427a,vid_3e2129fa15608b04,Right,Correct,473,540,2.232910999999998,75.17659759521484,True,True,-35.0,6.0,1.3664110000000012,0.2158355712890625,0.6203703703703703,Correct
Strategy 3: Adaptive Extension Baseline with Hysteresis,rep_7abe4e1b8bc95b4c35,vid_3e2129fa15608b04,Right,Correct,540,600,1.9996340000000004,70.50637817382812,True,True,-35.0,87.0,4.065898999999998,4.886054992675781,0.32967032967032966,Incorrect
Strategy 3: Adaptive Extension Baseline with Hysteresis,rep_6c538cb001cf283488,vid_3e2129fa15608b04,Right,Correct,675,753,2.5995220000000003,73.44422912597656,True,True,-109.0,7.0,3.8659229999999987,0.0,0.4020618556701031,Incorrect
Strategy 3: Adaptive Extension Baseline with Hysteresis,rep_86bf49a3e75df22620,vid_3e2129fa15608b04,Right,Correct,753,825,2.399543999999999,72.9620361328125,True,False,-35.0,-65.0,-0.9998219999999982,-2.6581954956054688,0.06542056074766354,Incorrect
Strategy 3: Adaptive Extension Baseline with Hysteresis,rep_4cf117e3f09fd04811,vid_dd4079cefb8f35d3,Left,Correct,2,80,2.5995,85.89940643310547,True,False,0.0,0.0,0.0,0.0,1.0,Correct
Strategy 3: Adaptive Extension Baseline with Hysteresis,rep_000b3a49ed66a26cd4,vid_dd4079cefb8f35d3,Left,Correct,80,159,2.632855,82.37753295898438,True,True,-35.0,4.0,1.2997449999999997,0.988128662109375,0.6694915254237288,Correct
Strategy 3: Adaptive Extension Baseline with Hysteresis,rep_f7b25824c180b3b99e,vid_dd4079cefb8f35d3,Left,Correct,159,244,2.8328000000000007,83.5676498413086,True,True,-35.0,-5.0,0.9998219999999991,-1.1471405029296875,0.6666666666666666,Correct
Strategy 3: Adaptive Extension Baseline with Hysteresis,rep_cc4d004af51869c14f,vid_dd4079cefb8f35d3,Left,Correct,244,328,2.799477999999999,88.06177520751953,True,True,-35.0,7.0,1.3997440000000019,0.3956146240234375,0.6666666666666666,Correct
Strategy 3: Adaptive Extension Baseline with Hysteresis,rep_47c05630bd12f93580,vid_dd4079cefb8f35d3,Left,Correct,328,400,2.3995440000000006,78.2359848022461,True,True,-35.0,99.0,4.465833999999999,5.478187561035156,0.34951456310679613,Incorrect
Strategy 3: Adaptive Extension Baseline with Hysteresis,rep_f0c351e2ed0c752d12,vid_dd4079cefb8f35d3,Left,Correct,487,565,2.5995109999999997,79.48004913330078,True,True,-121.0,2.0,4.099234000000001,0.0,0.3880597014925373,Incorrect
Strategy 3: Adaptive Extension Baseline with Hysteresis,rep_55f1cf4d132e297fa8,vid_dd4079cefb8f35d3,Left,Correct,565,634,2.2995669999999997,80.68399047851562,True,True,-35.0,7.0,1.3997439999999983,0.2150421142578125,0.6216216216216216,Correct
Strategy 3: Adaptive Extension Baseline with Hysteresis,rep_32b7ca8fa017f2f360,vid_dd4079cefb8f35d3,Left,Correct,634,717,2.7661550000000013,80.02501678466797,True,True,-35.0,5.0,1.3330790000000015,0.0,0.6747967479674797,Correct
Strategy 3: Adaptive Extension Baseline with Hysteresis,rep_64a8bb8f3fdd8ff2de,vid_dd4079cefb8f35d3,Left,Correct,717,787,2.3328999999999986,76.01199340820312,True,True,-35.0,9.0,1.4663889999999995,0.859649658203125,0.6140350877192983,Incorrect
Strategy 3: Adaptive Extension Baseline with Hysteresis,rep_a311f440abd3b3b9f6,vid_dd4079cefb8f35d3,Left,Correct,787,867,2.6661670000000015,77.11234283447266,True,True,-35.0,-2.0,1.0997990000000009,1.3257522583007812,0.6782608695652174,Correct
Strategy 3: Adaptive Extension Baseline with Hysteresis,rep_709aefa59abbdda681,vid_2f993d44fd54187e,Right,Incorrect,3,105,3.3993659999999997,68.29119110107422,True,False,0.0,4.0,0.1333120000000001,0.0,0.9622641509433962,Correct
Strategy 3: Adaptive Extension Baseline with Hysteresis,rep_c76e4661561c2feeb0,vid_2f993d44fd54187e,Right,Incorrect,105,190,2.8328120000000006,65.64797973632812,True,True,-35.0,2.0,1.2330879999999986,0.2195281982421875,0.6967213114754098,Incorrect
Strategy 3: Adaptive Extension Baseline with Hysteresis,rep_215b169aee5b06c4cb,vid_2f993d44fd54187e,Right,Incorrect,190,268,2.5995,54.445159912109375,True,True,-35.0,6.0,1.366422,6.272651672363281,0.6554621848739496,Incorrect
Strategy 3: Adaptive Extension Baseline with Hysteresis,rep_e1ba0ca673273d816e,vid_2f993d44fd54187e,Right,Incorrect,268,330,2.066288,62.67033386230469,True,False,-35.0,-56.0,-0.6998769999999999,-9.372779846191406,0.061855670103092786,Incorrect
Strategy 3: Adaptive Extension Baseline with Hysteresis,rep_ebbc42143c6e49093c,vid_2f993d44fd54187e,Right,Incorrect,371,429,1.9329659999999986,59.300071716308594,True,False,-75.0,8.0,2.7661450000000016,1.340789794921875,0.41134751773049644,Incorrect
Strategy 3: Adaptive Extension Baseline with Hysteresis,rep_195e4e5ecad0f53344,vid_2f993d44fd54187e,Right,Incorrect,429,500,2.3662220000000023,51.019737243652344,True,False,-35.0,-63.0,-0.9331560000000021,-0.8292465209960938,0.07547169811320754,Incorrect
Strategy 3: Adaptive Extension Baseline with Hysteresis,rep_aa68b93d455532c686,vid_2f993d44fd54187e,Right,Incorrect,580,680,3.3327109999999998,55.44043731689453,False,False,,,,,0.0,Missed
Strategy 3: Adaptive Extension Baseline with Hysteresis,rep_b1d4ed63906ea1bec9,vid_d19791ead4037b9a,Left,Incorrect,13,70,1.8996330000000001,31.116920471191406,False,False,,,,,0.0,Missed
Strategy 3: Adaptive Extension Baseline with Hysteresis,rep_a75ff677dcd98eb2fd,vid_d19791ead4037b9a,Left,Incorrect,70,150,2.666178,40.407440185546875,False,False,,,,,0.0,Missed
Strategy 3: Adaptive Extension Baseline with Hysteresis,rep_c1831610de7e01f9bd,vid_d19791ead4037b9a,Left,Incorrect,167,230,2.0995999999999997,23.52691650390625,False,False,,,,,0.0,Missed
Strategy 3: Adaptive Extension Baseline with Hysteresis,rep_b257c286eaa1bdf653,vid_d19791ead4037b9a,Left,Incorrect,360,450,2.999433,28.07782745361328,False,False,,,,,0.0,Missed
Strategy 3: Adaptive Extension Baseline with Hysteresis,rep_e49bed2fd11cb67f4e,vid_d19791ead4037b9a,Left,Incorrect,450,520,2.3328889999999998,24.426376342773438,False,False,,,,,0.0,Missed
Strategy 4: Velocity-Aware & Smoothed Boundary State Machine,rep_fb0c2f97d90ea5de5a,vid_0c264aade3d23621,Right,Correct,4,350,5.7642109999999995,57.79998016357422,True,False,3.0,-46.0,-0.8163330000000002,-0.362762451171875,0.8583815028901735,Correct
Strategy 4: Velocity-Aware & Smoothed Boundary State Machine,rep_02cbaaa878991f7eee,vid_0c264aade3d23621,Left,Correct,372,572,3.3319110000000007,62.01153564453125,True,False,-56.0,-5.0,0.8496339999999991,-0.190093994140625,0.76171875,Correct
Strategy 4: Velocity-Aware & Smoothed Boundary State Machine,rep_3b3a031e67b667bb2f,vid_0c264aade3d23621,Right,Correct,572,832,4.3314889999999995,48.47113800048828,True,True,-35.0,-50.0,-0.24990000000000023,0.0,0.711864406779661,Incorrect
Strategy 4: Velocity-Aware & Smoothed Boundary State Machine,rep_b59965fe88fa0c3f40,vid_0c264aade3d23621,Left,Correct,832,1010,2.9654000000000007,69.94298553466797,True,False,-7.0,3.0,0.16661099999999962,0.0,0.9468085106382979,Correct
Strategy 4: Velocity-Aware & Smoothed Boundary State Machine,rep_9988a74422e7c505d0,vid_0c264aade3d23621,Right,Correct,1010,1260,4.164887999999998,46.64124298095703,True,True,-29.0,-18.0,0.18326800000000176,0.0,0.8315412186379928,Correct
Strategy 4: Velocity-Aware & Smoothed Boundary State Machine,rep_372c0410acd5099364,vid_0c264aade3d23621,Left,Correct,1265,1480,3.5818119999999993,55.62651062011719,True,True,-39.0,19.0,0.9662439999999997,10.660690307617188,0.7875457875457875,Correct
Strategy 4: Velocity-Aware & Smoothed Boundary State Machine,rep_46b03a163715ea8674,vid_0c264aade3d23621,Right,Correct,1490,1780,4.831278000000001,52.61701202392578,True,True,32.0,-45.0,-1.282790000000002,-0.2623748779296875,0.7344827586206897,Correct
Strategy 4: Velocity-Aware & Smoothed Boundary State Machine,rep_cea1129ae50e36fb30,vid_0c264aade3d23621,Left,Correct,1810,2004,3.2319449999999996,62.376014709472656,True,False,-64.0,28.0,1.5326880000000003,1.60498046875,0.6783216783216783,Correct
Strategy 4: Velocity-Aware & Smoothed Boundary State Machine,rep_20614a58d738f0f71c,vid_0c264aade3d23621,Right,Correct,2030,2324,4.897911000000001,46.64794158935547,True,True,-56.0,-15.0,0.6830439999999953,0.0,0.7971428571428572,Incorrect
Strategy 4: Velocity-Aware & Smoothed Boundary State Machine,rep_e8c1d21c6f2e4707b3,vid_0c264aade3d23621,Left,Correct,2324,2534,3.4985110000000006,65.99900817871094,True,False,5.0,-11.0,-0.26655500000000387,-1.5307769775390625,0.9238095238095239,Correct
Strategy 4: Velocity-Aware & Smoothed Boundary State Machine,rep_5c1dd8ed9aa6c8aa69,vid_0c264aade3d23621,Right,Correct,2534,2755,3.6817670000000007,43.3350830078125,True,False,-35.0,-15.0,0.33319999999999794,0.0,0.8046875,Incorrect
Strategy 4: Velocity-Aware & Smoothed Boundary State Machine,rep_edc2513a7b19ebb4ed,vid_0c264aade3d23621,Left,Correct,2780,3000,3.665111000000003,71.63307189941406,True,False,-25.0,-9.0,0.2665449999999936,0.0,0.8612244897959184,Correct
Strategy 4: Velocity-Aware & Smoothed Boundary State Machine,rep_6be9256acb543f49b8,vid_0c264aade3d23621,Right,Correct,2990,3270,4.664678000000002,42.332740783691406,True,False,-21.0,-47.0,-0.43314399999999864,0.0,0.7740863787375415,Correct
Strategy 4: Velocity-Aware & Smoothed Boundary State Machine,rep_1c83a3b866cf4e027c,vid_1ac0cd5b45de866a,Right,Correct,4,330,5.431023,51.11205291748047,True,False,0.0,-50.0,-0.8329779999999998,0.0,0.8466257668711656,Correct
Strategy 4: Velocity-Aware & Smoothed Boundary State Machine,rep_0d7eaf4563fd24294a,vid_1ac0cd5b45de866a,Left,Correct,346,556,3.498499999999999,74.2674331665039,True,True,-50.0,-6.0,0.7330340000000017,0.0,0.7846153846153846,Correct
Strategy 4: Velocity-Aware & Smoothed Boundary State Machine,rep_cff3c2f757be354140,vid_1ac0cd5b45de866a,Right,Incorrect,556,810,4.231545000000001,37.70032501220703,False,False,,,,,0.0,Missed
Strategy 4: Velocity-Aware & Smoothed Boundary State Machine,rep_503633f6745e8f6a45,vid_1ac0cd5b45de866a,Left,Incorrect,820,1070,4.164899999999999,53.462646484375,True,True,-44.0,-12.0,0.5330999999999992,0.0,0.8095238095238095,Incorrect
Strategy 4: Velocity-Aware & Smoothed Boundary State Machine,rep_bb9858d2e8e9c3549c,vid_1ac0cd5b45de866a,Right,Correct,1150,1332,3.032043999999999,46.08067321777344,True,False,-114.0,-27.0,1.4493779999999994,0.0,0.5236486486486487,Incorrect
Strategy 4: Velocity-Aware & Smoothed Boundary State Machine,rep_9ff0bc77263dfff528,vid_1ac0cd5b45de866a,Right,Correct,1606,1772,2.7654770000000006,65.53998565673828,False,False,,,,,0.0,Missed
Strategy 4: Velocity-Aware & Smoothed Boundary State Machine,rep_35e324ed6452359dd2,vid_1ac0cd5b45de866a,Left,Correct,1772,1944,2.865445000000001,61.80139923095703,True,False,-35.0,-6.0,0.4831320000000012,0.0,0.8019323671497585,Correct
Strategy 4: Velocity-Aware & Smoothed Boundary State Machine,rep_d8ea12c9407f1b8ebe,vid_1ac0cd5b45de866a,Left,Correct,1944,2144,3.331910999999998,62.128562927246094,True,False,18.0,-22.0,-0.6663780000000017,-3.3874359130859375,0.8,Correct
Strategy 4: Velocity-Aware & Smoothed Boundary State Machine,rep_ed4d23c464cf750af7,vid_1ac0cd5b45de866a,Left,Correct,2144,2320,2.9320889999999977,62.16267395019531,True,False,8.0,0.0,-0.13327799999999712,0.0,0.9545454545454546,Correct
Strategy 4: Velocity-Aware & Smoothed Boundary State Machine,rep_8c17d582de78f254dd,vid_1ac0cd5b45de866a,Right,Incorrect,2320,2396,1.2661220000000029,17.098793029785156,False,False,,,,,0.0,Missed
Strategy 4: Velocity-Aware & Smoothed Boundary State Machine,rep_83f806588a8c338f4b,vid_1ac0cd5b45de866a,Right,Incorrect,2892,2984,1.5326880000000003,30.514999389648438,False,False,,,,,0.0,Missed
Strategy 4: Velocity-Aware & Smoothed Boundary State Machine,rep_ef9e190c4981e28593,vid_1ac0cd5b45de866a,Right,Incorrect,2984,3220,3.9316559999999967,34.50457000732422,False,False,,,,,0.0,Missed
Strategy 4: Velocity-Aware & Smoothed Boundary State Machine,rep_5c39730111cd443d20,vid_1ac0cd5b45de866a,Left,Incorrect,3242,3432,3.165300000000002,49.56865692138672,False,False,,,,,0.0,Missed
Strategy 4: Velocity-Aware & Smoothed Boundary State Machine,rep_b62f14d196952f28be,vid_1334a563691c2170,Right,Correct,6,176,2.832133,78.32747650146484,True,False,5.0,-32.0,-0.6164109999999998,-2.8116607666015625,0.7823529411764706,Correct
Strategy 4: Velocity-Aware & Smoothed Boundary State Machine,rep_ebf0037ac696966f6b,vid_1334a563691c2170,Left,Correct,176,328,2.532244,88.74259948730469,True,False,-1.0,-14.0,-0.21656600000000026,-11.024215698242188,0.9019607843137255,Correct
Strategy 4: Velocity-Aware & Smoothed Boundary State Machine,rep_3937e4fb3928cf8769,vid_1334a563691c2170,Left,Correct,328,496,2.7988110000000006,90.0221176147461,True,False,20.0,-23.0,-0.7163660000000007,-6.760650634765625,0.7440476190476191,Correct
Strategy 4: Velocity-Aware & Smoothed Boundary State Machine,rep_4145f06cb4db15ce3f,vid_1334a563691c2170,Right,Correct,496,640,2.3989779999999996,104.22831726074219,True,False,1.0,-11.0,-0.19991100000000017,0.0,0.9166666666666666,Correct
Strategy 4: Velocity-Aware & Smoothed Boundary State Machine,rep_df6be1b0d78003c9ac,vid_1334a563691c2170,Right,Correct,640,800,2.665533999999999,97.66472625732422,True,False,18.0,-12.0,-0.49978999999999907,0.0,0.8125,Correct
Strategy 4: Velocity-Aware & Smoothed Boundary State Machine,rep_4791579acae25fe0bd,vid_1334a563691c2170,Left,Correct,780,980,3.331900000000001,91.9024429321289,True,False,45.0,-31.0,-1.2661110000000004,-16.19451904296875,0.62,Correct
Strategy 4: Velocity-Aware & Smoothed Boundary State Machine,rep_ff72086c1823042be9,vid_1334a563691c2170,Right,Correct,980,1160,2.998732999999998,99.35140991210938,True,False,-3.0,-40.0,-0.6164109999999994,-5.0802459716796875,0.7650273224043715,Correct
Strategy 4: Velocity-Aware & Smoothed Boundary State Machine,rep_d348e469e89a781661,vid_1334a563691c2170,Left,Correct,1160,1328,2.7988,92.711181640625,True,False,22.0,-31.0,-0.882944000000002,-11.28546142578125,0.6845238095238095,Correct
Strategy 4: Velocity-Aware & Smoothed Boundary State Machine,rep_e8d9e0d9e521cb4474,vid_1334a563691c2170,Left,Correct,1328,1490,2.6988559999999993,84.31739807128906,True,False,3.0,-35.0,-0.6330779999999976,-12.490188598632812,0.7654320987654321,Correct
Strategy 4: Velocity-Aware & Smoothed Boundary State Machine,rep_496c495105f1f840b1,vid_1334a563691c2170,Right,Correct,1508,1650,2.3656560000000013,,False,False,,,,,0.0,Missed
Strategy 4: Velocity-Aware & Smoothed Boundary State Machine,rep_fbee42bcc84ad72a70,vid_1334a563691c2170,Right,Correct,1650,1800,2.4989329999999974,82.7657241821289,True,False,10.0,-15.0,-0.41648899999999855,-1.867706298828125,0.8333333333333334,Correct
Strategy 4: Velocity-Aware & Smoothed Boundary State Machine,rep_27f29611af9d868d70,vid_1334a563691c2170,Right,Correct,1800,1964,2.732178000000001,100.77892303466797,True,False,21.0,-23.0,-0.7330340000000035,-10.598159790039062,0.7317073170731707,Correct
Strategy 4: Velocity-Aware & Smoothed Boundary State Machine,rep_96581b03de4436e334,vid_769bc27d1c4abfab,Right,Correct,28,216,3.131989,76.52783203125,True,False,9.0,-14.0,-0.38315600000000005,-2.1998291015625,0.8776595744680851,Correct
Strategy 4: Velocity-Aware & Smoothed Boundary State Machine,rep_f58658b961ff048335,vid_769bc27d1c4abfab,Left,Correct,216,398,3.0320440000000004,79.59202575683594,True,False,15.0,-15.0,-0.49978900000000026,-3.8129730224609375,0.8351648351648352,Correct
Strategy 4: Velocity-Aware & Smoothed Boundary State Machine,rep_0da66c37aeaee10dba,vid_769bc27d1c4abfab,Left,Correct,398,562,2.7321670000000005,93.56515502929688,True,False,8.0,-12.0,-0.33318899999999996,-14.90771484375,0.8780487804878049,Correct
Strategy 4: Velocity-Aware & Smoothed Boundary State Machine,rep_c4774628dd2fa04641,vid_769bc27d1c4abfab,Right,Correct,562,754,3.198632999999999,95.1409912109375,True,False,8.0,-15.0,-0.3831669999999985,0.0,0.8802083333333334,Correct
Strategy 4: Velocity-Aware & Smoothed Boundary State Machine,rep_15de4676677de916d0,vid_769bc27d1c4abfab,Right,Incorrect,754,914,2.665533,79.85400390625,True,False,8.0,-1.0,-0.14994399999999963,-4.379364013671875,0.94375,Correct
Strategy 4: Velocity-Aware & Smoothed Boundary State Machine,rep_506fc27703682724ad,vid_769bc27d1c4abfab,Right,Incorrect,914,1104,3.165312,93.09306335449219,True,False,30.0,-15.0,-0.7496779999999994,-16.5736083984375,0.7631578947368421,Correct
Strategy 4: Velocity-Aware & Smoothed Boundary State Machine,rep_50437be04b9a9a36ed,vid_769bc27d1c4abfab,Left,Incorrect,1104,1264,2.665533,93.77217102050781,True,False,5.0,-17.0,-0.3665110000000027,0.0,0.8625,Incorrect
Strategy 4: Velocity-Aware & Smoothed Boundary State Machine,rep_a8f87271f827579bc4,vid_769bc27d1c4abfab,Left,Incorrect,1264,1422,2.6322110000000016,71.32793426513672,True,False,25.0,-22.0,-0.7830000000000013,-14.204864501953125,0.7025316455696202,Incorrect
Strategy 4: Velocity-Aware & Smoothed Boundary State Machine,rep_3f57d674d3d25f06bc,vid_769bc27d1c4abfab,Left,Correct,1422,1572,2.4989329999999974,90.2385482788086,True,False,12.0,-12.0,-0.39982200000000034,-9.040252685546875,0.84,Correct
Strategy 4: Velocity-Aware & Smoothed Boundary State Machine,rep_2a80f26013fc49beb7,vid_769bc27d1c4abfab,Right,Correct,1572,1740,2.7988,96.73076629638672,True,False,25.0,-13.0,-0.6330659999999995,0.0,0.7738095238095238,Correct
Strategy 4: Velocity-Aware & Smoothed Boundary State Machine,rep_830e9ff6471c2e6ac0,vid_769bc27d1c4abfab,Right,Incorrect,1740,1898,2.6322110000000016,60.811866760253906,True,False,7.0,4.0,-0.04997799999999941,-1.8080291748046875,0.9320987654320988,Incorrect
Strategy 4: Velocity-Aware & Smoothed Boundary State Machine,rep_d06e09af4456675bf7,vid_769bc27d1c4abfab,Right,Incorrect,1898,2072,2.898778,58.87322235107422,True,False,37.0,1.0,-0.5997559999999993,-1.77520751953125,0.7828571428571428,Incorrect
Strategy 4: Velocity-Aware & Smoothed Boundary State Machine,rep_2073ececf0915178cc,vid_769bc27d1c4abfab,Left,Incorrect,2072,2250,2.965389000000002,63.73335266113281,True,False,9.0,-42.0,-0.8496230000000011,-3.8935394287109375,0.7134831460674157,Correct
Strategy 4: Velocity-Aware & Smoothed Boundary State Machine,rep_b99bfda2386efa860d,vid_769bc27d1c4abfab,Left,Correct,2250,2400,2.498933000000001,77.5048599243164,True,False,-18.0,-46.0,-0.46646600000000404,-4.6519775390625,0.6190476190476191,Correct
Strategy 4: Velocity-Aware & Smoothed Boundary State Machine,rep_ceb27ce1bfcd40e009,vid_d5dd3c73ecfdd074,Right,Correct,2,86,2.799477,72.96882629394531,True,False,0.0,-7.0,-0.23328900000000008,0.0,0.9166666666666666,Correct
Strategy 4: Velocity-Aware & Smoothed Boundary State Machine,rep_ed49f7e3ae23c14632,vid_d5dd3c73ecfdd074,Left,Correct,86,177,3.0327559999999996,80.0293197631836,True,True,-35.0,-4.0,1.0331440000000005,-1.048004150390625,0.6904761904761905,Correct
Strategy 4: Velocity-Aware & Smoothed Boundary State Machine,rep_25ebac40f9fffdcd03,vid_d5dd3c73ecfdd074,Right,Correct,177,275,3.2660670000000005,69.80219268798828,True,False,-4.0,-14.0,-0.3332890000000015,0.0,0.8235294117647058,Correct
Strategy 4: Velocity-Aware & Smoothed Boundary State Machine,rep_f31c86caa9c9a81254,vid_d5dd3c73ecfdd074,Left,Correct,275,369,3.132733,75.26802825927734,True,True,-35.0,-9.0,0.8665230000000008,0.0,0.6589147286821705,Correct
Strategy 4: Velocity-Aware & Smoothed Boundary State Machine,rep_374cd3d66f0b6ae7da,vid_d5dd3c73ecfdd074,Right,Correct,369,466,3.2327329999999996,72.76138305664062,True,True,-31.0,-11.0,0.6665329999999994,0.0,0.671875,Correct
Strategy 4: Velocity-Aware & Smoothed Boundary State Machine,rep_9145ce2ee0edd05abc,vid_d5dd3c73ecfdd074,Left,Correct,466,556,2.9994449999999997,76.54549407958984,True,True,-35.0,0.0,1.1664440000000003,0.0,0.72,Correct
Strategy 4: Velocity-Aware & Smoothed Boundary State Machine,rep_0842956941b20f23e2,vid_d5dd3c73ecfdd074,Right,Correct,556,655,3.299377,72.77853393554688,True,True,-21.0,-5.0,0.5332340000000002,-1.1840057373046875,0.7833333333333333,Correct
Strategy 4: Velocity-Aware & Smoothed Boundary State Machine,rep_bb77b1ff42cedb3170,vid_d5dd3c73ecfdd074,Left,Correct,655,749,3.132745,78.57931518554688,True,True,-35.0,-4.0,1.033144,0.0,0.6976744186046512,Correct
Strategy 4: Velocity-Aware & Smoothed Boundary State Machine,rep_99a949701e9d3cb359,vid_d5dd3c73ecfdd074,Right,Correct,749,845,3.1994000000000007,77.15081024169922,True,True,-25.0,-7.0,0.599889000000001,0.0,0.7355371900826446,Correct
Strategy 4: Velocity-Aware & Smoothed Boundary State Machine,rep_3521755f47891373fb,vid_d5dd3c73ecfdd074,Left,Correct,845,942,3.2327329999999996,73.8160400390625,True,False,-4.0,-6.0,-0.0666550000000008,0.0,0.900990099009901,Correct
Strategy 4: Velocity-Aware & Smoothed Boundary State Machine,rep_74b1650c1e192f8b21,vid_d5dd3c73ecfdd074,Right,Correct,942,1028,2.8661220000000007,77.38615417480469,True,True,-27.0,-1.0,0.8665219999999998,0.0,0.7522123893805309,Correct
Strategy 4: Velocity-Aware & Smoothed Boundary State Machine,rep_931a64113a41501185,vid_d5dd3c73ecfdd074,Left,Correct,1028,1116,2.932777999999999,82.0189437866211,True,True,-32.0,-6.0,0.8665110000000027,-2.3401947021484375,0.6833333333333333,Correct
Strategy 4: Velocity-Aware & Smoothed Boundary State Machine,rep_0e7a579eafe33e64d5,vid_e2fbdd20b335321f,Right,Correct,2,90,2.932788,79.73098754882812,True,False,0.0,-5.0,-0.1666439999999998,-2.1400299072265625,0.9431818181818182,Correct
Strategy 4: Velocity-Aware & Smoothed Boundary State Machine,rep_3bd189643926330002,vid_e2fbdd20b335321f,Left,Correct,90,191,3.3660340000000004,84.63256072998047,True,True,-35.0,-9.0,0.8665100000000003,0.0,0.6764705882352942,Correct
Strategy 4: Velocity-Aware & Smoothed Boundary State Machine,rep_a688119e8807169567,vid_e2fbdd20b335321f,Right,Correct,191,287,3.1994,82.91388702392578,True,False,-2.0,-1.0,0.033322000000000074,0.0,0.9693877551020408,Correct
Strategy 4: Velocity-Aware & Smoothed Boundary State Machine,rep_e586c2d87bca5883fe,vid_e2fbdd20b335321f,Left,Correct,287,382,3.166065999999999,78.4169921875,True,True,-35.0,-1.0,1.1331340000000019,0.0,0.7230769230769231,Correct
Strategy 4: Velocity-Aware & Smoothed Boundary State Machine,rep_4401202746b68b5331,vid_e2fbdd20b335321f,Right,Incorrect,382,468,2.8661340000000006,71.11182403564453,True,True,-35.0,4.0,1.2997549999999993,0.183441162109375,0.688,Correct
Strategy 4: Velocity-Aware & Smoothed Boundary State Machine,rep_44b1272fd8a9d6b943,vid_e2fbdd20b335321f,Left,Incorrect,468,576,3.599322000000001,59.48150634765625,True,True,-35.0,-1.0,1.1331339999999983,0.0,0.7482517482517482,Incorrect
Strategy 4: Velocity-Aware & Smoothed Boundary State Machine,rep_39093c9edb2675b1e2,vid_e2fbdd20b335321f,Right,Incorrect,576,651,2.4995329999999996,39.928382873535156,True,False,-12.0,0.0,0.3999220000000001,2.222198486328125,0.8620689655172413,Incorrect
Strategy 4: Velocity-Aware & Smoothed Boundary State Machine,rep_4dc2ae4ad47611b5cf,vid_e2fbdd20b335321f,Left,Incorrect,651,762,3.699300000000001,52.3348388671875,True,False,-35.0,-98.0,-2.0996000000000024,-16.149215698242188,0.08904109589041095,Incorrect
Strategy 4: Velocity-Aware & Smoothed Boundary State Machine,rep_6d5a12d97b49f35b0b,vid_6dbe8779159bce47,Right,Incorrect,56,258,3.365234,40.555519104003906,True,False,0.0,-29.0,-0.48313399999999973,0.0,0.8564356435643564,Incorrect
Strategy 4: Velocity-Aware & Smoothed Boundary State Machine,rep_c39bf43c73a524fc03,vid_6dbe8779159bce47,Left,Correct,258,400,2.3656549999999994,57.80705261230469,True,False,-12.0,-27.0,-0.24988899999999958,-1.7005615234375,0.7467532467532467,Correct
Strategy 4: Velocity-Aware & Smoothed Boundary State Machine,rep_3e2b0d854af171fe50,vid_6dbe8779159bce47,Right,Incorrect,400,534,2.2657000000000007,29.78864288330078,True,False,-35.0,24.0,0.9829119999999998,3.802520751953125,0.694300518134715,Incorrect
Strategy 4: Velocity-Aware & Smoothed Boundary State Machine,rep_f70d7f024f22be7f97,vid_6dbe8779159bce47,Left,Correct,534,700,2.7654889999999988,59.045814514160156,True,False,18.0,-26.0,-0.7330219999999983,-1.8531494140625,0.7349397590361446,Correct
Strategy 4: Velocity-Aware & Smoothed Boundary State Machine,rep_cde7ca96475dc38287,vid_6dbe8779159bce47,Right,Incorrect,700,840,2.332345,34.45862579345703,False,False,,,,,0.0,Missed
Strategy 4: Velocity-Aware & Smoothed Boundary State Machine,rep_52ea159192f8fc5a18,vid_6dbe8779159bce47,Left,Incorrect,1632,1796,2.7321670000000005,56.93882751464844,True,False,0.0,-25.0,-0.4164890000000021,-3.79827880859375,0.8475609756097561,Incorrect
Strategy 4: Velocity-Aware & Smoothed Boundary State Machine,rep_ffb088c184f9250a80,vid_6dbe8779159bce47,Left,Incorrect,1796,1948,2.5322560000000003,54.17510223388672,True,False,-7.0,-21.0,-0.23323400000000305,0.2924652099609375,0.8238993710691824,Incorrect
Strategy 4: Velocity-Aware & Smoothed Boundary State Machine,rep_ecc384666d3fc61013,vid_6dbe8779159bce47,Left,Incorrect,1948,2060,1.865865999999997,47.23687744140625,False,False,,,,,0.0,Missed
Strategy 4: Velocity-Aware & Smoothed Boundary State Machine,rep_1f4a610c3defe53722,vid_03222b4845d8ef2c,Left,Incorrect,600,762,2.698856000000001,65.1882095336914,True,False,10.0,-7.0,-0.2832220000000021,-4.302276611328125,0.8950617283950617,Incorrect
Strategy 4: Velocity-Aware & Smoothed Boundary State Machine,rep_3175004fbb9db3a0f3,vid_03222b4845d8ef2c,Right,Incorrect,762,912,2.498932999999999,34.381736755371094,False,False,,,,,0.0,Missed
Strategy 4: Velocity-Aware & Smoothed Boundary State Machine,rep_52a2c5c414944694f1,vid_03222b4845d8ef2c,Left,Incorrect,912,1056,2.3989780000000014,80.67830657958984,True,False,-35.0,0.0,0.5830889999999993,0.0,0.8044692737430168,Incorrect
Strategy 4: Velocity-Aware & Smoothed Boundary State Machine,rep_6d548704cfd01f491a,vid_03222b4845d8ef2c,Right,Incorrect,1056,1206,2.498943999999998,34.6033935546875,False,False,,,,,0.0,Missed
Strategy 4: Velocity-Aware & Smoothed Boundary State Machine,rep_ac1e97d62d5c2b56a0,vid_03222b4845d8ef2c,Left,Incorrect,1206,1354,2.465600000000002,66.60511779785156,True,False,-35.0,-24.0,0.1832659999999997,0.0,0.6775956284153005,Incorrect
Strategy 4: Velocity-Aware & Smoothed Boundary State Machine,rep_29323d0780eb56b21d,vid_03222b4845d8ef2c,Right,Incorrect,1354,1492,2.2990229999999983,37.51222229003906,False,False,,,,,0.0,Missed
Strategy 4: Velocity-Aware & Smoothed Boundary State Machine,rep_59893c3e996fee9c34,vid_03222b4845d8ef2c,Left,Incorrect,1492,1600,1.799233000000001,59.928184509277344,True,False,-30.0,178.0,3.4651889999999987,9.168212890625,0.34177215189873417,Incorrect
Strategy 4: Velocity-Aware & Smoothed Boundary State Machine,rep_2b168be9071d57530d,vid_03222b4845d8ef2c,Left,Incorrect,1766,1900,2.2323780000000006,69.95743560791016,True,True,-200.0,-5.0,3.248610999999997,0.0,0.38622754491017963,Incorrect
Strategy 4: Velocity-Aware & Smoothed Boundary State Machine,rep_6ccabad19ce4f7ab3f,vid_03222b4845d8ef2c,Left,Incorrect,2050,2200,2.498933000000001,61.90733337402344,True,False,-160.0,-16.0,2.3989890000000003,0.0,0.432258064516129,Incorrect
Strategy 4: Velocity-Aware & Smoothed Boundary State Machine,rep_db11ea7c1113500c85,vid_03222b4845d8ef2c,Right,Incorrect,2200,2350,2.4989339999999984,37.554100036621094,False,False,,,,,0.0,Missed
Strategy 4: Velocity-Aware & Smoothed Boundary State Machine,rep_07b241628c6745b2c2,vid_762b204cd565ac52,Right,Correct,196,464,4.464755,60.240692138671875,True,False,69.0,-38.0,-1.7825769999999999,-4.394287109375,0.6007462686567164,Correct
Strategy 4: Velocity-Aware & Smoothed Boundary State Machine,rep_45d0e83c2ac0045b55,vid_762b204cd565ac52,Left,Correct,464,600,2.2657,59.15412902832031,True,False,-20.0,-19.0,0.016656000000000226,4.5145416259765625,0.75,Correct
Strategy 4: Velocity-Aware & Smoothed Boundary State Machine,rep_74c3a7e79d3520b0b8,vid_762b204cd565ac52,Left,Correct,736,900,2.7321670000000005,62.707763671875,True,False,0.0,-19.0,-0.31653299999999973,0.0,0.8841463414634146,Correct
Strategy 4: Velocity-Aware & Smoothed Boundary State Machine,rep_497a451e0b4ab0dff3,vid_762b204cd565ac52,Left,Correct,1040,1150,1.8325560000000003,64.84867858886719,True,False,-174.0,176.0,5.8308550000000015,7.668914794921875,0.2391304347826087,Incorrect
Strategy 4: Velocity-Aware & Smoothed Boundary State Machine,rep_210c60fdf8d5448ec9,vid_762b204cd565ac52,Left,Correct,1324,1450,2.0991,69.20266723632812,True,False,-186.0,-14.0,2.865444,0.0,0.358974358974359,Incorrect
Strategy 4: Velocity-Aware & Smoothed Boundary State Machine,rep_7600ddc1c7518532b0,vid_762b204cd565ac52,Left,Correct,1580,1700,1.9991559999999993,63.40735626220703,True,False,1.0,161.0,2.6655209999999983,-1.592987060546875,0.4234875444839858,Incorrect
Strategy 4: Velocity-Aware & Smoothed Boundary State Machine,rep_2b1b56fcdf686f87e9,vid_762b204cd565ac52,Left,Correct,1858,2000,2.365666000000001,58.57733917236328,True,False,1.0,-9.0,-0.16659899999999794,-0.956207275390625,0.9295774647887324,Correct
Strategy 4: Velocity-Aware & Smoothed Boundary State Machine,rep_5fefb43622c2eda5a6,vid_762b204cd565ac52,Left,Correct,2126,2282,2.5989000000000004,65.54315185546875,True,False,6.0,-7.0,-0.21658899999999903,-6.68902587890625,0.9166666666666666,Correct
Strategy 4: Velocity-Aware & Smoothed Boundary State Machine,rep_3bd69e41cd57266903,vid_762b204cd565ac52,Right,Correct,2282,2426,2.3989779999999996,59.32371520996094,True,False,-17.0,-4.0,0.21657799999999838,-1.364044189453125,0.8695652173913043,Correct
Strategy 4: Velocity-Aware & Smoothed Boundary State Machine,rep_d761ba3d8f066eef71,vid_a098f327a26fe877,Right,Correct,14,150,2.265711,60.33916473388672,True,False,0.0,-22.0,-0.366522,0.0,0.8382352941176471,Correct
Strategy 4: Velocity-Aware & Smoothed Boundary State Machine,rep_2b4256b8b20205abf2,vid_a098f327a26fe877,Right,Correct,280,398,1.965833,65.12336730957031,True,False,-132.0,1.0,2.215712,0.0,0.4701195219123506,Correct
Strategy 4: Velocity-Aware & Smoothed Boundary State Machine,rep_20525de896af3c2e51,vid_a098f327a26fe877,Left,Correct,398,520,2.0324670000000005,61.51835632324219,True,False,12.0,139.0,2.115767,12.270156860351562,0.421455938697318,Incorrect
Strategy 4: Velocity-Aware & Smoothed Boundary State Machine,rep_f5ef6c0161f1b2bb87,vid_a098f327a26fe877,Left,Correct,648,800,2.5322559999999985,81.14264678955078,True,True,28.0,-15.0,-0.7163449999999987,-7.979248046875,0.7171052631578947,Correct
Strategy 4: Velocity-Aware & Smoothed Boundary State Machine,rep_8cafe422282d959530,vid_a098f327a26fe877,Left,Correct,910,1078,2.7988,78.77212524414062,True,True,28.0,-32.0,-0.9995670000000008,-10.672470092773438,0.6428571428571429,Correct
Strategy 4: Velocity-Aware & Smoothed Boundary State Machine,rep_9b959c53711117bcab,vid_a098f327a26fe877,Right,Correct,1078,1184,1.7659109999999991,53.51085662841797,True,False,-14.0,123.0,2.2823670000000043,6.1598358154296875,0.43621399176954734,Incorrect
Strategy 4: Velocity-Aware & Smoothed Boundary State Machine,rep_2d5fa419c6ca6c569a,vid_a098f327a26fe877,Right,Correct,1300,1464,2.7321670000000005,58.74418640136719,True,True,-116.0,10.0,2.0991,0.0,0.5655172413793104,Correct
Strategy 4: Velocity-Aware & Smoothed Boundary State Machine,rep_73da4dbfe62e87e2ac,vid_a098f327a26fe877,Left,Correct,1464,1614,2.4989329999999974,61.267364501953125,True,False,12.0,-17.0,-0.48312199999999805,-3.375762939453125,0.8066666666666666,Correct
Strategy 4: Velocity-Aware & Smoothed Boundary State Machine,rep_89410eaac0367f3a17,vid_a098f327a26fe877,Right,Correct,1614,1750,2.2657000000000025,54.083534240722656,True,False,-21.0,-5.0,0.26655499999999677,0.0,0.8343949044585988,Correct
Strategy 4: Velocity-Aware & Smoothed Boundary State Machine,rep_a9e0a6a7f11f1efc53,vid_a098f327a26fe877,Right,Correct,1888,2038,2.4989329999999974,66.53166198730469,True,False,-158.0,-20.0,2.299023000000002,0.0,0.42207792207792205,Correct
Strategy 4: Velocity-Aware & Smoothed Boundary State Machine,rep_b652806afe1fe9072b,vid_a098f327a26fe877,Left,Correct,2038,2222,3.065367000000002,60.64844512939453,True,False,-11.0,-67.0,-0.9329439999999991,0.0,0.6,Correct
Strategy 4: Velocity-Aware & Smoothed Boundary State Machine,rep_36e091bfd9c6523606,vid_c63ebda7f39171bc,Right,Correct,18,200,3.0320329999999998,69.59673309326172,True,False,27.0,-17.0,-0.7330109999999994,-10.400192260742188,0.7582417582417582,Correct
Strategy 4: Velocity-Aware & Smoothed Boundary State Machine,rep_946de87b024761fafe,vid_c63ebda7f39171bc,Left,Correct,200,330,2.1657450000000003,61.61109161376953,True,False,1.0,-6.0,-0.11661199999999994,-1.108642578125,0.9461538461538461,Correct
Strategy 4: Velocity-Aware & Smoothed Boundary State Machine,rep_35e3d2cee2f75e3e22,vid_c63ebda7f39171bc,Right,Correct,330,480,2.498933,59.73322296142578,True,False,2.0,-13.0,-0.24990000000000023,-0.96600341796875,0.9,Correct
Strategy 4: Velocity-Aware & Smoothed Boundary State Machine,rep_2adad38065a30e32ca,vid_c63ebda7f39171bc,Right,Correct,626,770,2.3989779999999996,65.46955108642578,True,False,-160.0,-23.0,2.282355000000001,0.335174560546875,0.3980263157894737,Correct
Strategy 4: Velocity-Aware & Smoothed Boundary State Machine,rep_ff671892c1724ab31e,vid_c63ebda7f39171bc,Left,Correct,770,880,1.8325440000000004,67.86956787109375,True,False,-16.0,-15.0,0.016666999999999987,0.1917266845703125,0.753968253968254,Correct
Strategy 4: Velocity-Aware & Smoothed Boundary State Machine,rep_bd8591da4c0c8237a0,vid_c63ebda7f39171bc,Left,Correct,1000,1150,2.498933000000001,67.6185302734375,True,False,19.0,-18.0,-0.6164109999999994,-3.499176025390625,0.7533333333333333,Correct
Strategy 4: Velocity-Aware & Smoothed Boundary State Machine,rep_ad037e7a08fb6f68f3,vid_c63ebda7f39171bc,Right,Correct,1150,1284,2.2323780000000006,54.97315979003906,True,False,-13.0,3.0,0.2665559999999978,0.892791748046875,0.8933333333333333,Correct
Strategy 4: Velocity-Aware & Smoothed Boundary State Machine,rep_192fcfc43111194ede,vid_c63ebda7f39171bc,Left,Correct,1284,1420,2.2657109999999996,58.23271179199219,True,False,-35.0,-4.0,0.5164329999999993,0.0,0.7719298245614035,Correct
Strategy 4: Velocity-Aware & Smoothed Boundary State Machine,rep_41d7f4014c8377557d,vid_c63ebda7f39171bc,Left,Correct,1554,1700,2.432299999999998,67.7708969116211,True,False,-166.0,-10.0,2.5989000000000004,0.0,0.4358974358974359,Correct
Strategy 4: Velocity-Aware & Smoothed Boundary State Machine,rep_d5a43d3ea2a3e2ae47,vid_c63ebda7f39171bc,Right,Correct,1700,1858,2.632200000000001,53.034568786621094,True,False,-18.0,-6.0,0.19993300000000147,-1.24249267578125,0.8636363636363636,Correct
Strategy 4: Velocity-Aware & Smoothed Boundary State Machine,rep_3a308bcf386c6a7ee0,vid_c63ebda7f39171bc,Left,Correct,1858,2022,2.732166000000003,61.59380340576172,True,False,-5.0,-30.0,-0.4164999999999992,-1.1087646484375,0.7928994082840237,Correct
Strategy 4: Velocity-Aware & Smoothed Boundary State Machine,rep_2bca3e223f0ea212b4,vid_c63ebda7f39171bc,Right,Correct,2022,2150,2.1324229999999957,46.22734069824219,True,False,-18.0,-2.0,0.26656500000000705,0.9635772705078125,0.863013698630137,Correct
Strategy 4: Velocity-Aware & Smoothed Boundary State Machine,rep_6ba25eaa22a69f22ea,vid_4d1daeb09e2c1b0e,Right,Correct,42,200,2.632211,72.33282470703125,True,True,0.0,-24.0,-0.3998219999999999,0.0,0.8481012658227848,Correct
Strategy 4: Velocity-Aware & Smoothed Boundary State Machine,rep_c47dfb83a60baa7049,vid_4d1daeb09e2c1b0e,Right,Correct,306,472,2.7654890000000005,58.33734130859375,True,True,31.0,7.0,-0.3998230000000005,0.0,0.7803468208092486,Correct
Strategy 4: Velocity-Aware & Smoothed Boundary State Machine,rep_f6ac69e13453320ef3,vid_4d1daeb09e2c1b0e,Left,Correct,472,642,2.832133,64.23577117919922,True,False,22.0,-27.0,-0.8163220000000004,-0.889495849609375,0.711764705882353,Correct
Strategy 4: Velocity-Aware & Smoothed Boundary State Machine,rep_4fc424027655115822,vid_4d1daeb09e2c1b0e,Right,Correct,642,765,2.049123,55.7459716796875,True,False,-15.0,-8.0,0.11662199999999956,2.1132659912109375,0.8333333333333334,Correct
Strategy 4: Velocity-Aware & Smoothed Boundary State Machine,rep_11a1d40991198961f0,vid_4d1daeb09e2c1b0e,Right,Correct,900,1014,1.8991890000000016,51.54859924316406,True,False,-149.0,10.0,2.648877999999998,0.0,0.4175824175824176,Correct
Strategy 4: Velocity-Aware & Smoothed Boundary State Machine,rep_63276acd130a1a16ce,vid_4d1daeb09e2c1b0e,Left,Correct,1014,1140,2.0991,53.87982177734375,True,False,11.0,-3.0,-0.2332339999999995,-1.0798492431640625,0.8888888888888888,Correct
Strategy 4: Velocity-Aware & Smoothed Boundary State Machine,rep_b2360b4774599f8408,vid_4d1daeb09e2c1b0e,Left,Correct,1308,1434,2.0991,70.13851165771484,True,False,-181.0,-24.0,2.6155560000000015,-0.884918212890625,0.3322475570032573,Incorrect
Strategy 4: Velocity-Aware & Smoothed Boundary State Machine,rep_d8f0afe79b91d46b4e,vid_4d1daeb09e2c1b0e,Right,Correct,1434,1552,1.965833,48.69429016113281,True,False,-15.0,11.0,0.4331450000000032,4.2519683837890625,0.8194444444444444,Correct
Strategy 4: Velocity-Aware & Smoothed Boundary State Machine,rep_0def6e3c339b9e5a3a,vid_4d1daeb09e2c1b0e,Left,Correct,1552,1700,2.4656229999999972,59.72649383544922,True,False,15.0,138.0,2.0491110000000035,1.7605133056640625,0.46503496503496505,Correct
Strategy 4: Velocity-Aware & Smoothed Boundary State Machine,rep_3b63838c9199bc61e4,vid_4d1daeb09e2c1b0e,Left,Correct,1836,2012,2.9320769999999996,69.41483306884766,True,True,11.0,-45.0,-0.9329319999999974,0.0,0.6818181818181818,Correct
Strategy 4: Velocity-Aware & Smoothed Boundary State Machine,rep_02baf361a41927f7e1,vid_a7e0a74bb2cacc23,Left,Incorrect,0,158,2.632211,77.03350830078125,True,False,0.0,-15.0,-0.24988900000000003,-0.0507049560546875,0.9050632911392406,Incorrect
Strategy 4: Velocity-Aware & Smoothed Boundary State Machine,rep_443563c8a2fba0febe,vid_a7e0a74bb2cacc23,Right,Incorrect,342,450,1.799233,88.68563842773438,True,True,-218.0,-7.0,3.515166999999999,0.0,0.3098159509202454,Incorrect
Strategy 4: Velocity-Aware & Smoothed Boundary State Machine,rep_826841f39e9298f126,vid_a7e0a74bb2cacc23,Right,Incorrect,600,770,2.832134,105.333251953125,True,True,19.0,-21.0,-0.6663899999999998,-5.31109619140625,0.7647058823529411,Correct
Strategy 4: Velocity-Aware & Smoothed Boundary State Machine,rep_cd3eab9efb5a4c93d3,vid_a7e0a74bb2cacc23,Right,Incorrect,748,924,2.9320880000000002,108.35894012451172,True,True,35.0,2.0,-0.5497760000000014,-2.2923736572265625,0.7921348314606742,Incorrect
Strategy 4: Velocity-Aware & Smoothed Boundary State Machine,rep_3138501c806e115527,vid_a7e0a74bb2cacc23,Right,Incorrect,924,1084,2.6655229999999985,87.3865737915039,True,True,25.0,8.0,-0.28321199999999713,0.0,0.8035714285714286,Incorrect
Strategy 4: Velocity-Aware & Smoothed Boundary State Machine,rep_9b8cb4166cbacaada7,vid_a7e0a74bb2cacc23,Right,Incorrect,1084,1280,3.265277000000001,90.59229278564453,True,True,34.0,-14.0,-0.7996549999999978,0.0,0.7551020408163265,Incorrect
Strategy 4: Velocity-Aware & Smoothed Boundary State Machine,rep_fd1259ada4de072a01,vid_a7e0a74bb2cacc23,Left,Incorrect,1384,1522,2.2990229999999983,73.44063568115234,True,False,-106.0,0.0,1.7659110000000027,0.0,0.5655737704918032,Incorrect
Strategy 4: Velocity-Aware & Smoothed Boundary State Machine,rep_dd74432211f9ffa5e1,vid_a7e0a74bb2cacc23,Left,Incorrect,1522,1658,2.2657000000000025,72.35511016845703,True,False,-35.0,5.0,0.6663779999999981,0.0,0.7727272727272727,Incorrect
Strategy 4: Velocity-Aware & Smoothed Boundary State Machine,rep_91609c5df4bead6c69,vid_a7e0a74bb2cacc23,Left,Incorrect,1658,1814,2.598899999999997,80.06404876708984,True,False,-35.0,0.0,0.5830890000000011,0.0,0.8167539267015707,Incorrect
Strategy 4: Velocity-Aware & Smoothed Boundary State Machine,rep_a37330b43adea50a3e,vid_a7e0a74bb2cacc23,Left,Incorrect,1814,1954,2.3323329999999984,79.86317443847656,True,False,-35.0,3.0,0.6330670000000005,0.67095947265625,0.7865168539325843,Incorrect
Strategy 4: Velocity-Aware & Smoothed Boundary State Machine,rep_4ad73d552251012434,vid_a7e0a74bb2cacc23,Left,Incorrect,1954,2094,2.332344000000006,69.58517456054688,True,False,-35.0,0.0,0.5830889999999975,2.06500244140625,0.8,Incorrect
Strategy 4: Velocity-Aware & Smoothed Boundary State Machine,rep_fa168bf284d8c96c8f,vid_ac42199741c9c0c1,Left,Incorrect,10,120,1.832544,58.499359130859375,True,False,9.0,5.0,-0.06663299999999972,0.0,0.8782608695652174,Incorrect
Strategy 4: Velocity-Aware & Smoothed Boundary State Machine,rep_acba12d05fb8cb1071,vid_ac42199741c9c0c1,Left,Incorrect,120,264,2.3989889999999994,50.28203582763672,True,True,19.0,-6.0,-0.4164999999999992,0.0,0.8263888888888888,Incorrect
Strategy 4: Velocity-Aware & Smoothed Boundary State Machine,rep_fa63fb414a09fba399,vid_ac42199741c9c0c1,Left,Incorrect,264,416,2.5322450000000005,47.420738220214844,True,False,18.0,3.0,-0.24986700000000006,0.0,0.864516129032258,Incorrect
Strategy 4: Velocity-Aware & Smoothed Boundary State Machine,rep_8c2b0e419612f75982,vid_ac42199741c9c0c1,Left,Incorrect,416,592,2.9320779999999997,40.93870544433594,True,False,-35.0,-14.0,0.3498549999999998,0.0,0.7677725118483413,Incorrect
Strategy 4: Velocity-Aware & Smoothed Boundary State Machine,rep_60375464ef15bd70a9,vid_ac42199741c9c0c1,Right,Incorrect,700,850,2.4989220000000003,34.09703063964844,True,False,-142.0,9.0,2.515601,1.754852294921875,0.4983388704318937,Incorrect
Strategy 4: Velocity-Aware & Smoothed Boundary State Machine,rep_8e0838c69b44e0e484,vid_ac42199741c9c0c1,Right,Incorrect,844,976,2.199066,26.505157470703125,True,False,-35.0,-117.0,-1.3660990000000002,3.4663238525390625,0.08982035928143713,Incorrect
Strategy 4: Velocity-Aware & Smoothed Boundary State Machine,rep_a9527922a989ef766d,vid_ac42199741c9c0c1,Right,Incorrect,976,1100,2.065777999999998,38.71678924560547,True,False,-35.0,153.0,3.131999000000002,7.7590789794921875,0.3974358974358974,Incorrect
Strategy 4: Velocity-Aware & Smoothed Boundary State Machine,rep_7b675a687f7d9e628c,vid_ac42199741c9c0c1,Right,Incorrect,1238,1392,2.565578000000002,36.17973327636719,True,True,-172.0,-13.0,2.6488549999999975,0.324462890625,0.4325153374233129,Incorrect
Strategy 4: Velocity-Aware & Smoothed Boundary State Machine,rep_88e19ee5be79751d7e,vid_8c19cbd3c181b15a,Left,Correct,8,120,1.865866,74.32585144042969,True,False,0.0,-12.0,-0.19991099999999995,-0.799285888671875,0.8928571428571429,Correct
Strategy 4: Velocity-Aware & Smoothed Boundary State Machine,rep_e0083818482a4934d7,vid_8c19cbd3c181b15a,Left,Correct,246,400,2.5655659999999996,72.39736938476562,True,False,0.0,-18.0,-0.29986599999999974,0.0,0.8831168831168831,Correct
Strategy 4: Velocity-Aware & Smoothed Boundary State Machine,rep_a1e37a6d86f9be1dbb,vid_8c19cbd3c181b15a,Left,Correct,524,640,1.9325109999999999,74.70513916015625,True,False,2.0,8.0,0.0999560000000006,0.0,0.9193548387096774,Correct
Strategy 4: Velocity-Aware & Smoothed Boundary State Machine,rep_051c9c524e3b73459a,vid_8c19cbd3c181b15a,Right,Correct,640,798,2.632211,54.788551330566406,True,False,-35.0,-13.0,0.36652299999999904,-1.6027679443359375,0.7512953367875648,Correct
Strategy 4: Velocity-Aware & Smoothed Boundary State Machine,rep_d70a06a71c2b8e94b3,vid_8c19cbd3c181b15a,Right,Correct,798,960,2.6988450000000004,57.282691955566406,True,False,-35.0,-20.0,0.24989999999999846,0.09063720703125,0.7208121827411168,Correct
Strategy 4: Velocity-Aware & Smoothed Boundary State Machine,rep_fd22cdda358387a39d,vid_8c19cbd3c181b15a,Right,Correct,960,1112,2.5322549999999993,55.07029724121094,True,False,8.0,-18.0,-0.4331549999999993,-0.237640380859375,0.8289473684210527,Correct
Strategy 4: Velocity-Aware & Smoothed Boundary State Machine,rep_7d900f8fa9436f8bcc,vid_8c19cbd3c181b15a,Right,Correct,1112,1220,1.799234000000002,50.12091827392578,True,False,-6.0,-5.0,0.016655000000000086,0.0,0.9035087719298246,Correct
Strategy 4: Velocity-Aware & Smoothed Boundary State Machine,rep_8c67fa02a8495509fc,vid_fd3e2ae78827f629,Left,Correct,4,100,1.599323,67.76876068115234,True,False,0.0,-5.0,-0.08329999999999993,-1.5623779296875,0.9479166666666666,Correct
Strategy 4: Velocity-Aware & Smoothed Boundary State Machine,rep_82d242d849eeae0237,vid_fd3e2ae78827f629,Left,Correct,240,350,1.8325549999999997,76.53982543945312,True,True,-144.0,136.0,4.664667,2.1517181396484375,0.28205128205128205,Incorrect
Strategy 4: Velocity-Aware & Smoothed Boundary State Machine,rep_010c51d0b4570e895d,vid_fd3e2ae78827f629,Left,Correct,484,616,2.1990560000000006,77.71429443359375,True,True,6.0,10.0,0.06664400000000015,0.0,0.8873239436619719,Correct
Strategy 4: Velocity-Aware & Smoothed Boundary State Machine,rep_6d4759beadb7cb7930,vid_fd3e2ae78827f629,Right,Correct,616,750,2.232377999999999,57.219329833984375,True,False,13.0,-4.0,-0.2832119999999989,-0.4336395263671875,0.8731343283582089,Correct
Strategy 4: Velocity-Aware & Smoothed Boundary State Machine,rep_725cbf72d2ac96e8be,vid_fd3e2ae78827f629,Right,Correct,860,1002,2.3656559999999995,51.097923278808594,True,False,1.0,-9.0,-0.16659000000000113,0.0,0.9295774647887324,Correct
Strategy 4: Velocity-Aware & Smoothed Boundary State Machine,rep_b69516d1c1792753ff,vid_fd3e2ae78827f629,Right,Correct,1002,1140,2.299022000000001,54.530921936035156,True,False,-35.0,-14.0,0.3498449999999984,0.0,0.7167630057803468,Correct
Strategy 4: Velocity-Aware & Smoothed Boundary State Machine,rep_c64a4599869d796b40,vid_4a4b044fd46cca10,Left,Correct,18,148,2.165744,74.06702423095703,True,False,0.0,-8.0,-0.13327800000000023,-1.86041259765625,0.9384615384615385,Correct
Strategy 4: Velocity-Aware & Smoothed Boundary State Machine,rep_dcdc4f2da30a32a6af,vid_4a4b044fd46cca10,Left,Correct,148,326,2.9653889999999996,76.76325988769531,True,False,3.0,-29.0,-0.5330889999999999,-1.045074462890625,0.8202247191011236,Correct
Strategy 4: Velocity-Aware & Smoothed Boundary State Machine,rep_a947b4bae2f945e240,vid_4a4b044fd46cca10,Left,Correct,326,476,2.498933,74.36543273925781,True,False,-2.0,-15.0,-0.21657700000000002,-1.686614990234375,0.8881578947368421,Correct
Strategy 4: Velocity-Aware & Smoothed Boundary State Machine,rep_e29f489f8bd9080007,vid_4a4b044fd46cca10,Left,Correct,476,620,2.3989889999999994,77.12065887451172,True,False,7.0,-1.0,-0.13328899999999866,-1.3586273193359375,0.9444444444444444,Correct
Strategy 4: Velocity-Aware & Smoothed Boundary State Machine,rep_7b14ee7f1080746461,vid_4a4b044fd46cca10,Right,Correct,762,900,2.299021999999999,60.306396484375,True,False,-156.0,-14.0,2.3656559999999995,0.0,0.4217687074829932,Correct
Strategy 4: Velocity-Aware & Smoothed Boundary State Machine,rep_e8bb0f69d30c556400,vid_4a4b044fd46cca10,Right,Correct,900,1050,2.498932999999999,58.98072052001953,True,False,1.0,-36.0,-0.6163999999999987,-1.7003631591796875,0.7533333333333333,Correct
Strategy 4: Velocity-Aware & Smoothed Boundary State Machine,rep_c5eb98de0ecf39c224,vid_4a4b044fd46cca10,Right,Correct,1188,1300,1.8658660000000005,57.456939697265625,True,False,-152.0,-5.0,2.448955999999999,0.9806671142578125,0.4053030303030303,Incorrect
Strategy 4: Velocity-Aware & Smoothed Boundary State Machine,rep_ebc5faa71293b08f88,vid_cccf82e3e7e7a94a,Right,Correct,104,336,3.865011,48.96642303466797,True,False,0.0,134.0,2.2323780000000006,0.0,0.6338797814207651,Incorrect
Strategy 4: Velocity-Aware & Smoothed Boundary State Machine,rep_8e15f367084c47cc58,vid_cccf82e3e7e7a94a,Right,Correct,464,758,4.897911,50.97454071044922,True,True,-162.0,-15.0,2.448956000000001,0.0,0.6118421052631579,Incorrect
Strategy 4: Velocity-Aware & Smoothed Boundary State Machine,rep_d869da055595c4deef,vid_cccf82e3e7e7a94a,Right,Correct,778,1000,3.6984229999999982,42.91249084472656,True,True,-36.0,78.0,1.8991880000000023,7.5228118896484375,0.6607142857142857,Incorrect
Strategy 4: Velocity-Aware & Smoothed Boundary State Machine,rep_d6c78d6a173b7fff30,vid_cccf82e3e7e7a94a,Right,Correct,1066,1300,3.898333000000001,49.42823028564453,True,False,-100.0,-15.0,1.4160779999999988,-0.8916473388671875,0.655688622754491,Correct
Strategy 4: Velocity-Aware & Smoothed Boundary State Machine,rep_9c84c6e808098ddddd,vid_cccf82e3e7e7a94a,Right,Correct,1336,1580,4.064944000000001,49.07532501220703,True,False,-52.0,-5.0,0.7829999999999977,2.5856781005859375,0.8074324324324325,Correct
Strategy 4: Velocity-Aware & Smoothed Boundary State Machine,rep_f8dd7411e8827b9d89,vid_cccf82e3e7e7a94a,Right,Correct,1926,2130,3.3985559999999992,47.91027069091797,False,False,,,,,0.0,Missed
Strategy 4: Velocity-Aware & Smoothed Boundary State Machine,rep_167d453a980a90ffb1,vid_cccf82e3e7e7a94a,Right,Correct,2184,2420,3.9316549999999992,51.947052001953125,True,False,-88.0,-50.0,0.6330450000000027,-3.2865753173828125,0.5740740740740741,Correct
Strategy 4: Velocity-Aware & Smoothed Boundary State Machine,rep_0223c41078f59ba0c7,vid_cccf82e3e7e7a94a,Right,Correct,2450,2640,3.1653230000000008,48.35613250732422,True,False,-48.0,-20.0,0.4664769999999976,2.8961334228515625,0.7142857142857143,Correct
Strategy 4: Velocity-Aware & Smoothed Boundary State Machine,rep_6e23e4f49a60e42831,vid_871bc1a5b112709b,Left,Correct,48,244,3.2652769999999998,63.11292266845703,True,False,0.0,6.0,0.09995599999999971,0.0,0.9702970297029703,Correct
Strategy 4: Velocity-Aware & Smoothed Boundary State Machine,rep_e2c3d0e2d2b5678e36,vid_871bc1a5b112709b,Left,Correct,244,488,4.064934000000001,59.53993225097656,True,False,32.0,7.0,-0.41648900000000033,-0.7737579345703125,0.8446215139442231,Correct
Strategy 4: Velocity-Aware & Smoothed Boundary State Machine,rep_d0ff18f99d0f27f12c,vid_871bc1a5b112709b,Left,Correct,488,776,4.797955,62.78021240234375,True,False,35.0,-48.0,-1.3827549999999995,-3.053253173828125,0.7118055555555556,Correct
Strategy 4: Velocity-Aware & Smoothed Boundary State Machine,rep_f90d8c60da13e3f372,vid_871bc1a5b112709b,Left,Correct,776,964,3.131988999999999,58.573585510253906,True,False,-30.0,7.0,0.6164110000000012,2.3509063720703125,0.8355555555555556,Correct
Strategy 4: Velocity-Aware & Smoothed Boundary State Machine,rep_7a9e2557829a90b7e0,vid_871bc1a5b112709b,Left,Correct,964,1250,4.764645000000002,58.208412170410156,True,False,35.0,-31.0,-1.0995450000000027,-2.062469482421875,0.7692307692307693,Correct
Strategy 4: Velocity-Aware & Smoothed Boundary State Machine,rep_d0b67e69c0399de83d,vid_871bc1a5b112709b,Left,Correct,1280,1468,3.131989000000001,65.23128509521484,True,False,-46.0,3.0,0.8163219999999995,0.0,0.7932489451476793,Correct
Strategy 4: Velocity-Aware & Smoothed Boundary State Machine,rep_9210747dded1234c01,vid_871bc1a5b112709b,Left,Correct,1468,1740,4.531399999999998,64.58910369873047,True,False,55.0,17.0,-0.6330549999999988,-4.4123992919921875,0.7508650519031141,Correct
Strategy 4: Velocity-Aware & Smoothed Boundary State Machine,rep_c3ae4bbb70cbada492,vid_871bc1a5b112709b,Left,Correct,1740,1976,3.931667000000001,63.57733154296875,True,True,44.0,12.0,-0.5331120000000027,-1.8069000244140625,0.7741935483870968,Correct
Strategy 4: Velocity-Aware & Smoothed Boundary State Machine,rep_f3526932ce290edab5,vid_871bc1a5b112709b,Left,Correct,1976,2250,4.564711000000003,65.42412567138672,True,False,45.0,-36.0,-1.3494110000000035,-0.798431396484375,0.7043795620437956,Correct
Strategy 4: Velocity-Aware & Smoothed Boundary State Machine,rep_d16b4c22ff4fca8332,vid_871bc1a5b112709b,Left,Correct,2278,2428,2.498933000000001,59.5478515625,False,False,,,,,0.0,Missed
Strategy 4: Velocity-Aware & Smoothed Boundary State Machine,rep_2a706f670399059ddc,vid_0c264aade3d23621,Left,Correct,3300,3458,2.632210999999998,62.931732177734375,False,False,,,,,0.0,Missed
Strategy 4: Velocity-Aware & Smoothed Boundary State Machine,rep_d7af2020d057934d50,vid_5ecd6a78f9f6d143,Right,Incorrect,4,280,4.598034,53.12738800048828,False,False,,,,,0.0,Missed
Strategy 4: Velocity-Aware & Smoothed Boundary State Machine,rep_abd2c8c804430edc55,vid_5ecd6a78f9f6d143,Right,Incorrect,280,600,5.331054999999999,41.16278076171875,True,False,-35.0,-225.0,-3.165310999999999,-9.196296691894531,0.2676056338028169,Incorrect
Strategy 4: Velocity-Aware & Smoothed Boundary State Machine,rep_9aae73a476f0e1ecb0,vid_5ecd6a78f9f6d143,Right,Incorrect,560,856,4.931222,43.35914611816406,True,True,-30.0,429.0,7.646755000000001,0.0,0.3920529801324503,Incorrect
Strategy 4: Velocity-Aware & Smoothed Boundary State Machine,rep_a614111ef20922f016,vid_5ecd6a78f9f6d143,Right,Incorrect,1270,1600,5.497655999999999,38.33307647705078,True,True,-448.0,34.0,8.029899,1.400543212890625,0.4064039408866995,Incorrect
Strategy 4: Velocity-Aware & Smoothed Boundary State Machine,rep_c39d5255ec18bcee57,vid_5ecd6a78f9f6d143,Right,Incorrect,1630,1880,4.164888999999999,38.34461212158203,True,False,-64.0,-21.0,0.7163550000000001,0.0,0.7292993630573248,Incorrect
Strategy 4: Velocity-Aware & Smoothed Boundary State Machine,rep_b5df2f9774dcb2df9c,vid_5ecd6a78f9f6d143,Right,Incorrect,1900,2150,4.164888999999999,37.31422424316406,False,False,,,,,0.0,Missed
Strategy 4: Velocity-Aware & Smoothed Boundary State Machine,rep_723e60d2b4c013afb1,vid_5ecd6a78f9f6d143,Right,Incorrect,2186,2400,3.565133000000003,53.007476806640625,True,True,96.0,-11.0,-1.782555000000002,-7.872779846191406,0.5,Incorrect
Strategy 4: Velocity-Aware & Smoothed Boundary State Machine,rep_35b4b0fac466afddb0,vid_5ecd6a78f9f6d143,Right,Incorrect,2470,2700,3.831700000000005,60.10179138183594,True,False,-102.0,-10.0,1.532665999999999,-4.50341796875,0.6626506024096386,Incorrect
Strategy 4: Velocity-Aware & Smoothed Boundary State Machine,rep_27863e57422bec0cd1,vid_e61ec8fb945f06ad,Left,Incorrect,100,430,5.497655,59.14595031738281,True,False,0.0,-6.0,-0.09996699999999947,0.0,0.9818181818181818,Incorrect
Strategy 4: Velocity-Aware & Smoothed Boundary State Machine,rep_2f16162b29e51e2f78,vid_e61ec8fb945f06ad,Left,Incorrect,622,898,4.598032999999999,67.97067260742188,True,False,-205.0,-11.0,3.2319560000000003,0.0,0.5509355509355509,Incorrect
Strategy 4: Velocity-Aware & Smoothed Boundary State Machine,rep_6d7e4cbc3b8ce62f45,vid_e61ec8fb945f06ad,Left,Incorrect,898,1200,5.031189000000001,60.14830017089844,True,False,-5.0,-74.0,-1.1495110000000022,0.0,0.742671009771987,Incorrect
Strategy 4: Velocity-Aware & Smoothed Boundary State Machine,rep_b1d03d4854933c563f,vid_e61ec8fb945f06ad,Left,Incorrect,1200,1400,3.331910999999998,43.87770080566406,True,False,-35.0,-12.0,0.3831670000000038,0.962615966796875,0.8,Incorrect
Strategy 4: Velocity-Aware & Smoothed Boundary State Machine,rep_7501569b908e793d35,vid_e61ec8fb945f06ad,Left,Incorrect,1688,2000,5.197789,66.82950592041016,True,False,-322.0,-24.0,4.964544,0.0,0.45425867507886436,Incorrect
Strategy 4: Velocity-Aware & Smoothed Boundary State Machine,rep_7e51865d23f0a47ccb,vid_e61ec8fb945f06ad,Left,Incorrect,2500,2768,4.464767000000002,62.50141143798828,True,False,-508.0,-11.0,8.279810999999995,2.2057952880859375,0.33118556701030927,Incorrect
Strategy 4: Velocity-Aware & Smoothed Boundary State Machine,rep_66de1799390f52427b,vid_ffec5a0821a6c480,Right,Correct,22,206,3.065356,77.87207794189453,True,False,7.0,-6.0,-0.21657800000000016,-1.569671630859375,0.9293478260869565,Correct
Strategy 4: Velocity-Aware & Smoothed Boundary State Machine,rep_553468c167c3d10264,vid_ffec5a0821a6c480,Right,Correct,206,370,2.7321769999999996,84.06062316894531,True,False,13.0,-2.0,-0.2498990000000001,0.0,0.9085365853658537,Correct
Strategy 4: Velocity-Aware & Smoothed Boundary State Machine,rep_83421d321828b69e6d,vid_ffec5a0821a6c480,Right,Correct,370,562,3.1986230000000004,88.92203521728516,True,False,23.0,-6.0,-0.48312300000000086,-8.940505981445312,0.8489583333333334,Correct
Strategy 4: Velocity-Aware & Smoothed Boundary State Machine,rep_5e045c199c05e4d1f5,vid_ffec5a0821a6c480,Right,Correct,562,780,3.6318,85.58522033691406,True,False,28.0,-29.0,-0.9496109999999991,-10.699356079101562,0.7385321100917431,Correct
Strategy 4: Velocity-Aware & Smoothed Boundary State Machine,rep_2a229748fc8b8dea38,vid_ffec5a0821a6c480,Right,Correct,780,938,2.632211,81.46302795410156,True,False,-5.0,-13.0,-0.13327800000000067,0.15985107421875,0.8895705521472392,Correct
Strategy 4: Velocity-Aware & Smoothed Boundary State Machine,rep_ce3bc79cff8137bdbc,vid_ffec5a0821a6c480,Right,Correct,938,1146,3.465178,92.22492980957031,True,False,15.0,-24.0,-0.6497010000000021,-10.067901611328125,0.8125,Correct
Strategy 4: Velocity-Aware & Smoothed Boundary State Machine,rep_911557ec2316444144,vid_ffec5a0821a6c480,Right,Correct,1146,1344,3.2985879999999987,89.24870300292969,True,False,7.0,-29.0,-0.5997439999999976,-7.5267486572265625,0.8181818181818182,Correct
Strategy 4: Velocity-Aware & Smoothed Boundary State Machine,rep_ed5503be0ec8ad904f,vid_ffec5a0821a6c480,Right,Correct,1344,1534,3.1653340000000014,94.31558227539062,True,False,10.0,-31.0,-0.6830560000000041,-5.6161346435546875,0.7842105263157895,Incorrect
Strategy 4: Velocity-Aware & Smoothed Boundary State Machine,rep_058f4e9eb34097e9af,vid_ffec5a0821a6c480,Right,Correct,1534,1720,3.0986779999999996,79.7106704711914,True,False,4.0,-25.0,-0.48312199999999805,-3.5882110595703125,0.8440860215053764,Correct
Strategy 4: Velocity-Aware & Smoothed Boundary State Machine,rep_0950635c9107f00107,vid_ffec5a0821a6c480,Right,Correct,1720,1904,3.0653550000000003,80.80406188964844,True,False,4.0,-23.0,-0.44979999999999976,-1.595306396484375,0.8532608695652174,Correct
Strategy 4: Velocity-Aware & Smoothed Boundary State Machine,rep_e680b771aee91835f2,vid_ffec5a0821a6c480,Right,Correct,1904,2074,2.8321219999999983,77.88021850585938,True,False,-3.0,-17.0,-0.23323300000000202,0.4196624755859375,0.884393063583815,Correct
Strategy 4: Velocity-Aware & Smoothed Boundary State Machine,rep_abfde45ee3011ded28,vid_ffec5a0821a6c480,Right,Correct,2074,2270,3.265278000000002,76.04534149169922,True,False,14.0,-22.0,-0.599767000000007,-0.500946044921875,0.8163265306122449,Correct
Strategy 4: Velocity-Aware & Smoothed Boundary State Machine,rep_c9d185afbd34a49b2a,vid_ffec5a0821a6c480,Right,Correct,2270,2440,2.8321219999999983,78.6700668334961,True,False,5.0,-8.0,-0.21656600000000026,-0.4739990234375,0.9235294117647059,Correct
Strategy 4: Velocity-Aware & Smoothed Boundary State Machine,rep_e69932267095995434,vid_bbc5006a077ac6b1,Left,Correct,4,166,2.698856,83.46768951416016,True,False,1.0,-14.0,-0.24990000000000023,-5.931549072265625,0.9074074074074074,Correct
Strategy 4: Velocity-Aware & Smoothed Boundary State Machine,rep_dbbca0e9e8f0d1f5a2,vid_bbc5006a077ac6b1,Left,Correct,166,332,2.765489,84.40599060058594,True,False,21.0,-5.0,-0.4331440000000004,-1.2802276611328125,0.8433734939759037,Incorrect
Strategy 4: Velocity-Aware & Smoothed Boundary State Machine,rep_75e0f4a0f4886840c9,vid_bbc5006a077ac6b1,Left,Correct,332,514,3.0320329999999993,83.92337799072266,True,False,25.0,-7.0,-0.5330999999999984,-4.4751434326171875,0.8241758241758241,Correct
Strategy 4: Velocity-Aware & Smoothed Boundary State Machine,rep_84528959491488725c,vid_bbc5006a077ac6b1,Left,Correct,514,696,3.032045,73.45806884765625,True,False,26.0,-9.0,-0.5830900000000003,-1.3760223388671875,0.8076923076923077,Correct
Strategy 4: Velocity-Aware & Smoothed Boundary State Machine,rep_b0b26366e45af54e18,vid_bbc5006a077ac6b1,Left,Correct,696,870,2.898766,76.31904602050781,True,False,23.0,-16.0,-0.6497210000000013,-0.5778350830078125,0.7758620689655172,Correct
Strategy 4: Velocity-Aware & Smoothed Boundary State Machine,rep_eea76f3ce16712ba34,vid_bbc5006a077ac6b1,Left,Correct,1040,1222,3.0320339999999995,82.22076416015625,True,False,12.0,-26.0,-0.6330680000000015,-10.19757080078125,0.7912087912087912,Correct
Strategy 4: Velocity-Aware & Smoothed Boundary State Machine,rep_6f6457b2c6082aad4b,vid_bbc5006a077ac6b1,Left,Correct,1222,1374,2.5322549999999993,74.64134216308594,True,False,8.0,-3.0,-0.18325499999999906,-3.2778778076171875,0.9276315789473685,Correct
Strategy 4: Velocity-Aware & Smoothed Boundary State Machine,rep_96e0f2de75f010a545,vid_bbc5006a077ac6b1,Left,Correct,1374,1556,3.032045,93.45993041992188,True,False,30.0,-16.0,-0.7663559999999983,-17.489944458007812,0.7472527472527473,Correct
Strategy 4: Velocity-Aware & Smoothed Boundary State Machine,rep_d4f184058e742c55a8,vid_bbc5006a077ac6b1,Left,Correct,1556,1696,2.3323440000000026,87.40031433105469,True,False,7.0,-3.0,-0.16660000000000608,0.0,0.9285714285714286,Correct
Strategy 4: Velocity-Aware & Smoothed Boundary State Machine,rep_a7b16cdf5f9c7677ca,vid_bbc5006a077ac6b1,Left,Correct,1696,1906,3.4985,81.72892761230469,True,False,27.0,-51.0,-1.2994330000000005,-4.0787811279296875,0.6285714285714286,Correct
Strategy 4: Velocity-Aware & Smoothed Boundary State Machine,rep_aee0a429a21693a253,vid_aa01d8740a74fd7d,Right,Incorrect,14,168,2.565567,67.05715942382812,True,False,5.0,137.0,2.199067,-2.5576629638671875,0.5120274914089347,Correct
Strategy 4: Velocity-Aware & Smoothed Boundary State Machine,rep_4a38d28ad2708bf974,vid_aa01d8740a74fd7d,Right,Incorrect,300,458,2.6322,46.190223693847656,True,True,44.0,0.0,-0.7330110000000003,0.0,0.7215189873417721,Incorrect
Strategy 4: Velocity-Aware & Smoothed Boundary State Machine,rep_1c63cefc535235092e,vid_aa01d8740a74fd7d,Right,Incorrect,458,644,3.0986780000000005,58.59111022949219,True,False,38.0,-26.0,-1.0662110000000018,-2.3933868408203125,0.6559139784946236,Incorrect
Strategy 4: Velocity-Aware & Smoothed Boundary State Machine,rep_79c5c294b8bda9221b,vid_aa01d8740a74fd7d,Right,Incorrect,644,760,1.9325109999999999,63.06793975830078,True,False,0.0,5.0,0.08329999999999949,0.69317626953125,0.9586776859504132,Incorrect
Strategy 4: Velocity-Aware & Smoothed Boundary State Machine,rep_cec13eefff34409cdb,vid_aa01d8740a74fd7d,Right,Incorrect,760,938,2.9654109999999996,71.98680877685547,True,False,40.0,-16.0,-0.9329449999999984,-5.8446502685546875,0.6853932584269663,Correct
Strategy 4: Velocity-Aware & Smoothed Boundary State Machine,rep_6e34e000e401e92ab6,vid_aa01d8740a74fd7d,Right,Incorrect,938,1074,2.265689,78.12557220458984,True,False,13.0,3.0,-0.16658900000000187,0.0,0.8848920863309353,Incorrect
Strategy 4: Velocity-Aware & Smoothed Boundary State Machine,rep_865eff11a82c98aff9,vid_aa01d8740a74fd7d,Right,Incorrect,1074,1216,2.3656550000000003,85.9810562133789,True,False,16.0,7.0,-0.1499440000000014,-5.78900146484375,0.8456375838926175,Incorrect
Strategy 4: Velocity-Aware & Smoothed Boundary State Machine,rep_834edc610f0edab7bf,vid_aa01d8740a74fd7d,Right,Incorrect,1216,1380,2.732178000000001,89.93326568603516,True,False,29.0,-16.0,-0.7496900000000011,0.0,0.725609756097561,Incorrect
Strategy 4: Velocity-Aware & Smoothed Boundary State Machine,rep_cddfc02155f1821b8f,vid_33cbe5f84565bf3d,Left,Incorrect,150,312,2.6988339999999997,87.81593322753906,True,False,12.0,-19.0,-0.5164219999999999,0.0,0.808641975308642,Incorrect
Strategy 4: Velocity-Aware & Smoothed Boundary State Machine,rep_ee7d1d18c368991ac9,vid_33cbe5f84565bf3d,Left,Incorrect,312,458,2.4323000000000006,79.06489562988281,True,False,10.0,-11.0,-0.34985600000000083,-14.323455810546875,0.8561643835616438,Incorrect
Strategy 4: Velocity-Aware & Smoothed Boundary State Machine,rep_d5d4d4a1e507d6b680,vid_33cbe5f84565bf3d,Left,Incorrect,458,602,2.3989780000000005,77.85338592529297,True,False,1.0,-20.0,-0.34984400000000093,-1.036895751953125,0.8541666666666666,Incorrect
Strategy 4: Velocity-Aware & Smoothed Boundary State Machine,rep_022ebf6bb664f09d61,vid_33cbe5f84565bf3d,Left,Incorrect,602,732,2.165744,64.97191619873047,True,False,0.0,-13.0,-0.21657800000000016,-0.044708251953125,0.9,Incorrect
Strategy 4: Velocity-Aware & Smoothed Boundary State Machine,rep_1469f4f4fb01f19d72,vid_33cbe5f84565bf3d,Left,Incorrect,732,884,2.5322559999999985,72.45282745361328,True,False,15.0,-14.0,-0.4831229999999991,-0.3241424560546875,0.8092105263157895,Incorrect
Strategy 4: Velocity-Aware & Smoothed Boundary State Machine,rep_19561ede8233796b10,vid_33cbe5f84565bf3d,Left,Incorrect,884,1048,2.732166000000001,67.79161071777344,True,False,17.0,-18.0,-0.583077000000003,-1.753387451171875,0.7865853658536586,Incorrect
Strategy 4: Velocity-Aware & Smoothed Boundary State Machine,rep_f4b3097cc669548327,vid_33cbe5f84565bf3d,Left,Incorrect,1048,1192,2.3989779999999996,71.62430572509766,True,False,6.0,-14.0,-0.33319999999999794,-2.016326904296875,0.8611111111111112,Incorrect
Strategy 4: Velocity-Aware & Smoothed Boundary State Machine,rep_e1b6add5088147c3ba,vid_33cbe5f84565bf3d,Left,Incorrect,1192,1376,3.0653560000000013,61.512664794921875,True,False,28.0,-39.0,-1.1161900000000031,-5.3830108642578125,0.6358695652173914,Incorrect
Strategy 4: Velocity-Aware & Smoothed Boundary State Machine,rep_d17ae39eb23db00ffb,vid_33cbe5f84565bf3d,Left,Incorrect,1376,1524,2.4656219999999998,57.59546661376953,True,False,3.0,-16.0,-0.31653299999999973,-4.533966064453125,0.8716216216216216,Incorrect
Strategy 4: Velocity-Aware & Smoothed Boundary State Machine,rep_b7b00586fe8bd0f1b6,vid_33cbe5f84565bf3d,Left,Correct,1524,1714,3.1653219999999997,69.32232666015625,True,False,21.0,-39.0,-0.9995769999999986,-6.311553955078125,0.6842105263157895,Correct
Strategy 4: Velocity-Aware & Smoothed Boundary State Machine,rep_ad33ca17f825154427,vid_33cbe5f84565bf3d,Left,Incorrect,1714,1868,2.565566999999998,67.87073516845703,True,False,10.0,-21.0,-0.5164339999999967,-9.00250244140625,0.7987012987012987,Incorrect
Strategy 4: Velocity-Aware & Smoothed Boundary State Machine,rep_44118ed2737a68ce85,vid_33cbe5f84565bf3d,Left,Correct,1868,2042,2.898766000000002,82.07086944580078,True,False,13.0,-21.0,-0.5664319999999989,-6.51361083984375,0.8045977011494253,Correct
Strategy 4: Velocity-Aware & Smoothed Boundary State Machine,rep_597f9b9e8bf941e18e,vid_33cbe5f84565bf3d,Left,Incorrect,2042,2208,2.7654890000000023,51.410430908203125,True,False,16.0,-19.0,-0.5830780000000004,-2.540130615234375,0.7891566265060241,Incorrect
Strategy 4: Velocity-Aware & Smoothed Boundary State Machine,rep_adb80c25b2c9d425f3,vid_3e2129fa15608b04,Right,Correct,8,75,2.232911,75.63137817382812,True,False,0.0,9.0,0.29994500000000013,0.477874755859375,0.881578947368421,Correct
Strategy 4: Velocity-Aware & Smoothed Boundary State Machine,rep_554e3ad8208e7b637c,vid_3e2129fa15608b04,Right,Correct,75,171,3.1994000000000002,65.98851013183594,True,True,-35.0,-5.0,0.9998220000000004,5.2061920166015625,0.6946564885496184,Incorrect
Strategy 4: Velocity-Aware & Smoothed Boundary State Machine,rep_da2f0010908c6eb032,vid_3e2129fa15608b04,Right,Correct,171,247,2.5328669999999995,75.14218139648438,True,True,-35.0,1.0,1.199777,0.0,0.6785714285714286,Correct
Strategy 4: Velocity-Aware & Smoothed Boundary State Machine,rep_0d63cb249dcc0744ef,vid_3e2129fa15608b04,Right,Correct,247,319,2.3995440000000006,73.4324951171875,True,True,-35.0,9.0,1.4663900000000005,1.709686279296875,0.6206896551724138,Incorrect
Strategy 4: Velocity-Aware & Smoothed Boundary State Machine,rep_4dfea2f3fd5ac8b257,vid_3e2129fa15608b04,Right,Correct,319,397,2.599511999999999,76.29458618164062,True,True,-35.0,4.0,1.2997660000000018,0.1148834228515625,0.6666666666666666,Correct
Strategy 4: Velocity-Aware & Smoothed Boundary State Machine,rep_78a0d12479541b9d88,vid_3e2129fa15608b04,Right,Correct,397,473,2.5328550000000014,69.72894287109375,True,True,-35.0,5.0,1.3330899999999986,6.0352020263671875,0.6551724137931034,Correct
Strategy 4: Velocity-Aware & Smoothed Boundary State Machine,rep_b3645da62bbd2d427a,vid_3e2129fa15608b04,Right,Correct,473,540,2.232910999999998,75.17659759521484,True,True,-35.0,7.0,1.399744,0.2158355712890625,0.6146788990825688,Correct
Strategy 4: Velocity-Aware & Smoothed Boundary State Machine,rep_7abe4e1b8bc95b4c35,vid_3e2129fa15608b04,Right,Correct,540,600,1.9996340000000004,70.50637817382812,True,True,-35.0,87.0,4.065898999999998,4.886054992675781,0.32967032967032966,Incorrect
Strategy 4: Velocity-Aware & Smoothed Boundary State Machine,rep_6c538cb001cf283488,vid_3e2129fa15608b04,Right,Correct,675,753,2.5995220000000003,73.44422912597656,True,True,-109.0,7.0,3.8659229999999987,0.0,0.4020618556701031,Incorrect
Strategy 4: Velocity-Aware & Smoothed Boundary State Machine,rep_86bf49a3e75df22620,vid_3e2129fa15608b04,Right,Correct,753,825,2.399543999999999,72.9620361328125,True,False,-35.0,-65.0,-0.9998219999999982,-2.6581954956054688,0.06542056074766354,Incorrect
Strategy 4: Velocity-Aware & Smoothed Boundary State Machine,rep_4cf117e3f09fd04811,vid_dd4079cefb8f35d3,Left,Correct,2,80,2.5995,85.89940643310547,True,False,0.0,2.0,0.06666600000000011,0.0,0.975,Correct
Strategy 4: Velocity-Aware & Smoothed Boundary State Machine,rep_000b3a49ed66a26cd4,vid_dd4079cefb8f35d3,Left,Correct,80,159,2.632855,82.37753295898438,True,False,-9.0,4.0,0.4332449999999999,0.988128662109375,0.8586956521739131,Correct
Strategy 4: Velocity-Aware & Smoothed Boundary State Machine,rep_f7b25824c180b3b99e,vid_dd4079cefb8f35d3,Left,Correct,159,244,2.8328000000000007,83.5676498413086,True,True,-35.0,-4.0,1.0331439999999992,-1.0710906982421875,0.675,Correct
Strategy 4: Velocity-Aware & Smoothed Boundary State Machine,rep_cc4d004af51869c14f,vid_dd4079cefb8f35d3,Left,Correct,244,328,2.799477999999999,88.06177520751953,True,False,-10.0,1.0,0.36658900000000116,0.3956146240234375,0.8842105263157894,Correct
Strategy 4: Velocity-Aware & Smoothed Boundary State Machine,rep_47c05630bd12f93580,vid_dd4079cefb8f35d3,Left,Correct,328,400,2.3995440000000006,78.2359848022461,True,True,-35.0,99.0,4.465833999999999,5.478187561035156,0.34951456310679613,Incorrect
Strategy 4: Velocity-Aware & Smoothed Boundary State Machine,rep_f0c351e2ed0c752d12,vid_dd4079cefb8f35d3,Left,Correct,487,565,2.5995109999999997,79.48004913330078,True,True,-121.0,3.0,4.132567,0.0,0.38613861386138615,Incorrect
Strategy 4: Velocity-Aware & Smoothed Boundary State Machine,rep_55f1cf4d132e297fa8,vid_dd4079cefb8f35d3,Left,Correct,565,634,2.2995669999999997,80.68399047851562,True,False,-11.0,8.0,0.6332109999999993,0.2150421142578125,0.7840909090909091,Correct
Strategy 4: Velocity-Aware & Smoothed Boundary State Machine,rep_32b7ca8fa017f2f360,vid_dd4079cefb8f35d3,Left,Correct,634,717,2.7661550000000013,80.02501678466797,True,True,-35.0,6.0,1.3664009999999998,0.0,0.6693548387096774,Incorrect
Strategy 4: Velocity-Aware & Smoothed Boundary State Machine,rep_64a8bb8f3fdd8ff2de,vid_dd4079cefb8f35d3,Left,Correct,717,787,2.3328999999999986,76.01199340820312,True,True,-35.0,10.0,1.4997110000000013,0.859649658203125,0.6086956521739131,Incorrect
Strategy 4: Velocity-Aware & Smoothed Boundary State Machine,rep_a311f440abd3b3b9f6,vid_dd4079cefb8f35d3,Left,Correct,787,867,2.6661670000000015,77.11234283447266,True,True,-35.0,-1.0,1.1331220000000002,1.3257522583007812,0.6869565217391305,Correct
Strategy 4: Velocity-Aware & Smoothed Boundary State Machine,rep_709aefa59abbdda681,vid_2f993d44fd54187e,Right,Incorrect,3,105,3.3993659999999997,68.29119110107422,True,False,0.0,4.0,0.1333120000000001,0.0,0.9622641509433962,Correct
Strategy 4: Velocity-Aware & Smoothed Boundary State Machine,rep_c76e4661561c2feeb0,vid_2f993d44fd54187e,Right,Incorrect,105,190,2.8328120000000006,65.64797973632812,True,True,-33.0,3.0,1.1997539999999987,0.2195281982421875,0.7024793388429752,Incorrect
Strategy 4: Velocity-Aware & Smoothed Boundary State Machine,rep_215b169aee5b06c4cb,vid_2f993d44fd54187e,Right,Incorrect,190,268,2.5995,54.445159912109375,True,False,-10.0,7.0,0.5665779999999998,1.0099945068359375,0.8210526315789474,Incorrect
Strategy 4: Velocity-Aware & Smoothed Boundary State Machine,rep_e1ba0ca673273d816e,vid_2f993d44fd54187e,Right,Incorrect,268,330,2.066288,62.67033386230469,True,False,-35.0,-55.0,-0.6665429999999999,-9.372779846191406,0.07216494845360824,Incorrect
Strategy 4: Velocity-Aware & Smoothed Boundary State Machine,rep_ebbc42143c6e49093c,vid_2f993d44fd54187e,Right,Incorrect,371,429,1.9329659999999986,59.300071716308594,True,False,-75.0,7.0,2.7328230000000016,1.340789794921875,0.4142857142857143,Incorrect
Strategy 4: Velocity-Aware & Smoothed Boundary State Machine,rep_195e4e5ecad0f53344,vid_2f993d44fd54187e,Right,Incorrect,429,500,2.3662220000000023,51.019737243652344,True,True,-35.0,90.0,4.165899999999997,0.0,0.3622448979591837,Incorrect
Strategy 4: Velocity-Aware & Smoothed Boundary State Machine,rep_aa68b93d455532c686,vid_2f993d44fd54187e,Right,Incorrect,580,680,3.3327109999999998,55.44043731689453,False,False,,,,,0.0,Missed
Strategy 4: Velocity-Aware & Smoothed Boundary State Machine,rep_b1d4ed63906ea1bec9,vid_d19791ead4037b9a,Left,Incorrect,13,70,1.8996330000000001,31.116920471191406,False,False,,,,,0.0,Missed
Strategy 4: Velocity-Aware & Smoothed Boundary State Machine,rep_a75ff677dcd98eb2fd,vid_d19791ead4037b9a,Left,Incorrect,70,150,2.666178,40.407440185546875,False,False,,,,,0.0,Missed
Strategy 4: Velocity-Aware & Smoothed Boundary State Machine,rep_c1831610de7e01f9bd,vid_d19791ead4037b9a,Left,Incorrect,167,230,2.0995999999999997,23.52691650390625,False,False,,,,,0.0,Missed
Strategy 4: Velocity-Aware & Smoothed Boundary State Machine,rep_b257c286eaa1bdf653,vid_d19791ead4037b9a,Left,Incorrect,360,450,2.999433,28.07782745361328,False,False,,,,,0.0,Missed
Strategy 4: Velocity-Aware & Smoothed Boundary State Machine,rep_e49bed2fd11cb67f4e,vid_d19791ead4037b9a,Left,Incorrect,450,520,2.3328889999999998,24.426376342773438,False,False,,,,,0.0,Missed
Strategy 5: Composite Adaptive Kinematic Segmenter (AdaptiveKinematic),rep_fb0c2f97d90ea5de5a,vid_0c264aade3d23621,Right,Correct,4,350,5.7642109999999995,57.79998016357422,True,False,0.0,-43.0,-0.7163659999999998,0.0,0.8757225433526011,Correct
Strategy 5: Composite Adaptive Kinematic Segmenter (AdaptiveKinematic),rep_02cbaaa878991f7eee,vid_0c264aade3d23621,Left,Correct,372,572,3.3319110000000007,62.01153564453125,True,False,-56.0,4.0,0.9995669999999999,0.5907745361328125,0.7692307692307693,Correct
Strategy 5: Composite Adaptive Kinematic Segmenter (AdaptiveKinematic),rep_3b3a031e67b667bb2f,vid_0c264aade3d23621,Right,Correct,572,832,4.3314889999999995,48.47113800048828,True,True,-32.0,-49.0,-0.2832119999999989,0.0,0.7226027397260274,Incorrect
Strategy 5: Composite Adaptive Kinematic Segmenter (AdaptiveKinematic),rep_b59965fe88fa0c3f40,vid_0c264aade3d23621,Left,Correct,832,1010,2.9654000000000007,69.94298553466797,True,False,-4.0,6.0,0.16661099999999962,0.0,0.9468085106382979,Correct
Strategy 5: Composite Adaptive Kinematic Segmenter (AdaptiveKinematic),rep_9988a74422e7c505d0,vid_0c264aade3d23621,Right,Correct,1010,1260,4.164887999999998,46.64124298095703,True,True,-35.0,22.0,0.9496010000000012,11.969680786132812,0.8143322475570033,Incorrect
Strategy 5: Composite Adaptive Kinematic Segmenter (AdaptiveKinematic),rep_372c0410acd5099364,vid_0c264aade3d23621,Left,Correct,1265,1480,3.5818119999999993,55.62651062011719,True,True,-37.0,20.0,0.9495879999999985,10.660690307617188,0.7904411764705882,Correct
Strategy 5: Composite Adaptive Kinematic Segmenter (AdaptiveKinematic),rep_46b03a163715ea8674,vid_0c264aade3d23621,Right,Correct,1490,1780,4.831278000000001,52.61701202392578,True,True,37.0,-43.0,-1.3327780000000011,-0.2623748779296875,0.7241379310344828,Correct
Strategy 5: Composite Adaptive Kinematic Segmenter (AdaptiveKinematic),rep_cea1129ae50e36fb30,vid_0c264aade3d23621,Left,Correct,1810,2004,3.2319449999999996,62.376014709472656,True,False,-64.0,31.0,1.5826660000000032,1.60498046875,0.671280276816609,Correct
Strategy 5: Composite Adaptive Kinematic Segmenter (AdaptiveKinematic),rep_20614a58d738f0f71c,vid_0c264aade3d23621,Right,Correct,2030,2324,4.897911000000001,46.64794158935547,True,True,-60.0,-15.0,0.7496779999999958,0.0,0.788135593220339,Incorrect
Strategy 5: Composite Adaptive Kinematic Segmenter (AdaptiveKinematic),rep_e8c1d21c6f2e4707b3,vid_0c264aade3d23621,Left,Correct,2324,2534,3.4985110000000006,65.99900817871094,True,False,5.0,-7.0,-0.19992200000000082,-0.5281219482421875,0.9428571428571428,Correct
Strategy 5: Composite Adaptive Kinematic Segmenter (AdaptiveKinematic),rep_5c1dd8ed9aa6c8aa69,vid_0c264aade3d23621,Right,Correct,2534,2755,3.6817670000000007,43.3350830078125,False,False,,,,,0.0,Missed
Strategy 5: Composite Adaptive Kinematic Segmenter (AdaptiveKinematic),rep_edc2513a7b19ebb4ed,vid_0c264aade3d23621,Left,Correct,2780,3000,3.665111000000003,71.63307189941406,True,True,-54.0,-9.0,0.7496669999999952,0.0,0.7700729927007299,Correct
Strategy 5: Composite Adaptive Kinematic Segmenter (AdaptiveKinematic),rep_6be9256acb543f49b8,vid_0c264aade3d23621,Right,Correct,2990,3270,4.664678000000002,42.332740783691406,True,False,-35.0,-237.0,-3.3652330000000035,-8.612022399902344,0.1365079365079365,Incorrect
Strategy 5: Composite Adaptive Kinematic Segmenter (AdaptiveKinematic),rep_1c83a3b866cf4e027c,vid_1ac0cd5b45de866a,Right,Correct,4,330,5.431023,51.11205291748047,True,False,0.0,-46.0,-0.7663450000000003,0.0,0.8588957055214724,Correct
Strategy 5: Composite Adaptive Kinematic Segmenter (AdaptiveKinematic),rep_0d7eaf4563fd24294a,vid_1ac0cd5b45de866a,Left,Correct,346,556,3.498499999999999,74.2674331665039,True,True,-50.0,-1.0,0.8163230000000006,0.0,0.8038461538461539,Correct
Strategy 5: Composite Adaptive Kinematic Segmenter (AdaptiveKinematic),rep_cff3c2f757be354140,vid_1ac0cd5b45de866a,Right,Incorrect,556,810,4.231545000000001,37.70032501220703,True,False,-35.0,-7.0,0.46645499999999807,0.0,0.8546712802768166,Incorrect
Strategy 5: Composite Adaptive Kinematic Segmenter (AdaptiveKinematic),rep_503633f6745e8f6a45,vid_1ac0cd5b45de866a,Left,Incorrect,820,1070,4.164899999999999,53.462646484375,True,True,-44.0,-11.0,0.5497560000000004,0.0,0.8129251700680272,Incorrect
Strategy 5: Composite Adaptive Kinematic Segmenter (AdaptiveKinematic),rep_bb9858d2e8e9c3549c,vid_1ac0cd5b45de866a,Right,Correct,1150,1332,3.032043999999999,46.08067321777344,True,False,-114.0,-25.0,1.4827010000000023,0.0,0.5304054054054054,Incorrect
Strategy 5: Composite Adaptive Kinematic Segmenter (AdaptiveKinematic),rep_9ff0bc77263dfff528,vid_1ac0cd5b45de866a,Right,Correct,1606,1772,2.7654770000000006,65.53998565673828,True,False,-308.0,-52.0,4.264856999999999,0.0,0.24050632911392406,Incorrect
Strategy 5: Composite Adaptive Kinematic Segmenter (AdaptiveKinematic),rep_35e324ed6452359dd2,vid_1ac0cd5b45de866a,Left,Correct,1772,1944,2.865445000000001,61.80139923095703,True,False,-35.0,-1.0,0.5664319999999954,0.0,0.8260869565217391,Correct
Strategy 5: Composite Adaptive Kinematic Segmenter (AdaptiveKinematic),rep_d8ea12c9407f1b8ebe,vid_1ac0cd5b45de866a,Left,Correct,1944,2144,3.331910999999998,62.128562927246094,True,False,18.0,-18.0,-0.5997559999999993,-1.634307861328125,0.82,Correct
Strategy 5: Composite Adaptive Kinematic Segmenter (AdaptiveKinematic),rep_ed4d23c464cf750af7,vid_1ac0cd5b45de866a,Left,Correct,2144,2320,2.9320889999999977,62.16267395019531,True,False,7.0,3.0,-0.0666439999999966,0.0,0.9441340782122905,Correct
Strategy 5: Composite Adaptive Kinematic Segmenter (AdaptiveKinematic),rep_8c17d582de78f254dd,vid_1ac0cd5b45de866a,Right,Incorrect,2320,2396,1.2661220000000029,17.098793029785156,False,False,,,,,0.0,Missed
Strategy 5: Composite Adaptive Kinematic Segmenter (AdaptiveKinematic),rep_83f806588a8c338f4b,vid_1ac0cd5b45de866a,Right,Incorrect,2892,2984,1.5326880000000003,30.514999389648438,False,False,,,,,0.0,Missed
Strategy 5: Composite Adaptive Kinematic Segmenter (AdaptiveKinematic),rep_ef9e190c4981e28593,vid_1ac0cd5b45de866a,Right,Incorrect,2984,3220,3.9316559999999967,34.50457000732422,False,False,,,,,0.0,Missed
Strategy 5: Composite Adaptive Kinematic Segmenter (AdaptiveKinematic),rep_5c39730111cd443d20,vid_1ac0cd5b45de866a,Left,Incorrect,3242,3432,3.165300000000002,49.56865692138672,False,False,,,,,0.0,Missed
Strategy 5: Composite Adaptive Kinematic Segmenter (AdaptiveKinematic),rep_b62f14d196952f28be,vid_1334a563691c2170,Right,Correct,6,176,2.832133,78.32747650146484,True,False,3.0,-29.0,-0.5331099999999998,-1.6822052001953125,0.8117647058823529,Correct
Strategy 5: Composite Adaptive Kinematic Segmenter (AdaptiveKinematic),rep_ebf0037ac696966f6b,vid_1334a563691c2170,Left,Correct,176,328,2.532244,88.74259948730469,True,False,-10.0,-11.0,-0.01664399999999988,-11.024215698242188,0.8703703703703703,Correct
Strategy 5: Composite Adaptive Kinematic Segmenter (AdaptiveKinematic),rep_3937e4fb3928cf8769,vid_1334a563691c2170,Left,Correct,328,496,2.7988110000000006,90.0221176147461,True,True,23.0,23.0,0.0,-0.1643524169921875,0.7591623036649214,Incorrect
Strategy 5: Composite Adaptive Kinematic Segmenter (AdaptiveKinematic),rep_4145f06cb4db15ce3f,vid_1334a563691c2170,Right,Correct,496,640,2.3989779999999996,104.22831726074219,True,True,-8.0,27.0,0.583088,1.4039459228515625,0.8044692737430168,Incorrect
Strategy 5: Composite Adaptive Kinematic Segmenter (AdaptiveKinematic),rep_df6be1b0d78003c9ac,vid_1334a563691c2170,Right,Correct,640,800,2.665533999999999,97.66472625732422,True,False,5.0,-9.0,-0.23324499999999837,0.0,0.9125,Correct
Strategy 5: Composite Adaptive Kinematic Segmenter (AdaptiveKinematic),rep_4791579acae25fe0bd,vid_1334a563691c2170,Left,Correct,780,980,3.331900000000001,91.9024429321289,True,True,31.0,-28.0,-0.9829110000000014,-3.401092529296875,0.705,Correct
Strategy 5: Composite Adaptive Kinematic Segmenter (AdaptiveKinematic),rep_ff72086c1823042be9,vid_1334a563691c2170,Right,Correct,980,1160,2.998732999999998,99.35140991210938,True,False,-8.0,-37.0,-0.4831329999999987,-5.0802459716796875,0.7606382978723404,Correct
Strategy 5: Composite Adaptive Kinematic Segmenter (AdaptiveKinematic),rep_d348e469e89a781661,vid_1334a563691c2170,Left,Correct,1160,1328,2.7988,92.711181640625,True,False,12.0,-28.0,-0.6663779999999981,-11.28546142578125,0.7619047619047619,Correct
Strategy 5: Composite Adaptive Kinematic Segmenter (AdaptiveKinematic),rep_e8d9e0d9e521cb4474,vid_1334a563691c2170,Left,Correct,1328,1490,2.6988559999999993,84.31739807128906,True,False,-4.0,-33.0,-0.48313399999999973,-12.038864135742188,0.7771084337349398,Correct
Strategy 5: Composite Adaptive Kinematic Segmenter (AdaptiveKinematic),rep_496c495105f1f840b1,vid_1334a563691c2170,Right,Correct,1508,1650,2.3656560000000013,,True,False,41.0,-24.0,-1.082879000000002,,0.5422535211267606,Incorrect
Strategy 5: Composite Adaptive Kinematic Segmenter (AdaptiveKinematic),rep_fbee42bcc84ad72a70,vid_1334a563691c2170,Right,Correct,1650,1800,2.4989329999999974,82.7657241821289,True,False,3.0,-12.0,-0.24988899999999958,-0.8766326904296875,0.9,Correct
Strategy 5: Composite Adaptive Kinematic Segmenter (AdaptiveKinematic),rep_27f29611af9d868d70,vid_1334a563691c2170,Right,Correct,1800,1964,2.732178000000001,100.77892303466797,True,False,14.0,-20.0,-0.5664449999999981,-10.598159790039062,0.7926829268292683,Correct
Strategy 5: Composite Adaptive Kinematic Segmenter (AdaptiveKinematic),rep_96581b03de4436e334,vid_769bc27d1c4abfab,Right,Correct,28,216,3.131989,76.52783203125,True,False,6.0,-10.0,-0.26654399999999967,-1.8661041259765625,0.9148936170212766,Correct
Strategy 5: Composite Adaptive Kinematic Segmenter (AdaptiveKinematic),rep_f58658b961ff048335,vid_769bc27d1c4abfab,Left,Correct,216,398,3.0320440000000004,79.59202575683594,True,False,13.0,-12.0,-0.4164880000000002,0.0,0.8626373626373627,Correct
Strategy 5: Composite Adaptive Kinematic Segmenter (AdaptiveKinematic),rep_0da66c37aeaee10dba,vid_769bc27d1c4abfab,Left,Correct,398,562,2.7321670000000005,93.56515502929688,True,False,5.0,-9.0,-0.2332339999999995,-13.947250366210938,0.9146341463414634,Correct
Strategy 5: Composite Adaptive Kinematic Segmenter (AdaptiveKinematic),rep_c4774628dd2fa04641,vid_769bc27d1c4abfab,Right,Correct,562,754,3.198632999999999,95.1409912109375,True,False,4.0,-16.0,-0.3331879999999998,0.0,0.8958333333333334,Correct
Strategy 5: Composite Adaptive Kinematic Segmenter (AdaptiveKinematic),rep_15de4676677de916d0,vid_769bc27d1c4abfab,Right,Incorrect,754,914,2.665533,79.85400390625,True,False,3.0,2.0,-0.016655000000000086,-4.379364013671875,0.9691358024691358,Correct
Strategy 5: Composite Adaptive Kinematic Segmenter (AdaptiveKinematic),rep_506fc27703682724ad,vid_769bc27d1c4abfab,Right,Incorrect,914,1104,3.165312,93.09306335449219,True,False,27.0,-12.0,-0.649734999999998,-16.5736083984375,0.7947368421052632,Correct
Strategy 5: Composite Adaptive Kinematic Segmenter (AdaptiveKinematic),rep_50437be04b9a9a36ed,vid_769bc27d1c4abfab,Left,Incorrect,1104,1264,2.665533,93.77217102050781,True,False,-3.0,-14.0,-0.18325499999999906,2.922149658203125,0.8957055214723927,Incorrect
Strategy 5: Composite Adaptive Kinematic Segmenter (AdaptiveKinematic),rep_a8f87271f827579bc4,vid_769bc27d1c4abfab,Left,Incorrect,1264,1422,2.6322110000000016,71.32793426513672,True,False,-6.0,-19.0,-0.21657700000000446,1.03546142578125,0.8475609756097561,Incorrect
Strategy 5: Composite Adaptive Kinematic Segmenter (AdaptiveKinematic),rep_3f57d674d3d25f06bc,vid_769bc27d1c4abfab,Left,Correct,1422,1572,2.4989329999999974,90.2385482788086,True,False,-4.0,-9.0,-0.08329999999999416,0.0,0.9155844155844156,Correct
Strategy 5: Composite Adaptive Kinematic Segmenter (AdaptiveKinematic),rep_2a80f26013fc49beb7,vid_769bc27d1c4abfab,Right,Correct,1572,1740,2.7988,96.73076629638672,True,False,9.0,-11.0,-0.33318900000000085,0.0,0.8809523809523809,Correct
Strategy 5: Composite Adaptive Kinematic Segmenter (AdaptiveKinematic),rep_830e9ff6471c2e6ac0,vid_769bc27d1c4abfab,Right,Incorrect,1740,1898,2.6322110000000016,60.811866760253906,True,False,-1.0,8.0,0.14993300000000076,0.0,0.9461077844311377,Incorrect
Strategy 5: Composite Adaptive Kinematic Segmenter (AdaptiveKinematic),rep_d06e09af4456675bf7,vid_769bc27d1c4abfab,Right,Incorrect,1898,2072,2.898778,58.87322235107422,True,False,31.0,4.0,-0.4498219999999975,-1.77520751953125,0.8033707865168539,Incorrect
Strategy 5: Composite Adaptive Kinematic Segmenter (AdaptiveKinematic),rep_2073ececf0915178cc,vid_769bc27d1c4abfab,Left,Incorrect,2072,2250,2.965389000000002,63.73335266113281,True,False,7.0,-36.0,-0.7163439999999994,0.0,0.7584269662921348,Correct
Strategy 5: Composite Adaptive Kinematic Segmenter (AdaptiveKinematic),rep_b99bfda2386efa860d,vid_769bc27d1c4abfab,Left,Correct,2250,2400,2.498933000000001,77.5048599243164,True,False,-23.0,-43.0,-0.33319999999999794,-1.6622314453125,0.6184971098265896,Correct
Strategy 5: Composite Adaptive Kinematic Segmenter (AdaptiveKinematic),rep_ceb27ce1bfcd40e009,vid_d5dd3c73ecfdd074,Right,Correct,2,86,2.799477,72.96882629394531,True,False,0.0,-4.0,-0.13331099999999996,0.0,0.9523809523809523,Correct
Strategy 5: Composite Adaptive Kinematic Segmenter (AdaptiveKinematic),rep_ed49f7e3ae23c14632,vid_d5dd3c73ecfdd074,Left,Correct,86,177,3.0327559999999996,80.0293197631836,True,True,-35.0,-1.0,1.1331220000000006,0.0,0.7142857142857143,Correct
Strategy 5: Composite Adaptive Kinematic Segmenter (AdaptiveKinematic),rep_25ebac40f9fffdcd03,vid_d5dd3c73ecfdd074,Right,Correct,177,275,3.2660670000000005,69.80219268798828,True,False,-3.0,-11.0,-0.2666220000000008,0.0,0.8613861386138614,Correct
Strategy 5: Composite Adaptive Kinematic Segmenter (AdaptiveKinematic),rep_f31c86caa9c9a81254,vid_d5dd3c73ecfdd074,Left,Correct,275,369,3.132733,75.26802825927734,True,True,-35.0,-7.0,0.9331779999999998,0.0,0.6744186046511628,Correct
Strategy 5: Composite Adaptive Kinematic Segmenter (AdaptiveKinematic),rep_374cd3d66f0b6ae7da,vid_d5dd3c73ecfdd074,Right,Correct,369,466,3.2327329999999996,72.76138305664062,True,False,0.0,-9.0,-0.299944,0.0,0.9072164948453608,Correct
Strategy 5: Composite Adaptive Kinematic Segmenter (AdaptiveKinematic),rep_9145ce2ee0edd05abc,vid_d5dd3c73ecfdd074,Left,Correct,466,556,2.9994449999999997,76.54549407958984,True,True,-35.0,3.0,1.2664209999999994,0.0,0.703125,Correct
Strategy 5: Composite Adaptive Kinematic Segmenter (AdaptiveKinematic),rep_0842956941b20f23e2,vid_d5dd3c73ecfdd074,Right,Correct,556,655,3.299377,72.77853393554688,True,True,-35.0,-2.0,1.0998009999999994,0.0,0.7238805970149254,Correct
Strategy 5: Composite Adaptive Kinematic Segmenter (AdaptiveKinematic),rep_bb77b1ff42cedb3170,vid_d5dd3c73ecfdd074,Left,Correct,655,749,3.132745,78.57931518554688,True,True,-35.0,0.0,1.1664549999999991,0.0,0.7286821705426356,Correct
Strategy 5: Composite Adaptive Kinematic Segmenter (AdaptiveKinematic),rep_99a949701e9d3cb359,vid_d5dd3c73ecfdd074,Right,Correct,749,845,3.1994000000000007,77.15081024169922,True,True,-26.0,-8.0,0.599889000000001,0.0,0.7213114754098361,Correct
Strategy 5: Composite Adaptive Kinematic Segmenter (AdaptiveKinematic),rep_3521755f47891373fb,vid_d5dd3c73ecfdd074,Left,Correct,845,942,3.2327329999999996,73.8160400390625,True,True,-31.0,-3.0,0.9331439999999986,0.0,0.734375,Correct
Strategy 5: Composite Adaptive Kinematic Segmenter (AdaptiveKinematic),rep_74b1650c1e192f8b21,vid_d5dd3c73ecfdd074,Right,Correct,942,1028,2.8661220000000007,77.38615417480469,True,True,-35.0,2.0,1.233111000000001,0.0,0.6991869918699187,Correct
Strategy 5: Composite Adaptive Kinematic Segmenter (AdaptiveKinematic),rep_931a64113a41501185,vid_d5dd3c73ecfdd074,Left,Correct,1028,1116,2.932777999999999,82.0189437866211,True,True,-35.0,-3.0,1.0664659999999984,-2.3401947021484375,0.6910569105691057,Correct
Strategy 5: Composite Adaptive Kinematic Segmenter (AdaptiveKinematic),rep_0e7a579eafe33e64d5,vid_e2fbdd20b335321f,Right,Correct,2,90,2.932788,79.73098754882812,True,False,0.0,-2.0,-0.06665499999999991,-0.5145416259765625,0.9772727272727273,Correct
Strategy 5: Composite Adaptive Kinematic Segmenter (AdaptiveKinematic),rep_3bd189643926330002,vid_e2fbdd20b335321f,Left,Correct,90,191,3.3660340000000004,84.63256072998047,True,True,-35.0,-6.0,0.9664880000000005,0.0,0.6985294117647058,Correct
Strategy 5: Composite Adaptive Kinematic Segmenter (AdaptiveKinematic),rep_a688119e8807169567,vid_e2fbdd20b335321f,Right,Correct,191,287,3.1994,82.91388702392578,True,False,-4.0,2.0,0.19996599999999987,0.0,0.9411764705882353,Correct
Strategy 5: Composite Adaptive Kinematic Segmenter (AdaptiveKinematic),rep_e586c2d87bca5883fe,vid_e2fbdd20b335321f,Left,Correct,287,382,3.166065999999999,78.4169921875,True,True,-35.0,2.0,1.2331120000000002,0.0,0.7196969696969697,Correct
Strategy 5: Composite Adaptive Kinematic Segmenter (AdaptiveKinematic),rep_4401202746b68b5331,vid_e2fbdd20b335321f,Right,Incorrect,382,468,2.8661340000000006,71.11182403564453,True,True,-35.0,8.0,1.4330659999999984,0.183441162109375,0.6666666666666666,Correct
Strategy 5: Composite Adaptive Kinematic Segmenter (AdaptiveKinematic),rep_44b1272fd8a9d6b943,vid_e2fbdd20b335321f,Left,Incorrect,468,576,3.599322000000001,59.48150634765625,True,True,-35.0,0.0,1.1664560000000002,0.0,0.7552447552447552,Incorrect
Strategy 5: Composite Adaptive Kinematic Segmenter (AdaptiveKinematic),rep_39093c9edb2675b1e2,vid_e2fbdd20b335321f,Right,Incorrect,576,651,2.4995329999999996,39.928382873535156,True,False,-12.0,1.0,0.43324499999999944,2.222198486328125,0.8522727272727273,Incorrect
Strategy 5: Composite Adaptive Kinematic Segmenter (AdaptiveKinematic),rep_4dc2ae4ad47611b5cf,vid_e2fbdd20b335321f,Left,Incorrect,651,762,3.699300000000001,52.3348388671875,True,False,-35.0,-94.0,-1.9662890000000033,-16.149215698242188,0.11643835616438356,Incorrect
Strategy 5: Composite Adaptive Kinematic Segmenter (AdaptiveKinematic),rep_6d5a12d97b49f35b0b,vid_6dbe8779159bce47,Right,Incorrect,56,258,3.365234,40.555519104003906,True,False,0.0,-27.0,-0.4498110000000004,0.0,0.8663366336633663,Incorrect
Strategy 5: Composite Adaptive Kinematic Segmenter (AdaptiveKinematic),rep_c39bf43c73a524fc03,vid_6dbe8779159bce47,Left,Correct,258,400,2.3656549999999994,57.80705261230469,True,False,-12.0,-25.0,-0.21657799999999927,-1.7005615234375,0.7597402597402597,Correct
Strategy 5: Composite Adaptive Kinematic Segmenter (AdaptiveKinematic),rep_3e2b0d854af171fe50,vid_6dbe8779159bce47,Right,Incorrect,400,534,2.2657000000000007,29.78864288330078,True,False,-35.0,19.0,0.8996119999999985,3.802520751953125,0.7127659574468085,Incorrect
Strategy 5: Composite Adaptive Kinematic Segmenter (AdaptiveKinematic),rep_f70d7f024f22be7f97,vid_6dbe8779159bce47,Left,Correct,534,700,2.7654889999999988,59.045814514160156,True,False,19.0,-17.0,-0.5997449999999986,0.0,0.7831325301204819,Correct
Strategy 5: Composite Adaptive Kinematic Segmenter (AdaptiveKinematic),rep_cde7ca96475dc38287,vid_6dbe8779159bce47,Right,Incorrect,700,840,2.332345,34.45862579345703,False,False,,,,,0.0,Missed
Strategy 5: Composite Adaptive Kinematic Segmenter (AdaptiveKinematic),rep_52ea159192f8fc5a18,vid_6dbe8779159bce47,Left,Incorrect,1632,1796,2.7321670000000005,56.93882751464844,True,False,0.0,-21.0,-0.3498560000000026,-3.79827880859375,0.8719512195121951,Incorrect
Strategy 5: Composite Adaptive Kinematic Segmenter (AdaptiveKinematic),rep_ffb088c184f9250a80,vid_6dbe8779159bce47,Left,Incorrect,1796,1948,2.5322560000000003,54.17510223388672,True,False,-9.0,-15.0,-0.09996700000000303,0.7239990234375,0.8509316770186336,Incorrect
Strategy 5: Composite Adaptive Kinematic Segmenter (AdaptiveKinematic),rep_ecc384666d3fc61013,vid_6dbe8779159bce47,Left,Incorrect,1948,2060,1.865865999999997,47.23687744140625,False,False,,,,,0.0,Missed
Strategy 5: Composite Adaptive Kinematic Segmenter (AdaptiveKinematic),rep_1f4a610c3defe53722,vid_03222b4845d8ef2c,Left,Incorrect,600,762,2.698856000000001,65.1882095336914,True,False,0.0,-6.0,-0.0999560000000006,0.0,0.9629629629629629,Incorrect
Strategy 5: Composite Adaptive Kinematic Segmenter (AdaptiveKinematic),rep_3175004fbb9db3a0f3,vid_03222b4845d8ef2c,Right,Incorrect,762,912,2.498932999999999,34.381736755371094,False,False,,,,,0.0,Missed
Strategy 5: Composite Adaptive Kinematic Segmenter (AdaptiveKinematic),rep_52a2c5c414944694f1,vid_03222b4845d8ef2c,Left,Incorrect,912,1056,2.3989780000000014,80.67830657958984,True,False,-35.0,1.0,0.5997559999999975,0.0,0.8,Incorrect
Strategy 5: Composite Adaptive Kinematic Segmenter (AdaptiveKinematic),rep_6d548704cfd01f491a,vid_03222b4845d8ef2c,Right,Incorrect,1056,1206,2.498943999999998,34.6033935546875,False,False,,,,,0.0,Missed
Strategy 5: Composite Adaptive Kinematic Segmenter (AdaptiveKinematic),rep_ac1e97d62d5c2b56a0,vid_03222b4845d8ef2c,Left,Incorrect,1206,1354,2.465600000000002,66.60511779785156,True,False,-35.0,-20.0,0.24991099999999733,0.0,0.6994535519125683,Incorrect
Strategy 5: Composite Adaptive Kinematic Segmenter (AdaptiveKinematic),rep_29323d0780eb56b21d,vid_03222b4845d8ef2c,Right,Incorrect,1354,1492,2.2990229999999983,37.51222229003906,False,False,,,,,0.0,Missed
Strategy 5: Composite Adaptive Kinematic Segmenter (AdaptiveKinematic),rep_59893c3e996fee9c34,vid_03222b4845d8ef2c,Left,Incorrect,1492,1600,1.799233000000001,59.928184509277344,True,False,-12.0,182.0,3.2319549999999992,9.168212890625,0.3576158940397351,Incorrect
Strategy 5: Composite Adaptive Kinematic Segmenter (AdaptiveKinematic),rep_2b168be9071d57530d,vid_03222b4845d8ef2c,Left,Incorrect,1766,1900,2.2323780000000006,69.95743560791016,True,True,-200.0,-4.0,3.2652769999999975,0.0,0.38922155688622756,Incorrect
Strategy 5: Composite Adaptive Kinematic Segmenter (AdaptiveKinematic),rep_6ccabad19ce4f7ab3f,vid_03222b4845d8ef2c,Left,Incorrect,2050,2200,2.498933000000001,61.90733337402344,True,False,-160.0,-10.0,2.4989440000000016,0.0,0.45161290322580644,Incorrect
Strategy 5: Composite Adaptive Kinematic Segmenter (AdaptiveKinematic),rep_db11ea7c1113500c85,vid_03222b4845d8ef2c,Right,Incorrect,2200,2350,2.4989339999999984,37.554100036621094,True,False,-20.0,-4.0,0.26655500000000387,0.0,0.8588235294117647,Incorrect
Strategy 5: Composite Adaptive Kinematic Segmenter (AdaptiveKinematic),rep_07b241628c6745b2c2,vid_762b204cd565ac52,Right,Correct,196,464,4.464755,60.240692138671875,True,False,69.0,-27.0,-1.599322,-4.394287109375,0.6417910447761194,Correct
Strategy 5: Composite Adaptive Kinematic Segmenter (AdaptiveKinematic),rep_45d0e83c2ac0045b55,vid_762b204cd565ac52,Left,Correct,464,600,2.2657,59.15412902832031,True,False,-22.0,-17.0,0.08330000000000037,4.5145416259765625,0.7531645569620253,Correct
Strategy 5: Composite Adaptive Kinematic Segmenter (AdaptiveKinematic),rep_74c3a7e79d3520b0b8,vid_762b204cd565ac52,Left,Correct,736,900,2.7321670000000005,62.707763671875,True,False,12.0,-18.0,-0.49979000000000084,-8.579330444335938,0.8170731707317073,Correct
Strategy 5: Composite Adaptive Kinematic Segmenter (AdaptiveKinematic),rep_497a451e0b4ab0dff3,vid_762b204cd565ac52,Left,Correct,1040,1150,1.8325560000000003,64.84867858886719,True,False,-142.0,177.0,5.314399000000002,7.668914794921875,0.2564102564102564,Incorrect
Strategy 5: Composite Adaptive Kinematic Segmenter (AdaptiveKinematic),rep_210c60fdf8d5448ec9,vid_762b204cd565ac52,Left,Correct,1324,1450,2.0991,69.20266723632812,True,True,-208.0,-10.0,3.298611000000001,0.0,0.3473053892215569,Incorrect
Strategy 5: Composite Adaptive Kinematic Segmenter (AdaptiveKinematic),rep_7600ddc1c7518532b0,vid_762b204cd565ac52,Left,Correct,1580,1700,1.9991559999999993,63.40735626220703,True,False,2.0,164.0,2.698844000000001,-3.28802490234375,0.4154929577464789,Incorrect
Strategy 5: Composite Adaptive Kinematic Segmenter (AdaptiveKinematic),rep_2b1b56fcdf686f87e9,vid_762b204cd565ac52,Left,Correct,1858,2000,2.365666000000001,58.57733917236328,True,True,-185.0,-8.0,2.9487220000000036,0.0,0.40978593272171254,Incorrect
Strategy 5: Composite Adaptive Kinematic Segmenter (AdaptiveKinematic),rep_5fefb43622c2eda5a6,vid_762b204cd565ac52,Left,Correct,2126,2282,2.5989000000000004,65.54315185546875,True,False,9.0,-7.0,-0.266567000000002,-7.3905487060546875,0.8974358974358975,Correct
Strategy 5: Composite Adaptive Kinematic Segmenter (AdaptiveKinematic),rep_3bd69e41cd57266903,vid_762b204cd565ac52,Right,Correct,2282,2426,2.3989779999999996,59.32371520996094,True,False,-35.0,-2.0,0.5497560000000021,-0.279815673828125,0.7932960893854749,Correct
Strategy 5: Composite Adaptive Kinematic Segmenter (AdaptiveKinematic),rep_d761ba3d8f066eef71,vid_a098f327a26fe877,Right,Correct,14,150,2.265711,60.33916473388672,True,False,0.0,-19.0,-0.31654400000000016,0.0,0.8602941176470589,Correct
Strategy 5: Composite Adaptive Kinematic Segmenter (AdaptiveKinematic),rep_2b4256b8b20205abf2,vid_a098f327a26fe877,Right,Correct,280,398,1.965833,65.12336730957031,True,False,-132.0,-1.0,2.1824010000000005,0.0,0.468,Correct
Strategy 5: Composite Adaptive Kinematic Segmenter (AdaptiveKinematic),rep_20525de896af3c2e51,vid_a098f327a26fe877,Left,Correct,398,520,2.0324670000000005,61.51835632324219,True,False,10.0,142.0,2.1990659999999984,12.270156860351562,0.42424242424242425,Incorrect
Strategy 5: Composite Adaptive Kinematic Segmenter (AdaptiveKinematic),rep_f5ef6c0161f1b2bb87,vid_a098f327a26fe877,Left,Correct,648,800,2.5322559999999985,81.14264678955078,True,True,26.0,-12.0,-0.6330559999999981,-7.979248046875,0.75,Correct
Strategy 5: Composite Adaptive Kinematic Segmenter (AdaptiveKinematic),rep_8cafe422282d959530,vid_a098f327a26fe877,Left,Correct,910,1078,2.7988,78.77212524414062,True,False,10.0,-29.0,-0.6497110000000017,-5.5848541259765625,0.7678571428571429,Correct
Strategy 5: Composite Adaptive Kinematic Segmenter (AdaptiveKinematic),rep_9b959c53711117bcab,vid_a098f327a26fe877,Right,Correct,1078,1184,1.7659109999999991,53.51085662841797,False,False,,,,,0.0,Missed
Strategy 5: Composite Adaptive Kinematic Segmenter (AdaptiveKinematic),rep_2d5fa419c6ca6c569a,vid_a098f327a26fe877,Right,Correct,1300,1464,2.7321670000000005,58.74418640136719,True,True,-143.0,12.0,2.582233000000002,0.0,0.5141065830721003,Correct
Strategy 5: Composite Adaptive Kinematic Segmenter (AdaptiveKinematic),rep_73da4dbfe62e87e2ac,vid_a098f327a26fe877,Left,Correct,1464,1614,2.4989329999999974,61.267364501953125,True,False,9.0,-14.0,-0.383154999999995,-1.761474609375,0.8466666666666667,Correct
Strategy 5: Composite Adaptive Kinematic Segmenter (AdaptiveKinematic),rep_89410eaac0367f3a17,vid_a098f327a26fe877,Right,Correct,1614,1750,2.2657000000000025,54.083534240722656,True,False,-7.0,-6.0,0.01666699999999821,0.0,0.9090909090909091,Correct
Strategy 5: Composite Adaptive Kinematic Segmenter (AdaptiveKinematic),rep_a9e0a6a7f11f1efc53,vid_a098f327a26fe877,Right,Correct,1888,2038,2.4989329999999974,66.53166198730469,True,True,-172.0,-18.0,2.565578000000002,0.0,0.40993788819875776,Correct
Strategy 5: Composite Adaptive Kinematic Segmenter (AdaptiveKinematic),rep_b652806afe1fe9072b,vid_a098f327a26fe877,Left,Correct,2038,2222,3.065367000000002,60.64844512939453,True,False,-10.0,-55.0,-0.7496890000000036,0.0,0.6649484536082474,Correct
Strategy 5: Composite Adaptive Kinematic Segmenter (AdaptiveKinematic),rep_36e091bfd9c6523606,vid_c63ebda7f39171bc,Right,Correct,18,200,3.0320329999999998,69.59673309326172,True,False,26.0,-19.0,-0.7496659999999999,-10.400192260742188,0.7527472527472527,Correct
Strategy 5: Composite Adaptive Kinematic Segmenter (AdaptiveKinematic),rep_946de87b024761fafe,vid_c63ebda7f39171bc,Left,Correct,200,330,2.1657450000000003,61.61109161376953,True,False,1.0,-1.0,-0.03331200000000045,-1.108642578125,0.9846153846153847,Correct
Strategy 5: Composite Adaptive Kinematic Segmenter (AdaptiveKinematic),rep_35e3d2cee2f75e3e22,vid_c63ebda7f39171bc,Right,Correct,330,480,2.498933,59.73322296142578,True,False,-22.0,-13.0,0.149934,-0.96600341796875,0.7965116279069767,Correct
Strategy 5: Composite Adaptive Kinematic Segmenter (AdaptiveKinematic),rep_2adad38065a30e32ca,vid_c63ebda7f39171bc,Right,Correct,626,770,2.3989779999999996,65.46955108642578,True,False,-161.0,-22.0,2.3156890000000008,0.335174560546875,0.4,Correct
Strategy 5: Composite Adaptive Kinematic Segmenter (AdaptiveKinematic),rep_ff671892c1724ab31e,vid_c63ebda7f39171bc,Left,Correct,770,880,1.8325440000000004,67.86956787109375,True,False,-12.0,-12.0,1.1999999999900979e-05,0.022125244140625,0.8032786885245902,Correct
Strategy 5: Composite Adaptive Kinematic Segmenter (AdaptiveKinematic),rep_bd8591da4c0c8237a0,vid_c63ebda7f39171bc,Left,Correct,1000,1150,2.498933000000001,67.6185302734375,True,False,17.0,-15.0,-0.533100000000001,-2.9626617431640625,0.7866666666666666,Correct
Strategy 5: Composite Adaptive Kinematic Segmenter (AdaptiveKinematic),rep_ad037e7a08fb6f68f3,vid_c63ebda7f39171bc,Right,Correct,1150,1284,2.2323780000000006,54.97315979003906,True,False,-10.0,9.0,0.31654399999999683,0.892791748046875,0.8758169934640523,Correct
Strategy 5: Composite Adaptive Kinematic Segmenter (AdaptiveKinematic),rep_192fcfc43111194ede,vid_c63ebda7f39171bc,Left,Correct,1284,1420,2.2657109999999996,58.23271179199219,True,False,6.0,-6.0,-0.19992199999999727,-1.330169677734375,0.9117647058823529,Correct
Strategy 5: Composite Adaptive Kinematic Segmenter (AdaptiveKinematic),rep_41d7f4014c8377557d,vid_c63ebda7f39171bc,Left,Correct,1554,1700,2.432299999999998,67.7708969116211,True,False,9.0,-8.0,-0.2832109999999979,-0.328948974609375,0.8835616438356164,Correct
Strategy 5: Composite Adaptive Kinematic Segmenter (AdaptiveKinematic),rep_d5a43d3ea2a3e2ae47,vid_c63ebda7f39171bc,Right,Correct,1700,1858,2.632200000000001,53.034568786621094,True,True,-30.0,-14.0,0.26656600000000097,-2.7433929443359375,0.7659574468085106,Correct
Strategy 5: Composite Adaptive Kinematic Segmenter (AdaptiveKinematic),rep_3a308bcf386c6a7ee0,vid_c63ebda7f39171bc,Left,Correct,1858,2022,2.732166000000003,61.59380340576172,True,False,4.0,-29.0,-0.5497550000000011,0.0,0.7987804878048781,Correct
Strategy 5: Composite Adaptive Kinematic Segmenter (AdaptiveKinematic),rep_2bca3e223f0ea212b4,vid_c63ebda7f39171bc,Right,Correct,2022,2150,2.1324229999999957,46.22734069824219,True,False,-12.0,-5.0,0.11661099999999891,0.9635772705078125,0.8785714285714286,Correct
Strategy 5: Composite Adaptive Kinematic Segmenter (AdaptiveKinematic),rep_6ba25eaa22a69f22ea,vid_4d1daeb09e2c1b0e,Right,Correct,42,200,2.632211,72.33282470703125,True,True,0.0,138.0,2.299022,0.0,0.5337837837837838,Incorrect
Strategy 5: Composite Adaptive Kinematic Segmenter (AdaptiveKinematic),rep_c47dfb83a60baa7049,vid_4d1daeb09e2c1b0e,Right,Correct,306,472,2.7654890000000005,58.33734130859375,True,True,31.0,10.0,-0.3498450000000002,0.0,0.7670454545454546,Correct
Strategy 5: Composite Adaptive Kinematic Segmenter (AdaptiveKinematic),rep_f6ac69e13453320ef3,vid_4d1daeb09e2c1b0e,Left,Correct,472,642,2.832133,64.23577117919922,True,False,23.0,-22.0,-0.7496890000000009,-0.889495849609375,0.7352941176470589,Correct
Strategy 5: Composite Adaptive Kinematic Segmenter (AdaptiveKinematic),rep_4fc424027655115822,vid_4d1daeb09e2c1b0e,Right,Correct,642,765,2.049123,55.7459716796875,True,False,-14.0,-6.0,0.1332880000000003,2.05657958984375,0.8540145985401459,Correct
Strategy 5: Composite Adaptive Kinematic Segmenter (AdaptiveKinematic),rep_11a1d40991198961f0,vid_4d1daeb09e2c1b0e,Right,Correct,900,1014,1.8991890000000016,51.54859924316406,True,False,-147.0,11.0,2.632211,0.0,0.41911764705882354,Correct
Strategy 5: Composite Adaptive Kinematic Segmenter (AdaptiveKinematic),rep_63276acd130a1a16ce,vid_4d1daeb09e2c1b0e,Left,Correct,1014,1140,2.0991,53.87982177734375,True,False,11.0,0.0,-0.18325600000000009,0.0,0.9126984126984127,Correct
Strategy 5: Composite Adaptive Kinematic Segmenter (AdaptiveKinematic),rep_b2360b4774599f8408,vid_4d1daeb09e2c1b0e,Left,Correct,1308,1434,2.0991,70.13851165771484,True,False,-182.0,-22.0,2.665533,-0.7347259521484375,0.33766233766233766,Incorrect
Strategy 5: Composite Adaptive Kinematic Segmenter (AdaptiveKinematic),rep_d8f0afe79b91d46b4e,vid_4d1daeb09e2c1b0e,Right,Correct,1434,1552,1.965833,48.69429016113281,True,False,-14.0,13.0,0.44979999999999976,4.2519683837890625,0.8137931034482758,Correct
Strategy 5: Composite Adaptive Kinematic Segmenter (AdaptiveKinematic),rep_0def6e3c339b9e5a3a,vid_4d1daeb09e2c1b0e,Left,Correct,1552,1700,2.4656229999999972,59.72649383544922,True,False,16.0,143.0,2.1157550000000036,1.7605133056640625,0.4536082474226804,Correct
Strategy 5: Composite Adaptive Kinematic Segmenter (AdaptiveKinematic),rep_3b63838c9199bc61e4,vid_4d1daeb09e2c1b0e,Left,Correct,1836,2012,2.9320769999999996,69.41483306884766,True,True,-168.0,-43.0,2.0824560000000005,0.0,0.3866279069767442,Correct
Strategy 5: Composite Adaptive Kinematic Segmenter (AdaptiveKinematic),rep_02baf361a41927f7e1,vid_a7e0a74bb2cacc23,Left,Incorrect,0,158,2.632211,77.03350830078125,True,False,11.0,-11.0,-0.36651100000000003,0.0,0.8607594936708861,Incorrect
Strategy 5: Composite Adaptive Kinematic Segmenter (AdaptiveKinematic),rep_443563c8a2fba0febe,vid_a7e0a74bb2cacc23,Right,Incorrect,342,450,1.799233,88.68563842773438,True,True,-216.0,-4.0,3.531823,0.0,0.32098765432098764,Incorrect
Strategy 5: Composite Adaptive Kinematic Segmenter (AdaptiveKinematic),rep_826841f39e9298f126,vid_a7e0a74bb2cacc23,Right,Incorrect,600,770,2.832134,105.333251953125,True,True,6.0,-14.0,-0.33320100000000075,-1.0123138427734375,0.8823529411764706,Correct
Strategy 5: Composite Adaptive Kinematic Segmenter (AdaptiveKinematic),rep_cd3eab9efb5a4c93d3,vid_a7e0a74bb2cacc23,Right,Incorrect,748,924,2.9320880000000002,108.35894012451172,True,True,34.0,5.0,-0.4831330000000005,-0.5498199462890625,0.7845303867403315,Incorrect
Strategy 5: Composite Adaptive Kinematic Segmenter (AdaptiveKinematic),rep_3138501c806e115527,vid_a7e0a74bb2cacc23,Right,Incorrect,924,1084,2.6655229999999985,87.3865737915039,True,True,26.0,12.0,-0.23322299999999885,0.0,0.7790697674418605,Incorrect
Strategy 5: Composite Adaptive Kinematic Segmenter (AdaptiveKinematic),rep_9b8cb4166cbacaada7,vid_a7e0a74bb2cacc23,Right,Incorrect,1084,1280,3.265277000000001,90.59229278564453,True,True,32.0,-10.0,-0.6997,0.0,0.7857142857142857,Incorrect
Strategy 5: Composite Adaptive Kinematic Segmenter (AdaptiveKinematic),rep_fd1259ada4de072a01,vid_a7e0a74bb2cacc23,Left,Incorrect,1384,1522,2.2990229999999983,73.44063568115234,True,False,-132.0,2.0,2.232377000000003,0.0,0.5073529411764706,Incorrect
Strategy 5: Composite Adaptive Kinematic Segmenter (AdaptiveKinematic),rep_dd74432211f9ffa5e1,vid_a7e0a74bb2cacc23,Left,Incorrect,1522,1658,2.2657000000000025,72.35511016845703,True,False,-35.0,8.0,0.7163550000000001,0.0,0.7597765363128491,Incorrect
Strategy 5: Composite Adaptive Kinematic Segmenter (AdaptiveKinematic),rep_91609c5df4bead6c69,vid_a7e0a74bb2cacc23,Left,Incorrect,1658,1814,2.598899999999997,80.06404876708984,True,False,-35.0,3.0,0.633066000000003,0.0,0.8041237113402062,Incorrect
Strategy 5: Composite Adaptive Kinematic Segmenter (AdaptiveKinematic),rep_a37330b43adea50a3e,vid_a7e0a74bb2cacc23,Left,Incorrect,1814,1954,2.3323329999999984,79.86317443847656,True,False,-35.0,6.0,0.6830439999999989,1.142608642578125,0.7734806629834254,Incorrect
Strategy 5: Composite Adaptive Kinematic Segmenter (AdaptiveKinematic),rep_4ad73d552251012434,vid_a7e0a74bb2cacc23,Left,Incorrect,1954,2094,2.332344000000006,69.58517456054688,False,False,,,,,0.0,Missed
Strategy 5: Composite Adaptive Kinematic Segmenter (AdaptiveKinematic),rep_fa168bf284d8c96c8f,vid_ac42199741c9c0c1,Left,Incorrect,10,120,1.832544,58.499359130859375,True,False,7.0,7.0,1.1999999999900979e-05,0.0,0.8803418803418803,Incorrect
Strategy 5: Composite Adaptive Kinematic Segmenter (AdaptiveKinematic),rep_acba12d05fb8cb1071,vid_ac42199741c9c0c1,Left,Incorrect,120,264,2.3989889999999994,50.28203582763672,True,True,19.0,-3.0,-0.36652299999999993,0.0,0.8472222222222222,Incorrect
Strategy 5: Composite Adaptive Kinematic Segmenter (AdaptiveKinematic),rep_fa63fb414a09fba399,vid_ac42199741c9c0c1,Left,Incorrect,264,416,2.5322450000000005,47.420738220214844,True,False,18.0,5.0,-0.21655600000000064,0.0,0.8535031847133758,Incorrect
Strategy 5: Composite Adaptive Kinematic Segmenter (AdaptiveKinematic),rep_8c2b0e419612f75982,vid_ac42199741c9c0c1,Left,Incorrect,416,592,2.9320779999999997,40.93870544433594,True,False,-35.0,-12.0,0.383166000000001,0.0,0.7772511848341233,Incorrect
Strategy 5: Composite Adaptive Kinematic Segmenter (AdaptiveKinematic),rep_60375464ef15bd70a9,vid_ac42199741c9c0c1,Right,Incorrect,700,850,2.4989220000000003,34.09703063964844,True,False,-142.0,11.0,2.5489230000000003,1.754852294921875,0.49504950495049505,Incorrect
Strategy 5: Composite Adaptive Kinematic Segmenter (AdaptiveKinematic),rep_8e0838c69b44e0e484,vid_ac42199741c9c0c1,Right,Incorrect,844,976,2.199066,26.505157470703125,True,False,-35.0,-115.0,-1.332777,3.4663238525390625,0.10179640718562874,Incorrect
Strategy 5: Composite Adaptive Kinematic Segmenter (AdaptiveKinematic),rep_a9527922a989ef766d,vid_ac42199741c9c0c1,Right,Incorrect,976,1100,2.065777999999998,38.71678924560547,True,False,-35.0,154.0,3.1486550000000033,7.7590789794921875,0.3961661341853035,Incorrect
Strategy 5: Composite Adaptive Kinematic Segmenter (AdaptiveKinematic),rep_7b675a687f7d9e628c,vid_ac42199741c9c0c1,Right,Incorrect,1238,1392,2.565578000000002,36.17973327636719,True,True,-172.0,-12.0,2.6655219999999993,1.0719451904296875,0.43558282208588955,Incorrect
Strategy 5: Composite Adaptive Kinematic Segmenter (AdaptiveKinematic),rep_88e19ee5be79751d7e,vid_8c19cbd3c181b15a,Left,Correct,8,120,1.865866,74.32585144042969,True,False,0.0,-9.0,-0.1499330000000001,-0.340118408203125,0.9196428571428571,Correct
Strategy 5: Composite Adaptive Kinematic Segmenter (AdaptiveKinematic),rep_e0083818482a4934d7,vid_8c19cbd3c181b15a,Left,Correct,246,400,2.5655659999999996,72.39736938476562,True,False,-128.0,-16.0,1.8658790000000005,0.0,0.48936170212765956,Correct
Strategy 5: Composite Adaptive Kinematic Segmenter (AdaptiveKinematic),rep_a1e37a6d86f9be1dbb,vid_8c19cbd3c181b15a,Left,Correct,524,640,1.9325109999999999,74.70513916015625,True,False,-125.0,10.0,2.2490440000000014,0.0,0.46215139442231074,Incorrect
Strategy 5: Composite Adaptive Kinematic Segmenter (AdaptiveKinematic),rep_051c9c524e3b73459a,vid_8c19cbd3c181b15a,Right,Correct,640,798,2.632211,54.788551330566406,True,False,-35.0,-8.0,0.44979999999999976,-1.6027679443359375,0.7772020725388601,Correct
Strategy 5: Composite Adaptive Kinematic Segmenter (AdaptiveKinematic),rep_d70a06a71c2b8e94b3,vid_8c19cbd3c181b15a,Right,Correct,798,960,2.6988450000000004,57.282691955566406,True,False,-35.0,-19.0,0.26656699999999844,0.09063720703125,0.7258883248730964,Correct
Strategy 5: Composite Adaptive Kinematic Segmenter (AdaptiveKinematic),rep_fd22cdda358387a39d,vid_8c19cbd3c181b15a,Right,Correct,960,1112,2.5322549999999993,55.07029724121094,True,False,8.0,-15.0,-0.3831780000000009,0.0,0.8486842105263158,Correct
Strategy 5: Composite Adaptive Kinematic Segmenter (AdaptiveKinematic),rep_7d900f8fa9436f8bcc,vid_8c19cbd3c181b15a,Right,Correct,1112,1220,1.799234000000002,50.12091827392578,True,False,-7.0,-8.0,-0.016645000000000465,0.0,0.8695652173913043,Correct
Strategy 5: Composite Adaptive Kinematic Segmenter (AdaptiveKinematic),rep_8c67fa02a8495509fc,vid_fd3e2ae78827f629,Left,Correct,4,100,1.599323,67.76876068115234,True,False,0.0,-2.0,-0.03332299999999999,-1.10955810546875,0.9791666666666666,Correct
Strategy 5: Composite Adaptive Kinematic Segmenter (AdaptiveKinematic),rep_82d242d849eeae0237,vid_fd3e2ae78827f629,Left,Correct,240,350,1.8325549999999997,76.53982543945312,True,True,-174.0,139.0,5.2144449999999996,2.335235595703125,0.26004728132387706,Incorrect
Strategy 5: Composite Adaptive Kinematic Segmenter (AdaptiveKinematic),rep_010c51d0b4570e895d,vid_fd3e2ae78827f629,Left,Correct,484,616,2.1990560000000006,77.71429443359375,True,True,-167.0,13.0,2.9987329999999988,0.0,0.4230769230769231,Incorrect
Strategy 5: Composite Adaptive Kinematic Segmenter (AdaptiveKinematic),rep_6d4759beadb7cb7930,vid_fd3e2ae78827f629,Right,Correct,616,750,2.232377999999999,57.219329833984375,True,True,-31.0,-4.0,0.4498110000000004,0.0,0.7878787878787878,Correct
Strategy 5: Composite Adaptive Kinematic Segmenter (AdaptiveKinematic),rep_725cbf72d2ac96e8be,vid_fd3e2ae78827f629,Right,Correct,860,1002,2.3656559999999995,51.097923278808594,True,True,13.0,-9.0,-0.36651200000000017,0.0,0.8450704225352113,Correct
Strategy 5: Composite Adaptive Kinematic Segmenter (AdaptiveKinematic),rep_b69516d1c1792753ff,vid_fd3e2ae78827f629,Right,Correct,1002,1140,2.299022000000001,54.530921936035156,True,False,-35.0,-2.0,0.5497669999999992,0.0,0.7861271676300579,Correct
Strategy 5: Composite Adaptive Kinematic Segmenter (AdaptiveKinematic),rep_c64a4599869d796b40,vid_4a4b044fd46cca10,Left,Correct,18,148,2.165744,74.06702423095703,True,False,0.0,-6.0,-0.09996600000000022,-1.2039642333984375,0.9538461538461539,Correct
Strategy 5: Composite Adaptive Kinematic Segmenter (AdaptiveKinematic),rep_dcdc4f2da30a32a6af,vid_4a4b044fd46cca10,Left,Correct,148,326,2.9653889999999996,76.76325988769531,True,False,0.0,-26.0,-0.43313299999999977,0.0,0.8539325842696629,Correct
Strategy 5: Composite Adaptive Kinematic Segmenter (AdaptiveKinematic),rep_a947b4bae2f945e240,vid_4a4b044fd46cca10,Left,Correct,326,476,2.498933,74.36543273925781,True,False,-5.0,-12.0,-0.11662200000000045,-0.1839447021484375,0.8903225806451613,Correct
Strategy 5: Composite Adaptive Kinematic Segmenter (AdaptiveKinematic),rep_e29f489f8bd9080007,vid_4a4b044fd46cca10,Left,Correct,476,620,2.3989889999999994,77.12065887451172,True,False,0.0,-14.0,-0.23323299999999847,0.0,0.9027777777777778,Correct
Strategy 5: Composite Adaptive Kinematic Segmenter (AdaptiveKinematic),rep_7b14ee7f1080746461,vid_4a4b044fd46cca10,Right,Correct,762,900,2.299021999999999,60.306396484375,True,True,12.0,-15.0,-0.4498110000000004,0.0,0.8043478260869565,Correct
Strategy 5: Composite Adaptive Kinematic Segmenter (AdaptiveKinematic),rep_e8bb0f69d30c556400,vid_4a4b044fd46cca10,Right,Correct,900,1050,2.498932999999999,58.98072052001953,True,False,-35.0,-34.0,0.016666999999999987,-1.7003631591796875,0.6270270270270271,Correct
Strategy 5: Composite Adaptive Kinematic Segmenter (AdaptiveKinematic),rep_c5eb98de0ecf39c224,vid_4a4b044fd46cca10,Right,Correct,1188,1300,1.8658660000000005,57.456939697265625,False,False,,,,,0.0,Missed
Strategy 5: Composite Adaptive Kinematic Segmenter (AdaptiveKinematic),rep_ebc5faa71293b08f88,vid_cccf82e3e7e7a94a,Right,Correct,104,336,3.865011,48.96642303466797,True,False,0.0,138.0,2.299022,0.0,0.6270270270270271,Incorrect
Strategy 5: Composite Adaptive Kinematic Segmenter (AdaptiveKinematic),rep_8e15f367084c47cc58,vid_cccf82e3e7e7a94a,Right,Correct,464,758,4.897911,50.97454071044922,True,True,-162.0,-15.0,2.448956000000001,0.0,0.6118421052631579,Incorrect
Strategy 5: Composite Adaptive Kinematic Segmenter (AdaptiveKinematic),rep_d869da055595c4deef,vid_cccf82e3e7e7a94a,Right,Correct,778,1000,3.6984229999999982,42.91249084472656,True,True,-33.0,81.0,1.8991880000000023,7.5228118896484375,0.6607142857142857,Incorrect
Strategy 5: Composite Adaptive Kinematic Segmenter (AdaptiveKinematic),rep_d6c78d6a173b7fff30,vid_cccf82e3e7e7a94a,Right,Correct,1066,1300,3.898333000000001,49.42823028564453,True,True,-100.0,-12.0,1.4660559999999982,-0.68548583984375,0.6646706586826348,Incorrect
Strategy 5: Composite Adaptive Kinematic Segmenter (AdaptiveKinematic),rep_9c84c6e808098ddddd,vid_cccf82e3e7e7a94a,Right,Correct,1336,1580,4.064944000000001,49.07532501220703,True,False,-53.0,-2.0,0.8496339999999982,2.5856781005859375,0.8148148148148148,Correct
Strategy 5: Composite Adaptive Kinematic Segmenter (AdaptiveKinematic),rep_f8dd7411e8827b9d89,vid_cccf82e3e7e7a94a,Right,Correct,1926,2130,3.3985559999999992,47.91027069091797,True,False,-380.0,-203.0,2.9487330000000007,-20.660545349121094,0.0017123287671232876,Incorrect
Strategy 5: Composite Adaptive Kinematic Segmenter (AdaptiveKinematic),rep_167d453a980a90ffb1,vid_cccf82e3e7e7a94a,Right,Correct,2184,2420,3.9316549999999992,51.947052001953125,True,False,-88.0,-50.0,0.6330450000000027,-3.2865753173828125,0.5740740740740741,Correct
Strategy 5: Composite Adaptive Kinematic Segmenter (AdaptiveKinematic),rep_0223c41078f59ba0c7,vid_cccf82e3e7e7a94a,Right,Correct,2450,2640,3.1653230000000008,48.35613250732422,True,False,-47.0,-24.0,0.38317700000000343,2.8961334228515625,0.70042194092827,Correct
Strategy 5: Composite Adaptive Kinematic Segmenter (AdaptiveKinematic),rep_6e23e4f49a60e42831,vid_871bc1a5b112709b,Left,Correct,48,244,3.2652769999999998,63.11292266845703,True,False,0.0,9.0,0.149934,0.0,0.9560975609756097,Correct
Strategy 5: Composite Adaptive Kinematic Segmenter (AdaptiveKinematic),rep_e2c3d0e2d2b5678e36,vid_871bc1a5b112709b,Left,Correct,244,488,4.064934000000001,59.53993225097656,True,False,33.0,11.0,-0.3665010000000013,-0.7737579345703125,0.8274509803921568,Correct
Strategy 5: Composite Adaptive Kinematic Segmenter (AdaptiveKinematic),rep_d0ff18f99d0f27f12c,vid_871bc1a5b112709b,Left,Correct,488,776,4.797955,62.78021240234375,True,False,38.0,-47.0,-1.4160660000000007,-3.053253173828125,0.7048611111111112,Correct
Strategy 5: Composite Adaptive Kinematic Segmenter (AdaptiveKinematic),rep_f90d8c60da13e3f372,vid_871bc1a5b112709b,Left,Correct,776,964,3.131988999999999,58.573585510253906,True,False,-15.0,7.0,0.3665110000000009,0.0,0.8952380952380953,Correct
Strategy 5: Composite Adaptive Kinematic Segmenter (AdaptiveKinematic),rep_7a9e2557829a90b7e0,vid_871bc1a5b112709b,Left,Correct,964,1250,4.764645000000002,58.208412170410156,True,False,51.0,-29.0,-1.3327789999999986,-3.8348541259765625,0.7202797202797203,Correct
Strategy 5: Composite Adaptive Kinematic Segmenter (AdaptiveKinematic),rep_d0b67e69c0399de83d,vid_871bc1a5b112709b,Left,Correct,1280,1468,3.131989000000001,65.23128509521484,True,False,-47.0,5.0,0.866299999999999,0.0,0.7833333333333333,Correct
Strategy 5: Composite Adaptive Kinematic Segmenter (AdaptiveKinematic),rep_9210747dded1234c01,vid_871bc1a5b112709b,Left,Correct,1468,1740,4.531399999999998,64.58910369873047,True,False,53.0,16.0,-0.6164109999999994,-5.2001800537109375,0.7604166666666666,Correct
Strategy 5: Composite Adaptive Kinematic Segmenter (AdaptiveKinematic),rep_c3ae4bbb70cbada492,vid_871bc1a5b112709b,Left,Correct,1740,1976,3.931667000000001,63.57733154296875,True,True,42.0,15.0,-0.4498219999999975,-1.5466156005859375,0.7729083665338645,Correct
Strategy 5: Composite Adaptive Kinematic Segmenter (AdaptiveKinematic),rep_f3526932ce290edab5,vid_871bc1a5b112709b,Left,Correct,1976,2250,4.564711000000003,65.42412567138672,True,True,46.0,-34.0,-1.3327440000000053,-0.798431396484375,0.708029197080292,Correct
Strategy 5: Composite Adaptive Kinematic Segmenter (AdaptiveKinematic),rep_d16b4c22ff4fca8332,vid_871bc1a5b112709b,Left,Correct,2278,2428,2.498933000000001,59.5478515625,False,False,,,,,0.0,Missed
Strategy 5: Composite Adaptive Kinematic Segmenter (AdaptiveKinematic),rep_2a706f670399059ddc,vid_0c264aade3d23621,Left,Correct,3300,3458,2.632210999999998,62.931732177734375,False,False,,,,,0.0,Missed
Strategy 5: Composite Adaptive Kinematic Segmenter (AdaptiveKinematic),rep_d7af2020d057934d50,vid_5ecd6a78f9f6d143,Right,Incorrect,4,280,4.598034,53.12738800048828,False,False,,,,,0.0,Missed
Strategy 5: Composite Adaptive Kinematic Segmenter (AdaptiveKinematic),rep_abd2c8c804430edc55,vid_5ecd6a78f9f6d143,Right,Incorrect,280,600,5.331054999999999,41.16278076171875,True,False,-35.0,-223.0,-3.1319879999999998,-9.196296691894531,0.27323943661971833,Incorrect
Strategy 5: Composite Adaptive Kinematic Segmenter (AdaptiveKinematic),rep_9aae73a476f0e1ecb0,vid_5ecd6a78f9f6d143,Right,Incorrect,560,856,4.931222,43.35914611816406,True,False,-35.0,430.0,7.7467109999999995,0.0,0.38896189224704336,Incorrect
Strategy 5: Composite Adaptive Kinematic Segmenter (AdaptiveKinematic),rep_a614111ef20922f016,vid_5ecd6a78f9f6d143,Right,Incorrect,1270,1600,5.497655999999999,38.33307647705078,True,True,-448.0,35.0,8.046566000000002,1.400543212890625,0.4059040590405904,Incorrect
Strategy 5: Composite Adaptive Kinematic Segmenter (AdaptiveKinematic),rep_c39d5255ec18bcee57,vid_5ecd6a78f9f6d143,Right,Incorrect,1630,1880,4.164888999999999,38.34461212158203,True,False,-64.0,-20.0,0.7330220000000018,0.0,0.732484076433121,Incorrect
Strategy 5: Composite Adaptive Kinematic Segmenter (AdaptiveKinematic),rep_b5df2f9774dcb2df9c,vid_5ecd6a78f9f6d143,Right,Incorrect,1900,2150,4.164888999999999,37.31422424316406,False,False,,,,,0.0,Missed
Strategy 5: Composite Adaptive Kinematic Segmenter (AdaptiveKinematic),rep_723e60d2b4c013afb1,vid_5ecd6a78f9f6d143,Right,Incorrect,2186,2400,3.565133000000003,53.007476806640625,True,True,96.0,-10.0,-1.7658990000000045,-7.872779846191406,0.5046728971962616,Incorrect
Strategy 5: Composite Adaptive Kinematic Segmenter (AdaptiveKinematic),rep_35b4b0fac466afddb0,vid_5ecd6a78f9f6d143,Right,Incorrect,2470,2700,3.831700000000005,60.10179138183594,True,False,-104.0,-7.0,1.6159669999999906,-4.2142181396484375,0.6676646706586826,Incorrect
Strategy 5: Composite Adaptive Kinematic Segmenter (AdaptiveKinematic),rep_27863e57422bec0cd1,vid_e61ec8fb945f06ad,Left,Incorrect,100,430,5.497655,59.14595031738281,True,False,0.0,-5.0,-0.08329999999999949,0.0,0.9848484848484849,Incorrect
Strategy 5: Composite Adaptive Kinematic Segmenter (AdaptiveKinematic),rep_2f16162b29e51e2f78,vid_e61ec8fb945f06ad,Left,Incorrect,622,898,4.598032999999999,67.97067260742188,True,False,-226.0,-8.0,3.6317890000000013,0.0,0.5338645418326693,Incorrect
Strategy 5: Composite Adaptive Kinematic Segmenter (AdaptiveKinematic),rep_6d7e4cbc3b8ce62f45,vid_e61ec8fb945f06ad,Left,Incorrect,898,1200,5.031189000000001,60.14830017089844,True,False,-1.0,-72.0,-1.1828330000000005,0.0,0.759075907590759,Incorrect
Strategy 5: Composite Adaptive Kinematic Segmenter (AdaptiveKinematic),rep_b1d03d4854933c563f,vid_e61ec8fb945f06ad,Left,Incorrect,1200,1400,3.331910999999998,43.87770080566406,True,False,15.0,-14.0,-0.48312199999999805,-2.2769012451171875,0.855,Incorrect
Strategy 5: Composite Adaptive Kinematic Segmenter (AdaptiveKinematic),rep_7501569b908e793d35,vid_e61ec8fb945f06ad,Left,Incorrect,1688,2000,5.197789,66.82950592041016,True,False,-322.0,-20.0,5.031177000000003,0.0,0.4605678233438486,Incorrect
Strategy 5: Composite Adaptive Kinematic Segmenter (AdaptiveKinematic),rep_7e51865d23f0a47ccb,vid_e61ec8fb945f06ad,Left,Incorrect,2500,2768,4.464767000000002,62.50141143798828,True,False,-516.0,-5.0,8.513032999999993,3.016387939453125,0.3354591836734694,Incorrect
Strategy 5: Composite Adaptive Kinematic Segmenter (AdaptiveKinematic),rep_66de1799390f52427b,vid_ffec5a0821a6c480,Right,Correct,22,206,3.065356,77.87207794189453,True,False,6.0,-6.0,-0.19992300000000007,-1.569671630859375,0.9347826086956522,Correct
Strategy 5: Composite Adaptive Kinematic Segmenter (AdaptiveKinematic),rep_553468c167c3d10264,vid_ffec5a0821a6c480,Right,Correct,206,370,2.7321769999999996,84.06062316894531,True,False,9.0,-3.0,-0.1999209999999998,0.0,0.926829268292683,Correct
Strategy 5: Composite Adaptive Kinematic Segmenter (AdaptiveKinematic),rep_83421d321828b69e6d,vid_ffec5a0821a6c480,Right,Correct,370,562,3.1986230000000004,88.92203521728516,True,False,14.0,-3.0,-0.2832119999999998,-8.940505981445312,0.9114583333333334,Correct
Strategy 5: Composite Adaptive Kinematic Segmenter (AdaptiveKinematic),rep_5e045c199c05e4d1f5,vid_ffec5a0821a6c480,Right,Correct,562,780,3.6318,85.58522033691406,True,False,25.0,-25.0,-0.8329890000000013,-10.036697387695312,0.7706422018348624,Correct
Strategy 5: Composite Adaptive Kinematic Segmenter (AdaptiveKinematic),rep_2a229748fc8b8dea38,vid_ffec5a0821a6c480,Right,Correct,780,938,2.632211,81.46302795410156,True,False,-12.0,-10.0,0.033322999999999325,5.4160003662109375,0.8705882352941177,Correct
Strategy 5: Composite Adaptive Kinematic Segmenter (AdaptiveKinematic),rep_ce3bc79cff8137bdbc,vid_ffec5a0821a6c480,Right,Correct,938,1146,3.465178,92.22492980957031,True,False,12.0,-22.0,-0.5664119999999997,-10.067901611328125,0.8365384615384616,Correct
Strategy 5: Composite Adaptive Kinematic Segmenter (AdaptiveKinematic),rep_911557ec2316444144,vid_ffec5a0821a6c480,Right,Correct,1146,1344,3.2985879999999987,89.24870300292969,True,False,-3.0,-26.0,-0.3831549999999986,-5.3179168701171875,0.8557213930348259,Correct
Strategy 5: Composite Adaptive Kinematic Segmenter (AdaptiveKinematic),rep_ed5503be0ec8ad904f,vid_ffec5a0821a6c480,Right,Correct,1344,1534,3.1653340000000014,94.31558227539062,True,False,1.0,-30.0,-0.5164670000000022,-0.7843170166015625,0.8368421052631579,Incorrect
Strategy 5: Composite Adaptive Kinematic Segmenter (AdaptiveKinematic),rep_058f4e9eb34097e9af,vid_ffec5a0821a6c480,Right,Correct,1534,1720,3.0986779999999996,79.7106704711914,True,False,-3.0,-23.0,-0.3331780000000002,1.6720428466796875,0.8624338624338624,Correct
Strategy 5: Composite Adaptive Kinematic Segmenter (AdaptiveKinematic),rep_0950635c9107f00107,vid_ffec5a0821a6c480,Right,Correct,1720,1904,3.0653550000000003,80.80406188964844,True,False,-1.0,-21.0,-0.33318800000000337,0.0,0.8810810810810811,Correct
Strategy 5: Composite Adaptive Kinematic Segmenter (AdaptiveKinematic),rep_e680b771aee91835f2,vid_ffec5a0821a6c480,Right,Correct,1904,2074,2.8321219999999983,77.88021850585938,True,False,-5.0,-14.0,-0.1499329999999972,0.4196624755859375,0.8914285714285715,Correct
Strategy 5: Composite Adaptive Kinematic Segmenter (AdaptiveKinematic),rep_abfde45ee3011ded28,vid_ffec5a0821a6c480,Right,Correct,2074,2270,3.265278000000002,76.04534149169922,True,False,11.0,-19.0,-0.4997889999999998,-0.030029296875,0.8469387755102041,Correct
Strategy 5: Composite Adaptive Kinematic Segmenter (AdaptiveKinematic),rep_c9d185afbd34a49b2a,vid_ffec5a0821a6c480,Right,Correct,2270,2440,2.8321219999999983,78.6700668334961,True,False,1.0,-5.0,-0.09995599999999882,0.0,0.9647058823529412,Correct
Strategy 5: Composite Adaptive Kinematic Segmenter (AdaptiveKinematic),rep_e69932267095995434,vid_bbc5006a077ac6b1,Left,Correct,4,166,2.698856,83.46768951416016,True,False,0.0,-10.0,-0.1666000000000003,-2.4304656982421875,0.9382716049382716,Correct
Strategy 5: Composite Adaptive Kinematic Segmenter (AdaptiveKinematic),rep_dbbca0e9e8f0d1f5a2,vid_bbc5006a077ac6b1,Left,Correct,166,332,2.765489,84.40599060058594,True,False,17.0,-1.0,-0.2998780000000001,0.0,0.891566265060241,Correct
Strategy 5: Composite Adaptive Kinematic Segmenter (AdaptiveKinematic),rep_75e0f4a0f4886840c9,vid_bbc5006a077ac6b1,Left,Correct,332,514,3.0320329999999993,83.92337799072266,True,False,15.0,-4.0,-0.3165219999999991,-3.747161865234375,0.8956043956043956,Correct
Strategy 5: Composite Adaptive Kinematic Segmenter (AdaptiveKinematic),rep_84528959491488725c,vid_bbc5006a077ac6b1,Left,Correct,514,696,3.032045,73.45806884765625,True,False,24.0,-5.0,-0.48312199999999983,-1.3760223388671875,0.8406593406593407,Correct
Strategy 5: Composite Adaptive Kinematic Segmenter (AdaptiveKinematic),rep_b0b26366e45af54e18,vid_bbc5006a077ac6b1,Left,Correct,696,870,2.898766,76.31904602050781,True,False,21.0,-13.0,-0.5664220000000011,-0.5778350830078125,0.8045977011494253,Correct
Strategy 5: Composite Adaptive Kinematic Segmenter (AdaptiveKinematic),rep_eea76f3ce16712ba34,vid_bbc5006a077ac6b1,Left,Correct,1040,1222,3.0320339999999995,82.22076416015625,True,False,7.0,-23.0,-0.4997790000000002,-9.649887084960938,0.8351648351648352,Correct
Strategy 5: Composite Adaptive Kinematic Segmenter (AdaptiveKinematic),rep_6f6457b2c6082aad4b,vid_bbc5006a077ac6b1,Left,Correct,1222,1374,2.5322549999999993,74.64134216308594,True,False,-1.0,0.0,0.01665599999999756,0.175689697265625,0.9934640522875817,Correct
Strategy 5: Composite Adaptive Kinematic Segmenter (AdaptiveKinematic),rep_96e0f2de75f010a545,vid_bbc5006a077ac6b1,Left,Correct,1374,1556,3.032045,93.45993041992188,True,False,30.0,-14.0,-0.733034,-14.95343017578125,0.7582417582417582,Correct
Strategy 5: Composite Adaptive Kinematic Segmenter (AdaptiveKinematic),rep_d4f184058e742c55a8,vid_bbc5006a077ac6b1,Left,Correct,1556,1696,2.3323440000000026,87.40031433105469,True,False,-1.0,0.0,0.01665599999999756,0.0,0.9929078014184397,Correct
Strategy 5: Composite Adaptive Kinematic Segmenter (AdaptiveKinematic),rep_a7b16cdf5f9c7677ca,vid_bbc5006a077ac6b1,Left,Correct,1696,1906,3.4985,81.72892761230469,True,False,21.0,-48.0,-1.1495110000000004,-4.0787811279296875,0.6714285714285714,Correct
Strategy 5: Composite Adaptive Kinematic Segmenter (AdaptiveKinematic),rep_aee0a429a21693a253,vid_aa01d8740a74fd7d,Right,Incorrect,14,168,2.565567,67.05715942382812,True,False,2.0,139.0,2.2823550000000004,-2.358062744140625,0.5187713310580204,Correct
Strategy 5: Composite Adaptive Kinematic Segmenter (AdaptiveKinematic),rep_4a38d28ad2708bf974,vid_aa01d8740a74fd7d,Right,Incorrect,300,458,2.6322,46.190223693847656,True,True,39.0,2.0,-0.6164000000000005,0.0,0.74375,Incorrect
Strategy 5: Composite Adaptive Kinematic Segmenter (AdaptiveKinematic),rep_1c63cefc535235092e,vid_aa01d8740a74fd7d,Right,Incorrect,458,644,3.0986780000000005,58.59111022949219,True,False,32.0,-25.0,-0.9495999999999993,-2.3933868408203125,0.6935483870967742,Incorrect
Strategy 5: Composite Adaptive Kinematic Segmenter (AdaptiveKinematic),rep_79c5c294b8bda9221b,vid_aa01d8740a74fd7d,Right,Incorrect,644,760,1.9325109999999999,63.06793975830078,True,False,-7.0,9.0,0.2665449999999989,1.5733184814453125,0.8787878787878788,Incorrect
Strategy 5: Composite Adaptive Kinematic Segmenter (AdaptiveKinematic),rep_cec13eefff34409cdb,vid_aa01d8740a74fd7d,Right,Incorrect,760,938,2.9654109999999996,71.98680877685547,True,False,30.0,-13.0,-0.7163550000000001,-3.9074859619140625,0.7584269662921348,Correct
Strategy 5: Composite Adaptive Kinematic Segmenter (AdaptiveKinematic),rep_6e34e000e401e92ab6,vid_aa01d8740a74fd7d,Right,Incorrect,938,1074,2.265689,78.12557220458984,True,False,9.0,5.0,-0.06662199999999885,0.0,0.900709219858156,Incorrect
Strategy 5: Composite Adaptive Kinematic Segmenter (AdaptiveKinematic),rep_865eff11a82c98aff9,vid_aa01d8740a74fd7d,Right,Incorrect,1074,1216,2.3656550000000003,85.9810562133789,True,False,11.0,8.0,-0.04998799999999903,-5.78900146484375,0.8733333333333333,Incorrect
Strategy 5: Composite Adaptive Kinematic Segmenter (AdaptiveKinematic),rep_834edc610f0edab7bf,vid_aa01d8740a74fd7d,Right,Incorrect,1216,1380,2.732178000000001,89.93326568603516,True,False,27.0,-13.0,-0.6663890000000023,0.0,0.7560975609756098,Incorrect
Strategy 5: Composite Adaptive Kinematic Segmenter (AdaptiveKinematic),rep_cddfc02155f1821b8f,vid_33cbe5f84565bf3d,Left,Incorrect,150,312,2.6988339999999997,87.81593322753906,True,False,2.0,-17.0,-0.3165119999999999,0.0,0.8827160493827161,Incorrect
Strategy 5: Composite Adaptive Kinematic Segmenter (AdaptiveKinematic),rep_ee7d1d18c368991ac9,vid_33cbe5f84565bf3d,Left,Incorrect,312,458,2.4323000000000006,79.06489562988281,True,False,-6.0,-11.0,-0.08330000000000037,0.0,0.8881578947368421,Incorrect
Strategy 5: Composite Adaptive Kinematic Segmenter (AdaptiveKinematic),rep_d5d4d4a1e507d6b680,vid_33cbe5f84565bf3d,Left,Incorrect,458,602,2.3989780000000005,77.85338592529297,True,False,-2.0,-18.0,-0.26655600000000135,-1.036895751953125,0.863013698630137,Incorrect
Strategy 5: Composite Adaptive Kinematic Segmenter (AdaptiveKinematic),rep_022ebf6bb664f09d61,vid_33cbe5f84565bf3d,Left,Incorrect,602,732,2.165744,64.97191619873047,True,False,-4.0,-10.0,-0.09996600000000022,-0.044708251953125,0.8955223880597015,Incorrect
Strategy 5: Composite Adaptive Kinematic Segmenter (AdaptiveKinematic),rep_1469f4f4fb01f19d72,vid_33cbe5f84565bf3d,Left,Incorrect,732,884,2.5322559999999985,72.45282745361328,True,False,9.0,-10.0,-0.31653299999999795,-0.3241424560546875,0.875,Incorrect
Strategy 5: Composite Adaptive Kinematic Segmenter (AdaptiveKinematic),rep_19561ede8233796b10,vid_33cbe5f84565bf3d,Left,Incorrect,884,1048,2.732166000000001,67.79161071777344,True,False,9.0,-16.0,-0.4164880000000011,-0.248626708984375,0.8475609756097561,Incorrect
Strategy 5: Composite Adaptive Kinematic Segmenter (AdaptiveKinematic),rep_f4b3097cc669548327,vid_33cbe5f84565bf3d,Left,Incorrect,1048,1192,2.3989779999999996,71.62430572509766,True,False,1.0,-7.0,-0.13327799999999712,-0.3520355224609375,0.9444444444444444,Incorrect
Strategy 5: Composite Adaptive Kinematic Segmenter (AdaptiveKinematic),rep_e1b6add5088147c3ba,vid_33cbe5f84565bf3d,Left,Incorrect,1192,1376,3.0653560000000013,61.512664794921875,True,False,24.0,-37.0,-1.0162220000000026,-4.6202545166015625,0.6684782608695652,Incorrect
Strategy 5: Composite Adaptive Kinematic Segmenter (AdaptiveKinematic),rep_d17ae39eb23db00ffb,vid_33cbe5f84565bf3d,Left,Incorrect,1376,1524,2.4656219999999998,57.59546661376953,True,False,-3.0,-12.0,-0.14994399999999786,-3.227264404296875,0.9006622516556292,Incorrect
Strategy 5: Composite Adaptive Kinematic Segmenter (AdaptiveKinematic),rep_b7b00586fe8bd0f1b6,vid_33cbe5f84565bf3d,Left,Correct,1524,1714,3.1653219999999997,69.32232666015625,True,False,12.0,-36.0,-0.7996669999999995,-3.2140045166015625,0.7473684210526316,Correct
Strategy 5: Composite Adaptive Kinematic Segmenter (AdaptiveKinematic),rep_ad33ca17f825154427,vid_33cbe5f84565bf3d,Left,Incorrect,1714,1868,2.565566999999998,67.87073516845703,True,False,6.0,-18.0,-0.3998229999999978,-7.532470703125,0.8441558441558441,Incorrect
Strategy 5: Composite Adaptive Kinematic Segmenter (AdaptiveKinematic),rep_44118ed2737a68ce85,vid_33cbe5f84565bf3d,Left,Correct,1868,2042,2.898766000000002,82.07086944580078,True,False,1.0,-18.0,-0.31653200000000226,0.0,0.8908045977011494,Correct
Strategy 5: Composite Adaptive Kinematic Segmenter (AdaptiveKinematic),rep_597f9b9e8bf941e18e,vid_33cbe5f84565bf3d,Left,Incorrect,2042,2208,2.7654890000000023,51.410430908203125,True,False,12.0,-20.0,-0.5331110000000052,-4.0417022705078125,0.8072289156626506,Incorrect
Strategy 5: Composite Adaptive Kinematic Segmenter (AdaptiveKinematic),rep_adb80c25b2c9d425f3,vid_3e2129fa15608b04,Right,Correct,8,75,2.232911,75.63137817382812,True,False,0.0,11.0,0.36660000000000004,0.477874755859375,0.8589743589743589,Correct
Strategy 5: Composite Adaptive Kinematic Segmenter (AdaptiveKinematic),rep_554e3ad8208e7b637c,vid_3e2129fa15608b04,Right,Correct,75,171,3.1994000000000002,65.98851013183594,True,True,-35.0,-3.0,1.0664780000000005,5.2061920166015625,0.7099236641221374,Incorrect
Strategy 5: Composite Adaptive Kinematic Segmenter (AdaptiveKinematic),rep_da2f0010908c6eb032,vid_3e2129fa15608b04,Right,Correct,171,247,2.5328669999999995,75.14218139648438,True,True,-35.0,4.0,1.2997550000000002,0.0,0.6608695652173913,Correct
Strategy 5: Composite Adaptive Kinematic Segmenter (AdaptiveKinematic),rep_0d63cb249dcc0744ef,vid_3e2129fa15608b04,Right,Correct,247,319,2.3995440000000006,73.4324951171875,True,True,-35.0,12.0,1.5663789999999995,1.709686279296875,0.6050420168067226,Incorrect
Strategy 5: Composite Adaptive Kinematic Segmenter (AdaptiveKinematic),rep_4dfea2f3fd5ac8b257,vid_3e2129fa15608b04,Right,Correct,319,397,2.599511999999999,76.29458618164062,True,True,-35.0,6.0,1.3664210000000008,0.1148834228515625,0.6554621848739496,Correct
Strategy 5: Composite Adaptive Kinematic Segmenter (AdaptiveKinematic),rep_78a0d12479541b9d88,vid_3e2129fa15608b04,Right,Correct,397,473,2.5328550000000014,69.72894287109375,True,True,-35.0,9.0,1.4663900000000005,6.0352020263671875,0.6333333333333333,Correct
Strategy 5: Composite Adaptive Kinematic Segmenter (AdaptiveKinematic),rep_b3645da62bbd2d427a,vid_3e2129fa15608b04,Right,Correct,473,540,2.232910999999998,75.17659759521484,True,True,-35.0,10.0,1.4997220000000002,0.2158355712890625,0.5982142857142857,Correct
Strategy 5: Composite Adaptive Kinematic Segmenter (AdaptiveKinematic),rep_7abe4e1b8bc95b4c35,vid_3e2129fa15608b04,Right,Correct,540,600,1.9996340000000004,70.50637817382812,True,True,-35.0,90.0,4.165876999999998,4.886054992675781,0.32432432432432434,Incorrect
Strategy 5: Composite Adaptive Kinematic Segmenter (AdaptiveKinematic),rep_6c538cb001cf283488,vid_3e2129fa15608b04,Right,Correct,675,753,2.5995220000000003,73.44422912597656,True,True,-109.0,5.0,3.7992779999999975,0.0,0.40625,Incorrect
Strategy 5: Composite Adaptive Kinematic Segmenter (AdaptiveKinematic),rep_86bf49a3e75df22620,vid_3e2129fa15608b04,Right,Correct,753,825,2.399543999999999,72.9620361328125,True,False,-35.0,-67.0,-1.0664669999999994,-2.6581954956054688,0.04672897196261682,Correct
Strategy 5: Composite Adaptive Kinematic Segmenter (AdaptiveKinematic),rep_4cf117e3f09fd04811,vid_dd4079cefb8f35d3,Left,Correct,2,80,2.5995,85.89940643310547,True,False,0.0,4.0,0.13332200000000016,0.0,0.9512195121951219,Correct
Strategy 5: Composite Adaptive Kinematic Segmenter (AdaptiveKinematic),rep_000b3a49ed66a26cd4,vid_dd4079cefb8f35d3,Left,Correct,80,159,2.632855,82.37753295898438,True,True,-35.0,8.0,1.4330559999999997,0.988128662109375,0.6475409836065574,Correct
Strategy 5: Composite Adaptive Kinematic Segmenter (AdaptiveKinematic),rep_f7b25824c180b3b99e,vid_dd4079cefb8f35d3,Left,Correct,159,244,2.8328000000000007,83.5676498413086,True,True,-35.0,-1.0,1.1331219999999993,0.0,0.7,Correct
Strategy 5: Composite Adaptive Kinematic Segmenter (AdaptiveKinematic),rep_cc4d004af51869c14f,vid_dd4079cefb8f35d3,Left,Correct,244,328,2.799477999999999,88.06177520751953,True,False,-13.0,4.0,0.566555000000001,0.3956146240234375,0.8316831683168316,Correct
Strategy 5: Composite Adaptive Kinematic Segmenter (AdaptiveKinematic),rep_47c05630bd12f93580,vid_dd4079cefb8f35d3,Left,Correct,328,400,2.3995440000000006,78.2359848022461,True,True,-35.0,102.0,4.565811999999999,5.478187561035156,0.3444976076555024,Incorrect
Strategy 5: Composite Adaptive Kinematic Segmenter (AdaptiveKinematic),rep_f0c351e2ed0c752d12,vid_dd4079cefb8f35d3,Left,Correct,487,565,2.5995109999999997,79.48004913330078,True,True,-121.0,6.0,4.232545,0.0,0.3804878048780488,Incorrect
Strategy 5: Composite Adaptive Kinematic Segmenter (AdaptiveKinematic),rep_55f1cf4d132e297fa8,vid_dd4079cefb8f35d3,Left,Correct,565,634,2.2995669999999997,80.68399047851562,True,True,-35.0,11.0,1.533055000000001,0.2150421142578125,0.6,Correct
Strategy 5: Composite Adaptive Kinematic Segmenter (AdaptiveKinematic),rep_32b7ca8fa017f2f360,vid_dd4079cefb8f35d3,Left,Correct,634,717,2.7661550000000013,80.02501678466797,True,True,-35.0,9.0,1.4663900000000005,0.0,0.6535433070866141,Incorrect
Strategy 5: Composite Adaptive Kinematic Segmenter (AdaptiveKinematic),rep_64a8bb8f3fdd8ff2de,vid_dd4079cefb8f35d3,Left,Correct,717,787,2.3328999999999986,76.01199340820312,True,True,-35.0,13.0,1.5996780000000008,0.859649658203125,0.5932203389830508,Incorrect
Strategy 5: Composite Adaptive Kinematic Segmenter (AdaptiveKinematic),rep_a311f440abd3b3b9f6,vid_dd4079cefb8f35d3,Left,Correct,787,867,2.6661670000000015,77.11234283447266,True,False,-35.0,-67.0,-1.066478,-1.2418899536132812,0.11304347826086956,Incorrect
Strategy 5: Composite Adaptive Kinematic Segmenter (AdaptiveKinematic),rep_709aefa59abbdda681,vid_2f993d44fd54187e,Right,Incorrect,3,105,3.3993659999999997,68.29119110107422,True,False,0.0,7.0,0.23328900000000008,0.0,0.9357798165137615,Correct
Strategy 5: Composite Adaptive Kinematic Segmenter (AdaptiveKinematic),rep_c76e4661561c2feeb0,vid_2f993d44fd54187e,Right,Incorrect,105,190,2.8328120000000006,65.64797973632812,True,True,-35.0,1.0,1.1997660000000003,0.2195281982421875,0.7024793388429752,Incorrect
Strategy 5: Composite Adaptive Kinematic Segmenter (AdaptiveKinematic),rep_215b169aee5b06c4cb,vid_2f993d44fd54187e,Right,Incorrect,190,268,2.5995,54.445159912109375,True,False,-9.0,9.0,0.599899999999999,1.0099945068359375,0.8125,Incorrect
Strategy 5: Composite Adaptive Kinematic Segmenter (AdaptiveKinematic),rep_e1ba0ca673273d816e,vid_2f993d44fd54187e,Right,Incorrect,268,330,2.066288,62.67033386230469,True,False,-35.0,-52.0,-0.5665660000000008,-9.372779846191406,0.10309278350515463,Incorrect
Strategy 5: Composite Adaptive Kinematic Segmenter (AdaptiveKinematic),rep_ebbc42143c6e49093c,vid_2f993d44fd54187e,Right,Incorrect,371,429,1.9329659999999986,59.300071716308594,True,False,-75.0,12.0,2.8994560000000007,1.340789794921875,0.4,Incorrect
Strategy 5: Composite Adaptive Kinematic Segmenter (AdaptiveKinematic),rep_195e4e5ecad0f53344,vid_2f993d44fd54187e,Right,Incorrect,429,500,2.3662220000000023,51.019737243652344,True,True,-35.0,92.0,4.232543999999997,0.0,0.35858585858585856,Incorrect
Strategy 5: Composite Adaptive Kinematic Segmenter (AdaptiveKinematic),rep_aa68b93d455532c686,vid_2f993d44fd54187e,Right,Incorrect,580,680,3.3327109999999998,55.44043731689453,True,False,-114.0,-88.0,0.8665000000000003,-15.970901489257812,0.056074766355140186,Incorrect
Strategy 5: Composite Adaptive Kinematic Segmenter (AdaptiveKinematic),rep_b1d4ed63906ea1bec9,vid_d19791ead4037b9a,Left,Incorrect,13,70,1.8996330000000001,31.116920471191406,False,False,,,,,0.0,Missed
Strategy 5: Composite Adaptive Kinematic Segmenter (AdaptiveKinematic),rep_a75ff677dcd98eb2fd,vid_d19791ead4037b9a,Left,Incorrect,70,150,2.666178,40.407440185546875,False,False,,,,,0.0,Missed
Strategy 5: Composite Adaptive Kinematic Segmenter (AdaptiveKinematic),rep_c1831610de7e01f9bd,vid_d19791ead4037b9a,Left,Incorrect,167,230,2.0995999999999997,23.52691650390625,False,False,,,,,0.0,Missed
Strategy 5: Composite Adaptive Kinematic Segmenter (AdaptiveKinematic),rep_b257c286eaa1bdf653,vid_d19791ead4037b9a,Left,Incorrect,360,450,2.999433,28.07782745361328,False,False,,,,,0.0,Missed
Strategy 5: Composite Adaptive Kinematic Segmenter (AdaptiveKinematic),rep_e49bed2fd11cb67f4e,vid_d19791ead4037b9a,Left,Incorrect,450,520,2.3328889999999998,24.426376342773438,False,False,,,,,0.0,Missed
