session_id,repetition_id,hand,intended_label,perturbation_type,delta_start_frames,delta_end_frames,baseline_decision_score,perturbed_decision_score,score_delta,abs_score_delta,baseline_duration_sec,perturbed_duration_sec,duration_delta_sec,baseline_rom_deg,perturbed_rom_deg,rom_delta_deg,baseline_prediction,perturbed_prediction,prediction_flipped
session_01_both_correct,rep_fb0c2f97d90ea5de5a,Right,Correct,exact_manual,0,0,-0.32779292800668947,-0.32779292800668947,0.0,0.0,5.7642109999999995,5.7642109999999995,0.0,57.79998779296875,57.79998779296875,0.0,Correct,Correct,False
session_01_both_correct,rep_fb0c2f97d90ea5de5a,Right,Correct,start_early_10f,-10,0,-0.32779292800668947,-0.32779292800668947,0.0,0.0,5.7642109999999995,5.7642109999999995,0.0,57.79998779296875,57.79998779296875,0.0,Correct,Correct,False
session_01_both_correct,rep_fb0c2f97d90ea5de5a,Right,Correct,start_early_20f,-20,0,-0.32779292800668947,-0.32779292800668947,0.0,0.0,5.7642109999999995,5.7642109999999995,0.0,57.79998779296875,57.79998779296875,0.0,Correct,Correct,False
session_01_both_correct,rep_fb0c2f97d90ea5de5a,Right,Correct,start_late_10f,10,0,-0.32779292800668947,-0.5022002436297467,-0.17440731562305722,0.17440731562305722,5.7642109999999995,5.597611,-0.16659999999999986,57.79998779296875,51.12495422363281,-6.6750335693359375,Correct,Correct,False
session_01_both_correct,rep_fb0c2f97d90ea5de5a,Right,Correct,start_late_20f,20,0,-0.32779292800668947,-0.573655366112538,-0.2458624381058485,0.2458624381058485,5.7642109999999995,5.431011,-0.3331999999999997,57.79998779296875,48.61299133300781,-9.186996459960938,Correct,Correct,False
session_01_both_correct,rep_fb0c2f97d90ea5de5a,Right,Correct,end_early_10f,0,-10,-0.32779292800668947,-0.2883113969730299,0.03948153103365959,0.03948153103365959,5.7642109999999995,5.597623,-0.16658799999999996,57.79998779296875,57.79998779296875,0.0,Correct,Correct,False
session_01_both_correct,rep_fb0c2f97d90ea5de5a,Right,Correct,end_early_20f,0,-20,-0.32779292800668947,-0.25759968008557876,0.0701932479211107,0.0701932479211107,5.7642109999999995,5.431023,-0.3331879999999998,57.79998779296875,57.79998779296875,0.0,Correct,Correct,False
session_01_both_correct,rep_fb0c2f97d90ea5de5a,Right,Correct,end_late_10f,0,10,-0.32779292800668947,-0.35564188236080285,-0.027848954354113387,0.027848954354113387,5.7642109999999995,6.280666999999999,0.5164559999999998,57.79998779296875,57.79998779296875,0.0,Correct,Correct,False
session_01_both_correct,rep_fb0c2f97d90ea5de5a,Right,Correct,end_late_20f,0,20,-0.32779292800668947,-0.3640972132851684,-0.036304285278478954,0.036304285278478954,5.7642109999999995,6.447255999999999,0.6830449999999999,57.79998779296875,57.79998779296875,0.0,Correct,Correct,False
session_01_both_correct,rep_fb0c2f97d90ea5de5a,Right,Correct,both_inward_10f,10,-10,-0.32779292800668947,-0.4741270991333092,-0.14633417112661973,0.14633417112661973,5.7642109999999995,5.431023,-0.3331879999999998,57.79998779296875,51.12495422363281,-6.6750335693359375,Correct,Correct,False
session_01_both_correct,rep_fb0c2f97d90ea5de5a,Right,Correct,both_outward_10f,-10,10,-0.32779292800668947,-0.35564188236080285,-0.027848954354113387,0.027848954354113387,5.7642109999999995,6.280666999999999,0.5164559999999998,57.79998779296875,57.79998779296875,0.0,Correct,Correct,False
session_01_both_correct,rep_fb0c2f97d90ea5de5a,Right,Correct,both_inward_20f,20,-20,-0.32779292800668947,-0.5664762415276591,-0.2386833135209696,0.2386833135209696,5.7642109999999995,5.097823,-0.6663879999999995,57.79998779296875,48.61299133300781,-9.186996459960938,Correct,Correct,False
session_01_both_correct,rep_fb0c2f97d90ea5de5a,Right,Correct,both_outward_20f,-20,20,-0.32779292800668947,-0.3640972132851684,-0.036304285278478954,0.036304285278478954,5.7642109999999995,6.447255999999999,0.6830449999999999,57.79998779296875,57.79998779296875,0.0,Correct,Correct,False
session_01_both_correct,rep_02cbaaa878991f7eee,Left,Correct,exact_manual,0,0,-0.5417021249900719,-0.5417021249900719,0.0,0.0,3.3319110000000007,3.3319110000000007,0.0,62.011558532714844,62.011558532714844,0.0,Correct,Correct,False
session_01_both_correct,rep_02cbaaa878991f7eee,Left,Correct,start_early_10f,-10,0,-0.5417021249900719,-0.9792097757426642,-0.43750765075259235,0.43750765075259235,3.3319110000000007,3.8483560000000008,0.516445,62.011558532714844,62.011558532714844,0.0,Correct,Correct,False
session_01_both_correct,rep_02cbaaa878991f7eee,Left,Correct,start_early_20f,-20,0,-0.5417021249900719,-1.1066198919584278,-0.5649177669683559,0.5649177669683559,3.3319110000000007,4.014956000000001,0.6830449999999999,62.011558532714844,62.011558532714844,0.0,Correct,Correct,False
session_01_both_correct,rep_02cbaaa878991f7eee,Left,Correct,start_late_10f,10,0,-0.5417021249900719,-0.3440053340435806,0.19769679094649129,0.19769679094649129,3.3319110000000007,3.165311000000001,-0.16659999999999986,62.011558532714844,62.011558532714844,0.0,Correct,Correct,False
session_01_both_correct,rep_02cbaaa878991f7eee,Left,Correct,start_late_20f,20,0,-0.5417021249900719,-0.16444144608706035,0.3772606789030115,0.3772606789030115,3.3319110000000007,2.998711000000001,-0.3331999999999997,62.011558532714844,62.011558532714844,0.0,Correct,Correct,False
session_01_both_correct,rep_02cbaaa878991f7eee,Left,Correct,end_early_10f,0,-10,-0.5417021249900719,-0.5397706762125635,0.0019314487775083933,0.0019314487775083933,3.3319110000000007,3.165311,-0.16660000000000075,62.011558532714844,61.82146453857422,-0.190093994140625,Correct,Correct,False
session_01_both_correct,rep_02cbaaa878991f7eee,Left,Correct,end_early_20f,0,-20,-0.5417021249900719,-0.6196834345211929,-0.07798130953112103,0.07798130953112103,3.3319110000000007,2.998722,-0.33318900000000085,62.011558532714844,61.52198028564453,-0.4895782470703125,Correct,Correct,False
session_01_both_correct,rep_02cbaaa878991f7eee,Left,Correct,end_late_10f,0,10,-0.5417021249900719,-0.6597556814036759,-0.11805355641360404,0.11805355641360404,3.3319110000000007,3.4985109999999997,0.16659999999999897,62.011558532714844,65.2237319946289,3.2121734619140625,Correct,Correct,False
session_01_both_correct,rep_02cbaaa878991f7eee,Left,Correct,end_late_20f,0,20,-0.5417021249900719,-0.55320466036825,-0.011502535378178136,0.011502535378178136,3.3319110000000007,3.6651,0.33318899999999907,62.011558532714844,66.64759063720703,4.6360321044921875,Correct,Correct,False
session_01_both_correct,rep_02cbaaa878991f7eee,Left,Correct,both_inward_10f,10,-10,-0.5417021249900719,-0.3307043526719152,0.21099777231815664,0.21099777231815664,3.3319110000000007,2.998711,-0.3332000000000006,62.011558532714844,61.82146453857422,-0.190093994140625,Correct,Correct,False
session_01_both_correct,rep_02cbaaa878991f7eee,Left,Correct,both_outward_10f,-10,10,-0.5417021249900719,-1.0039333610657808,-0.46223123607570893,0.46223123607570893,3.3319110000000007,4.014956,0.683044999999999,62.011558532714844,65.2237319946289,3.2121734619140625,Correct,Correct,False
session_01_both_correct,rep_02cbaaa878991f7eee,Left,Correct,both_inward_20f,20,-20,-0.5417021249900719,-0.1600158055393156,0.38168631945075626,0.38168631945075626,3.3319110000000007,2.665522,-0.6663890000000006,62.011558532714844,59.62946319580078,-2.3820953369140625,Correct,Correct,False
session_01_both_correct,rep_02cbaaa878991f7eee,Left,Correct,both_outward_20f,-20,20,-0.5417021249900719,-0.905701127193783,-0.3639990022037112,0.3639990022037112,3.3319110000000007,4.348145,1.016233999999999,62.011558532714844,66.64759063720703,4.6360321044921875,Correct,Correct,False
session_01_both_correct,rep_3b3a031e67b667bb2f,Right,Correct,exact_manual,0,0,-0.1862548361613754,-0.1862548361613754,0.0,0.0,4.3314889999999995,4.3314889999999995,0.0,48.47118377685547,48.47118377685547,0.0,Correct,Correct,False
session_01_both_correct,rep_3b3a031e67b667bb2f,Right,Correct,start_early_10f,-10,0,-0.1862548361613754,-0.09615214575999065,0.09010269040138474,0.09010269040138474,4.3314889999999995,4.498089,0.16660000000000075,48.47118377685547,48.47118377685547,0.0,Correct,Correct,False
session_01_both_correct,rep_3b3a031e67b667bb2f,Right,Correct,start_early_20f,-20,0,-0.1862548361613754,-0.0063273824648805155,0.17992745369649488,0.17992745369649488,4.3314889999999995,4.664678,0.33318900000000085,48.47118377685547,48.47118377685547,0.0,Correct,Correct,False
session_01_both_correct,rep_3b3a031e67b667bb2f,Right,Correct,start_late_10f,10,0,-0.1862548361613754,-0.28110977584993535,-0.09485493968855996,0.09485493968855996,4.3314889999999995,4.1648890000000005,-0.16659999999999897,48.47118377685547,48.47118377685547,0.0,Correct,Correct,False
session_01_both_correct,rep_3b3a031e67b667bb2f,Right,Correct,start_late_20f,20,0,-0.1862548361613754,-0.33228985688110513,-0.14603502071972974,0.14603502071972974,4.3314889999999995,3.9983000000000004,-0.33318899999999907,48.47118377685547,48.47118377685547,0.0,Correct,Correct,False
session_01_both_correct,rep_3b3a031e67b667bb2f,Right,Correct,end_early_10f,0,-10,-0.1862548361613754,-0.224429466694951,-0.038174630533575615,0.038174630533575615,4.3314889999999995,4.164888999999999,-0.16660000000000075,48.47118377685547,48.47118377685547,0.0,Correct,Correct,False
session_01_both_correct,rep_3b3a031e67b667bb2f,Right,Correct,end_early_20f,0,-20,-0.1862548361613754,-0.5296383769587024,-0.343383540797327,0.343383540797327,4.3314889999999995,3.9982999999999986,-0.33318900000000085,48.47118377685547,48.47118377685547,0.0,Correct,Correct,False
session_01_both_correct,rep_3b3a031e67b667bb2f,Right,Correct,end_late_10f,0,10,-0.1862548361613754,-0.012949241848191018,0.17330559431318437,0.17330559431318437,4.3314889999999995,4.4980889999999984,0.16659999999999897,48.47118377685547,48.47118377685547,0.0,Correct,Correct,False
session_01_both_correct,rep_3b3a031e67b667bb2f,Right,Correct,end_late_20f,0,20,-0.1862548361613754,0.34612722652519395,0.5323820626865694,0.5323820626865694,4.3314889999999995,4.664676999999999,0.3331879999999998,48.47118377685547,48.47118377685547,0.0,Correct,Incorrect,True
session_01_both_correct,rep_3b3a031e67b667bb2f,Right,Correct,both_inward_10f,10,-10,-0.1862548361613754,-0.32720508192550424,-0.14095024576412885,0.14095024576412885,4.3314889999999995,3.9982889999999998,-0.3331999999999997,48.47118377685547,48.47118377685547,0.0,Correct,Correct,False
session_01_both_correct,rep_3b3a031e67b667bb2f,Right,Correct,both_outward_10f,-10,10,-0.1862548361613754,0.0633647360143651,0.2496195721757405,0.2496195721757405,4.3314889999999995,4.664688999999999,0.3331999999999997,48.47118377685547,48.47118377685547,0.0,Correct,Incorrect,True
session_01_both_correct,rep_3b3a031e67b667bb2f,Right,Correct,both_inward_20f,20,-20,-0.1862548361613754,-0.6220298071969484,-0.43577497103557306,0.43577497103557306,4.3314889999999995,3.6651109999999996,-0.6663779999999999,48.47118377685547,48.47118377685547,0.0,Correct,Correct,False
session_01_both_correct,rep_3b3a031e67b667bb2f,Right,Correct,both_outward_20f,-20,20,-0.1862548361613754,0.44263527016044835,0.6288901063218237,0.6288901063218237,4.3314889999999995,4.997866,0.6663770000000007,48.47118377685547,48.47118377685547,0.0,Correct,Incorrect,True
session_01_both_correct,rep_b59965fe88fa0c3f40,Left,Correct,exact_manual,0,0,-1.886742378214628,-1.886742378214628,0.0,0.0,2.9654000000000007,2.9654000000000007,0.0,69.94300842285156,69.94300842285156,0.0,Correct,Correct,False
session_01_both_correct,rep_b59965fe88fa0c3f40,Left,Correct,start_early_10f,-10,0,-1.886742378214628,-1.9480906984237056,-0.061348320209077656,0.061348320209077656,2.9654000000000007,3.1320000000000014,0.16660000000000075,69.94300842285156,69.94300842285156,0.0,Correct,Correct,False
session_01_both_correct,rep_b59965fe88fa0c3f40,Left,Correct,start_early_20f,-20,0,-1.886742378214628,-2.184630255782039,-0.297887877567411,0.297887877567411,2.9654000000000007,3.2985890000000015,0.33318900000000085,69.94300842285156,69.94300842285156,0.0,Correct,Correct,False
session_01_both_correct,rep_b59965fe88fa0c3f40,Left,Correct,start_late_10f,10,0,-1.886742378214628,-1.6578367682661632,0.22890560994846476,0.22890560994846476,2.9654000000000007,2.7988000000000017,-0.16659999999999897,69.94300842285156,69.94300842285156,0.0,Correct,Correct,False
session_01_both_correct,rep_b59965fe88fa0c3f40,Left,Correct,start_late_20f,20,0,-1.886742378214628,-1.2007954299156962,0.6859469482989318,0.6859469482989318,2.9654000000000007,2.632212000000001,-0.3331879999999998,69.94300842285156,69.94300842285156,0.0,Correct,Correct,False
session_01_both_correct,rep_b59965fe88fa0c3f40,Left,Correct,end_early_10f,0,-10,-1.886742378214628,-1.890362747008934,-0.0036203687943059393,0.0036203687943059393,2.9654000000000007,2.798810999999999,-0.16658900000000187,69.94300842285156,63.69447326660156,-6.24853515625,Correct,Correct,False
session_01_both_correct,rep_b59965fe88fa0c3f40,Left,Correct,end_early_20f,0,-20,-1.886742378214628,-0.6131806034984969,1.2735617747161312,1.2735617747161312,2.9654000000000007,2.632211,-0.33318900000000085,69.94300842285156,63.69447326660156,-6.24853515625,Correct,Correct,False
session_01_both_correct,rep_b59965fe88fa0c3f40,Left,Correct,end_late_10f,0,10,-1.886742378214628,-1.7576429565265062,0.12909942168812183,0.12909942168812183,2.9654000000000007,3.1319999999999997,0.16659999999999897,69.94300842285156,69.94300842285156,0.0,Correct,Correct,False
session_01_both_correct,rep_b59965fe88fa0c3f40,Left,Correct,end_late_20f,0,20,-1.886742378214628,-1.9257094562401313,-0.038967078025503366,0.038967078025503366,2.9654000000000007,3.2985999999999986,0.33319999999999794,69.94300842285156,69.94300842285156,0.0,Correct,Correct,False
session_01_both_correct,rep_b59965fe88fa0c3f40,Left,Correct,both_inward_10f,10,-10,-1.886742378214628,-1.5726191929924647,0.3141231852221633,0.3141231852221633,2.9654000000000007,2.632211,-0.33318900000000085,69.94300842285156,60.94145202636719,-9.001556396484375,Correct,Correct,False
session_01_both_correct,rep_b59965fe88fa0c3f40,Left,Correct,both_outward_10f,-10,10,-1.886742378214628,-1.8183093856575439,0.06843299255708413,0.06843299255708413,2.9654000000000007,3.2986000000000004,0.3331999999999997,69.94300842285156,69.94300842285156,0.0,Correct,Correct,False
session_01_both_correct,rep_b59965fe88fa0c3f40,Left,Correct,both_inward_20f,20,-20,-1.886742378214628,0.45386031003346516,2.3406026882480933,2.3406026882480933,2.9654000000000007,2.299023,-0.6663770000000007,69.94300842285156,48.87162780761719,-21.071380615234375,Correct,Incorrect,True
session_01_both_correct,rep_b59965fe88fa0c3f40,Left,Correct,both_outward_20f,-20,20,-1.886742378214628,-1.9852601506225969,-0.09851777240796888,0.09851777240796888,2.9654000000000007,3.6317889999999995,0.6663889999999988,69.94300842285156,69.94300842285156,0.0,Correct,Correct,False
session_01_both_correct,rep_9988a74422e7c505d0,Right,Correct,exact_manual,0,0,-0.6294958502467115,-0.6294958502467115,0.0,0.0,4.164887999999998,4.164887999999998,0.0,46.641258239746094,46.641258239746094,0.0,Correct,Correct,False
session_01_both_correct,rep_9988a74422e7c505d0,Right,Correct,start_early_10f,-10,0,-0.6294958502467115,-0.610310116266375,0.019185733980336517,0.019185733980336517,4.164887999999998,4.331477,0.16658900000000187,46.641258239746094,46.641258239746094,0.0,Correct,Correct,False
session_01_both_correct,rep_9988a74422e7c505d0,Right,Correct,start_early_20f,-20,0,-0.6294958502467115,-0.6106815269297289,0.01881432331698263,0.01881432331698263,4.164887999999998,4.4980769999999985,0.33318900000000085,46.641258239746094,46.641258239746094,0.0,Correct,Correct,False
session_01_both_correct,rep_9988a74422e7c505d0,Right,Correct,start_late_10f,10,0,-0.6294958502467115,-0.7194349203799651,-0.08993907013325364,0.08993907013325364,4.164887999999998,3.9982879999999987,-0.16659999999999897,46.641258239746094,46.641258239746094,0.0,Correct,Correct,False
session_01_both_correct,rep_9988a74422e7c505d0,Right,Correct,start_late_20f,20,0,-0.6294958502467115,-0.7353095572049592,-0.10581370695824766,0.10581370695824766,4.164887999999998,3.8316879999999998,-0.33319999999999794,46.641258239746094,46.641258239746094,0.0,Correct,Correct,False
session_01_both_correct,rep_9988a74422e7c505d0,Right,Correct,end_early_10f,0,-10,-0.6294958502467115,-0.6928651182177324,-0.06336926797102094,0.06336926797102094,4.164887999999998,3.9983000000000004,-0.1665879999999973,46.641258239746094,46.641258239746094,0.0,Correct,Correct,False
session_01_both_correct,rep_9988a74422e7c505d0,Right,Correct,end_early_20f,0,-20,-0.6294958502467115,-0.8442778683167428,-0.21478201807003128,0.21478201807003128,4.164887999999998,3.831699999999998,-0.3331879999999998,46.641258239746094,46.641258239746094,0.0,Correct,Correct,False
session_01_both_correct,rep_9988a74422e7c505d0,Right,Correct,end_late_10f,0,10,-0.6294958502467115,-0.6233506817687818,0.0061451684779296745,0.0061451684779296745,4.164887999999998,4.398132999999998,0.23324500000000015,46.641258239746094,58.61095428466797,11.969696044921875,Correct,Correct,False
session_01_both_correct,rep_9988a74422e7c505d0,Right,Correct,end_late_20f,0,20,-0.6294958502467115,-0.5339609999591489,0.09553485028756259,0.09553485028756259,4.164887999999998,4.564722,0.399834000000002,46.641258239746094,58.61095428466797,11.969696044921875,Correct,Correct,False
session_01_both_correct,rep_9988a74422e7c505d0,Right,Correct,both_inward_10f,10,-10,-0.6294958502467115,-0.7872207516874486,-0.15772490144073714,0.15772490144073714,4.164887999999998,3.8317000000000014,-0.33318799999999626,46.641258239746094,46.641258239746094,0.0,Correct,Correct,False
session_01_both_correct,rep_9988a74422e7c505d0,Right,Correct,both_outward_10f,-10,10,-0.6294958502467115,-0.6098940573570558,0.01960179288965569,0.01960179288965569,4.164887999999998,4.564722,0.399834000000002,46.641258239746094,58.61095428466797,11.969696044921875,Correct,Correct,False
session_01_both_correct,rep_9988a74422e7c505d0,Right,Correct,both_inward_20f,20,-20,-0.6294958502467115,-0.985710356045793,-0.35621450579908154,0.35621450579908154,4.164887999999998,3.4985,-0.6663879999999978,46.641258239746094,46.641258239746094,0.0,Correct,Correct,False
session_01_both_correct,rep_9988a74422e7c505d0,Right,Correct,both_outward_20f,-20,20,-0.6294958502467115,-0.44906712086895395,0.18042872937775756,0.18042872937775756,4.164887999999998,4.897911000000001,0.7330230000000029,46.641258239746094,58.61095428466797,11.969696044921875,Correct,Correct,False
session_01_both_correct,rep_372c0410acd5099364,Left,Correct,exact_manual,0,0,-0.999888451291926,-0.999888451291926,0.0,0.0,3.5818119999999993,3.5818119999999993,0.0,55.62652587890625,55.62652587890625,0.0,Correct,Correct,False
session_01_both_correct,rep_372c0410acd5099364,Left,Correct,start_early_10f,-10,0,-0.999888451291926,-1.1794686809818513,-0.17958022968992526,0.17958022968992526,3.5818119999999993,3.815044999999998,0.23323299999999847,55.62652587890625,55.62652587890625,0.0,Correct,Correct,False
session_01_both_correct,rep_372c0410acd5099364,Left,Correct,start_early_20f,-20,0,-0.999888451291926,-1.1039508939552318,-0.10406244266330578,0.10406244266330578,3.5818119999999993,3.9816339999999997,0.39982200000000034,55.62652587890625,55.62652587890625,0.0,Correct,Correct,False
session_01_both_correct,rep_372c0410acd5099364,Left,Correct,start_late_10f,10,0,-0.999888451291926,-1.572176139726675,-0.5722876884347489,0.5722876884347489,3.5818119999999993,3.4152120000000004,-0.16659999999999897,55.62652587890625,55.62652587890625,0.0,Correct,Correct,False
session_01_both_correct,rep_372c0410acd5099364,Left,Correct,start_late_20f,20,0,-0.999888451291926,-1.228460276703415,-0.2285718254114889,0.2285718254114889,3.5818119999999993,3.248611999999998,-0.3332000000000015,55.62652587890625,55.62652587890625,0.0,Correct,Correct,False
session_01_both_correct,rep_372c0410acd5099364,Left,Correct,end_early_10f,0,-10,-0.999888451291926,-0.6944438558816678,0.30544459541025826,0.30544459541025826,3.5818119999999993,3.4152120000000004,-0.16659999999999897,55.62652587890625,54.911651611328125,-0.714874267578125,Correct,Correct,False
session_01_both_correct,rep_372c0410acd5099364,Left,Correct,end_early_20f,0,-20,-0.999888451291926,-0.3441022661067742,0.6557861851851519,0.6557861851851519,3.5818119999999993,3.2486120000000014,-0.33319999999999794,55.62652587890625,54.911651611328125,-0.714874267578125,Correct,Correct,False
session_01_both_correct,rep_372c0410acd5099364,Left,Correct,end_late_10f,0,10,-0.999888451291926,-0.8683809788710503,0.1315074724208758,0.1315074724208758,3.5818119999999993,3.8983339999999984,0.3165219999999991,55.62652587890625,66.2872314453125,10.66070556640625,Correct,Correct,False
session_01_both_correct,rep_372c0410acd5099364,Left,Correct,end_late_20f,0,20,-0.999888451291926,-0.8120556168799583,0.18783283441196774,0.18783283441196774,3.5818119999999993,4.064934000000001,0.4831220000000016,55.62652587890625,66.2872314453125,10.66070556640625,Correct,Correct,False
session_01_both_correct,rep_372c0410acd5099364,Left,Correct,both_inward_10f,10,-10,-0.999888451291926,-0.95338166612359,0.04650678516833606,0.04650678516833606,3.5818119999999993,3.2486120000000014,-0.33319999999999794,55.62652587890625,54.911651611328125,-0.714874267578125,Correct,Correct,False
session_01_both_correct,rep_372c0410acd5099364,Left,Correct,both_outward_10f,-10,10,-0.999888451291926,-1.0555249559651023,-0.05563650467317627,0.05563650467317627,3.5818119999999993,4.131566999999997,0.5497549999999976,55.62652587890625,66.2872314453125,10.66070556640625,Correct,Correct,False
session_01_both_correct,rep_372c0410acd5099364,Left,Correct,both_inward_20f,20,-20,-0.999888451291926,-0.004683189534267607,0.9952052617576584,0.9952052617576584,3.5818119999999993,2.915412,-0.6663999999999994,55.62652587890625,52.72471618652344,-2.9018096923828125,Correct,Correct,False
session_01_both_correct,rep_372c0410acd5099364,Left,Correct,both_outward_20f,-20,20,-0.999888451291926,-0.9265658552407857,0.07332259605114033,0.07332259605114033,3.5818119999999993,4.464756000000001,0.882944000000002,55.62652587890625,66.2872314453125,10.66070556640625,Correct,Correct,False
session_01_both_correct,rep_46b03a163715ea8674,Right,Correct,exact_manual,0,0,-1.0008423279776384,-1.0008423279776384,0.0,0.0,4.831278000000001,4.831278000000001,0.0,52.617027282714844,52.617027282714844,0.0,Correct,Correct,False
session_01_both_correct,rep_46b03a163715ea8674,Right,Correct,start_early_10f,-10,0,-1.0008423279776384,-0.9025327172474108,0.09830961073022759,0.09830961073022759,4.831278000000001,5.147811000000001,0.31653299999999973,52.617027282714844,52.617027282714844,0.0,Correct,Correct,False
session_01_both_correct,rep_46b03a163715ea8674,Right,Correct,start_early_20f,-20,0,-1.0008423279776384,-0.7722351602474059,0.22860716773023249,0.22860716773023249,4.831278000000001,5.314400000000003,0.4831220000000016,52.617027282714844,52.617027282714844,0.0,Correct,Correct,False
session_01_both_correct,rep_46b03a163715ea8674,Right,Correct,start_late_10f,10,0,-1.0008423279776384,-1.2442315077978257,-0.24338917982018726,0.24338917982018726,4.831278000000001,4.664678000000002,-0.16659999999999897,52.617027282714844,52.617027282714844,0.0,Correct,Correct,False
session_01_both_correct,rep_46b03a163715ea8674,Right,Correct,start_late_20f,20,0,-1.0008423279776384,-1.3007358779192981,-0.29989354994165973,0.29989354994165973,4.831278000000001,4.498078,-0.3332000000000015,52.617027282714844,52.617027282714844,0.0,Correct,Correct,False
session_01_both_correct,rep_46b03a163715ea8674,Right,Correct,end_early_10f,0,-10,-1.0008423279776384,-0.922386843038551,0.07845548493908738,0.07845548493908738,4.831278000000001,4.6646779999999985,-0.16660000000000252,52.617027282714844,52.617027282714844,0.0,Correct,Correct,False
session_01_both_correct,rep_46b03a163715ea8674,Right,Correct,end_early_20f,0,-20,-1.0008423279776384,-0.8626458796902993,0.13819644828733912,0.13819644828733912,4.831278000000001,4.498089,-0.33318900000000085,52.617027282714844,52.617027282714844,0.0,Correct,Correct,False
session_01_both_correct,rep_46b03a163715ea8674,Right,Correct,end_late_10f,0,10,-1.0008423279776384,-0.6129700112676874,0.38787231670995104,0.38787231670995104,4.831278000000001,5.481012,0.6497339999999987,52.617027282714844,52.617027282714844,0.0,Correct,Correct,False
session_01_both_correct,rep_46b03a163715ea8674,Right,Correct,end_late_20f,0,20,-1.0008423279776384,-0.37445849506253326,0.6263838329151051,0.6263838329151051,4.831278000000001,5.647600000000001,0.8163219999999995,52.617027282714844,52.617027282714844,0.0,Correct,Correct,False
session_01_both_correct,rep_46b03a163715ea8674,Right,Correct,both_inward_10f,10,-10,-1.0008423279776384,-1.1348889647730087,-0.13404663679537032,0.13404663679537032,4.831278000000001,4.498078,-0.3332000000000015,52.617027282714844,52.617027282714844,0.0,Correct,Correct,False
session_01_both_correct,rep_46b03a163715ea8674,Right,Correct,both_outward_10f,-10,10,-1.0008423279776384,-0.525353446942428,0.47548888103521036,0.47548888103521036,4.831278000000001,5.7975449999999995,0.9662669999999984,52.617027282714844,52.617027282714844,0.0,Correct,Correct,False
session_01_both_correct,rep_46b03a163715ea8674,Right,Correct,both_inward_20f,20,-20,-1.0008423279776384,-1.1066668838024771,-0.10582455582483874,0.10582455582483874,4.831278000000001,4.164888999999999,-0.6663890000000023,52.617027282714844,52.617027282714844,0.0,Correct,Correct,False
session_01_both_correct,rep_46b03a163715ea8674,Right,Correct,both_outward_20f,-20,20,-1.0008423279776384,-0.2233481420620561,0.7774941859155823,0.7774941859155823,4.831278000000001,6.130722000000002,1.2994440000000012,52.617027282714844,52.617027282714844,0.0,Correct,Correct,False
session_01_both_correct,rep_cea1129ae50e36fb30,Left,Correct,exact_manual,0,0,-1.2228099316413825,-1.2228099316413825,0.0,0.0,3.2319449999999996,3.2319449999999996,0.0,62.37604522705078,62.37604522705078,0.0,Correct,Correct,False
session_01_both_correct,rep_cea1129ae50e36fb30,Left,Correct,start_early_10f,-10,0,-1.2228099316413825,-1.4402360654337611,-0.21742613379237863,0.21742613379237863,3.2319449999999996,3.881667,0.6497220000000006,62.37604522705078,63.98101043701172,1.6049652099609375,Correct,Correct,False
session_01_both_correct,rep_cea1129ae50e36fb30,Left,Correct,start_early_20f,-20,0,-1.2228099316413825,-1.3870381052110097,-0.16422817356962716,0.16422817356962716,3.2319449999999996,4.048266999999999,0.8163219999999995,62.37604522705078,63.98101043701172,1.6049652099609375,Correct,Correct,False
session_01_both_correct,rep_cea1129ae50e36fb30,Left,Correct,start_late_10f,10,0,-1.2228099316413825,-0.8674678372776151,0.3553420943637674,0.3553420943637674,3.2319449999999996,3.0653450000000007,-0.16659999999999897,62.37604522705078,61.671592712402344,-0.7044525146484375,Correct,Correct,False
session_01_both_correct,rep_cea1129ae50e36fb30,Left,Correct,start_late_20f,20,0,-1.2228099316413825,-0.5521505128347758,0.6706594188066067,0.6706594188066067,3.2319449999999996,2.8987560000000023,-0.3331889999999973,62.37604522705078,61.671592712402344,-0.7044525146484375,Correct,Correct,False
session_01_both_correct,rep_cea1129ae50e36fb30,Left,Correct,end_early_10f,0,-10,-1.2228099316413825,-1.3040697079129857,-0.08125977627160319,0.08125977627160319,3.2319449999999996,3.0653559999999977,-0.16658900000000187,62.37604522705078,62.37604522705078,0.0,Correct,Correct,False
session_01_both_correct,rep_cea1129ae50e36fb30,Left,Correct,end_early_20f,0,-20,-1.2228099316413825,-0.8743505250143954,0.34845940662698716,0.34845940662698716,3.2319449999999996,2.8987560000000023,-0.3331889999999973,62.37604522705078,62.37604522705078,0.0,Correct,Correct,False
session_01_both_correct,rep_cea1129ae50e36fb30,Left,Correct,end_late_10f,0,10,-1.2228099316413825,-0.9019083998986807,0.32090153174270186,0.32090153174270186,3.2319449999999996,3.8150450000000014,0.5831000000000017,62.37604522705078,63.717018127441406,1.340972900390625,Correct,Correct,False
session_01_both_correct,rep_cea1129ae50e36fb30,Left,Correct,end_late_20f,0,20,-1.2228099316413825,-0.9670213053995237,0.25578862624185883,0.25578862624185883,3.2319449999999996,3.9816329999999986,0.749687999999999,62.37604522705078,68.94977569580078,6.57373046875,Correct,Correct,False
session_01_both_correct,rep_cea1129ae50e36fb30,Left,Correct,both_inward_10f,10,-10,-1.2228099316413825,-0.8408439564972824,0.38196597514410013,0.38196597514410013,3.2319449999999996,2.898755999999999,-0.33318900000000085,62.37604522705078,58.529869079589844,-3.8461761474609375,Correct,Correct,False
session_01_both_correct,rep_cea1129ae50e36fb30,Left,Correct,both_outward_10f,-10,10,-1.2228099316413825,-0.8837138881523324,0.3390960434890501,0.3390960434890501,3.2319449999999996,4.464767000000002,1.2328220000000023,62.37604522705078,63.98101043701172,1.6049652099609375,Correct,Correct,False
session_01_both_correct,rep_cea1129ae50e36fb30,Left,Correct,both_inward_20f,20,-20,-1.2228099316413825,0.37091090544203653,1.593720837083419,1.593720837083419,3.2319449999999996,2.565567000000005,-0.6663779999999946,62.37604522705078,45.69768524169922,-16.678359985351562,Correct,Incorrect,True
session_01_both_correct,rep_cea1129ae50e36fb30,Left,Correct,both_outward_20f,-20,20,-1.2228099316413825,-0.7565201113351244,0.4662898203062581,0.4662898203062581,3.2319449999999996,4.797954999999998,1.5660099999999986,62.37604522705078,68.94977569580078,6.57373046875,Correct,Correct,False
session_01_both_correct,rep_20614a58d738f0f71c,Right,Correct,exact_manual,0,0,-0.7786235350190563,-0.7786235350190563,0.0,0.0,4.897911000000001,4.897911000000001,0.0,46.64795684814453,46.64795684814453,0.0,Correct,Correct,False
session_01_both_correct,rep_20614a58d738f0f71c,Right,Correct,start_early_10f,-10,0,-0.7786235350190563,-0.5748227632392581,0.20380077177979827,0.20380077177979827,4.897911000000001,5.480989000000001,0.5830780000000004,46.64795684814453,46.64795684814453,0.0,Correct,Correct,False
session_01_both_correct,rep_20614a58d738f0f71c,Right,Correct,start_early_20f,-20,0,-0.7786235350190563,-0.5151176573939092,0.2635058776251471,0.2635058776251471,4.897911000000001,5.6475890000000035,0.749678000000003,46.64795684814453,46.64795684814453,0.0,Correct,Correct,False
session_01_both_correct,rep_20614a58d738f0f71c,Right,Correct,start_late_10f,10,0,-0.7786235350190563,-0.8692121936756795,-0.09058865865662313,0.09058865865662313,4.897911000000001,4.731310999999998,-0.16660000000000252,46.64795684814453,46.64795684814453,0.0,Correct,Correct,False
session_01_both_correct,rep_20614a58d738f0f71c,Right,Correct,start_late_20f,20,0,-0.7786235350190563,-0.8345050430758395,-0.05588150805678316,0.05588150805678316,4.897911000000001,4.564711000000003,-0.33319999999999794,46.64795684814453,46.64795684814453,0.0,Correct,Correct,False
session_01_both_correct,rep_20614a58d738f0f71c,Right,Correct,end_early_10f,0,-10,-0.7786235350190563,-0.9034626801631868,-0.12483914514413041,0.12483914514413041,4.897911000000001,4.731321999999999,-0.16658900000000187,46.64795684814453,46.64795684814453,0.0,Correct,Correct,False
session_01_both_correct,rep_20614a58d738f0f71c,Right,Correct,end_early_20f,0,-20,-0.7786235350190563,-1.078487231855814,-0.29986369683675773,0.29986369683675773,4.897911000000001,4.564722000000003,-0.3331889999999973,46.64795684814453,46.64795684814453,0.0,Correct,Correct,False
session_01_both_correct,rep_20614a58d738f0f71c,Right,Correct,end_late_10f,0,10,-0.7786235350190563,-0.6207872235421036,0.15783631147695276,0.15783631147695276,4.897911000000001,5.064511000000003,0.16660000000000252,46.64795684814453,46.64795684814453,0.0,Correct,Correct,False
session_01_both_correct,rep_20614a58d738f0f71c,Right,Correct,end_late_20f,0,20,-0.7786235350190563,-0.3991403806955497,0.37948315432350666,0.37948315432350666,4.897911000000001,5.2311109999999985,0.33319999999999794,46.64795684814453,46.64795684814453,0.0,Correct,Correct,False
session_01_both_correct,rep_20614a58d738f0f71c,Right,Correct,both_inward_10f,10,-10,-0.7786235350190563,-1.0062225736419665,-0.2275990386229102,0.2275990386229102,4.897911000000001,4.564721999999996,-0.3331890000000044,46.64795684814453,46.64795684814453,0.0,Correct,Correct,False
session_01_both_correct,rep_20614a58d738f0f71c,Right,Correct,both_outward_10f,-10,10,-0.7786235350190563,-0.4456716814672491,0.33295185355180723,0.33295185355180723,4.897911000000001,5.6475890000000035,0.749678000000003,46.64795684814453,46.64795684814453,0.0,Correct,Correct,False
session_01_both_correct,rep_20614a58d738f0f71c,Right,Correct,both_inward_20f,20,-20,-0.7786235350190563,-1.1877783497222874,-0.409154814703231,0.409154814703231,4.897911000000001,4.231522000000005,-0.6663889999999952,46.64795684814453,46.64795684814453,0.0,Correct,Correct,False
session_01_both_correct,rep_20614a58d738f0f71c,Right,Correct,both_outward_20f,-20,20,-0.7786235350190563,-0.22788685740502468,0.5507366776140317,0.5507366776140317,4.897911000000001,5.9807890000000015,1.082878000000001,46.64795684814453,46.64795684814453,0.0,Correct,Correct,False
session_01_both_correct,rep_e8c1d21c6f2e4707b3,Left,Correct,exact_manual,0,0,-1.048863613433702,-1.048863613433702,0.0,0.0,3.4985110000000006,3.4985110000000006,0.0,65.9990234375,65.9990234375,0.0,Correct,Correct,False
session_01_both_correct,rep_e8c1d21c6f2e4707b3,Left,Correct,start_early_10f,-10,0,-1.048863613433702,-0.9255124139014829,0.12335119953221907,0.12335119953221907,3.4985110000000006,3.6651000000000025,0.16658900000000187,65.9990234375,65.9990234375,0.0,Correct,Correct,False
session_01_both_correct,rep_e8c1d21c6f2e4707b3,Left,Correct,start_early_20f,-20,0,-1.048863613433702,-0.99626388713243,0.052599726301271965,0.052599726301271965,3.4985110000000006,3.831699999999998,0.3331889999999973,65.9990234375,67.72450256347656,1.7254791259765625,Correct,Correct,False
session_01_both_correct,rep_e8c1d21c6f2e4707b3,Left,Correct,start_late_10f,10,0,-1.048863613433702,-1.1617637971180024,-0.11290018368430044,0.11290018368430044,3.4985110000000006,3.331910999999998,-0.16660000000000252,65.9990234375,65.9990234375,0.0,Correct,Correct,False
session_01_both_correct,rep_e8c1d21c6f2e4707b3,Left,Correct,start_late_20f,20,0,-1.048863613433702,-1.2466434080651654,-0.19777979463146345,0.19777979463146345,3.4985110000000006,3.1653110000000027,-0.33319999999999794,65.9990234375,65.9990234375,0.0,Correct,Correct,False
session_01_both_correct,rep_e8c1d21c6f2e4707b3,Left,Correct,end_early_10f,0,-10,-1.048863613433702,-0.9235731137669613,0.12529049966674066,0.12529049966674066,3.4985110000000006,3.331910999999998,-0.16660000000000252,65.9990234375,65.40628051757812,-0.592742919921875,Correct,Correct,False
session_01_both_correct,rep_e8c1d21c6f2e4707b3,Left,Correct,end_early_20f,0,-20,-1.048863613433702,-0.8724428675172061,0.1764207459164958,0.1764207459164958,3.4985110000000006,3.165321999999996,-0.3331890000000044,65.9990234375,65.40628051757812,-0.592742919921875,Correct,Correct,False
session_01_both_correct,rep_e8c1d21c6f2e4707b3,Left,Correct,end_late_10f,0,10,-1.048863613433702,-0.9841032867822573,0.0647603266514446,0.0647603266514446,3.4985110000000006,3.665110999999996,0.16659999999999542,65.9990234375,65.9990234375,0.0,Correct,Correct,False
session_01_both_correct,rep_e8c1d21c6f2e4707b3,Left,Correct,end_late_20f,0,20,-1.048863613433702,-1.014194862999572,0.03466875043412987,0.03466875043412987,3.4985110000000006,3.831699999999998,0.3331889999999973,65.9990234375,65.9990234375,0.0,Correct,Correct,False
session_01_both_correct,rep_e8c1d21c6f2e4707b3,Left,Correct,both_inward_10f,10,-10,-1.048863613433702,-1.0144337675073172,0.03442984592638476,0.03442984592638476,3.4985110000000006,3.1653109999999955,-0.33320000000000505,65.9990234375,64.46826171875,-1.53076171875,Correct,Correct,False
session_01_both_correct,rep_e8c1d21c6f2e4707b3,Left,Correct,both_outward_10f,-10,10,-1.048863613433702,-0.8602275279611281,0.18863608547257382,0.18863608547257382,3.4985110000000006,3.831699999999998,0.3331889999999973,65.9990234375,65.9990234375,0.0,Correct,Correct,False
session_01_both_correct,rep_e8c1d21c6f2e4707b3,Left,Correct,both_inward_20f,20,-20,-1.048863613433702,-0.8107271045238412,0.2381365089098607,0.2381365089098607,3.4985110000000006,2.8321219999999983,-0.6663890000000023,65.9990234375,61.47865295410156,-4.5203704833984375,Correct,Correct,False
session_01_both_correct,rep_e8c1d21c6f2e4707b3,Left,Correct,both_outward_20f,-20,20,-1.048863613433702,-0.8986421486631825,0.15022146477051945,0.15022146477051945,3.4985110000000006,4.164888999999995,0.6663779999999946,65.9990234375,67.72450256347656,1.7254791259765625,Correct,Correct,False
session_01_both_correct,rep_5c1dd8ed9aa6c8aa69,Right,Correct,exact_manual,0,0,-0.6551409185347984,-0.6551409185347984,0.0,0.0,3.6817670000000007,3.6817670000000007,0.0,43.33509826660156,43.33509826660156,0.0,Correct,Correct,False
session_01_both_correct,rep_5c1dd8ed9aa6c8aa69,Right,Correct,start_early_10f,-10,0,-0.6551409185347984,-0.5357632807740981,0.11937763776070032,0.11937763776070032,3.6817670000000007,3.848367000000003,0.16660000000000252,43.33509826660156,43.33509826660156,0.0,Correct,Correct,False
session_01_both_correct,rep_5c1dd8ed9aa6c8aa69,Right,Correct,start_early_20f,-20,0,-0.6551409185347984,-0.3560137436540326,0.2991271748807658,0.2991271748807658,3.6817670000000007,4.014956000000005,0.3331890000000044,43.33509826660156,43.33509826660156,0.0,Correct,Correct,False
session_01_both_correct,rep_5c1dd8ed9aa6c8aa69,Right,Correct,start_late_10f,10,0,-0.6551409185347984,-0.7651688322319138,-0.1100279136971154,0.1100279136971154,3.6817670000000007,3.5151670000000053,-0.16659999999999542,43.33509826660156,43.33509826660156,0.0,Correct,Correct,False
session_01_both_correct,rep_5c1dd8ed9aa6c8aa69,Right,Correct,start_late_20f,20,0,-0.6551409185347984,-0.8592152908971012,-0.20407437236230286,0.20407437236230286,3.6817670000000007,3.3485780000000034,-0.3331889999999973,43.33509826660156,43.33509826660156,0.0,Correct,Correct,False
session_01_both_correct,rep_5c1dd8ed9aa6c8aa69,Right,Correct,end_early_10f,0,-10,-0.6551409185347984,-0.2870133062669077,0.3681276122678907,0.3681276122678907,3.6817670000000007,3.515166999999998,-0.16660000000000252,43.33509826660156,43.33509826660156,0.0,Correct,Correct,False
session_01_both_correct,rep_5c1dd8ed9aa6c8aa69,Right,Correct,end_early_20f,0,-20,-0.6551409185347984,-0.0340277188295256,0.6211131997052728,0.6211131997052728,3.6817670000000007,3.3485779999999963,-0.3331890000000044,43.33509826660156,43.33509826660156,0.0,Correct,Correct,False
session_01_both_correct,rep_5c1dd8ed9aa6c8aa69,Right,Correct,end_late_10f,0,10,-0.6551409185347984,-0.14443687942762207,0.5107040391071763,0.5107040391071763,3.6817670000000007,4.248188999999996,0.5664219999999958,43.33509826660156,43.33509826660156,0.0,Correct,Correct,False
session_01_both_correct,rep_5c1dd8ed9aa6c8aa69,Right,Correct,end_late_20f,0,20,-0.6551409185347984,0.11759874654343294,0.7727396650782313,0.7727396650782313,3.6817670000000007,4.414777999999998,0.7330109999999976,43.33509826660156,43.33509826660156,0.0,Correct,Incorrect,True
session_01_both_correct,rep_5c1dd8ed9aa6c8aa69,Right,Correct,both_inward_10f,10,-10,-0.6551409185347984,-0.3901180056182657,0.2650229129165327,0.2650229129165327,3.6817670000000007,3.3485670000000027,-0.33319999999999794,43.33509826660156,43.33509826660156,0.0,Correct,Correct,False
session_01_both_correct,rep_5c1dd8ed9aa6c8aa69,Right,Correct,both_outward_10f,-10,10,-0.6551409185347984,-0.07163965516521842,0.58350126336958,0.58350126336958,3.6817670000000007,4.414788999999999,0.7330219999999983,43.33509826660156,43.33509826660156,0.0,Correct,Correct,False
session_01_both_correct,rep_5c1dd8ed9aa6c8aa69,Right,Correct,both_inward_20f,20,-20,-0.6551409185347984,-0.21259244176632663,0.44254847676847175,0.44254847676847175,3.6817670000000007,3.015388999999999,-0.6663780000000017,43.33509826660156,43.33509826660156,0.0,Correct,Correct,False
session_01_both_correct,rep_5c1dd8ed9aa6c8aa69,Right,Correct,both_outward_20f,-20,20,-0.6551409185347984,0.272870301957586,0.9280112204923844,0.9280112204923844,3.6817670000000007,4.747967000000003,1.066200000000002,43.33509826660156,43.33509826660156,0.0,Correct,Incorrect,True
session_01_both_correct,rep_edc2513a7b19ebb4ed,Left,Correct,exact_manual,0,0,-0.8000488999998873,-0.8000488999998873,0.0,0.0,3.665111000000003,3.665111000000003,0.0,71.63309478759766,71.63309478759766,0.0,Correct,Correct,False
session_01_both_correct,rep_edc2513a7b19ebb4ed,Left,Correct,start_early_10f,-10,0,-0.8000488999998873,-0.6948822332448567,0.10516666675503061,0.10516666675503061,3.665111000000003,4.231522000000005,0.5664110000000022,71.63309478759766,71.63309478759766,0.0,Correct,Correct,False
session_01_both_correct,rep_edc2513a7b19ebb4ed,Left,Correct,start_early_20f,-20,0,-0.8000488999998873,-0.5914889534784192,0.20855994652146803,0.20855994652146803,3.665111000000003,4.398122000000001,0.7330109999999976,71.63309478759766,71.63309478759766,0.0,Correct,Correct,False
session_01_both_correct,rep_edc2513a7b19ebb4ed,Left,Correct,start_late_10f,10,0,-0.8000488999998873,-1.0631020803304412,-0.2630531803305539,0.2630531803305539,3.665111000000003,3.4985110000000006,-0.16660000000000252,71.63309478759766,67.34203338623047,-4.2910614013671875,Correct,Correct,False
session_01_both_correct,rep_edc2513a7b19ebb4ed,Left,Correct,start_late_20f,20,0,-0.8000488999998873,-1.001705137952865,-0.2016562379529777,0.2016562379529777,3.665111000000003,3.331911000000005,-0.33319999999999794,71.63309478759766,66.08025360107422,-5.5528411865234375,Correct,Correct,False
session_01_both_correct,rep_edc2513a7b19ebb4ed,Left,Correct,end_early_10f,0,-10,-0.8000488999998873,-0.8664656152018831,-0.06641671520199588,0.06641671520199588,3.665111000000003,3.4985220000000012,-0.16658900000000187,71.63309478759766,71.63309478759766,0.0,Correct,Correct,False
session_01_both_correct,rep_edc2513a7b19ebb4ed,Left,Correct,end_early_20f,0,-20,-0.8000488999998873,-0.8069263643425694,-0.006877464342682105,0.006877464342682105,3.665111000000003,3.3319219999999987,-0.3331890000000044,71.63309478759766,71.63309478759766,0.0,Correct,Correct,False
session_01_both_correct,rep_edc2513a7b19ebb4ed,Left,Correct,end_late_10f,0,10,-0.8000488999998873,-0.8508551081220234,-0.0508062081221361,0.0508062081221361,3.665111000000003,3.831699999999998,0.16658899999999477,71.63309478759766,71.63309478759766,0.0,Correct,Correct,False
session_01_both_correct,rep_edc2513a7b19ebb4ed,Left,Correct,end_late_20f,0,20,-0.8000488999998873,-0.7675734042521171,0.0324754957477702,0.0324754957477702,3.665111000000003,3.9983000000000004,0.3331889999999973,71.63309478759766,71.63309478759766,0.0,Correct,Correct,False
session_01_both_correct,rep_edc2513a7b19ebb4ed,Left,Correct,both_inward_10f,10,-10,-0.8000488999998873,-1.1221383599193473,-0.32208945991946003,0.32208945991946003,3.665111000000003,3.3319219999999987,-0.3331890000000044,71.63309478759766,67.34203338623047,-4.2910614013671875,Correct,Correct,False
session_01_both_correct,rep_edc2513a7b19ebb4ed,Left,Correct,both_outward_10f,-10,10,-0.8000488999998873,-0.7084454339683678,0.09160346603151948,0.09160346603151948,3.665111000000003,4.398111,0.732999999999997,71.63309478759766,71.63309478759766,0.0,Correct,Correct,False
session_01_both_correct,rep_edc2513a7b19ebb4ed,Left,Correct,both_inward_20f,20,-20,-0.8000488999998873,-0.8785732464087183,-0.07852434640883099,0.07852434640883099,3.665111000000003,2.9987220000000008,-0.6663890000000023,71.63309478759766,66.08025360107422,-5.5528411865234375,Correct,Correct,False
session_01_both_correct,rep_edc2513a7b19ebb4ed,Left,Correct,both_outward_20f,-20,20,-0.8000488999998873,-0.5270921060218877,0.27295679397799955,0.27295679397799955,3.665111000000003,4.731310999999998,1.066199999999995,71.63309478759766,71.63309478759766,0.0,Correct,Correct,False
session_01_both_correct,rep_6be9256acb543f49b8,Right,Correct,exact_manual,0,0,-0.47846459851030987,-0.47846459851030987,0.0,0.0,4.664678000000002,4.664678000000002,0.0,42.33275604248047,42.33275604248047,0.0,Correct,Correct,False
session_01_both_correct,rep_6be9256acb543f49b8,Right,Correct,start_early_10f,-10,0,-0.47846459851030987,-0.42898844369778943,0.049476154812520434,0.049476154812520434,4.664678000000002,4.831278000000005,0.16660000000000252,42.33275604248047,42.33275604248047,0.0,Correct,Correct,False
session_01_both_correct,rep_6be9256acb543f49b8,Right,Correct,start_early_20f,-20,0,-0.47846459851030987,-0.3900932368742819,0.08837136163602799,0.08837136163602799,4.664678000000002,4.997878,0.33319999999999794,42.33275604248047,42.33275604248047,0.0,Correct,Correct,False
session_01_both_correct,rep_6be9256acb543f49b8,Right,Correct,start_late_10f,10,0,-0.47846459851030987,-0.4789278529014357,-0.00046325439112582245,0.00046325439112582245,4.664678000000002,4.498089,-0.16658900000000187,42.33275604248047,42.33275604248047,0.0,Correct,Correct,False
session_01_both_correct,rep_6be9256acb543f49b8,Right,Correct,start_late_20f,20,0,-0.47846459851030987,-0.46092117665172416,0.017543421858585706,0.017543421858585706,4.664678000000002,4.3315000000000055,-0.33317799999999664,42.33275604248047,42.33275604248047,0.0,Correct,Correct,False
session_01_both_correct,rep_6be9256acb543f49b8,Right,Correct,end_early_10f,0,-10,-0.47846459851030987,-0.5537744670107861,-0.07530986850047627,0.07530986850047627,4.664678000000002,4.498078,-0.16660000000000252,42.33275604248047,42.33275604248047,0.0,Correct,Correct,False
session_01_both_correct,rep_6be9256acb543f49b8,Right,Correct,end_early_20f,0,-20,-0.47846459851030987,-0.5015305585800319,-0.023065960069722058,0.023065960069722058,4.664678000000002,4.331477999999997,-0.33320000000000505,42.33275604248047,42.33275604248047,0.0,Correct,Correct,False
session_01_both_correct,rep_6be9256acb543f49b8,Right,Correct,end_late_10f,0,10,-0.47846459851030987,-0.34085421363479373,0.13761038487551613,0.13761038487551613,4.664678000000002,5.3143889999999985,0.6497109999999964,42.33275604248047,42.33275604248047,0.0,Correct,Correct,False
session_01_both_correct,rep_6be9256acb543f49b8,Right,Correct,end_late_20f,0,20,-0.47846459851030987,-0.2049563599556551,0.2735082385546548,0.2735082385546548,4.664678000000002,5.480989000000001,0.8163109999999989,42.33275604248047,42.33275604248047,0.0,Correct,Correct,False
session_01_both_correct,rep_6be9256acb543f49b8,Right,Correct,both_inward_10f,10,-10,-0.47846459851030987,-0.5598558611842278,-0.08139126267391794,0.08139126267391794,4.664678000000002,4.331488999999998,-0.3331890000000044,42.33275604248047,42.33275604248047,0.0,Correct,Correct,False
session_01_both_correct,rep_6be9256acb543f49b8,Right,Correct,both_outward_10f,-10,10,-0.47846459851030987,-0.32204779487568047,0.1564168036346294,0.1564168036346294,4.664678000000002,5.480989000000001,0.8163109999999989,42.33275604248047,42.33275604248047,0.0,Correct,Correct,False
session_01_both_correct,rep_6be9256acb543f49b8,Right,Correct,both_inward_20f,20,-20,-0.47846459851030987,-0.4967637003106379,-0.01829910180032801,0.01829910180032801,4.664678000000002,3.9983000000000004,-0.6663780000000017,42.33275604248047,42.33275604248047,0.0,Correct,Correct,False
session_01_both_correct,rep_6be9256acb543f49b8,Right,Correct,both_outward_20f,-20,20,-0.47846459851030987,-0.13734117812863356,0.3411234203816763,0.3411234203816763,4.664678000000002,5.814188999999999,1.1495109999999968,42.33275604248047,42.33275604248047,0.0,Correct,Correct,False
session_01_both_correct,rep_2a706f670399059ddc,Left,Correct,exact_manual,0,0,-1.2696270124092477,-1.2696270124092477,0.0,0.0,2.632210999999998,2.632210999999998,0.0,62.93174743652344,62.93174743652344,0.0,Correct,Correct,False
session_01_both_correct,rep_2a706f670399059ddc,Left,Correct,start_early_10f,-10,0,-1.2696270124092477,-0.9320774479609059,0.33754956444834183,0.33754956444834183,2.632210999999998,3.281922999999999,0.649712000000001,62.93174743652344,62.93174743652344,0.0,Correct,Correct,False
session_01_both_correct,rep_2a706f670399059ddc,Left,Correct,start_early_20f,-20,0,-1.2696270124092477,-0.9729187823824473,0.29670823002680036,0.29670823002680036,2.632210999999998,3.4485230000000016,0.8163120000000035,62.93174743652344,62.93174743652344,0.0,Correct,Correct,False
session_01_both_correct,rep_2a706f670399059ddc,Left,Correct,start_late_10f,10,0,-1.2696270124092477,-1.3281924936965988,-0.05856548128735106,0.05856548128735106,2.632210999999998,2.465623000000001,-0.1665879999999973,62.93174743652344,60.632415771484375,-2.2993316650390625,Correct,Correct,False
session_01_both_correct,rep_2a706f670399059ddc,Left,Correct,start_late_20f,20,0,-1.2696270124092477,-1.2014098014648251,0.06821721094442257,0.06821721094442257,2.632210999999998,2.2990229999999983,-0.3331879999999998,62.93174743652344,60.632415771484375,-2.2993316650390625,Correct,Correct,False
session_01_both_correct,rep_2a706f670399059ddc,Left,Correct,end_early_10f,0,-10,-1.2696270124092477,-0.5102713784463225,0.7593556339629252,0.7593556339629252,2.632210999999998,2.465621999999996,-0.16658900000000187,62.93174743652344,62.93174743652344,0.0,Correct,Correct,False
session_01_both_correct,rep_2a706f670399059ddc,Left,Correct,end_early_20f,0,-20,-1.2696270124092477,0.9176522100864839,2.1872792224957314,2.1872792224957314,2.632210999999998,2.299022000000001,-0.3331889999999973,62.93174743652344,62.93174743652344,0.0,Correct,Incorrect,True
session_01_both_correct,rep_2a706f670399059ddc,Left,Correct,end_late_10f,0,10,-1.2696270124092477,-1.2696270124092477,0.0,0.0,2.632210999999998,2.632210999999998,0.0,62.93174743652344,62.93174743652344,0.0,Correct,Correct,False
session_01_both_correct,rep_2a706f670399059ddc,Left,Correct,end_late_20f,0,20,-1.2696270124092477,-1.2696270124092477,0.0,0.0,2.632210999999998,2.632210999999998,0.0,62.93174743652344,62.93174743652344,0.0,Correct,Correct,False
session_01_both_correct,rep_2a706f670399059ddc,Left,Correct,both_inward_10f,10,-10,-1.2696270124092477,-0.218749980993712,1.0508770314155358,1.0508770314155358,2.632210999999998,2.299033999999999,-0.33317699999999917,62.93174743652344,51.14369201660156,-11.788055419921875,Correct,Correct,False
session_01_both_correct,rep_2a706f670399059ddc,Left,Correct,both_outward_10f,-10,10,-1.2696270124092477,-0.9320774479609059,0.33754956444834183,0.33754956444834183,2.632210999999998,3.281922999999999,0.649712000000001,62.93174743652344,62.93174743652344,0.0,Correct,Correct,False
session_01_both_correct,rep_2a706f670399059ddc,Left,Correct,both_inward_20f,20,-20,-1.2696270124092477,1.402468328140213,2.6720953405494607,2.6720953405494607,2.632210999999998,1.965834000000001,-0.6663769999999971,62.93174743652344,36.975120544433594,-25.956626892089844,Correct,Incorrect,True
session_01_both_correct,rep_2a706f670399059ddc,Left,Correct,both_outward_20f,-20,20,-1.2696270124092477,-0.9729187823824473,0.29670823002680036,0.29670823002680036,2.632210999999998,3.4485230000000016,0.8163120000000035,62.93174743652344,62.93174743652344,0.0,Correct,Correct,False
session_02_both_mix,rep_1c83a3b866cf4e027c,Right,Correct,exact_manual,0,0,-0.7072360662339802,-0.7072360662339802,0.0,0.0,5.431023,5.431023,0.0,51.11206817626953,51.11206817626953,0.0,Correct,Correct,False
session_02_both_mix,rep_1c83a3b866cf4e027c,Right,Correct,start_early_10f,-10,0,-0.7072360662339802,-0.7072360662339802,0.0,0.0,5.431023,5.431023,0.0,51.11206817626953,51.11206817626953,0.0,Correct,Correct,False
session_02_both_mix,rep_1c83a3b866cf4e027c,Right,Correct,start_early_20f,-20,0,-0.7072360662339802,-0.7072360662339802,0.0,0.0,5.431023,5.431023,0.0,51.11206817626953,51.11206817626953,0.0,Correct,Correct,False
session_02_both_mix,rep_1c83a3b866cf4e027c,Right,Correct,start_late_10f,10,0,-0.7072360662339802,-0.1898435559004048,0.5173925103335754,0.5173925103335754,5.431023,5.264423,-0.16659999999999986,51.11206817626953,49.14850616455078,-1.96356201171875,Correct,Correct,False
session_02_both_mix,rep_1c83a3b866cf4e027c,Right,Correct,start_late_20f,20,0,-0.7072360662339802,0.1068595556236932,0.8140956218576734,0.8140956218576734,5.431023,5.097823,-0.3331999999999997,51.11206817626953,49.14850616455078,-1.96356201171875,Correct,Incorrect,True
session_02_both_mix,rep_1c83a3b866cf4e027c,Right,Correct,end_early_10f,0,-10,-0.7072360662339802,-0.6976104404728535,0.009625625761126688,0.009625625761126688,5.431023,5.264423,-0.16659999999999986,51.11206817626953,51.11206817626953,0.0,Correct,Correct,False
session_02_both_mix,rep_1c83a3b866cf4e027c,Right,Correct,end_early_20f,0,-20,-0.7072360662339802,-0.7478369006761038,-0.04060083444212359,0.04060083444212359,5.431023,5.097823,-0.3331999999999997,51.11206817626953,51.11206817626953,0.0,Correct,Correct,False
session_02_both_mix,rep_1c83a3b866cf4e027c,Right,Correct,end_late_10f,0,10,-0.7072360662339802,-0.6403556920552306,0.06688037417874959,0.06688037417874959,5.431023,5.847511,0.4164880000000002,51.11206817626953,51.11206817626953,0.0,Correct,Correct,False
session_02_both_mix,rep_1c83a3b866cf4e027c,Right,Correct,end_late_20f,0,20,-0.7072360662339802,-0.6068625542844218,0.10037351194955835,0.10037351194955835,5.431023,6.014111,0.583088,51.11206817626953,51.11206817626953,0.0,Correct,Correct,False
session_02_both_mix,rep_1c83a3b866cf4e027c,Right,Correct,both_inward_10f,10,-10,-0.7072360662339802,-0.18936179852922042,0.5178742677047597,0.5178742677047597,5.431023,5.097823,-0.3331999999999997,51.11206817626953,49.14850616455078,-1.96356201171875,Correct,Correct,False
session_02_both_mix,rep_1c83a3b866cf4e027c,Right,Correct,both_outward_10f,-10,10,-0.7072360662339802,-0.6403556920552306,0.06688037417874959,0.06688037417874959,5.431023,5.847511,0.4164880000000002,51.11206817626953,51.11206817626953,0.0,Correct,Correct,False
session_02_both_mix,rep_1c83a3b866cf4e027c,Right,Correct,both_inward_20f,20,-20,-0.7072360662339802,-0.002081224508219015,0.7051548417257612,0.7051548417257612,5.431023,4.764623,-0.6663999999999994,51.11206817626953,49.14850616455078,-1.96356201171875,Correct,Correct,False
session_02_both_mix,rep_1c83a3b866cf4e027c,Right,Correct,both_outward_20f,-20,20,-0.7072360662339802,-0.6068625542844218,0.10037351194955835,0.10037351194955835,5.431023,6.014111,0.583088,51.11206817626953,51.11206817626953,0.0,Correct,Correct,False
session_02_both_mix,rep_0d7eaf4563fd24294a,Left,Correct,exact_manual,0,0,-0.6366636893069969,-0.6366636893069969,0.0,0.0,3.498499999999999,3.498499999999999,0.0,74.26746368408203,74.26746368408203,0.0,Correct,Correct,False
session_02_both_mix,rep_0d7eaf4563fd24294a,Left,Correct,start_early_10f,-10,0,-0.6366636893069969,-0.6011948530426366,0.03546883626436026,0.03546883626436026,3.498499999999999,3.9149889999999994,0.41648900000000033,74.26746368408203,74.26746368408203,0.0,Correct,Correct,False
session_02_both_mix,rep_0d7eaf4563fd24294a,Left,Correct,start_early_20f,-20,0,-0.6366636893069969,-0.7012560223621113,-0.06459233305511436,0.06459233305511436,3.498499999999999,4.081588999999999,0.5830890000000002,74.26746368408203,74.26746368408203,0.0,Correct,Correct,False
session_02_both_mix,rep_0d7eaf4563fd24294a,Left,Correct,start_late_10f,10,0,-0.6366636893069969,-1.0182073206593736,-0.3815436313523767,0.3815436313523767,3.498499999999999,3.331911,-0.1665889999999992,74.26746368408203,68.72928619384766,-5.538177490234375,Correct,Correct,False
session_02_both_mix,rep_0d7eaf4563fd24294a,Left,Correct,start_late_20f,20,0,-0.6366636893069969,-1.070394672696859,-0.43373098338986205,0.43373098338986205,3.498499999999999,3.165310999999999,-0.33318899999999996,74.26746368408203,68.72928619384766,-5.538177490234375,Correct,Correct,False
session_02_both_mix,rep_0d7eaf4563fd24294a,Left,Correct,end_early_10f,0,-10,-0.6366636893069969,-0.6666878656246703,-0.0300241763176734,0.0300241763176734,3.498499999999999,3.331910999999999,-0.1665890000000001,74.26746368408203,74.26746368408203,0.0,Correct,Correct,False
session_02_both_mix,rep_0d7eaf4563fd24294a,Left,Correct,end_early_20f,0,-20,-0.6366636893069969,-0.6061572244054595,0.03050646490153741,0.03050646490153741,3.498499999999999,3.165321999999999,-0.3331780000000002,74.26746368408203,74.26746368408203,0.0,Correct,Correct,False
session_02_both_mix,rep_0d7eaf4563fd24294a,Left,Correct,end_late_10f,0,10,-0.6366636893069969,-0.5497537274720056,0.08690996183499133,0.08690996183499133,3.498499999999999,3.6651,0.16660000000000075,74.26746368408203,74.26746368408203,0.0,Correct,Correct,False
session_02_both_mix,rep_0d7eaf4563fd24294a,Left,Correct,end_late_20f,0,20,-0.6366636893069969,-0.24141121172281044,0.39525247758418647,0.39525247758418647,3.498499999999999,3.8316999999999988,0.3331999999999997,74.26746368408203,74.26746368408203,0.0,Correct,Correct,False
session_02_both_mix,rep_0d7eaf4563fd24294a,Left,Correct,both_inward_10f,10,-10,-0.6366636893069969,-1.0401212265468343,-0.40345753723983735,0.40345753723983735,3.498499999999999,3.1653219999999997,-0.3331779999999993,74.26746368408203,67.77228546142578,-6.49517822265625,Correct,Correct,False
session_02_both_mix,rep_0d7eaf4563fd24294a,Left,Correct,both_outward_10f,-10,10,-0.6366636893069969,-0.4510653998885653,0.1855982894184316,0.1855982894184316,3.498499999999999,4.081589,0.5830890000000011,74.26746368408203,74.26746368408203,0.0,Correct,Correct,False
session_02_both_mix,rep_0d7eaf4563fd24294a,Left,Correct,both_inward_20f,20,-20,-0.6366636893069969,-0.8557826821810789,-0.21911899287408199,0.21911899287408199,3.498499999999999,2.832132999999999,-0.6663670000000002,74.26746368408203,60.28131866455078,-13.98614501953125,Correct,Correct,False
session_02_both_mix,rep_0d7eaf4563fd24294a,Left,Correct,both_outward_20f,-20,20,-0.6366636893069969,-0.27249066606214145,0.36417302324485545,0.36417302324485545,3.498499999999999,4.414788999999999,0.9162889999999999,74.26746368408203,74.26746368408203,0.0,Correct,Correct,False
session_02_both_mix,rep_cff3c2f757be354140,Right,Incorrect,exact_manual,0,0,0.627060309826256,0.627060309826256,0.0,0.0,4.231545000000001,4.231545000000001,0.0,37.70033264160156,37.70033264160156,0.0,Incorrect,Incorrect,False
session_02_both_mix,rep_cff3c2f757be354140,Right,Incorrect,start_early_10f,-10,0,0.627060309826256,0.7033490331626766,0.07628872333642056,0.07628872333642056,4.231545000000001,4.398134000000001,0.1665890000000001,37.70033264160156,37.70033264160156,0.0,Incorrect,Incorrect,False
session_02_both_mix,rep_cff3c2f757be354140,Right,Incorrect,start_early_20f,-20,0,0.627060309826256,0.7603518023853231,0.13329149255906703,0.13329149255906703,4.231545000000001,4.564723000000001,0.3331780000000002,37.70033264160156,37.70033264160156,0.0,Incorrect,Incorrect,False
session_02_both_mix,rep_cff3c2f757be354140,Right,Incorrect,start_late_10f,10,0,0.627060309826256,0.6508635678386439,0.023803258012387807,0.023803258012387807,4.231545000000001,4.064945,-0.16660000000000075,37.70033264160156,37.70033264160156,0.0,Incorrect,Incorrect,False
session_02_both_mix,rep_cff3c2f757be354140,Right,Incorrect,start_late_20f,20,0,0.627060309826256,0.9326917694462665,0.3056314596200105,0.3056314596200105,4.231545000000001,3.898345000000001,-0.3331999999999997,37.70033264160156,37.70033264160156,0.0,Incorrect,Incorrect,False
session_02_both_mix,rep_cff3c2f757be354140,Right,Incorrect,end_early_10f,0,-10,0.627060309826256,0.8588926800032284,0.23183237017697234,0.23183237017697234,4.231545000000001,4.064945,-0.16660000000000075,37.70033264160156,37.70033264160156,0.0,Incorrect,Incorrect,False
session_02_both_mix,rep_cff3c2f757be354140,Right,Incorrect,end_early_20f,0,-20,0.627060309826256,0.4499712844425543,-0.17708902538370175,0.17708902538370175,4.231545000000001,3.898333000000001,-0.3332119999999996,37.70033264160156,36.32575988769531,-1.37457275390625,Incorrect,Incorrect,False
session_02_both_mix,rep_cff3c2f757be354140,Right,Incorrect,end_late_10f,0,10,0.627060309826256,0.5432150093700366,-0.08384530045621941,0.08384530045621941,4.231545000000001,4.548067000000001,0.31652200000000086,37.70033264160156,37.70033264160156,0.0,Incorrect,Incorrect,False
session_02_both_mix,rep_cff3c2f757be354140,Right,Incorrect,end_late_20f,0,20,0.627060309826256,0.4364257937874742,-0.19063451603878184,0.19063451603878184,4.231545000000001,4.714656,0.4831109999999992,37.70033264160156,37.70033264160156,0.0,Incorrect,Incorrect,False
session_02_both_mix,rep_cff3c2f757be354140,Right,Incorrect,both_inward_10f,10,-10,0.627060309826256,0.8838926545562019,0.25683234472994587,0.25683234472994587,4.231545000000001,3.898344999999999,-0.3332000000000015,37.70033264160156,37.70033264160156,0.0,Incorrect,Incorrect,False
session_02_both_mix,rep_cff3c2f757be354140,Right,Incorrect,both_outward_10f,-10,10,0.627060309826256,0.6082923031091676,-0.018768006717088448,0.018768006717088448,4.231545000000001,4.7146560000000015,0.48311100000000096,37.70033264160156,37.70033264160156,0.0,Incorrect,Incorrect,False
session_02_both_mix,rep_cff3c2f757be354140,Right,Incorrect,both_inward_20f,20,-20,0.627060309826256,0.6866532960147972,0.05959298618854114,0.05959298618854114,4.231545000000001,3.565133000000001,-0.6664119999999993,37.70033264160156,36.32575988769531,-1.37457275390625,Incorrect,Incorrect,False
session_02_both_mix,rep_cff3c2f757be354140,Right,Incorrect,both_outward_20f,-20,20,0.627060309826256,0.5554867745648784,-0.07157353526137766,0.07157353526137766,4.231545000000001,5.047834,0.8162889999999994,37.70033264160156,37.70033264160156,0.0,Incorrect,Incorrect,False
session_02_both_mix,rep_503633f6745e8f6a45,Left,Incorrect,exact_manual,0,0,1.000314033809052,1.000314033809052,0.0,0.0,4.164899999999999,4.164899999999999,0.0,53.46266174316406,53.46266174316406,0.0,Incorrect,Incorrect,False
session_02_both_mix,rep_503633f6745e8f6a45,Left,Incorrect,start_early_10f,-10,0,1.000314033809052,0.9293629688731524,-0.07095106493589953,0.07095106493589953,4.164899999999999,4.481422,0.31652200000000086,53.46266174316406,53.46266174316406,0.0,Incorrect,Incorrect,False
session_02_both_mix,rep_503633f6745e8f6a45,Left,Incorrect,start_early_20f,-20,0,1.000314033809052,0.6541019979433443,-0.3462120358657076,0.3462120358657076,4.164899999999999,4.648021999999999,0.48312199999999983,53.46266174316406,53.46266174316406,0.0,Incorrect,Incorrect,False
session_02_both_mix,rep_503633f6745e8f6a45,Left,Incorrect,start_late_10f,10,0,1.000314033809052,1.1282703731303505,0.12795633932129857,0.12795633932129857,4.164899999999999,3.9983000000000004,-0.16659999999999897,53.46266174316406,53.46266174316406,0.0,Incorrect,Incorrect,False
session_02_both_mix,rep_503633f6745e8f6a45,Left,Incorrect,start_late_20f,20,0,1.000314033809052,1.104266947173083,0.10395291336403112,0.10395291336403112,4.164899999999999,3.8316999999999997,-0.3331999999999997,53.46266174316406,53.46266174316406,0.0,Incorrect,Incorrect,False
session_02_both_mix,rep_503633f6745e8f6a45,Left,Incorrect,end_early_10f,0,-10,1.000314033809052,1.0025311051643153,0.002217071355263389,0.002217071355263389,4.164899999999999,3.998311000000001,-0.16658899999999832,53.46266174316406,53.46266174316406,0.0,Incorrect,Incorrect,False
session_02_both_mix,rep_503633f6745e8f6a45,Left,Incorrect,end_early_20f,0,-20,1.000314033809052,0.8998462905496017,-0.10046774325945018,0.10046774325945018,4.164899999999999,3.8317109999999985,-0.33318900000000085,53.46266174316406,53.46266174316406,0.0,Incorrect,Incorrect,False
session_02_both_mix,rep_503633f6745e8f6a45,Left,Incorrect,end_late_10f,0,10,1.000314033809052,0.6975572661906817,-0.3027567676183702,0.3027567676183702,4.164899999999999,5.647600000000001,1.4827000000000012,53.46266174316406,53.46266174316406,0.0,Incorrect,Incorrect,False
session_02_both_mix,rep_503633f6745e8f6a45,Left,Incorrect,end_late_20f,0,20,1.000314033809052,0.7168731355949087,-0.2834408982141432,0.2834408982141432,4.164899999999999,5.8142,1.6493000000000002,53.46266174316406,53.46266174316406,0.0,Incorrect,Incorrect,False
session_02_both_mix,rep_503633f6745e8f6a45,Left,Incorrect,both_inward_10f,10,-10,1.000314033809052,1.1319202969580573,0.13160626314900536,0.13160626314900536,4.164899999999999,3.831711000000002,-0.3331889999999973,53.46266174316406,53.46266174316406,0.0,Incorrect,Incorrect,False
session_02_both_mix,rep_503633f6745e8f6a45,Left,Incorrect,both_outward_10f,-10,10,1.000314033809052,0.6642544029578941,-0.33605963085115786,0.33605963085115786,4.164899999999999,5.9641220000000015,1.799222000000002,53.46266174316406,53.46266174316406,0.0,Incorrect,Incorrect,False
session_02_both_mix,rep_503633f6745e8f6a45,Left,Incorrect,both_inward_20f,20,-20,1.000314033809052,0.9868276493861246,-0.013486384422927378,0.013486384422927378,4.164899999999999,3.498510999999999,-0.6663890000000006,53.46266174316406,53.46266174316406,0.0,Incorrect,Incorrect,False
session_02_both_mix,rep_503633f6745e8f6a45,Left,Incorrect,both_outward_20f,-20,20,1.000314033809052,0.6459578904341928,-0.3543561433748591,0.3543561433748591,4.164899999999999,6.297321999999999,2.132422,53.46266174316406,53.46266174316406,0.0,Incorrect,Incorrect,False
session_02_both_mix,rep_bb9858d2e8e9c3549c,Right,Correct,exact_manual,0,0,0.4753615869011869,0.4753615869011869,0.0,0.0,3.032043999999999,3.032043999999999,0.0,46.0806884765625,46.0806884765625,0.0,Incorrect,Incorrect,False
session_02_both_mix,rep_bb9858d2e8e9c3549c,Right,Correct,start_early_10f,-10,0,0.4753615869011869,0.1039713094846143,-0.3713902774165726,0.3713902774165726,3.032043999999999,4.514744,1.4827000000000012,46.0806884765625,46.0806884765625,0.0,Incorrect,Incorrect,False
session_02_both_mix,rep_bb9858d2e8e9c3549c,Right,Correct,start_early_20f,-20,0,0.4753615869011869,0.09802477452944525,-0.37733681237174166,0.37733681237174166,3.032043999999999,4.681343999999999,1.6493000000000002,46.0806884765625,46.0806884765625,0.0,Incorrect,Incorrect,False
session_02_both_mix,rep_bb9858d2e8e9c3549c,Right,Correct,start_late_10f,10,0,0.4753615869011869,0.6097365202762548,0.1343749333750679,0.1343749333750679,3.032043999999999,2.865444,-0.16659999999999897,46.0806884765625,46.0806884765625,0.0,Incorrect,Incorrect,False
session_02_both_mix,rep_bb9858d2e8e9c3549c,Right,Correct,start_late_20f,20,0,0.4753615869011869,0.6270711976587938,0.15170961075760692,0.15170961075760692,3.032043999999999,2.6988549999999982,-0.33318900000000085,46.0806884765625,46.0806884765625,0.0,Incorrect,Incorrect,False
session_02_both_mix,rep_bb9858d2e8e9c3549c,Right,Correct,end_early_10f,0,-10,0.4753615869011869,0.45866107015891483,-0.016700516742272076,0.016700516742272076,3.032043999999999,2.865444,-0.16659999999999897,46.0806884765625,46.0806884765625,0.0,Incorrect,Incorrect,False
session_02_both_mix,rep_bb9858d2e8e9c3549c,Right,Correct,end_early_20f,0,-20,0.4753615869011869,0.5212642907775833,0.04590270387639639,0.04590270387639639,3.032043999999999,2.698844000000001,-0.33319999999999794,46.0806884765625,46.0806884765625,0.0,Incorrect,Incorrect,False
session_02_both_mix,rep_bb9858d2e8e9c3549c,Right,Correct,end_late_10f,0,10,0.4753615869011869,0.7300769872833088,0.2547154003821219,0.2547154003821219,3.032043999999999,7.746689,4.714645000000001,46.0806884765625,67.36334991455078,21.28266143798828,Incorrect,Incorrect,False
session_02_both_mix,rep_bb9858d2e8e9c3549c,Right,Correct,end_late_20f,0,20,0.4753615869011869,0.7300782022558978,0.2547166153547109,0.2547166153547109,3.032043999999999,7.913288999999999,4.881245,46.0806884765625,67.36334991455078,21.28266143798828,Incorrect,Incorrect,False
session_02_both_mix,rep_bb9858d2e8e9c3549c,Right,Correct,both_inward_10f,10,-10,0.4753615869011869,0.6030352986447137,0.12767371174352682,0.12767371174352682,3.032043999999999,2.698844000000001,-0.33319999999999794,46.0806884765625,46.0806884765625,0.0,Incorrect,Incorrect,False
session_02_both_mix,rep_bb9858d2e8e9c3549c,Right,Correct,both_outward_10f,-10,10,0.4753615869011869,0.7300763903810072,0.25471480347982034,0.25471480347982034,3.032043999999999,9.229389000000001,6.197345000000002,46.0806884765625,67.36334991455078,21.28266143798828,Incorrect,Incorrect,False
session_02_both_mix,rep_bb9858d2e8e9c3549c,Right,Correct,both_inward_20f,20,-20,0.4753615869011869,0.6680446144599625,0.19268302755877564,0.19268302755877564,3.032043999999999,2.3656550000000003,-0.6663889999999988,46.0806884765625,46.0806884765625,0.0,Incorrect,Incorrect,False
session_02_both_mix,rep_bb9858d2e8e9c3549c,Right,Correct,both_outward_20f,-20,20,0.4753615869011869,0.7300768590973125,0.25471527219612555,0.25471527219612555,3.032043999999999,9.562589,6.530545,46.0806884765625,67.36334991455078,21.28266143798828,Incorrect,Incorrect,False
session_02_both_mix,rep_9ff0bc77263dfff528,Right,Correct,exact_manual,0,0,-0.03542393782929609,-0.03542393782929609,0.0,0.0,2.7654770000000006,2.7654770000000006,0.0,65.54000091552734,65.54000091552734,0.0,Correct,Correct,False
session_02_both_mix,rep_9ff0bc77263dfff528,Right,Correct,start_early_10f,-10,0,-0.03542393782929609,0.7300784194490432,0.7655023572783393,0.7655023572783393,2.7654770000000006,7.480133000000002,4.7146560000000015,65.54000091552734,65.54000091552734,0.0,Correct,Incorrect,True
session_02_both_mix,rep_9ff0bc77263dfff528,Right,Correct,start_early_20f,-20,0,-0.03542393782929609,0.7300778237765297,0.7655017616058258,0.7655017616058258,2.7654770000000006,7.646733000000001,4.8812560000000005,65.54000091552734,65.54000091552734,0.0,Correct,Incorrect,True
session_02_both_mix,rep_9ff0bc77263dfff528,Right,Correct,start_late_10f,10,0,-0.03542393782929609,0.333194408954403,0.3686183467836991,0.3686183467836991,2.7654770000000006,2.5988880000000023,-0.16658899999999832,65.54000091552734,45.63927459716797,-19.900726318359375,Correct,Incorrect,True
session_02_both_mix,rep_9ff0bc77263dfff528,Right,Correct,start_late_20f,20,0,-0.03542393782929609,0.43745344127375374,0.47287737910304983,0.47287737910304983,2.7654770000000006,2.4323000000000015,-0.33317699999999917,65.54000091552734,42.41045379638672,-23.129547119140625,Correct,Incorrect,True
session_02_both_mix,rep_9ff0bc77263dfff528,Right,Correct,end_early_10f,0,-10,-0.03542393782929609,-0.0062282447534279806,0.029195693075868112,0.029195693075868112,2.7654770000000006,2.598889,-0.16658800000000085,65.54000091552734,65.54000091552734,0.0,Correct,Correct,False
session_02_both_mix,rep_9ff0bc77263dfff528,Right,Correct,end_early_20f,0,-20,-0.03542393782929609,0.061444938366680746,0.09686887619597684,0.09686887619597684,2.7654770000000006,2.432289000000001,-0.3331879999999998,65.54000091552734,65.54000091552734,0.0,Correct,Incorrect,True
session_02_both_mix,rep_9ff0bc77263dfff528,Right,Correct,end_late_10f,0,10,-0.03542393782929609,-0.022011652789143632,0.01341228504015246,0.01341228504015246,2.7654770000000006,2.9320769999999996,0.16659999999999897,65.54000091552734,65.54000091552734,0.0,Correct,Correct,False
session_02_both_mix,rep_9ff0bc77263dfff528,Right,Correct,end_late_20f,0,20,-0.03542393782929609,0.011573580332333577,0.04699751816162967,0.04699751816162967,2.7654770000000006,3.0986660000000015,0.33318900000000085,65.54000091552734,65.54000091552734,0.0,Correct,Incorrect,True
session_02_both_mix,rep_9ff0bc77263dfff528,Right,Correct,both_inward_10f,10,-10,-0.03542393782929609,0.5200389083478798,0.5554628461771759,0.5554628461771759,2.7654770000000006,2.4323000000000015,-0.33317699999999917,65.54000091552734,45.63927459716797,-19.900726318359375,Correct,Incorrect,True
session_02_both_mix,rep_9ff0bc77263dfff528,Right,Correct,both_outward_10f,-10,10,-0.03542393782929609,0.7300773618931383,0.7655012997224344,0.7655012997224344,2.7654770000000006,7.646733000000001,4.8812560000000005,65.54000091552734,65.54000091552734,0.0,Correct,Incorrect,True
session_02_both_mix,rep_9ff0bc77263dfff528,Right,Correct,both_inward_20f,20,-20,-0.03542393782929609,0.9136106144642008,0.9490345522934969,0.9490345522934969,2.7654770000000006,2.0991120000000016,-0.666364999999999,65.54000091552734,42.41045379638672,-23.129547119140625,Correct,Incorrect,True
session_02_both_mix,rep_9ff0bc77263dfff528,Right,Correct,both_outward_20f,-20,20,-0.03542393782929609,0.730073203442649,0.7654971412719451,0.7654971412719451,2.7654770000000006,7.979922000000002,5.214445000000001,65.54000091552734,65.54000091552734,0.0,Correct,Incorrect,True
session_02_both_mix,rep_35e324ed6452359dd2,Left,Correct,exact_manual,0,0,-1.3118904021049769,-1.3118904021049769,0.0,0.0,2.865445000000001,2.865445000000001,0.0,61.801414489746094,61.801414489746094,0.0,Correct,Correct,False
session_02_both_mix,rep_35e324ed6452359dd2,Left,Correct,start_early_10f,-10,0,-1.3118904021049769,-1.2981016019310605,0.013788800173916371,0.013788800173916371,2.865445000000001,3.032033000000002,0.16658800000000085,61.801414489746094,61.801414489746094,0.0,Correct,Correct,False
session_02_both_mix,rep_35e324ed6452359dd2,Left,Correct,start_early_20f,-20,0,-1.3118904021049769,-1.1797821647507916,0.1321082373541853,0.1321082373541853,2.865445000000001,3.198633000000001,0.3331879999999998,61.801414489746094,61.801414489746094,0.0,Correct,Correct,False
session_02_both_mix,rep_35e324ed6452359dd2,Left,Correct,start_late_10f,10,0,-1.3118904021049769,-1.1609560937454533,0.1509343083595236,0.1509343083595236,2.865445000000001,2.698845000000002,-0.16659999999999897,61.801414489746094,61.388954162597656,-0.4124603271484375,Correct,Correct,False
session_02_both_mix,rep_35e324ed6452359dd2,Left,Correct,start_late_20f,20,0,-1.3118904021049769,-1.1700390151135758,0.1418513869914011,0.1418513869914011,2.865445000000001,2.5322560000000003,-0.33318900000000085,61.801414489746094,61.388954162597656,-0.4124603271484375,Correct,Correct,False
session_02_both_mix,rep_35e324ed6452359dd2,Left,Correct,end_early_10f,0,-10,-1.3118904021049769,-1.266203730594241,0.0456866715107358,0.0456866715107358,2.865445000000001,2.6988559999999993,-0.16658900000000187,61.801414489746094,61.801414489746094,0.0,Correct,Correct,False
session_02_both_mix,rep_35e324ed6452359dd2,Left,Correct,end_early_20f,0,-20,-1.3118904021049769,-1.0094747500625862,0.3024156520423906,0.3024156520423906,2.865445000000001,2.5322559999999967,-0.3331890000000044,61.801414489746094,61.801414489746094,0.0,Correct,Correct,False
session_02_both_mix,rep_35e324ed6452359dd2,Left,Correct,end_late_10f,0,10,-1.3118904021049769,-1.2628311629667994,0.049059239138177446,0.049059239138177446,2.865445000000001,3.0320449999999965,0.16659999999999542,61.801414489746094,61.801414489746094,0.0,Correct,Correct,False
session_02_both_mix,rep_35e324ed6452359dd2,Left,Correct,end_late_20f,0,20,-1.3118904021049769,-1.1511255611793034,0.16076484092567345,0.16076484092567345,2.865445000000001,3.198644999999999,0.33319999999999794,61.801414489746094,61.801414489746094,0.0,Correct,Correct,False
session_02_both_mix,rep_35e324ed6452359dd2,Left,Correct,both_inward_10f,10,-10,-1.3118904021049769,-1.0798765014711806,0.23201390063379623,0.23201390063379623,2.865445000000001,2.5322560000000003,-0.33318900000000085,61.801414489746094,60.51079559326172,-1.290618896484375,Correct,Correct,False
session_02_both_mix,rep_35e324ed6452359dd2,Left,Correct,both_outward_10f,-10,10,-1.3118904021049769,-1.2453057003488843,0.06658470175609255,0.06658470175609255,2.865445000000001,3.1986329999999974,0.33318799999999626,61.801414489746094,61.801414489746094,0.0,Correct,Correct,False
session_02_both_mix,rep_35e324ed6452359dd2,Left,Correct,both_inward_20f,20,-20,-1.3118904021049769,-0.7220691474290638,0.5898212546759131,0.5898212546759131,2.865445000000001,2.199066999999996,-0.6663780000000052,61.801414489746094,53.48090362548828,-8.320510864257812,Correct,Correct,False
session_02_both_mix,rep_35e324ed6452359dd2,Left,Correct,both_outward_20f,-20,20,-1.3118904021049769,-1.015506648037722,0.2963837540672549,0.2963837540672549,2.865445000000001,3.531832999999999,0.6663879999999978,61.801414489746094,61.801414489746094,0.0,Correct,Correct,False
session_02_both_mix,rep_d8ea12c9407f1b8ebe,Left,Correct,exact_manual,0,0,-0.917866125093331,-0.917866125093331,0.0,0.0,3.331910999999998,3.331910999999998,0.0,62.12859344482422,62.12859344482422,0.0,Correct,Correct,False
session_02_both_mix,rep_d8ea12c9407f1b8ebe,Left,Correct,start_early_10f,-10,0,-0.917866125093331,-0.805055046250626,0.11281107884270503,0.11281107884270503,3.331910999999998,3.4985,0.16658900000000187,62.12859344482422,62.12859344482422,0.0,Correct,Correct,False
session_02_both_mix,rep_d8ea12c9407f1b8ebe,Left,Correct,start_early_20f,-20,0,-0.917866125093331,-0.701409749565603,0.216456375527728,0.216456375527728,3.331910999999998,3.6651000000000025,0.3331890000000044,62.12859344482422,62.12859344482422,0.0,Correct,Correct,False
session_02_both_mix,rep_d8ea12c9407f1b8ebe,Left,Correct,start_late_10f,10,0,-0.917866125093331,-1.0114447827407527,-0.09357865764742168,0.09357865764742168,3.331910999999998,3.1653110000000027,-0.16659999999999542,62.12859344482422,62.12859344482422,0.0,Correct,Correct,False
session_02_both_mix,rep_d8ea12c9407f1b8ebe,Left,Correct,start_late_20f,20,0,-0.917866125093331,-1.0722659309209015,-0.1543998058275705,0.1543998058275705,3.331910999999998,2.998711,-0.33319999999999794,62.12859344482422,62.12859344482422,0.0,Correct,Correct,False
session_02_both_mix,rep_d8ea12c9407f1b8ebe,Left,Correct,end_early_10f,0,-10,-0.917866125093331,-1.0750466371717229,-0.1571805120783919,0.1571805120783919,3.331910999999998,3.1653109999999955,-0.16660000000000252,62.12859344482422,61.792991638183594,-0.335601806640625,Correct,Correct,False
session_02_both_mix,rep_d8ea12c9407f1b8ebe,Left,Correct,end_early_20f,0,-20,-0.917866125093331,-1.122297936761861,-0.20443181166853008,0.20443181166853008,3.331910999999998,2.9987330000000014,-0.33317799999999664,62.12859344482422,60.49427032470703,-1.6343231201171875,Correct,Correct,False
session_02_both_mix,rep_d8ea12c9407f1b8ebe,Left,Correct,end_late_10f,0,10,-0.917866125093331,-0.7339110812692332,0.18395504382409777,0.18395504382409777,3.331910999999998,3.4985110000000006,0.16660000000000252,62.12859344482422,62.12859344482422,0.0,Correct,Correct,False
session_02_both_mix,rep_d8ea12c9407f1b8ebe,Left,Correct,end_late_20f,0,20,-0.917866125093331,-0.6895037233520626,0.22836240174126843,0.22836240174126843,3.331910999999998,3.665110999999996,0.33319999999999794,62.12859344482422,62.12859344482422,0.0,Correct,Correct,False
session_02_both_mix,rep_d8ea12c9407f1b8ebe,Left,Correct,both_inward_10f,10,-10,-0.917866125093331,-1.163250844854423,-0.245384719761092,0.245384719761092,3.331910999999998,2.998711,-0.33319999999999794,62.12859344482422,61.792991638183594,-0.335601806640625,Correct,Correct,False
session_02_both_mix,rep_d8ea12c9407f1b8ebe,Left,Correct,both_outward_10f,-10,10,-0.917866125093331,-0.6195602266352574,0.29830589845807354,0.29830589845807354,3.331910999999998,3.6651000000000025,0.3331890000000044,62.12859344482422,62.12859344482422,0.0,Correct,Correct,False
session_02_both_mix,rep_d8ea12c9407f1b8ebe,Left,Correct,both_inward_20f,20,-20,-0.917866125093331,-1.249525299832011,-0.33165917473868,0.33165917473868,3.331910999999998,2.6655330000000035,-0.6663779999999946,62.12859344482422,60.49427032470703,-1.6343231201171875,Correct,Correct,False
session_02_both_mix,rep_d8ea12c9407f1b8ebe,Left,Correct,both_outward_20f,-20,20,-0.917866125093331,-0.4703737303689165,0.4474923947244145,0.4474923947244145,3.331910999999998,3.9983000000000004,0.6663890000000023,62.12859344482422,62.12859344482422,0.0,Correct,Correct,False
session_02_both_mix,rep_ed4d23c464cf750af7,Left,Correct,exact_manual,0,0,-1.0599254131597435,-1.0599254131597435,0.0,0.0,2.9320889999999977,2.9320889999999977,0.0,62.16270446777344,62.16270446777344,0.0,Correct,Correct,False
session_02_both_mix,rep_ed4d23c464cf750af7,Left,Correct,start_early_10f,-10,0,-1.0599254131597435,-0.9549928970340452,0.10493251612569832,0.10493251612569832,2.9320889999999977,3.0986890000000002,0.16660000000000252,62.16270446777344,63.22157287597656,1.058868408203125,Correct,Correct,False
session_02_both_mix,rep_ed4d23c464cf750af7,Left,Correct,start_early_20f,-20,0,-1.0599254131597435,-0.8469120236894937,0.21301338947024984,0.21301338947024984,2.9320889999999977,3.2652669999999944,0.33317799999999664,62.16270446777344,63.22157287597656,1.058868408203125,Correct,Correct,False
session_02_both_mix,rep_ed4d23c464cf750af7,Left,Correct,start_late_10f,10,0,-1.0599254131597435,-1.1552910457152517,-0.09536563255550812,0.09536563255550812,2.9320889999999977,2.765488999999995,-0.16660000000000252,62.16270446777344,62.16270446777344,0.0,Correct,Correct,False
session_02_both_mix,rep_ed4d23c464cf750af7,Left,Correct,start_late_20f,20,0,-1.0599254131597435,-1.2406542123249413,-0.1807287991651978,0.1807287991651978,2.9320889999999977,2.598889,-0.33319999999999794,62.16270446777344,62.16270446777344,0.0,Correct,Correct,False
session_02_both_mix,rep_ed4d23c464cf750af7,Left,Correct,end_early_10f,0,-10,-1.0599254131597435,-0.8717416788718811,0.1881837342878624,0.1881837342878624,2.9320889999999977,2.7654890000000023,-0.16659999999999542,62.16270446777344,60.78919982910156,-1.373504638671875,Correct,Correct,False
session_02_both_mix,rep_ed4d23c464cf750af7,Left,Correct,end_early_20f,0,-20,-1.0599254131597435,-0.4884243708240342,0.5715010423357093,0.5715010423357093,2.9320889999999977,2.5989000000000004,-0.3331889999999973,62.16270446777344,60.78919982910156,-1.373504638671875,Correct,Correct,False
session_02_both_mix,rep_ed4d23c464cf750af7,Left,Correct,end_late_10f,0,10,-1.0599254131597435,-1.050376943209927,0.009548469949816507,0.009548469949816507,2.9320889999999977,3.0986890000000002,0.16660000000000252,62.16270446777344,62.54792785644531,0.385223388671875,Correct,Correct,False
session_02_both_mix,rep_ed4d23c464cf750af7,Left,Correct,end_late_20f,0,20,-1.0599254131597435,-0.8406658564787367,0.21925955668100683,0.21925955668100683,2.9320889999999977,3.265278000000002,0.3331890000000044,62.16270446777344,62.54792785644531,0.385223388671875,Correct,Correct,False
session_02_both_mix,rep_ed4d23c464cf750af7,Left,Correct,both_inward_10f,10,-10,-1.0599254131597435,-0.881370433796621,0.1785549793631226,0.1785549793631226,2.9320889999999977,2.598889,-0.33319999999999794,62.16270446777344,60.78919982910156,-1.373504638671875,Correct,Correct,False
session_02_both_mix,rep_ed4d23c464cf750af7,Left,Correct,both_outward_10f,-10,10,-1.0599254131597435,-0.9359970419833626,0.12392837117638089,0.12392837117638089,2.9320889999999977,3.2652890000000028,0.33320000000000505,62.16270446777344,63.22157287597656,1.058868408203125,Correct,Correct,False
session_02_both_mix,rep_ed4d23c464cf750af7,Left,Correct,both_inward_20f,20,-20,-1.0599254131597435,-0.5545652249027727,0.5053601882569708,0.5053601882569708,2.9320889999999977,2.2657000000000025,-0.6663889999999952,62.16270446777344,60.78919982910156,-1.373504638671875,Correct,Correct,False
session_02_both_mix,rep_ed4d23c464cf750af7,Left,Correct,both_outward_20f,-20,20,-1.0599254131597435,-0.6212477320786703,0.4386776810810732,0.4386776810810732,2.9320889999999977,3.5984559999999988,0.666367000000001,62.16270446777344,63.22157287597656,1.058868408203125,Correct,Correct,False
session_02_both_mix,rep_8c17d582de78f254dd,Right,Incorrect,exact_manual,0,0,1.4048179857953853,1.4048179857953853,0.0,0.0,1.2661220000000029,1.2661220000000029,0.0,17.09880828857422,17.09880828857422,0.0,Incorrect,Incorrect,False
session_02_both_mix,rep_8c17d582de78f254dd,Right,Incorrect,start_early_10f,-10,0,1.4048179857953853,1.4724865951144688,0.06766860931908347,0.06766860931908347,1.2661220000000029,1.4327219999999983,0.16659999999999542,17.09880828857422,17.09880828857422,0.0,Incorrect,Incorrect,False
session_02_both_mix,rep_8c17d582de78f254dd,Right,Incorrect,start_early_20f,-20,0,1.4048179857953853,1.3126158115767335,-0.09220217421865184,0.09220217421865184,1.2661220000000029,1.5993110000000001,0.3331889999999973,17.09880828857422,18.249801635742188,1.1509933471679688,Incorrect,Incorrect,False
session_02_both_mix,rep_8c17d582de78f254dd,Right,Incorrect,start_late_10f,10,0,1.4048179857953853,1.2935863918901613,-0.11123159390522397,0.11123159390522397,1.2661220000000029,1.0995220000000003,-0.16660000000000252,17.09880828857422,17.09880828857422,0.0,Incorrect,Incorrect,False
session_02_both_mix,rep_8c17d582de78f254dd,Right,Incorrect,start_late_20f,20,0,1.4048179857953853,1.300970133003692,-0.10384785279169328,0.10384785279169328,1.2661220000000029,0.9329329999999985,-0.3331890000000044,17.09880828857422,15.016326904296875,-2.0824813842773438,Incorrect,Incorrect,False
session_02_both_mix,rep_8c17d582de78f254dd,Right,Incorrect,end_early_10f,0,-10,1.4048179857953853,1.294444943645744,-0.11037304214964139,0.11037304214964139,1.2661220000000029,1.0995220000000003,-0.16660000000000252,17.09880828857422,17.09880828857422,0.0,Incorrect,Incorrect,False
session_02_both_mix,rep_8c17d582de78f254dd,Right,Incorrect,end_early_20f,0,-20,1.4048179857953853,1.3164024184349326,-0.08841556736045275,0.08841556736045275,1.2661220000000029,0.9329330000000056,-0.3331889999999973,17.09880828857422,13.533973693847656,-3.5648345947265625,Incorrect,Incorrect,False
session_02_both_mix,rep_8c17d582de78f254dd,Right,Incorrect,end_late_10f,0,10,1.4048179857953853,0.7367892472132282,-0.6680287385821571,0.6680287385821571,1.2661220000000029,9.679200000000002,8.413077999999999,17.09880828857422,42.11219787597656,25.013389587402344,Incorrect,Incorrect,False
session_02_both_mix,rep_8c17d582de78f254dd,Right,Incorrect,end_late_20f,0,20,1.4048179857953853,0.7363793773184842,-0.6684386084769011,0.6684386084769011,1.2661220000000029,9.845811000000005,8.579689000000002,17.09880828857422,42.11219787597656,25.013389587402344,Incorrect,Incorrect,False
session_02_both_mix,rep_8c17d582de78f254dd,Right,Incorrect,both_inward_10f,10,-10,1.4048179857953853,1.1907106683770405,-0.21410731741834477,0.21410731741834477,1.2661220000000029,0.9329219999999978,-0.33320000000000505,17.09880828857422,17.09880828857422,0.0,Incorrect,Incorrect,False
session_02_both_mix,rep_8c17d582de78f254dd,Right,Incorrect,both_outward_10f,-10,10,1.4048179857953853,0.73560908684283,-0.6692088989525553,0.6692088989525553,1.2661220000000029,9.845799999999997,8.579677999999994,17.09880828857422,42.11219787597656,25.013389587402344,Incorrect,Incorrect,False
session_02_both_mix,rep_8c17d582de78f254dd,Right,Incorrect,both_inward_20f,20,-20,1.4048179857953853,1.1168652278263052,-0.28795275796908015,0.28795275796908015,1.2661220000000029,0.5997440000000012,-0.6663780000000017,17.09880828857422,11.451492309570312,-5.647315979003906,Incorrect,Incorrect,False
session_02_both_mix,rep_8c17d582de78f254dd,Right,Incorrect,both_outward_20f,-20,20,1.4048179857953853,0.7341384433630671,-0.6706795424323182,0.6706795424323182,1.2661220000000029,10.179000000000002,8.912878,17.09880828857422,42.11219787597656,25.013389587402344,Incorrect,Incorrect,False
session_02_both_mix,rep_83f806588a8c338f4b,Right,Incorrect,exact_manual,0,0,1.0050827901260802,1.0050827901260802,0.0,0.0,1.5326880000000003,1.5326880000000003,0.0,30.5150146484375,30.5150146484375,0.0,Incorrect,Incorrect,False
session_02_both_mix,rep_83f806588a8c338f4b,Right,Incorrect,start_early_10f,-10,0,1.0050827901260802,0.7429988474066759,-0.2620839427194043,0.2620839427194043,1.5326880000000003,9.945765999999999,8.413077999999999,30.5150146484375,39.84678649902344,9.331771850585938,Incorrect,Incorrect,False
session_02_both_mix,rep_83f806588a8c338f4b,Right,Incorrect,start_early_20f,-20,0,1.0050827901260802,0.7412936251415324,-0.26378916498454774,0.26378916498454774,1.5326880000000003,10.112366000000002,8.579678000000001,30.5150146484375,42.11219787597656,11.597183227539062,Incorrect,Incorrect,False
session_02_both_mix,rep_83f806588a8c338f4b,Right,Incorrect,start_late_10f,10,0,1.0050827901260802,1.1338713646553669,0.12878857452928671,0.12878857452928671,1.5326880000000003,1.3660880000000049,-0.16659999999999542,30.5150146484375,26.43157196044922,-4.083442687988281,Incorrect,Incorrect,False
session_02_both_mix,rep_83f806588a8c338f4b,Right,Incorrect,start_late_20f,20,0,1.0050827901260802,1.1469761767713909,0.1418933866453107,0.1418933866453107,1.5326880000000003,1.1994880000000023,-0.33319999999999794,30.5150146484375,22.245758056640625,-8.269256591796875,Incorrect,Incorrect,False
session_02_both_mix,rep_83f806588a8c338f4b,Right,Incorrect,end_early_10f,0,-10,1.0050827901260802,1.0189970583539478,0.013914268227867677,0.013914268227867677,1.5326880000000003,1.3660879999999977,-0.16660000000000252,30.5150146484375,30.266708374023438,-0.2483062744140625,Incorrect,Incorrect,False
session_02_both_mix,rep_83f806588a8c338f4b,Right,Incorrect,end_early_20f,0,-20,1.0050827901260802,1.0117159284233972,0.006633138297317043,0.006633138297317043,1.5326880000000003,1.1994879999999952,-0.33320000000000505,30.5150146484375,30.266708374023438,-0.2483062744140625,Incorrect,Incorrect,False
session_02_both_mix,rep_83f806588a8c338f4b,Right,Incorrect,end_late_10f,0,10,1.0050827901260802,0.9631696638214868,-0.04191312630459332,0.04191312630459332,1.5326880000000003,1.699276999999995,0.16658899999999477,30.5150146484375,34.21107482910156,3.6960601806640625,Incorrect,Incorrect,False
session_02_both_mix,rep_83f806588a8c338f4b,Right,Incorrect,end_late_20f,0,20,1.0050827901260802,0.9342999619033899,-0.07078282822269022,0.07078282822269022,1.5326880000000003,1.8658769999999976,0.3331889999999973,30.5150146484375,39.476806640625,8.9617919921875,Incorrect,Incorrect,False
session_02_both_mix,rep_83f806588a8c338f4b,Right,Incorrect,both_inward_10f,10,-10,1.0050827901260802,1.1444103216795596,0.13932753155347943,0.13932753155347943,1.5326880000000003,1.1994880000000023,-0.33319999999999794,30.5150146484375,26.183265686035156,-4.331748962402344,Incorrect,Incorrect,False
session_02_both_mix,rep_83f806588a8c338f4b,Right,Incorrect,both_outward_10f,-10,10,1.0050827901260802,0.7412634246476164,-0.26381936547846374,0.26381936547846374,1.5326880000000003,10.112354999999994,8.579666999999993,30.5150146484375,39.84678649902344,9.331771850585938,Incorrect,Incorrect,False
session_02_both_mix,rep_83f806588a8c338f4b,Right,Incorrect,both_inward_20f,20,-20,1.0050827901260802,1.1324544134309376,0.1273716233048574,0.1273716233048574,1.5326880000000003,0.8662879999999973,-0.666400000000003,30.5150146484375,21.997451782226562,-8.517562866210938,Incorrect,Incorrect,False
session_02_both_mix,rep_83f806588a8c338f4b,Right,Incorrect,both_outward_20f,-20,20,1.0050827901260802,0.738190795638948,-0.2668919944871322,0.2668919944871322,1.5326880000000003,10.445554999999999,8.912866999999999,30.5150146484375,42.11219787597656,11.597183227539062,Incorrect,Incorrect,False
session_02_both_mix,rep_ef9e190c4981e28593,Right,Incorrect,exact_manual,0,0,0.8764549112792335,0.8764549112792335,0.0,0.0,3.9316559999999967,3.9316559999999967,0.0,34.50456237792969,34.50456237792969,0.0,Incorrect,Incorrect,False
session_02_both_mix,rep_ef9e190c4981e28593,Right,Incorrect,start_early_10f,-10,0,0.8764549112792335,0.8488513939651118,-0.027603517314121695,0.027603517314121695,3.9316559999999967,4.098255999999999,0.16660000000000252,34.50456237792969,34.50456237792969,0.0,Incorrect,Incorrect,False
session_02_both_mix,rep_ef9e190c4981e28593,Right,Incorrect,start_early_20f,-20,0,0.8764549112792335,0.819142983758451,-0.05731192752078251,0.05731192752078251,3.9316559999999967,4.264856000000002,0.33320000000000505,34.50456237792969,34.50456237792969,0.0,Incorrect,Incorrect,False
session_02_both_mix,rep_ef9e190c4981e28593,Right,Incorrect,start_late_10f,10,0,0.8764549112792335,0.8641013604369986,-0.012353550842234884,0.012353550842234884,3.9316559999999967,3.765067000000002,-0.16658899999999477,34.50456237792969,34.50456237792969,0.0,Incorrect,Incorrect,False
session_02_both_mix,rep_ef9e190c4981e28593,Right,Incorrect,start_late_20f,20,0,0.8764549112792335,0.8980798637370103,0.021624952457776847,0.021624952457776847,3.9316559999999967,3.5984669999999994,-0.3331889999999973,34.50456237792969,34.50456237792969,0.0,Incorrect,Incorrect,False
session_02_both_mix,rep_ef9e190c4981e28593,Right,Incorrect,end_early_10f,0,-10,0.8764549112792335,1.4509828661178326,0.5745279548385991,0.5745279548385991,3.9316559999999967,3.7650560000000013,-0.16659999999999542,34.50456237792969,34.50456237792969,0.0,Incorrect,Incorrect,False
session_02_both_mix,rep_ef9e190c4981e28593,Right,Incorrect,end_early_20f,0,-20,0.8764549112792335,1.4758168968542607,0.5993619855750272,0.5993619855750272,3.9316559999999967,3.5984559999999988,-0.33319999999999794,34.50456237792969,34.50456237792969,0.0,Incorrect,Incorrect,False
session_02_both_mix,rep_ef9e190c4981e28593,Right,Incorrect,end_late_10f,0,10,0.8764549112792335,1.0935013013219756,0.21704639004274218,0.21704639004274218,3.9316559999999967,4.448099999999997,0.5164439999999999,34.50456237792969,40.897315979003906,6.392753601074219,Incorrect,Incorrect,False
session_02_both_mix,rep_ef9e190c4981e28593,Right,Incorrect,end_late_20f,0,20,0.8764549112792335,1.1051197522117913,0.2286648409325578,0.2286648409325578,3.9316559999999967,4.614699999999999,0.6830440000000024,34.50456237792969,40.897315979003906,6.392753601074219,Incorrect,Incorrect,False
session_02_both_mix,rep_ef9e190c4981e28593,Right,Incorrect,both_inward_10f,10,-10,0.8764549112792335,1.4434946750652393,0.5670397637860058,0.5670397637860058,3.9316559999999967,3.5984670000000065,-0.3331889999999902,34.50456237792969,34.50456237792969,0.0,Incorrect,Incorrect,False
session_02_both_mix,rep_ef9e190c4981e28593,Right,Incorrect,both_outward_10f,-10,10,0.8764549112792335,1.0978816979753336,0.22142678669610016,0.22142678669610016,3.9316559999999967,4.614699999999999,0.6830440000000024,34.50456237792969,40.897315979003906,6.392753601074219,Incorrect,Incorrect,False
session_02_both_mix,rep_ef9e190c4981e28593,Right,Incorrect,both_inward_20f,20,-20,0.8764549112792335,1.4790457167471391,0.6025908054679057,0.6025908054679057,3.9316559999999967,3.2652670000000015,-0.6663889999999952,34.50456237792969,34.50456237792969,0.0,Incorrect,Incorrect,False
session_02_both_mix,rep_ef9e190c4981e28593,Right,Incorrect,both_outward_20f,-20,20,0.8764549112792335,1.1346532885977,0.2581983773184666,0.2581983773184666,3.9316559999999967,4.947900000000004,1.0162440000000075,34.50456237792969,40.897315979003906,6.392753601074219,Incorrect,Incorrect,False
session_02_both_mix,rep_5c39730111cd443d20,Left,Incorrect,exact_manual,0,0,0.9985917534213029,0.9985917534213029,0.0,0.0,3.165300000000002,3.165300000000002,0.0,49.56867218017578,49.56867218017578,0.0,Incorrect,Incorrect,False
session_02_both_mix,rep_5c39730111cd443d20,Left,Incorrect,start_early_10f,-10,0,0.9985917534213029,0.8958521000713888,-0.10273965334991408,0.10273965334991408,3.165300000000002,3.6817550000000026,0.5164550000000006,49.56867218017578,49.56867218017578,0.0,Incorrect,Incorrect,False
session_02_both_mix,rep_5c39730111cd443d20,Left,Incorrect,start_early_20f,-20,0,0.9985917534213029,0.9002520165690558,-0.09833973685224706,0.09833973685224706,3.165300000000002,3.848355000000005,0.6830550000000031,49.56867218017578,49.56867218017578,0.0,Incorrect,Incorrect,False
session_02_both_mix,rep_5c39730111cd443d20,Left,Incorrect,start_late_10f,10,0,0.9985917534213029,1.0024040864961012,0.0038123330747983353,0.0038123330747983353,3.165300000000002,2.998711,-0.16658900000000187,49.56867218017578,47.60186004638672,-1.9668121337890625,Incorrect,Incorrect,False
session_02_both_mix,rep_5c39730111cd443d20,Left,Incorrect,start_late_20f,20,0,0.9985917534213029,1.0334011606574733,0.03480940723617043,0.03480940723617043,3.165300000000002,2.8321110000000047,-0.3331889999999973,49.56867218017578,46.419395446777344,-3.1492767333984375,Incorrect,Incorrect,False
session_02_both_mix,rep_5c39730111cd443d20,Left,Incorrect,end_early_10f,0,-10,0.9985917534213029,1.6551761827401255,0.6565844293188225,0.6565844293188225,3.165300000000002,2.9987220000000008,-0.16657800000000123,49.56867218017578,49.56867218017578,0.0,Incorrect,Incorrect,False
session_02_both_mix,rep_5c39730111cd443d20,Left,Incorrect,end_early_20f,0,-20,0.9985917534213029,1.663704115399909,0.6651123619786061,0.6651123619786061,3.165300000000002,2.8321109999999976,-0.3331890000000044,49.56867218017578,49.56867218017578,0.0,Incorrect,Incorrect,False
session_02_both_mix,rep_5c39730111cd443d20,Left,Incorrect,end_late_10f,0,10,0.9985917534213029,0.9985917534213029,0.0,0.0,3.165300000000002,3.165300000000002,0.0,49.56867218017578,49.56867218017578,0.0,Incorrect,Incorrect,False
session_02_both_mix,rep_5c39730111cd443d20,Left,Incorrect,end_late_20f,0,20,0.9985917534213029,0.9985917534213029,0.0,0.0,3.165300000000002,3.165300000000002,0.0,49.56867218017578,49.56867218017578,0.0,Incorrect,Incorrect,False
session_02_both_mix,rep_5c39730111cd443d20,Left,Incorrect,both_inward_10f,10,-10,0.9985917534213029,1.6268631650561587,0.6282714116348558,0.6282714116348558,3.165300000000002,2.832132999999999,-0.3331670000000031,49.56867218017578,47.60186004638672,-1.9668121337890625,Incorrect,Incorrect,False
session_02_both_mix,rep_5c39730111cd443d20,Left,Incorrect,both_outward_10f,-10,10,0.9985917534213029,0.8958521000713888,-0.10273965334991408,0.10273965334991408,3.165300000000002,3.6817550000000026,0.5164550000000006,49.56867218017578,49.56867218017578,0.0,Incorrect,Incorrect,False
session_02_both_mix,rep_5c39730111cd443d20,Left,Incorrect,both_inward_20f,20,-20,0.9985917534213029,1.6558986115584071,0.6573068581371042,0.6573068581371042,3.165300000000002,2.4989220000000003,-0.6663780000000017,49.56867218017578,46.419395446777344,-3.1492767333984375,Incorrect,Incorrect,False
session_02_both_mix,rep_5c39730111cd443d20,Left,Incorrect,both_outward_20f,-20,20,0.9985917534213029,0.9002520165690558,-0.09833973685224706,0.09833973685224706,3.165300000000002,3.848355000000005,0.6830550000000031,49.56867218017578,49.56867218017578,0.0,Incorrect,Incorrect,False
session_03_both_mix2,rep_96581b03de4436e334,Right,Correct,exact_manual,0,0,-1.2920435932744612,-1.2920435932744612,0.0,0.0,3.131989,3.131989,0.0,76.52784729003906,76.52784729003906,0.0,Correct,Correct,False
session_03_both_mix2,rep_96581b03de4436e334,Right,Correct,start_early_10f,-10,0,-1.2920435932744612,-1.2920435932744612,0.0,0.0,3.131989,3.131989,0.0,76.52784729003906,76.52784729003906,0.0,Correct,Correct,False
session_03_both_mix2,rep_96581b03de4436e334,Right,Correct,start_early_20f,-20,0,-1.2920435932744612,-1.2920435932744612,0.0,0.0,3.131989,3.131989,0.0,76.52784729003906,76.52784729003906,0.0,Correct,Correct,False
session_03_both_mix2,rep_96581b03de4436e334,Right,Correct,start_late_10f,10,0,-1.2920435932744612,-1.2818323820206792,0.010211211253781993,0.010211211253781993,3.131989,2.965411,-0.1665779999999999,76.52784729003906,75.40925598144531,-1.11859130859375,Correct,Correct,False
session_03_both_mix2,rep_96581b03de4436e334,Right,Correct,start_late_20f,20,0,-1.2920435932744612,-1.2767820455796435,0.01526154769481769,0.01526154769481769,3.131989,2.7988109999999997,-0.3331780000000002,76.52784729003906,75.40925598144531,-1.11859130859375,Correct,Correct,False
session_03_both_mix2,rep_96581b03de4436e334,Right,Correct,end_early_10f,0,-10,-1.2920435932744612,-1.1977930636742413,0.09425052960021985,0.09425052960021985,3.131989,2.965389,-0.16659999999999986,76.52784729003906,76.52784729003906,0.0,Correct,Correct,False
session_03_both_mix2,rep_96581b03de4436e334,Right,Correct,end_early_20f,0,-20,-1.2920435932744612,-1.081142773663749,0.21090081961071228,0.21090081961071228,3.131989,2.798789,-0.3331999999999997,76.52784729003906,76.52784729003906,0.0,Correct,Correct,False
session_03_both_mix2,rep_96581b03de4436e334,Right,Correct,end_late_10f,0,10,-1.2920435932744612,-1.3573794973373183,-0.06533590406285716,0.06533590406285716,3.131989,3.298589,0.1666000000000003,76.52784729003906,76.52784729003906,0.0,Correct,Correct,False
session_03_both_mix2,rep_96581b03de4436e334,Right,Correct,end_late_20f,0,20,-1.2920435932744612,-1.3885802029498011,-0.09653660967533995,0.09653660967533995,3.131989,3.465178,0.33318899999999996,76.52784729003906,76.52784729003906,0.0,Correct,Correct,False
session_03_both_mix2,rep_96581b03de4436e334,Right,Correct,both_inward_10f,10,-10,-1.2920435932744612,-1.1795182481533053,0.11252534512115586,0.11252534512115586,3.131989,2.798811,-0.33317799999999975,76.52784729003906,74.32801818847656,-2.1998291015625,Correct,Correct,False
session_03_both_mix2,rep_96581b03de4436e334,Right,Correct,both_outward_10f,-10,10,-1.2920435932744612,-1.3573794973373183,-0.06533590406285716,0.06533590406285716,3.131989,3.298589,0.1666000000000003,76.52784729003906,76.52784729003906,0.0,Correct,Correct,False
session_03_both_mix2,rep_96581b03de4436e334,Right,Correct,both_inward_20f,20,-20,-1.2920435932744612,-1.0288344524815796,0.2632091407928816,0.2632091407928816,3.131989,2.465611,-0.6663779999999999,76.52784729003906,69.22903442382812,-7.2988128662109375,Correct,Correct,False
session_03_both_mix2,rep_96581b03de4436e334,Right,Correct,both_outward_20f,-20,20,-1.2920435932744612,-1.3885802029498011,-0.09653660967533995,0.09653660967533995,3.131989,3.465178,0.33318899999999996,76.52784729003906,76.52784729003906,0.0,Correct,Correct,False
session_03_both_mix2,rep_f58658b961ff048335,Left,Correct,exact_manual,0,0,-0.8250636949659819,-0.8250636949659819,0.0,0.0,3.0320440000000004,3.0320440000000004,0.0,79.592041015625,79.592041015625,0.0,Correct,Correct,False
session_03_both_mix2,rep_f58658b961ff048335,Left,Correct,start_early_10f,-10,0,-0.8250636949659819,-0.8859003734327408,-0.06083667846675889,0.06083667846675889,3.0320440000000004,3.1986440000000003,0.16659999999999986,79.592041015625,79.592041015625,0.0,Correct,Correct,False
session_03_both_mix2,rep_f58658b961ff048335,Left,Correct,start_early_20f,-20,0,-0.8250636949659819,-0.90889619924155,-0.0838325042755681,0.0838325042755681,3.0320440000000004,3.365244,0.3331999999999997,79.592041015625,79.592041015625,0.0,Correct,Correct,False
session_03_both_mix2,rep_f58658b961ff048335,Left,Correct,start_late_10f,10,0,-0.8250636949659819,-0.7187551925112791,0.1063085024547028,0.1063085024547028,3.0320440000000004,2.865444,-0.1666000000000003,79.592041015625,79.592041015625,0.0,Correct,Correct,False
session_03_both_mix2,rep_f58658b961ff048335,Left,Correct,start_late_20f,20,0,-0.8250636949659819,-0.6083754012598049,0.21668829370617693,0.21668829370617693,3.0320440000000004,2.6988550000000004,-0.33318899999999996,79.592041015625,79.592041015625,0.0,Correct,Correct,False
session_03_both_mix2,rep_f58658b961ff048335,Left,Correct,end_early_10f,0,-10,-0.8250636949659819,-0.9189081526882915,-0.09384445772230965,0.09384445772230965,3.0320440000000004,2.8654440000000005,-0.16659999999999986,79.592041015625,79.592041015625,0.0,Correct,Correct,False
session_03_both_mix2,rep_f58658b961ff048335,Left,Correct,end_early_20f,0,-20,-0.8250636949659819,-1.1373833239284838,-0.312319628962502,0.312319628962502,3.0320440000000004,2.6988550000000004,-0.33318899999999996,79.592041015625,71.72116088867188,-7.870880126953125,Correct,Correct,False
session_03_both_mix2,rep_f58658b961ff048335,Left,Correct,end_late_10f,0,10,-0.8250636949659819,-0.8165751099169475,0.00848858504903438,0.00848858504903438,3.0320440000000004,3.1986330000000005,0.1665890000000001,79.592041015625,79.592041015625,0.0,Correct,Correct,False
session_03_both_mix2,rep_f58658b961ff048335,Left,Correct,end_late_20f,0,20,-0.8250636949659819,-0.14714003791645336,0.6779236570495285,0.6779236570495285,3.0320440000000004,3.3652330000000004,0.33318899999999996,79.592041015625,79.592041015625,0.0,Correct,Correct,False
session_03_both_mix2,rep_f58658b961ff048335,Left,Correct,both_inward_10f,10,-10,-0.8250636949659819,-0.7952836363330932,0.029780058632888684,0.029780058632888684,3.0320440000000004,2.6988440000000002,-0.33320000000000016,79.592041015625,79.592041015625,0.0,Correct,Correct,False
session_03_both_mix2,rep_f58658b961ff048335,Left,Correct,both_outward_10f,-10,10,-0.8250636949659819,-0.8665598918225824,-0.04149619685660055,0.04149619685660055,3.0320440000000004,3.3652330000000004,0.33318899999999996,79.592041015625,79.592041015625,0.0,Correct,Correct,False
session_03_both_mix2,rep_f58658b961ff048335,Left,Correct,both_inward_20f,20,-20,-0.8250636949659819,-0.901682050573884,-0.07661835560790209,0.07661835560790209,3.0320440000000004,2.3656660000000005,-0.6663779999999999,79.592041015625,69.29031372070312,-10.301727294921875,Correct,Correct,False
session_03_both_mix2,rep_f58658b961ff048335,Left,Correct,both_outward_20f,-20,20,-0.8250636949659819,-0.17491869379833092,0.650145001167651,0.650145001167651,3.0320440000000004,3.698433,0.6663889999999997,79.592041015625,79.592041015625,0.0,Correct,Correct,False
session_03_both_mix2,rep_0da66c37aeaee10dba,Left,Correct,exact_manual,0,0,-0.9986558830762277,-0.9986558830762277,0.0,0.0,2.7321670000000005,2.7321670000000005,0.0,93.56526947021484,93.56526947021484,0.0,Correct,Correct,False
session_03_both_mix2,rep_0da66c37aeaee10dba,Left,Correct,start_early_10f,-10,0,-0.9986558830762277,-1.0315776708123496,-0.03292178773612198,0.03292178773612198,2.7321670000000005,2.8987670000000003,0.16659999999999986,93.56526947021484,93.56526947021484,0.0,Correct,Correct,False
session_03_both_mix2,rep_0da66c37aeaee10dba,Left,Correct,start_early_20f,-20,0,-0.9986558830762277,-0.9566308212020126,0.042025061874215064,0.042025061874215064,2.7321670000000005,3.0653560000000004,0.33318899999999996,93.56526947021484,93.56526947021484,0.0,Correct,Correct,False
session_03_both_mix2,rep_0da66c37aeaee10dba,Left,Correct,start_late_10f,10,0,-0.9986558830762277,-0.9234587360315706,0.07519714704465708,0.07519714704465708,2.7321670000000005,2.5655780000000004,-0.1665890000000001,93.56526947021484,93.56526947021484,0.0,Correct,Correct,False
session_03_both_mix2,rep_0da66c37aeaee10dba,Left,Correct,start_late_20f,20,0,-0.9986558830762277,-0.9098968246904368,0.0887590583857909,0.0887590583857909,2.7321670000000005,2.3989780000000005,-0.33318899999999996,93.56526947021484,93.56526947021484,0.0,Correct,Correct,False
session_03_both_mix2,rep_0da66c37aeaee10dba,Left,Correct,end_early_10f,0,-10,-0.9986558830762277,-0.6197239146119043,0.3789319684643233,0.3789319684643233,2.7321670000000005,2.5655780000000004,-0.1665890000000001,93.56526947021484,76.4978256225586,-17.06744384765625,Correct,Correct,False
session_03_both_mix2,rep_0da66c37aeaee10dba,Left,Correct,end_early_20f,0,-20,-0.9986558830762277,-0.48391540923420917,0.5147404738420185,0.5147404738420185,2.7321670000000005,2.3989779999999996,-0.33318900000000085,93.56526947021484,74.63780975341797,-18.927459716796875,Correct,Correct,False
session_03_both_mix2,rep_0da66c37aeaee10dba,Left,Correct,end_late_10f,0,10,-0.9986558830762277,-0.9999951748480328,-0.00133929177180514,0.00133929177180514,2.7321670000000005,2.8987669999999994,0.16659999999999897,93.56526947021484,97.04145050048828,3.4761810302734375,Correct,Correct,False
session_03_both_mix2,rep_0da66c37aeaee10dba,Left,Correct,end_late_20f,0,20,-0.9986558830762277,-0.9749846472588451,0.023671235817382508,0.023671235817382508,2.7321670000000005,3.0653559999999995,0.33318899999999907,93.56526947021484,97.04145050048828,3.4761810302734375,Correct,Correct,False
session_03_both_mix2,rep_0da66c37aeaee10dba,Left,Correct,both_inward_10f,10,-10,-0.9986558830762277,-0.5503044161881655,0.44835146688806216,0.44835146688806216,2.7321670000000005,2.3989890000000003,-0.3331780000000002,93.56526947021484,76.4978256225586,-17.06744384765625,Correct,Correct,False
session_03_both_mix2,rep_0da66c37aeaee10dba,Left,Correct,both_outward_10f,-10,10,-0.9986558830762277,-1.0329056946119728,-0.034249811535745134,0.034249811535745134,2.7321670000000005,3.0653669999999993,0.33319999999999883,93.56526947021484,97.04145050048828,3.4761810302734375,Correct,Correct,False
session_03_both_mix2,rep_0da66c37aeaee10dba,Left,Correct,both_inward_20f,20,-20,-0.9986558830762277,-0.367841519715454,0.6308143633607737,0.6308143633607737,2.7321670000000005,2.0657889999999997,-0.6663780000000008,93.56526947021484,71.5728988647461,-21.99237060546875,Correct,Correct,False
session_03_both_mix2,rep_0da66c37aeaee10dba,Left,Correct,both_outward_20f,-20,20,-0.9986558830762277,-0.9473331329861824,0.05132275009004528,0.05132275009004528,2.7321670000000005,3.3985449999999995,0.666377999999999,93.56526947021484,97.04145050048828,3.4761810302734375,Correct,Correct,False
session_03_both_mix2,rep_c4774628dd2fa04641,Right,Correct,exact_manual,0,0,-0.19426886204610494,-0.19426886204610494,0.0,0.0,3.198632999999999,3.198632999999999,0.0,95.14111328125,95.14111328125,0.0,Correct,Correct,False
session_03_both_mix2,rep_c4774628dd2fa04641,Right,Correct,start_early_10f,-10,0,-0.19426886204610494,-0.11159330668788647,0.08267555535821847,0.08267555535821847,3.198632999999999,3.3652219999999993,0.1665890000000001,95.14111328125,95.14111328125,0.0,Correct,Correct,False
session_03_both_mix2,rep_c4774628dd2fa04641,Right,Correct,start_early_20f,-20,0,-0.19426886204610494,0.06041158144921421,0.25468044349531915,0.25468044349531915,3.198632999999999,3.531822,0.33318900000000085,95.14111328125,95.14111328125,0.0,Correct,Incorrect,True
session_03_both_mix2,rep_c4774628dd2fa04641,Right,Correct,start_late_10f,10,0,-0.19426886204610494,-0.1609640507054393,0.03330481134066565,0.03330481134066565,3.198632999999999,3.032033,-0.16659999999999897,95.14111328125,92.79486083984375,-2.34625244140625,Correct,Correct,False
session_03_both_mix2,rep_c4774628dd2fa04641,Right,Correct,start_late_20f,20,0,-0.19426886204610494,-0.09923065756116212,0.09503820448494282,0.09503820448494282,3.198632999999999,2.865444,-0.33318899999999907,95.14111328125,88.95278930664062,-6.188323974609375,Correct,Correct,False
session_03_both_mix2,rep_c4774628dd2fa04641,Right,Correct,end_early_10f,0,-10,-0.19426886204610494,-0.15753310014324307,0.036735761902861874,0.036735761902861874,3.198632999999999,3.0320329999999984,-0.16660000000000075,95.14111328125,95.14111328125,0.0,Correct,Correct,False
session_03_both_mix2,rep_c4774628dd2fa04641,Right,Correct,end_early_20f,0,-20,-0.19426886204610494,-0.032995627727325116,0.16127323431877982,0.16127323431877982,3.198632999999999,2.865444,-0.33318899999999907,95.14111328125,95.14111328125,0.0,Correct,Correct,False
session_03_both_mix2,rep_c4774628dd2fa04641,Right,Correct,end_late_10f,0,10,-0.19426886204610494,-0.19878810250544132,-0.004519240459336382,0.004519240459336382,3.198632999999999,3.365233,0.16660000000000075,95.14111328125,95.14111328125,0.0,Correct,Correct,False
session_03_both_mix2,rep_c4774628dd2fa04641,Right,Correct,end_late_20f,0,20,-0.19426886204610494,-0.13194267116438363,0.06232619088172131,0.06232619088172131,3.198632999999999,3.531822,0.33318900000000085,95.14111328125,95.14111328125,0.0,Correct,Correct,False
session_03_both_mix2,rep_c4774628dd2fa04641,Right,Correct,both_inward_10f,10,-10,-0.19426886204610494,-0.11973087326484422,0.07453798878126072,0.07453798878126072,3.198632999999999,2.8654329999999995,-0.3331999999999997,95.14111328125,92.79486083984375,-2.34625244140625,Correct,Correct,False
session_03_both_mix2,rep_c4774628dd2fa04641,Right,Correct,both_outward_10f,-10,10,-0.19426886204610494,-0.11503395301010932,0.07923490903599562,0.07923490903599562,3.198632999999999,3.531822,0.33318900000000085,95.14111328125,95.14111328125,0.0,Correct,Correct,False
session_03_both_mix2,rep_c4774628dd2fa04641,Right,Correct,both_inward_20f,20,-20,-0.19426886204610494,0.0829249517996582,0.27719381384576314,0.27719381384576314,3.198632999999999,2.532255000000001,-0.6663779999999981,95.14111328125,88.95278930664062,-6.188323974609375,Correct,Incorrect,True
session_03_both_mix2,rep_c4774628dd2fa04641,Right,Correct,both_outward_20f,-20,20,-0.19426886204610494,0.10907389712344162,0.30334275916954656,0.30334275916954656,3.198632999999999,3.865011000000001,0.6663780000000017,95.14111328125,95.14111328125,0.0,Correct,Incorrect,True
session_03_both_mix2,rep_15de4676677de916d0,Right,Incorrect,exact_manual,0,0,-0.031934483937062885,-0.031934483937062885,0.0,0.0,2.665533,2.665533,0.0,79.8540267944336,79.8540267944336,0.0,Correct,Correct,False
session_03_both_mix2,rep_15de4676677de916d0,Right,Incorrect,start_early_10f,-10,0,-0.031934483937062885,-0.053565117290858,-0.021630633353795115,0.021630633353795115,2.665533,2.8321330000000007,0.16660000000000075,79.8540267944336,79.8540267944336,0.0,Correct,Correct,False
session_03_both_mix2,rep_15de4676677de916d0,Right,Incorrect,start_early_20f,-20,0,-0.031934483937062885,-0.16848127551016767,-0.1365467915731048,0.1365467915731048,2.665533,2.998721999999999,0.33318899999999907,79.8540267944336,80.52483367919922,0.670806884765625,Correct,Correct,False
session_03_both_mix2,rep_15de4676677de916d0,Right,Incorrect,start_late_10f,10,0,-0.031934483937062885,-0.10937702722590736,-0.07744254328884448,0.07744254328884448,2.665533,2.498932999999999,-0.16660000000000075,79.8540267944336,75.47466278076172,-4.379364013671875,Correct,Correct,False
session_03_both_mix2,rep_15de4676677de916d0,Right,Incorrect,start_late_20f,20,0,-0.031934483937062885,-0.29653025649288856,-0.26459577255582567,0.26459577255582567,2.665533,2.332343999999999,-0.33318900000000085,79.8540267944336,72.31375885009766,-7.5402679443359375,Correct,Correct,False
session_03_both_mix2,rep_15de4676677de916d0,Right,Incorrect,end_early_10f,0,-10,-0.031934483937062885,0.06735201853180273,0.09928650246886561,0.09928650246886561,2.665533,2.498933000000001,-0.16659999999999897,79.8540267944336,79.8540267944336,0.0,Correct,Incorrect,True
session_03_both_mix2,rep_15de4676677de916d0,Right,Incorrect,end_early_20f,0,-20,-0.031934483937062885,0.3324577415286917,0.36439222546575456,0.36439222546575456,2.665533,2.332345,-0.3331879999999998,79.8540267944336,79.8540267944336,0.0,Correct,Incorrect,True
session_03_both_mix2,rep_15de4676677de916d0,Right,Incorrect,end_late_10f,0,10,-0.031934483937062885,0.03765619675781329,0.06959068069487617,0.06959068069487617,2.665533,2.8321330000000007,0.16660000000000075,79.8540267944336,79.8540267944336,0.0,Correct,Incorrect,True
session_03_both_mix2,rep_15de4676677de916d0,Right,Incorrect,end_late_20f,0,20,-0.031934483937062885,0.00041207489243433315,0.03234655882949722,0.03234655882949722,2.665533,2.9987220000000008,0.33318900000000085,79.8540267944336,79.8540267944336,0.0,Correct,Incorrect,True
session_03_both_mix2,rep_15de4676677de916d0,Right,Incorrect,both_inward_10f,10,-10,-0.031934483937062885,-0.14269135044243664,-0.11075686650537375,0.11075686650537375,2.665533,2.332333,-0.3331999999999997,79.8540267944336,75.47466278076172,-4.379364013671875,Correct,Correct,False
session_03_both_mix2,rep_15de4676677de916d0,Right,Incorrect,both_outward_10f,-10,10,-0.031934483937062885,0.015821198695312066,0.04775568263237495,0.04775568263237495,2.665533,2.9987330000000014,0.3332000000000015,79.8540267944336,79.8540267944336,0.0,Correct,Incorrect,True
session_03_both_mix2,rep_15de4676677de916d0,Right,Incorrect,both_inward_20f,20,-20,-0.031934483937062885,-0.2907455671345337,-0.2588110831974708,0.2588110831974708,2.665533,1.9991559999999993,-0.6663770000000007,79.8540267944336,67.49126434326172,-12.362762451171875,Correct,Correct,False
session_03_both_mix2,rep_15de4676677de916d0,Right,Incorrect,both_outward_20f,-20,20,-0.031934483937062885,-0.16620707964520798,-0.1342725957081451,0.1342725957081451,2.665533,3.331911,0.6663779999999999,79.8540267944336,80.52483367919922,0.670806884765625,Correct,Correct,False
session_03_both_mix2,rep_506fc27703682724ad,Right,Incorrect,exact_manual,0,0,1.0001293612080873,1.0001293612080873,0.0,0.0,3.165312,3.165312,0.0,93.0931396484375,93.0931396484375,0.0,Incorrect,Incorrect,False
session_03_both_mix2,rep_506fc27703682724ad,Right,Incorrect,start_early_10f,-10,0,1.0001293612080873,1.0112036035910452,0.011074242382957955,0.011074242382957955,3.165312,3.331911999999999,0.16659999999999897,93.0931396484375,93.0931396484375,0.0,Incorrect,Incorrect,False
session_03_both_mix2,rep_506fc27703682724ad,Right,Incorrect,start_early_20f,-20,0,1.0001293612080873,0.9952472523724092,-0.004882108835678078,0.004882108835678078,3.165312,3.4985,0.3331879999999998,93.0931396484375,93.0931396484375,0.0,Incorrect,Incorrect,False
session_03_both_mix2,rep_506fc27703682724ad,Right,Incorrect,start_late_10f,10,0,1.0001293612080873,0.9900096308227155,-0.010119730385371728,0.010119730385371728,3.165312,2.9987119999999994,-0.16660000000000075,93.0931396484375,93.0931396484375,0.0,Incorrect,Incorrect,False
session_03_both_mix2,rep_506fc27703682724ad,Right,Incorrect,start_late_20f,20,0,1.0001293612080873,0.9805877183176566,-0.0195416428904307,0.0195416428904307,3.165312,2.8321229999999993,-0.33318900000000085,93.0931396484375,93.0931396484375,0.0,Incorrect,Incorrect,False
session_03_both_mix2,rep_506fc27703682724ad,Right,Incorrect,end_early_10f,0,-10,1.0001293612080873,-0.6200564071576721,-1.6201857683657592,1.6201857683657592,3.165312,2.998712000000001,-0.16659999999999897,93.0931396484375,78.99174499511719,-14.101394653320312,Incorrect,Correct,True
session_03_both_mix2,rep_506fc27703682724ad,Right,Incorrect,end_early_20f,0,-20,1.0001293612080873,-0.5686664590059306,-1.5687958202140178,1.5687958202140178,3.165312,2.8321229999999993,-0.33318900000000085,93.0931396484375,78.99174499511719,-14.101394653320312,Incorrect,Correct,True
session_03_both_mix2,rep_506fc27703682724ad,Right,Incorrect,end_late_10f,0,10,1.0001293612080873,0.9904223074995315,-0.009707053708555735,0.009707053708555735,3.165312,3.331911999999999,0.16659999999999897,93.0931396484375,93.0931396484375,0.0,Incorrect,Incorrect,False
session_03_both_mix2,rep_506fc27703682724ad,Right,Incorrect,end_late_20f,0,20,1.0001293612080873,0.9760794121239159,-0.02404994908417135,0.02404994908417135,3.165312,3.4985,0.3331879999999998,93.0931396484375,93.0931396484375,0.0,Incorrect,Incorrect,False
session_03_both_mix2,rep_506fc27703682724ad,Right,Incorrect,both_inward_10f,10,-10,1.0001293612080873,-0.7561895456229203,-1.7563189068310074,1.7563189068310074,3.165312,2.8321120000000004,-0.3331999999999997,93.0931396484375,78.99174499511719,-14.101394653320312,Incorrect,Correct,True
session_03_both_mix2,rep_506fc27703682724ad,Right,Incorrect,both_outward_10f,-10,10,1.0001293612080873,1.0001910588905498,6.169768246255813e-05,6.169768246255813e-05,3.165312,3.498511999999998,0.33319999999999794,93.0931396484375,93.0931396484375,0.0,Incorrect,Incorrect,False
session_03_both_mix2,rep_506fc27703682724ad,Right,Incorrect,both_inward_20f,20,-20,1.0001293612080873,-0.7477629002459053,-1.7478922614539925,1.7478922614539925,3.165312,2.4989339999999984,-0.6663780000000017,93.0931396484375,78.15913391113281,-14.934005737304688,Incorrect,Correct,True
session_03_both_mix2,rep_506fc27703682724ad,Right,Incorrect,both_outward_20f,-20,20,1.0001293612080873,0.967383567462599,-0.03274579374548825,0.03274579374548825,3.165312,3.8316879999999998,0.6663759999999996,93.0931396484375,93.0931396484375,0.0,Incorrect,Incorrect,False
session_03_both_mix2,rep_50437be04b9a9a36ed,Left,Incorrect,exact_manual,0,0,0.49770693459919224,0.49770693459919224,0.0,0.0,2.665533,2.665533,0.0,93.77228546142578,93.77228546142578,0.0,Incorrect,Incorrect,False
session_03_both_mix2,rep_50437be04b9a9a36ed,Left,Incorrect,start_early_10f,-10,0,0.49770693459919224,0.22321655956304465,-0.2744903750361476,0.2744903750361476,2.665533,2.832132999999999,0.16659999999999897,93.77228546142578,96.69463348388672,2.9223480224609375,Incorrect,Incorrect,False
session_03_both_mix2,rep_50437be04b9a9a36ed,Left,Incorrect,start_early_20f,-20,0,0.49770693459919224,0.19300204375292018,-0.30470489084627206,0.30470489084627206,2.665533,2.9987220000000008,0.33318900000000085,93.77228546142578,96.69463348388672,2.9223480224609375,Incorrect,Incorrect,False
session_03_both_mix2,rep_50437be04b9a9a36ed,Left,Incorrect,start_late_10f,10,0,0.49770693459919224,0.6204461656792947,0.12273923108010243,0.12273923108010243,2.665533,2.498933000000001,-0.16659999999999897,93.77228546142578,93.77228546142578,0.0,Incorrect,Incorrect,False
session_03_both_mix2,rep_50437be04b9a9a36ed,Left,Incorrect,start_late_20f,20,0,0.49770693459919224,0.678478005321721,0.18077107072252874,0.18077107072252874,2.665533,2.332345,-0.3331879999999998,93.77228546142578,93.77228546142578,0.0,Incorrect,Incorrect,False
session_03_both_mix2,rep_50437be04b9a9a36ed,Left,Incorrect,end_early_10f,0,-10,0.49770693459919224,0.48728728097811425,-0.010419653621077996,0.010419653621077996,2.665533,2.498933000000001,-0.16659999999999897,93.77228546142578,93.77228546142578,0.0,Incorrect,Incorrect,False
session_03_both_mix2,rep_50437be04b9a9a36ed,Left,Incorrect,end_early_20f,0,-20,0.49770693459919224,0.2699934076451105,-0.22771352695408176,0.22771352695408176,2.665533,2.332343999999999,-0.33318900000000085,93.77228546142578,87.53348541259766,-6.238800048828125,Incorrect,Incorrect,False
session_03_both_mix2,rep_50437be04b9a9a36ed,Left,Incorrect,end_late_10f,0,10,0.49770693459919224,0.525293791729625,0.02758685713043274,0.02758685713043274,2.665533,2.832132999999999,0.16659999999999897,93.77228546142578,93.77228546142578,0.0,Incorrect,Incorrect,False
session_03_both_mix2,rep_50437be04b9a9a36ed,Left,Incorrect,end_late_20f,0,20,0.49770693459919224,0.5149595680186279,0.017252633419435615,0.017252633419435615,2.665533,2.9987220000000008,0.33318900000000085,93.77228546142578,93.77228546142578,0.0,Incorrect,Incorrect,False
session_03_both_mix2,rep_50437be04b9a9a36ed,Left,Incorrect,both_inward_10f,10,-10,0.49770693459919224,0.6165762254847189,0.11886929088552667,0.11886929088552667,2.665533,2.332333000000002,-0.33319999999999794,93.77228546142578,93.77228546142578,0.0,Incorrect,Incorrect,False
session_03_both_mix2,rep_50437be04b9a9a36ed,Left,Incorrect,both_outward_10f,-10,10,0.49770693459919224,0.2588910571761083,-0.23881587742308397,0.23881587742308397,2.665533,2.998732999999998,0.33319999999999794,93.77228546142578,96.69463348388672,2.9223480224609375,Incorrect,Incorrect,False
session_03_both_mix2,rep_50437be04b9a9a36ed,Left,Incorrect,both_inward_20f,20,-20,0.49770693459919224,0.3073177474705386,-0.19038918712865366,0.19038918712865366,2.665533,1.9991559999999993,-0.6663770000000007,93.77228546142578,87.53348541259766,-6.238800048828125,Incorrect,Incorrect,False
session_03_both_mix2,rep_50437be04b9a9a36ed,Left,Incorrect,both_outward_20f,-20,20,0.49770693459919224,0.30136917284416803,-0.1963377617550242,0.1963377617550242,2.665533,3.3319110000000016,0.6663780000000017,93.77228546142578,96.69463348388672,2.9223480224609375,Incorrect,Incorrect,False
session_03_both_mix2,rep_a8f87271f827579bc4,Left,Incorrect,exact_manual,0,0,1.0010434023296497,1.0010434023296497,0.0,0.0,2.6322110000000016,2.6322110000000016,0.0,71.3279800415039,71.3279800415039,0.0,Incorrect,Incorrect,False
session_03_both_mix2,rep_a8f87271f827579bc4,Left,Incorrect,start_early_10f,-10,0,1.0010434023296497,0.7565975354122175,-0.2444458669174322,0.2444458669174322,2.6322110000000016,2.7988110000000006,0.16659999999999897,71.3279800415039,72.74683380126953,1.418853759765625,Incorrect,Incorrect,False
session_03_both_mix2,rep_a8f87271f827579bc4,Left,Incorrect,start_early_20f,-20,0,1.0010434023296497,0.5600007784300329,-0.4410426238996168,0.4410426238996168,2.6322110000000016,2.9654000000000025,0.33318900000000085,71.3279800415039,78.0698471069336,6.7418670654296875,Incorrect,Incorrect,False
session_03_both_mix2,rep_a8f87271f827579bc4,Left,Incorrect,start_late_10f,10,0,1.0010434023296497,1.800284951940767,0.7992415496111174,0.7992415496111174,2.6322110000000016,2.4656110000000027,-0.16659999999999897,71.3279800415039,67.18082427978516,-4.14715576171875,Incorrect,Incorrect,False
session_03_both_mix2,rep_a8f87271f827579bc4,Left,Incorrect,start_late_20f,20,0,1.0010434023296497,1.7981970846398925,0.7971536823102428,0.7971536823102428,2.6322110000000016,2.299022000000001,-0.33318900000000085,71.3279800415039,67.18082427978516,-4.14715576171875,Incorrect,Incorrect,False
session_03_both_mix2,rep_a8f87271f827579bc4,Left,Incorrect,end_early_10f,0,-10,1.0010434023296497,1.0940738365921452,0.09303043426249546,0.09303043426249546,2.6322110000000016,2.4656219999999998,-0.16658900000000187,71.3279800415039,71.3279800415039,0.0,Incorrect,Incorrect,False
session_03_both_mix2,rep_a8f87271f827579bc4,Left,Incorrect,end_early_20f,0,-20,1.0010434023296497,1.1198598021083033,0.11881639977865355,0.11881639977865355,2.6322110000000016,2.299022000000001,-0.33318900000000085,71.3279800415039,71.3279800415039,0.0,Incorrect,Incorrect,False
session_03_both_mix2,rep_a8f87271f827579bc4,Left,Incorrect,end_late_10f,0,10,1.0010434023296497,0.8953725977159804,-0.10567080461366929,0.10567080461366929,2.6322110000000016,2.7988110000000006,0.16659999999999897,71.3279800415039,72.38103485107422,1.0530548095703125,Incorrect,Incorrect,False
session_03_both_mix2,rep_a8f87271f827579bc4,Left,Incorrect,end_late_20f,0,20,1.0010434023296497,1.0970197156107993,0.09597631328114953,0.09597631328114953,2.6322110000000016,2.965399999999999,0.3331889999999973,71.3279800415039,72.38103485107422,1.0530548095703125,Incorrect,Incorrect,False
session_03_both_mix2,rep_a8f87271f827579bc4,Left,Incorrect,both_inward_10f,10,-10,1.0010434023296497,1.9386664640194922,0.9376230616898424,0.9376230616898424,2.6322110000000016,2.299022000000001,-0.33318900000000085,71.3279800415039,66.66417694091797,-4.6638031005859375,Incorrect,Incorrect,False
session_03_both_mix2,rep_a8f87271f827579bc4,Left,Incorrect,both_outward_10f,-10,10,1.0010434023296497,0.7559794159669466,-0.2450639863627031,0.2450639863627031,2.6322110000000016,2.9654109999999996,0.33319999999999794,71.3279800415039,72.74683380126953,1.418853759765625,Incorrect,Incorrect,False
session_03_both_mix2,rep_a8f87271f827579bc4,Left,Incorrect,both_inward_20f,20,-20,1.0010434023296497,1.9006789591202824,0.8996355567906327,0.8996355567906327,2.6322110000000016,1.965833,-0.6663780000000017,71.3279800415039,57.46477508544922,-13.863204956054688,Incorrect,Incorrect,False
session_03_both_mix2,rep_a8f87271f827579bc4,Left,Incorrect,both_outward_20f,-20,20,1.0010434023296497,0.7061215806395508,-0.29492182169009895,0.29492182169009895,2.6322110000000016,3.2985889999999998,0.6663779999999981,71.3279800415039,78.0698471069336,6.7418670654296875,Incorrect,Incorrect,False
session_03_both_mix2,rep_3f57d674d3d25f06bc,Left,Correct,exact_manual,0,0,-0.9978306195610304,-0.9978306195610304,0.0,0.0,2.4989329999999974,2.4989329999999974,0.0,90.23859405517578,90.23859405517578,0.0,Correct,Correct,False
session_03_both_mix2,rep_3f57d674d3d25f06bc,Left,Correct,start_early_10f,-10,0,-0.9978306195610304,-0.9939843494892654,0.003846270071764968,0.003846270071764968,2.4989329999999974,2.6655219999999993,0.16658900000000187,90.23859405517578,90.23859405517578,0.0,Correct,Correct,False
session_03_both_mix2,rep_3f57d674d3d25f06bc,Left,Correct,start_early_20f,-20,0,-0.9978306195610304,-0.9328381302052627,0.06499248935576762,0.06499248935576762,2.4989329999999974,2.8321219999999983,0.33318900000000085,90.23859405517578,90.23859405517578,0.0,Correct,Correct,False
session_03_both_mix2,rep_3f57d674d3d25f06bc,Left,Correct,start_late_10f,10,0,-0.9978306195610304,-0.3105216005164514,0.687309019044579,0.687309019044579,2.4989329999999974,2.3323329999999984,-0.16659999999999897,90.23859405517578,82.9719467163086,-7.2666473388671875,Correct,Correct,False
session_03_both_mix2,rep_3f57d674d3d25f06bc,Left,Correct,start_late_20f,20,0,-0.9978306195610304,-0.3330013617618305,0.6648292577991999,0.6648292577991999,2.4989329999999974,2.165744,-0.3331889999999973,90.23859405517578,81.19831085205078,-9.040283203125,Correct,Correct,False
session_03_both_mix2,rep_3f57d674d3d25f06bc,Left,Correct,end_early_10f,0,-10,-0.9978306195610304,-0.9045712099800892,0.09325940958094114,0.09325940958094114,2.4989329999999974,2.332343999999999,-0.16658899999999832,90.23859405517578,90.23859405517578,0.0,Correct,Correct,False
session_03_both_mix2,rep_3f57d674d3d25f06bc,Left,Correct,end_early_20f,0,-20,-0.9978306195610304,-0.8533416752835324,0.14448894427749792,0.14448894427749792,2.4989329999999974,2.165744,-0.3331889999999973,90.23859405517578,90.23859405517578,0.0,Correct,Correct,False
session_03_both_mix2,rep_3f57d674d3d25f06bc,Left,Correct,end_late_10f,0,10,-0.9978306195610304,-1.0656121568495545,-0.0677815372885241,0.0677815372885241,2.4989329999999974,2.6655219999999993,0.16658900000000187,90.23859405517578,90.23859405517578,0.0,Correct,Correct,False
session_03_both_mix2,rep_3f57d674d3d25f06bc,Left,Correct,end_late_20f,0,20,-0.9978306195610304,-1.0077607762248841,-0.009930156663853773,0.009930156663853773,2.4989329999999974,2.8321219999999983,0.33318900000000085,90.23859405517578,90.23859405517578,0.0,Correct,Correct,False
session_03_both_mix2,rep_3f57d674d3d25f06bc,Left,Correct,both_inward_10f,10,-10,-0.9978306195610304,-0.2657602162421082,0.7320704033189221,0.7320704033189221,2.4989329999999974,2.165744,-0.3331889999999973,90.23859405517578,82.9719467163086,-7.2666473388671875,Correct,Correct,False
session_03_both_mix2,rep_3f57d674d3d25f06bc,Left,Correct,both_outward_10f,-10,10,-0.9978306195610304,-1.0630849187965294,-0.06525429923549908,0.06525429923549908,2.4989329999999974,2.832111000000001,0.33317800000000375,90.23859405517578,90.23859405517578,0.0,Correct,Correct,False
session_03_both_mix2,rep_3f57d674d3d25f06bc,Left,Correct,both_inward_20f,20,-20,-0.9978306195610304,-0.3221196070132609,0.6757110125477694,0.6757110125477694,2.4989329999999974,1.8325550000000028,-0.6663779999999946,90.23859405517578,72.86046600341797,-17.378128051757812,Correct,Correct,False
session_03_both_mix2,rep_3f57d674d3d25f06bc,Left,Correct,both_outward_20f,-20,20,-0.9978306195610304,-0.9599788921677336,0.037851727393296786,0.037851727393296786,2.4989329999999974,3.165310999999999,0.6663780000000017,90.23859405517578,90.23859405517578,0.0,Correct,Correct,False
session_03_both_mix2,rep_2a80f26013fc49beb7,Right,Correct,exact_manual,0,0,-0.5400687302383328,-0.5400687302383328,0.0,0.0,2.7988,2.7988,0.0,96.73080444335938,96.73080444335938,0.0,Correct,Correct,False
session_03_both_mix2,rep_2a80f26013fc49beb7,Right,Correct,start_early_10f,-10,0,-0.5400687302383328,-0.5319752420212726,0.00809348821706024,0.00809348821706024,2.7988,2.9653889999999983,0.16658899999999832,96.73080444335938,96.73080444335938,0.0,Correct,Correct,False
session_03_both_mix2,rep_2a80f26013fc49beb7,Right,Correct,start_early_20f,-20,0,-0.5400687302383328,-0.413355449240984,0.1267132809973488,0.1267132809973488,2.7988,3.1319889999999972,0.3331889999999973,96.73080444335938,96.73080444335938,0.0,Correct,Correct,False
session_03_both_mix2,rep_2a80f26013fc49beb7,Right,Correct,start_late_10f,10,0,-0.5400687302383328,-0.528337325546412,0.0117314046919208,0.0117314046919208,2.7988,2.632210999999998,-0.16658900000000187,96.73080444335938,96.73080444335938,0.0,Correct,Correct,False
session_03_both_mix2,rep_2a80f26013fc49beb7,Right,Correct,start_late_20f,20,0,-0.5400687302383328,-0.4283286660656992,0.1117400641726336,0.1117400641726336,2.7988,2.465610999999999,-0.33318900000000085,96.73080444335938,96.73080444335938,0.0,Correct,Correct,False
session_03_both_mix2,rep_2a80f26013fc49beb7,Right,Correct,end_early_10f,0,-10,-0.5400687302383328,-0.46763997351068254,0.07242875672765026,0.07242875672765026,2.7988,2.6322110000000016,-0.16658899999999832,96.73080444335938,96.73080444335938,0.0,Correct,Correct,False
session_03_both_mix2,rep_2a80f26013fc49beb7,Right,Correct,end_early_20f,0,-20,-0.5400687302383328,-0.4586904185511015,0.08137831168723131,0.08137831168723131,2.7988,2.465623000000001,-0.33317699999999917,96.73080444335938,96.73080444335938,0.0,Correct,Correct,False
session_03_both_mix2,rep_2a80f26013fc49beb7,Right,Correct,end_late_10f,0,10,-0.5400687302383328,-0.5484023067217506,-0.008333576483417815,0.008333576483417815,2.7988,2.9654000000000025,0.16660000000000252,96.73080444335938,96.73080444335938,0.0,Correct,Correct,False
session_03_both_mix2,rep_2a80f26013fc49beb7,Right,Correct,end_late_20f,0,20,-0.5400687302383328,-0.4097552878678862,0.13031344237044662,0.13031344237044662,2.7988,3.1320000000000014,0.3332000000000015,96.73080444335938,96.73080444335938,0.0,Correct,Correct,False
session_03_both_mix2,rep_2a80f26013fc49beb7,Right,Correct,both_inward_10f,10,-10,-0.5400687302383328,-0.44432713254740086,0.09574159769093193,0.09574159769093193,2.7988,2.4656219999999998,-0.3331780000000002,96.73080444335938,96.73080444335938,0.0,Correct,Correct,False
session_03_both_mix2,rep_2a80f26013fc49beb7,Right,Correct,both_outward_10f,-10,10,-0.5400687302383328,-0.5325654376013146,0.007503292637018211,0.007503292637018211,2.7988,3.131989000000001,0.33318900000000085,96.73080444335938,96.73080444335938,0.0,Correct,Correct,False
session_03_both_mix2,rep_2a80f26013fc49beb7,Right,Correct,both_inward_20f,20,-20,-0.5400687302383328,-0.33182839339802783,0.20824033684030496,0.20824033684030496,2.7988,2.132434,-0.666366,96.73080444335938,96.73080444335938,0.0,Correct,Correct,False
session_03_both_mix2,rep_2a80f26013fc49beb7,Right,Correct,both_outward_20f,-20,20,-0.5400687302383328,-0.2846489504584079,0.2554197797799249,0.2554197797799249,2.7988,3.4651889999999987,0.6663889999999988,96.73080444335938,96.73080444335938,0.0,Correct,Correct,False
session_03_both_mix2,rep_830e9ff6471c2e6ac0,Right,Incorrect,exact_manual,0,0,1.6971958730567502,1.6971958730567502,0.0,0.0,2.6322110000000016,2.6322110000000016,0.0,60.81188201904297,60.81188201904297,0.0,Incorrect,Incorrect,False
session_03_both_mix2,rep_830e9ff6471c2e6ac0,Right,Incorrect,start_early_10f,-10,0,1.6971958730567502,1.6957621971508798,-0.0014336759058704018,0.0014336759058704018,2.6322110000000016,2.7988,0.16658899999999832,60.81188201904297,60.81188201904297,0.0,Incorrect,Incorrect,False
session_03_both_mix2,rep_830e9ff6471c2e6ac0,Right,Incorrect,start_early_20f,-20,0,1.6971958730567502,1.6150338896310887,-0.0821619834256615,0.0821619834256615,2.6322110000000016,2.965388000000001,0.33317699999999917,60.81188201904297,64.59740447998047,3.7855224609375,Incorrect,Incorrect,False
session_03_both_mix2,rep_830e9ff6471c2e6ac0,Right,Incorrect,start_late_10f,10,0,1.6971958730567502,1.7115184481775854,0.014322575120835124,0.014322575120835124,2.6322110000000016,2.465610999999999,-0.16660000000000252,60.81188201904297,58.69640350341797,-2.115478515625,Incorrect,Incorrect,False
session_03_both_mix2,rep_830e9ff6471c2e6ac0,Right,Incorrect,start_late_20f,20,0,1.6971958730567502,1.6647213629154898,-0.03247451014126046,0.03247451014126046,2.6322110000000016,2.299011,-0.3332000000000015,60.81188201904297,58.69640350341797,-2.115478515625,Incorrect,Incorrect,False
session_03_both_mix2,rep_830e9ff6471c2e6ac0,Right,Incorrect,end_early_10f,0,-10,1.6971958730567502,1.644025743587926,-0.05317012946882427,0.05317012946882427,2.6322110000000016,2.465623000000001,-0.16658800000000085,60.81188201904297,60.81188201904297,0.0,Incorrect,Incorrect,False
session_03_both_mix2,rep_830e9ff6471c2e6ac0,Right,Incorrect,end_early_20f,0,-20,1.6971958730567502,1.5746019367964676,-0.12259393626028259,0.12259393626028259,2.6322110000000016,2.299023000000002,-0.3331879999999998,60.81188201904297,60.81188201904297,0.0,Incorrect,Incorrect,False
session_03_both_mix2,rep_830e9ff6471c2e6ac0,Right,Incorrect,end_late_10f,0,10,1.6971958730567502,1.750726678388907,0.05353080533215682,0.05353080533215682,2.6322110000000016,2.7988110000000006,0.16659999999999897,60.81188201904297,60.81188201904297,0.0,Incorrect,Incorrect,False
session_03_both_mix2,rep_830e9ff6471c2e6ac0,Right,Incorrect,end_late_20f,0,20,1.6971958730567502,1.81958088967809,0.12238501662133983,0.12238501662133983,2.6322110000000016,2.9654109999999996,0.33319999999999794,60.81188201904297,62.058204650878906,1.2463226318359375,Incorrect,Incorrect,False
session_03_both_mix2,rep_830e9ff6471c2e6ac0,Right,Incorrect,both_inward_10f,10,-10,1.6971958730567502,1.6497435952463273,-0.04745227781042294,0.04745227781042294,2.6322110000000016,2.2990229999999983,-0.33318800000000337,60.81188201904297,57.896644592285156,-2.9152374267578125,Incorrect,Incorrect,False
session_03_both_mix2,rep_830e9ff6471c2e6ac0,Right,Incorrect,both_outward_10f,-10,10,1.6971958730567502,1.7359921864268495,0.038796313370099256,0.038796313370099256,2.6322110000000016,2.965399999999999,0.3331889999999973,60.81188201904297,60.81188201904297,0.0,Incorrect,Incorrect,False
session_03_both_mix2,rep_830e9ff6471c2e6ac0,Right,Incorrect,both_inward_20f,20,-20,1.6971958730567502,1.63021656407191,-0.06697930898484028,0.06697930898484028,2.6322110000000016,1.9658230000000003,-0.6663880000000013,60.81188201904297,46.648765563964844,-14.163116455078125,Incorrect,Incorrect,False
session_03_both_mix2,rep_830e9ff6471c2e6ac0,Right,Incorrect,both_outward_20f,-20,20,1.6971958730567502,1.6904499284313999,-0.006745944625350386,0.006745944625350386,2.6322110000000016,3.2985879999999987,0.6663769999999971,60.81188201904297,64.59740447998047,3.7855224609375,Incorrect,Incorrect,False
session_03_both_mix2,rep_d06e09af4456675bf7,Right,Incorrect,exact_manual,0,0,1.0018871619701821,1.0018871619701821,0.0,0.0,2.898778,2.898778,0.0,58.87323760986328,58.87323760986328,0.0,Incorrect,Incorrect,False
session_03_both_mix2,rep_d06e09af4456675bf7,Right,Incorrect,start_early_10f,-10,0,1.0018871619701821,0.9875292460152545,-0.014357915954927636,0.014357915954927636,2.898778,3.065366000000001,0.16658800000000085,58.87323760986328,58.87323760986328,0.0,Incorrect,Incorrect,False
session_03_both_mix2,rep_d06e09af4456675bf7,Right,Incorrect,start_early_20f,-20,0,1.0018871619701821,0.7750711789829361,-0.22681598298724603,0.22681598298724603,2.898778,3.231966,0.3331879999999998,58.87323760986328,58.87323760986328,0.0,Incorrect,Incorrect,False
session_03_both_mix2,rep_d06e09af4456675bf7,Right,Incorrect,start_late_10f,10,0,1.0018871619701821,0.9714770769257378,-0.030410085044444313,0.030410085044444313,2.898778,2.732178000000001,-0.16659999999999897,58.87323760986328,58.87323760986328,0.0,Incorrect,Incorrect,False
session_03_both_mix2,rep_d06e09af4456675bf7,Right,Incorrect,start_late_20f,20,0,1.0018871619701821,0.921145988932281,-0.08074117303790118,0.08074117303790118,2.898778,2.565578000000002,-0.33319999999999794,58.87323760986328,57.260414123535156,-1.612823486328125,Incorrect,Incorrect,False
session_03_both_mix2,rep_d06e09af4456675bf7,Right,Incorrect,end_early_10f,0,-10,1.0018871619701821,0.9961359091435984,-0.00575125282658373,0.00575125282658373,2.898778,2.7321779999999976,-0.16660000000000252,58.87323760986328,58.87323760986328,0.0,Incorrect,Incorrect,False
session_03_both_mix2,rep_d06e09af4456675bf7,Right,Incorrect,end_early_20f,0,-20,1.0018871619701821,1.1311711468066064,0.12928398483642423,0.12928398483642423,2.898778,2.565578000000002,-0.33319999999999794,58.87323760986328,58.87323760986328,0.0,Incorrect,Incorrect,False
session_03_both_mix2,rep_d06e09af4456675bf7,Right,Incorrect,end_late_10f,0,10,1.0018871619701821,1.0003022832994968,-0.0015848786706853524,0.0015848786706853524,2.898778,3.065367000000002,0.16658900000000187,58.87323760986328,58.87323760986328,0.0,Incorrect,Incorrect,False
session_03_both_mix2,rep_d06e09af4456675bf7,Right,Incorrect,end_late_20f,0,20,1.0018871619701821,0.9918995970017528,-0.009987564968429341,0.009987564968429341,2.898778,3.2319669999999974,0.3331889999999973,58.87323760986328,58.87323760986328,0.0,Incorrect,Incorrect,False
session_03_both_mix2,rep_d06e09af4456675bf7,Right,Incorrect,both_inward_10f,10,-10,1.0018871619701821,0.9559130285401463,-0.04597413343003587,0.04597413343003587,2.898778,2.5655779999999986,-0.3332000000000015,58.87323760986328,58.87323760986328,0.0,Incorrect,Incorrect,False
session_03_both_mix2,rep_d06e09af4456675bf7,Right,Incorrect,both_outward_10f,-10,10,1.0018871619701821,0.9876677747941227,-0.014219387176059417,0.014219387176059417,2.898778,3.231955000000003,0.3331770000000027,58.87323760986328,58.87323760986328,0.0,Incorrect,Incorrect,False
session_03_both_mix2,rep_d06e09af4456675bf7,Right,Incorrect,both_inward_20f,20,-20,1.0018871619701821,1.0240653124060826,0.022178150435900434,0.022178150435900434,2.898778,2.232378000000004,-0.6663999999999959,58.87323760986328,57.260414123535156,-1.612823486328125,Incorrect,Incorrect,False
session_03_both_mix2,rep_d06e09af4456675bf7,Right,Incorrect,both_outward_20f,-20,20,1.0018871619701821,0.7839811035114905,-0.2179060584586916,0.2179060584586916,2.898778,3.565154999999997,0.6663769999999971,58.87323760986328,58.87323760986328,0.0,Incorrect,Incorrect,False
session_03_both_mix2,rep_2073ececf0915178cc,Left,Incorrect,exact_manual,0,0,0.608302781397737,0.608302781397737,0.0,0.0,2.965389000000002,2.965389000000002,0.0,63.733367919921875,63.733367919921875,0.0,Incorrect,Incorrect,False
session_03_both_mix2,rep_2073ececf0915178cc,Left,Incorrect,start_early_10f,-10,0,0.608302781397737,0.5669592704328962,-0.04134351096484079,0.04134351096484079,2.965389000000002,3.1319890000000044,0.16660000000000252,63.733367919921875,63.733367919921875,0.0,Incorrect,Incorrect,False
session_03_both_mix2,rep_2073ececf0915178cc,Left,Incorrect,start_early_20f,-20,0,0.608302781397737,0.5141113379927026,-0.09419144340503438,0.09419144340503438,2.965389000000002,3.2985889999999998,0.33319999999999794,63.733367919921875,63.733367919921875,0.0,Incorrect,Incorrect,False
session_03_both_mix2,rep_2073ececf0915178cc,Left,Incorrect,start_late_10f,10,0,0.608302781397737,0.6361582240900552,0.02785544269231821,0.02785544269231821,2.965389000000002,2.7988,-0.16658900000000187,63.733367919921875,63.733367919921875,0.0,Incorrect,Incorrect,False
session_03_both_mix2,rep_2073ececf0915178cc,Left,Incorrect,start_late_20f,20,0,0.608302781397737,0.666740734837646,0.058437953439908985,0.058437953439908985,2.965389000000002,2.6322000000000045,-0.3331889999999973,63.733367919921875,63.733367919921875,0.0,Incorrect,Incorrect,False
session_03_both_mix2,rep_2073ececf0915178cc,Left,Incorrect,end_early_10f,0,-10,0.608302781397737,0.21064279769161554,-0.39765998370612143,0.39765998370612143,2.965389000000002,2.7988,-0.16658900000000187,63.733367919921875,63.733367919921875,0.0,Incorrect,Incorrect,False
session_03_both_mix2,rep_2073ececf0915178cc,Left,Incorrect,end_early_20f,0,-20,0.608302781397737,0.12265289439072535,-0.4856498870070116,0.4856498870070116,2.965389000000002,2.632210999999998,-0.33317800000000375,63.733367919921875,63.733367919921875,0.0,Incorrect,Incorrect,False
session_03_both_mix2,rep_2073ececf0915178cc,Left,Incorrect,end_late_10f,0,10,0.608302781397737,0.9804592372932726,0.3721564558955356,0.3721564558955356,2.965389000000002,3.1319889999999972,0.16659999999999542,63.733367919921875,63.733367919921875,0.0,Incorrect,Incorrect,False
session_03_both_mix2,rep_2073ececf0915178cc,Left,Incorrect,end_late_20f,0,20,0.608302781397737,1.036044198522974,0.42774141712523706,0.42774141712523706,2.965389000000002,3.2985889999999998,0.33319999999999794,63.733367919921875,63.733367919921875,0.0,Incorrect,Incorrect,False
session_03_both_mix2,rep_2073ececf0915178cc,Left,Incorrect,both_inward_10f,10,-10,0.608302781397737,0.22248444557112612,-0.38581833582661085,0.38581833582661085,2.965389000000002,2.632210999999998,-0.33317800000000375,63.733367919921875,63.733367919921875,0.0,Incorrect,Incorrect,False
session_03_both_mix2,rep_2073ececf0915178cc,Left,Incorrect,both_outward_10f,-10,10,0.608302781397737,0.9568499675016733,0.3485471861039363,0.3485471861039363,2.965389000000002,3.2985889999999998,0.33319999999999794,63.733367919921875,63.733367919921875,0.0,Incorrect,Incorrect,False
session_03_both_mix2,rep_2073ececf0915178cc,Left,Incorrect,both_inward_20f,20,-20,0.608302781397737,0.12366950885702233,-0.48463327254071464,0.48463327254071464,2.965389000000002,2.299022000000001,-0.666367000000001,63.733367919921875,63.733367919921875,0.0,Incorrect,Incorrect,False
session_03_both_mix2,rep_2073ececf0915178cc,Left,Incorrect,both_outward_20f,-20,20,0.608302781397737,0.9912142209728579,0.38291143957512097,0.38291143957512097,2.965389000000002,3.6317889999999977,0.6663999999999959,63.733367919921875,63.733367919921875,0.0,Incorrect,Incorrect,False
session_03_both_mix2,rep_b99bfda2386efa860d,Left,Correct,exact_manual,0,0,-0.9982859761659625,-0.9982859761659625,0.0,0.0,2.498933000000001,2.498933000000001,0.0,77.50489044189453,77.50489044189453,0.0,Correct,Correct,False
session_03_both_mix2,rep_b99bfda2386efa860d,Left,Correct,start_early_10f,-10,0,-0.9982859761659625,-1.0757735674189193,-0.07748759125295679,0.07748759125295679,2.498933000000001,2.665522000000003,0.16658900000000187,77.50489044189453,77.50489044189453,0.0,Correct,Correct,False
session_03_both_mix2,rep_b99bfda2386efa860d,Left,Correct,start_early_20f,-20,0,-0.9982859761659625,-0.9968533670273955,0.0014326091385670203,0.0014326091385670203,2.498933000000001,2.8321110000000047,0.33317800000000375,77.50489044189453,77.50489044189453,0.0,Correct,Correct,False
session_03_both_mix2,rep_b99bfda2386efa860d,Left,Correct,start_late_10f,10,0,-0.9982859761659625,-0.5682164886829347,0.43006948748302776,0.43006948748302776,2.498933000000001,2.3323330000000055,-0.16659999999999542,77.50489044189453,77.50489044189453,0.0,Correct,Correct,False
session_03_both_mix2,rep_b99bfda2386efa860d,Left,Correct,start_late_20f,20,0,-0.9982859761659625,-0.1453579405065657,0.8529280356593968,0.8529280356593968,2.498933000000001,2.165733000000003,-0.33319999999999794,77.50489044189453,77.50489044189453,0.0,Correct,Correct,False
session_03_both_mix2,rep_b99bfda2386efa860d,Left,Correct,end_early_10f,0,-10,-0.9982859761659625,-1.0513793753586747,-0.053093399192712165,0.053093399192712165,2.498933000000001,2.3323449999999966,-0.1665880000000044,77.50489044189453,77.50489044189453,0.0,Correct,Correct,False
session_03_both_mix2,rep_b99bfda2386efa860d,Left,Correct,end_early_20f,0,-20,-0.9982859761659625,-1.0678652262296007,-0.06957925006363819,0.06957925006363819,2.498933000000001,2.165744999999994,-0.3331880000000069,77.50489044189453,77.50489044189453,0.0,Correct,Correct,False
session_03_both_mix2,rep_b99bfda2386efa860d,Left,Correct,end_late_10f,0,10,-0.9982859761659625,-0.9982859761659625,0.0,0.0,2.498933000000001,2.498933000000001,0.0,77.50489044189453,77.50489044189453,0.0,Correct,Correct,False
session_03_both_mix2,rep_b99bfda2386efa860d,Left,Correct,end_late_20f,0,20,-0.9982859761659625,-0.9982859761659625,0.0,0.0,2.498933000000001,2.498933000000001,0.0,77.50489044189453,77.50489044189453,0.0,Correct,Correct,False
session_03_both_mix2,rep_b99bfda2386efa860d,Left,Correct,both_inward_10f,10,-10,-0.9982859761659625,-0.6140337516618722,0.38425222450409025,0.38425222450409025,2.498933000000001,2.165745000000001,-0.3331879999999998,77.50489044189453,77.50489044189453,0.0,Correct,Correct,False
session_03_both_mix2,rep_b99bfda2386efa860d,Left,Correct,both_outward_10f,-10,10,-0.9982859761659625,-1.0757735674189193,-0.07748759125295679,0.07748759125295679,2.498933000000001,2.665522000000003,0.16658900000000187,77.50489044189453,77.50489044189453,0.0,Correct,Correct,False
session_03_both_mix2,rep_b99bfda2386efa860d,Left,Correct,both_inward_20f,20,-20,-0.9982859761659625,-0.18759757255504317,0.8106884036109193,0.8106884036109193,2.498933000000001,1.832544999999996,-0.6663880000000049,77.50489044189453,77.50489044189453,0.0,Correct,Correct,False
session_03_both_mix2,rep_b99bfda2386efa860d,Left,Correct,both_outward_20f,-20,20,-0.9982859761659625,-0.9968533670273955,0.0014326091385670203,0.0014326091385670203,2.498933000000001,2.8321110000000047,0.33317800000000375,77.50489044189453,77.50489044189453,0.0,Correct,Correct,False
session_04_limited_rom_incorrect,rep_1f4a610c3defe53722,Left,Incorrect,exact_manual,0,0,0.5973593913627857,0.5973593913627857,0.0,0.0,2.698856000000001,2.698856000000001,0.0,65.18824005126953,65.18824005126953,0.0,Incorrect,Incorrect,False
session_04_limited_rom_incorrect,rep_1f4a610c3defe53722,Left,Incorrect,start_early_10f,-10,0,0.5973593913627857,0.5973593913627857,0.0,0.0,2.698856000000001,2.698856000000001,0.0,65.18824005126953,65.18824005126953,0.0,Incorrect,Incorrect,False
session_04_limited_rom_incorrect,rep_1f4a610c3defe53722,Left,Incorrect,start_early_20f,-20,0,0.5973593913627857,0.5973593913627857,0.0,0.0,2.698856000000001,2.698856000000001,0.0,65.18824005126953,65.18824005126953,0.0,Incorrect,Incorrect,False
session_04_limited_rom_incorrect,rep_1f4a610c3defe53722,Left,Incorrect,start_late_10f,10,0,0.5973593913627857,0.5920847696335804,-0.005274621729205342,0.005274621729205342,2.698856000000001,2.5322560000000003,-0.16660000000000075,65.18824005126953,60.885948181152344,-4.3022918701171875,Incorrect,Incorrect,False
session_04_limited_rom_incorrect,rep_1f4a610c3defe53722,Left,Incorrect,start_late_20f,20,0,0.5973593913627857,0.6503020317577949,0.05294264039500918,0.05294264039500918,2.698856000000001,2.3656560000000013,-0.3331999999999997,65.18824005126953,56.57984161376953,-8.6083984375,Incorrect,Incorrect,False
session_04_limited_rom_incorrect,rep_1f4a610c3defe53722,Left,Incorrect,end_early_10f,0,-10,0.5973593913627857,0.6331835084721112,0.03582411710932554,0.03582411710932554,2.698856000000001,2.5322560000000003,-0.16660000000000075,65.18824005126953,65.18824005126953,0.0,Incorrect,Incorrect,False
session_04_limited_rom_incorrect,rep_1f4a610c3defe53722,Left,Incorrect,end_early_20f,0,-20,0.5973593913627857,0.7438349601900328,0.1464755688272471,0.1464755688272471,2.698856000000001,2.3656560000000013,-0.3331999999999997,65.18824005126953,65.18824005126953,0.0,Incorrect,Incorrect,False
session_04_limited_rom_incorrect,rep_1f4a610c3defe53722,Left,Incorrect,end_late_10f,0,10,0.5973593913627857,0.6652712999596382,0.06791190859685248,0.06791190859685248,2.698856000000001,2.865456,0.16659999999999897,65.18824005126953,65.18824005126953,0.0,Incorrect,Incorrect,False
session_04_limited_rom_incorrect,rep_1f4a610c3defe53722,Left,Incorrect,end_late_20f,0,20,0.5973593913627857,0.8360819044183941,0.23872251305560843,0.23872251305560843,2.698856000000001,3.0320560000000008,0.3331999999999997,65.18824005126953,65.18824005126953,0.0,Incorrect,Incorrect,False
session_04_limited_rom_incorrect,rep_1f4a610c3defe53722,Left,Incorrect,both_inward_10f,10,-10,0.5973593913627857,0.6568102208788194,0.05945082951603364,0.05945082951603364,2.698856000000001,2.3656559999999995,-0.3332000000000015,65.18824005126953,60.885948181152344,-4.3022918701171875,Incorrect,Incorrect,False
session_04_limited_rom_incorrect,rep_1f4a610c3defe53722,Left,Incorrect,both_outward_10f,-10,10,0.5973593913627857,0.6652712999596382,0.06791190859685248,0.06791190859685248,2.698856000000001,2.865456,0.16659999999999897,65.18824005126953,65.18824005126953,0.0,Incorrect,Incorrect,False
session_04_limited_rom_incorrect,rep_1f4a610c3defe53722,Left,Incorrect,both_inward_20f,20,-20,0.5973593913627857,1.1232838177806705,0.5259244264178848,0.5259244264178848,2.698856000000001,2.0324560000000016,-0.6663999999999994,65.18824005126953,49.688209533691406,-15.500030517578125,Incorrect,Incorrect,False
session_04_limited_rom_incorrect,rep_1f4a610c3defe53722,Left,Incorrect,both_outward_20f,-20,20,0.5973593913627857,0.8360819044183941,0.23872251305560843,0.23872251305560843,2.698856000000001,3.0320560000000008,0.3331999999999997,65.18824005126953,65.18824005126953,0.0,Incorrect,Incorrect,False
session_04_limited_rom_incorrect,rep_3175004fbb9db3a0f3,Right,Incorrect,exact_manual,0,0,1.2072686708101565,1.2072686708101565,0.0,0.0,2.498932999999999,2.498932999999999,0.0,34.381736755371094,34.381736755371094,0.0,Incorrect,Incorrect,False
session_04_limited_rom_incorrect,rep_3175004fbb9db3a0f3,Right,Incorrect,start_early_10f,-10,0,1.2072686708101565,1.1198578641386954,-0.08741080667146117,0.08741080667146117,2.498932999999999,2.665533,0.16660000000000075,34.381736755371094,37.10803985595703,2.7263031005859375,Incorrect,Incorrect,False
session_04_limited_rom_incorrect,rep_3175004fbb9db3a0f3,Right,Incorrect,start_early_20f,-20,0,1.2072686708101565,1.041504124872041,-0.16576454593811563,0.16576454593811563,2.498932999999999,2.832132999999999,0.3331999999999997,34.381736755371094,37.10803985595703,2.7263031005859375,Incorrect,Incorrect,False
session_04_limited_rom_incorrect,rep_3175004fbb9db3a0f3,Right,Incorrect,start_late_10f,10,0,1.2072686708101565,1.3343261629082672,0.12705749209811068,0.12705749209811068,2.498932999999999,2.332333,-0.16659999999999897,34.381736755371094,32.24756622314453,-2.1341705322265625,Incorrect,Incorrect,False
session_04_limited_rom_incorrect,rep_3175004fbb9db3a0f3,Right,Incorrect,start_late_20f,20,0,1.2072686708101565,1.377750062057546,0.17048139124738948,0.17048139124738948,2.498932999999999,2.1657329999999995,-0.3331999999999997,34.381736755371094,32.24756622314453,-2.1341705322265625,Incorrect,Incorrect,False
session_04_limited_rom_incorrect,rep_3175004fbb9db3a0f3,Right,Incorrect,end_early_10f,0,-10,1.2072686708101565,1.1144031223784576,-0.09286554843169892,0.09286554843169892,2.498932999999999,2.332343999999999,-0.1665890000000001,34.381736755371094,34.381736755371094,0.0,Incorrect,Incorrect,False
session_04_limited_rom_incorrect,rep_3175004fbb9db3a0f3,Right,Incorrect,end_early_20f,0,-20,1.2072686708101565,1.331775016041339,0.12450634523118254,0.12450634523118254,2.498932999999999,2.165744,-0.33318899999999907,34.381736755371094,34.381736755371094,0.0,Incorrect,Incorrect,False
session_04_limited_rom_incorrect,rep_3175004fbb9db3a0f3,Right,Incorrect,end_late_10f,0,10,1.2072686708101565,1.5495793098789634,0.3423106390688069,0.3423106390688069,2.498932999999999,2.665533,0.16660000000000075,34.381736755371094,34.381736755371094,0.0,Incorrect,Incorrect,False
session_04_limited_rom_incorrect,rep_3175004fbb9db3a0f3,Right,Incorrect,end_late_20f,0,20,1.2072686708101565,1.5373513818542546,0.33008271104409803,0.33008271104409803,2.498932999999999,2.832132999999999,0.3331999999999997,34.381736755371094,34.381736755371094,0.0,Incorrect,Incorrect,False
session_04_limited_rom_incorrect,rep_3175004fbb9db3a0f3,Right,Incorrect,both_inward_10f,10,-10,1.2072686708101565,1.23584415933087,0.028575488520713455,0.028575488520713455,2.498932999999999,2.165744,-0.33318899999999907,34.381736755371094,32.24756622314453,-2.1341705322265625,Incorrect,Incorrect,False
session_04_limited_rom_incorrect,rep_3175004fbb9db3a0f3,Right,Incorrect,both_outward_10f,-10,10,1.2072686708101565,1.4750420055434428,0.26777333473328624,0.26777333473328624,2.498932999999999,2.8321330000000007,0.3332000000000015,34.381736755371094,37.10803985595703,2.7263031005859375,Incorrect,Incorrect,False
session_04_limited_rom_incorrect,rep_3175004fbb9db3a0f3,Right,Incorrect,both_inward_20f,20,-20,1.2072686708101565,1.5858712071744039,0.37860253636424734,0.37860253636424734,2.498932999999999,1.8325440000000004,-0.6663889999999988,34.381736755371094,24.09705352783203,-10.284683227539062,Incorrect,Incorrect,False
session_04_limited_rom_incorrect,rep_3175004fbb9db3a0f3,Right,Incorrect,both_outward_20f,-20,20,1.2072686708101565,1.4149560395350353,0.2076873687248788,0.2076873687248788,2.498932999999999,3.1653329999999986,0.6663999999999994,34.381736755371094,37.10803985595703,2.7263031005859375,Incorrect,Incorrect,False
session_04_limited_rom_incorrect,rep_52a2c5c414944694f1,Left,Incorrect,exact_manual,0,0,1.0217005845093683,1.0217005845093683,0.0,0.0,2.3989780000000014,2.3989780000000014,0.0,80.67832946777344,80.67832946777344,0.0,Incorrect,Incorrect,False
session_04_limited_rom_incorrect,rep_52a2c5c414944694f1,Left,Incorrect,start_early_10f,-10,0,1.0217005845093683,0.9460752380657029,-0.07562534644366536,0.07562534644366536,2.3989780000000014,2.5655670000000015,0.1665890000000001,80.67832946777344,80.67832946777344,0.0,Incorrect,Incorrect,False
session_04_limited_rom_incorrect,rep_52a2c5c414944694f1,Left,Incorrect,start_early_20f,-20,0,1.0217005845093683,0.9154139093307986,-0.10628667517856971,0.10628667517856971,2.3989780000000014,2.7321670000000005,0.33318899999999907,80.67832946777344,80.67832946777344,0.0,Incorrect,Incorrect,False
session_04_limited_rom_incorrect,rep_52a2c5c414944694f1,Left,Incorrect,start_late_10f,10,0,1.0217005845093683,1.107809956486648,0.08610937197727964,0.08610937197727964,2.3989780000000014,2.2323780000000006,-0.16660000000000075,80.67832946777344,80.67832946777344,0.0,Incorrect,Incorrect,False
session_04_limited_rom_incorrect,rep_52a2c5c414944694f1,Left,Incorrect,start_late_20f,20,0,1.0217005845093683,0.9967726701274346,-0.024927914381933647,0.024927914381933647,2.3989780000000014,2.0657780000000017,-0.3331999999999997,80.67832946777344,80.67832946777344,0.0,Incorrect,Incorrect,False
session_04_limited_rom_incorrect,rep_52a2c5c414944694f1,Left,Incorrect,end_early_10f,0,-10,1.0217005845093683,1.1521827446658577,0.1304821601564894,0.1304821601564894,2.3989780000000014,2.2323889999999995,-0.16658900000000187,80.67832946777344,76.6058349609375,-4.0724945068359375,Incorrect,Incorrect,False
session_04_limited_rom_incorrect,rep_52a2c5c414944694f1,Left,Incorrect,end_early_20f,0,-20,1.0217005845093683,1.2284335104773367,0.20673292596796844,0.20673292596796844,2.3989780000000014,2.0657890000000005,-0.33318900000000085,80.67832946777344,75.81370544433594,-4.8646240234375,Incorrect,Incorrect,False
session_04_limited_rom_incorrect,rep_52a2c5c414944694f1,Left,Incorrect,end_late_10f,0,10,1.0217005845093683,0.9561305472142243,-0.06557003729514399,0.06557003729514399,2.3989780000000014,2.5655780000000004,0.16659999999999897,80.67832946777344,80.67832946777344,0.0,Incorrect,Incorrect,False
session_04_limited_rom_incorrect,rep_52a2c5c414944694f1,Left,Incorrect,end_late_20f,0,20,1.0217005845093683,0.9539040191454342,-0.06779656536393408,0.06779656536393408,2.3989780000000014,2.7321669999999987,0.3331889999999973,80.67832946777344,80.67832946777344,0.0,Incorrect,Incorrect,False
session_04_limited_rom_incorrect,rep_52a2c5c414944694f1,Left,Incorrect,both_inward_10f,10,-10,1.0217005845093683,1.2522241190118608,0.23052353450249252,0.23052353450249252,2.3989780000000014,2.0657889999999988,-0.3331890000000026,80.67832946777344,76.6058349609375,-4.0724945068359375,Incorrect,Incorrect,False
session_04_limited_rom_incorrect,rep_52a2c5c414944694f1,Left,Incorrect,both_outward_10f,-10,10,1.0217005845093683,0.8705859579279003,-0.15111462658146801,0.15111462658146801,2.3989780000000014,2.7321670000000005,0.33318899999999907,80.67832946777344,80.67832946777344,0.0,Incorrect,Incorrect,False
session_04_limited_rom_incorrect,rep_52a2c5c414944694f1,Left,Incorrect,both_inward_20f,20,-20,1.0217005845093683,1.1714551095142354,0.14975452500486708,0.14975452500486708,2.3989780000000014,1.7325890000000008,-0.6663890000000006,80.67832946777344,74.64253234863281,-6.035797119140625,Incorrect,Incorrect,False
session_04_limited_rom_incorrect,rep_52a2c5c414944694f1,Left,Incorrect,both_outward_20f,-20,20,1.0217005845093683,0.8289365412951681,-0.19276404321420015,0.19276404321420015,2.3989780000000014,3.0653559999999977,0.6663779999999964,80.67832946777344,80.67832946777344,0.0,Incorrect,Incorrect,False
session_04_limited_rom_incorrect,rep_6d548704cfd01f491a,Right,Incorrect,exact_manual,0,0,1.2007449279682287,1.2007449279682287,0.0,0.0,2.498943999999998,2.498943999999998,0.0,34.60340881347656,34.60340881347656,0.0,Incorrect,Incorrect,False
session_04_limited_rom_incorrect,rep_6d548704cfd01f491a,Right,Incorrect,start_early_10f,-10,0,1.2007449279682287,1.1835391387103118,-0.017205789257916937,0.017205789257916937,2.498943999999998,2.665533,0.16658900000000187,34.60340881347656,34.60340881347656,0.0,Incorrect,Incorrect,False
session_04_limited_rom_incorrect,rep_6d548704cfd01f491a,Right,Incorrect,start_early_20f,-20,0,1.2007449279682287,1.1654924415759345,-0.03525248639229428,0.03525248639229428,2.498943999999998,2.832132999999999,0.33318900000000085,34.60340881347656,34.60340881347656,0.0,Incorrect,Incorrect,False
session_04_limited_rom_incorrect,rep_6d548704cfd01f491a,Right,Incorrect,start_late_10f,10,0,1.2007449279682287,1.1935545039044089,-0.007190424063819867,0.007190424063819867,2.498943999999998,2.332343999999999,-0.16659999999999897,34.60340881347656,34.60340881347656,0.0,Incorrect,Incorrect,False
session_04_limited_rom_incorrect,rep_6d548704cfd01f491a,Right,Incorrect,start_late_20f,20,0,1.2007449279682287,1.2353764110074532,0.034631483039224475,0.034631483039224475,2.498943999999998,2.1657550000000008,-0.3331889999999973,34.60340881347656,34.60340881347656,0.0,Incorrect,Incorrect,False
session_04_limited_rom_incorrect,rep_6d548704cfd01f491a,Right,Incorrect,end_early_10f,0,-10,1.2007449279682287,0.6937286170885895,-0.5070163108796393,0.5070163108796393,2.498943999999998,2.3323329999999984,-0.16661099999999962,34.60340881347656,34.60340881347656,0.0,Incorrect,Incorrect,False
session_04_limited_rom_incorrect,rep_6d548704cfd01f491a,Right,Incorrect,end_early_20f,0,-20,1.2007449279682287,0.6328365053626985,-0.5679084226055302,0.5679084226055302,2.498943999999998,2.1657329999999995,-0.3332109999999986,34.60340881347656,32.9217529296875,-1.6816558837890625,Incorrect,Incorrect,False
session_04_limited_rom_incorrect,rep_6d548704cfd01f491a,Right,Incorrect,end_late_10f,0,10,1.2007449279682287,1.4809531720220694,0.2802082440538407,0.2802082440538407,2.498943999999998,2.6655219999999993,0.16657800000000123,34.60340881347656,34.60340881347656,0.0,Incorrect,Incorrect,False
session_04_limited_rom_incorrect,rep_6d548704cfd01f491a,Right,Incorrect,end_late_20f,0,20,1.2007449279682287,1.4423714859116656,0.2416265579434369,0.2416265579434369,2.498943999999998,2.8321219999999983,0.3331780000000002,34.60340881347656,34.60340881347656,0.0,Incorrect,Incorrect,False
session_04_limited_rom_incorrect,rep_6d548704cfd01f491a,Right,Incorrect,both_inward_10f,10,-10,1.2007449279682287,0.6567704837428805,-0.5439744442253482,0.5439744442253482,2.498943999999998,2.1657329999999995,-0.3332109999999986,34.60340881347656,34.60340881347656,0.0,Incorrect,Incorrect,False
session_04_limited_rom_incorrect,rep_6d548704cfd01f491a,Right,Incorrect,both_outward_10f,-10,10,1.2007449279682287,1.4408817017124211,0.2401367737441924,0.2401367737441924,2.498943999999998,2.832111000000001,0.3331670000000031,34.60340881347656,34.60340881347656,0.0,Incorrect,Incorrect,False
session_04_limited_rom_incorrect,rep_6d548704cfd01f491a,Right,Incorrect,both_inward_20f,20,-20,1.2007449279682287,0.6532150140417254,-0.5475299139265033,0.5475299139265033,2.498943999999998,1.8325440000000022,-0.6663999999999959,34.60340881347656,32.9217529296875,-1.6816558837890625,Incorrect,Incorrect,False
session_04_limited_rom_incorrect,rep_6d548704cfd01f491a,Right,Incorrect,both_outward_20f,-20,20,1.2007449279682287,1.3597039225126544,0.15895899454442564,0.15895899454442564,2.498943999999998,3.165310999999999,0.666367000000001,34.60340881347656,34.60340881347656,0.0,Incorrect,Incorrect,False
session_04_limited_rom_incorrect,rep_ac1e97d62d5c2b56a0,Left,Incorrect,exact_manual,0,0,1.0598593029065482,1.0598593029065482,0.0,0.0,2.465600000000002,2.465600000000002,0.0,66.60513305664062,66.60513305664062,0.0,Incorrect,Incorrect,False
session_04_limited_rom_incorrect,rep_ac1e97d62d5c2b56a0,Left,Incorrect,start_early_10f,-10,0,1.0598593029065482,1.037521386925118,-0.02233791598143009,0.02233791598143009,2.465600000000002,2.6322110000000016,0.16661099999999962,66.60513305664062,66.60513305664062,0.0,Incorrect,Incorrect,False
session_04_limited_rom_incorrect,rep_ac1e97d62d5c2b56a0,Left,Incorrect,start_early_20f,-20,0,1.0598593029065482,0.9823643429764838,-0.07749495993006439,0.07749495993006439,2.465600000000002,2.7988110000000006,0.3332109999999986,66.60513305664062,66.60513305664062,0.0,Incorrect,Incorrect,False
session_04_limited_rom_incorrect,rep_ac1e97d62d5c2b56a0,Left,Incorrect,start_late_10f,10,0,1.0598593029065482,1.0433594418386574,-0.01649986106789081,0.01649986106789081,2.465600000000002,2.299022000000001,-0.16657800000000123,66.60513305664062,66.60513305664062,0.0,Incorrect,Incorrect,False
session_04_limited_rom_incorrect,rep_ac1e97d62d5c2b56a0,Left,Incorrect,start_late_20f,20,0,1.0598593029065482,0.9383357909283576,-0.12152351197819056,0.12152351197819056,2.465600000000002,2.132422000000002,-0.3331780000000002,66.60513305664062,66.60513305664062,0.0,Incorrect,Incorrect,False
session_04_limited_rom_incorrect,rep_ac1e97d62d5c2b56a0,Left,Incorrect,end_early_10f,0,-10,1.0598593029065482,0.9886045914311858,-0.07125471147536233,0.07125471147536233,2.465600000000002,2.2989999999999995,-0.16660000000000252,66.60513305664062,66.60513305664062,0.0,Incorrect,Incorrect,False
session_04_limited_rom_incorrect,rep_ac1e97d62d5c2b56a0,Left,Incorrect,end_early_20f,0,-20,1.0598593029065482,1.008484677044632,-0.0513746258619161,0.0513746258619161,2.465600000000002,2.1324229999999993,-0.3331770000000027,66.60513305664062,66.60513305664062,0.0,Incorrect,Incorrect,False
session_04_limited_rom_incorrect,rep_ac1e97d62d5c2b56a0,Left,Incorrect,end_late_10f,0,10,1.0598593029065482,1.1267131035323086,0.0668538006257604,0.0668538006257604,2.465600000000002,2.632200000000001,0.16659999999999897,66.60513305664062,66.60513305664062,0.0,Incorrect,Incorrect,False
session_04_limited_rom_incorrect,rep_ac1e97d62d5c2b56a0,Left,Incorrect,end_late_20f,0,20,1.0598593029065482,1.083620536849206,0.023761233942657833,0.023761233942657833,2.465600000000002,2.7987889999999993,0.3331889999999973,66.60513305664062,66.60513305664062,0.0,Incorrect,Incorrect,False
session_04_limited_rom_incorrect,rep_ac1e97d62d5c2b56a0,Left,Incorrect,both_inward_10f,10,-10,1.0598593029065482,0.9637367526099662,-0.09612255029658201,0.09612255029658201,2.465600000000002,2.1324219999999983,-0.33317800000000375,66.60513305664062,66.60513305664062,0.0,Incorrect,Incorrect,False
session_04_limited_rom_incorrect,rep_ac1e97d62d5c2b56a0,Left,Incorrect,both_outward_10f,-10,10,1.0598593029065482,1.1085298793424374,0.048670576435889235,0.048670576435889235,2.465600000000002,2.7988110000000006,0.3332109999999986,66.60513305664062,66.60513305664062,0.0,Incorrect,Incorrect,False
session_04_limited_rom_incorrect,rep_ac1e97d62d5c2b56a0,Left,Incorrect,both_inward_20f,20,-20,1.0598593029065482,0.8069348385890479,-0.25292446431750026,0.25292446431750026,2.465600000000002,1.799244999999999,-0.6663550000000029,66.60513305664062,66.60513305664062,0.0,Incorrect,Incorrect,False
session_04_limited_rom_incorrect,rep_ac1e97d62d5c2b56a0,Left,Incorrect,both_outward_20f,-20,20,1.0598593029065482,1.042793428379912,-0.017065874526636104,0.017065874526636104,2.465600000000002,3.131999999999998,0.6663999999999959,66.60513305664062,66.60513305664062,0.0,Incorrect,Incorrect,False
session_04_limited_rom_incorrect,rep_29323d0780eb56b21d,Right,Incorrect,exact_manual,0,0,0.4743967475245767,0.4743967475245767,0.0,0.0,2.2990229999999983,2.2990229999999983,0.0,37.512237548828125,37.512237548828125,0.0,Incorrect,Incorrect,False
session_04_limited_rom_incorrect,rep_29323d0780eb56b21d,Right,Incorrect,start_early_10f,-10,0,0.4743967475245767,0.4136809931089853,-0.060715754415591405,0.060715754415591405,2.2990229999999983,2.465623000000001,0.16660000000000252,37.512237548828125,37.512237548828125,0.0,Incorrect,Incorrect,False
session_04_limited_rom_incorrect,rep_29323d0780eb56b21d,Right,Incorrect,start_early_20f,-20,0,0.4743967475245767,0.2693357521150212,-0.20506099540955552,0.20506099540955552,2.2990229999999983,2.632200000000001,0.3331770000000027,37.512237548828125,37.512237548828125,0.0,Incorrect,Incorrect,False
session_04_limited_rom_incorrect,rep_29323d0780eb56b21d,Right,Incorrect,start_late_10f,10,0,0.4743967475245767,0.7251423093481344,0.25074556182355767,0.25074556182355767,2.2990229999999983,2.1324229999999993,-0.16659999999999897,37.512237548828125,37.512237548828125,0.0,Incorrect,Incorrect,False
session_04_limited_rom_incorrect,rep_29323d0780eb56b21d,Right,Incorrect,start_late_20f,20,0,0.4743967475245767,0.8084626607331966,0.3340659132086199,0.3340659132086199,2.2990229999999983,1.965834000000001,-0.3331889999999973,37.512237548828125,37.512237548828125,0.0,Incorrect,Incorrect,False
session_04_limited_rom_incorrect,rep_29323d0780eb56b21d,Right,Incorrect,end_early_10f,0,-10,0.4743967475245767,0.31010240404427447,-0.16429434348030225,0.16429434348030225,2.2990229999999983,2.132434,-0.16658899999999832,37.512237548828125,37.512237548828125,0.0,Incorrect,Incorrect,False
session_04_limited_rom_incorrect,rep_29323d0780eb56b21d,Right,Incorrect,end_early_20f,0,-20,0.4743967475245767,0.03844075489273591,-0.4359559926318408,0.4359559926318408,2.2990229999999983,1.9658339999999974,-0.33318900000000085,37.512237548828125,37.245025634765625,-0.2672119140625,Incorrect,Incorrect,False
session_04_limited_rom_incorrect,rep_29323d0780eb56b21d,Right,Incorrect,end_late_10f,0,10,0.4743967475245767,1.0542500272759308,0.579853279751354,0.579853279751354,2.2990229999999983,2.465612,0.16658900000000187,37.512237548828125,37.512237548828125,0.0,Incorrect,Incorrect,False
session_04_limited_rom_incorrect,rep_29323d0780eb56b21d,Right,Incorrect,end_late_20f,0,20,0.4743967475245767,1.1754603163410846,0.7010635688165079,0.7010635688165079,2.2990229999999983,2.632211999999999,0.33318900000000085,37.512237548828125,37.512237548828125,0.0,Incorrect,Incorrect,False
session_04_limited_rom_incorrect,rep_29323d0780eb56b21d,Right,Incorrect,both_inward_10f,10,-10,0.4743967475245767,0.5808038145404469,0.10640706701587022,0.10640706701587022,2.2990229999999983,1.965834000000001,-0.3331889999999973,37.512237548828125,37.512237548828125,0.0,Incorrect,Incorrect,False
session_04_limited_rom_incorrect,rep_29323d0780eb56b21d,Right,Incorrect,both_outward_10f,-10,10,0.4743967475245767,1.0104072483881863,0.5360105008636096,0.5360105008636096,2.2990229999999983,2.6322120000000027,0.3331890000000044,37.512237548828125,37.512237548828125,0.0,Incorrect,Incorrect,False
session_04_limited_rom_incorrect,rep_29323d0780eb56b21d,Right,Incorrect,both_inward_20f,20,-20,0.4743967475245767,0.4536038902416124,-0.020792857282964317,0.020792857282964317,2.2990229999999983,1.6326450000000001,-0.6663779999999981,37.512237548828125,37.245025634765625,-0.2672119140625,Incorrect,Incorrect,False
session_04_limited_rom_incorrect,rep_29323d0780eb56b21d,Right,Incorrect,both_outward_20f,-20,20,0.4743967475245767,1.016207083620345,0.5418103360957682,0.5418103360957682,2.2990229999999983,2.965389000000002,0.6663660000000036,37.512237548828125,37.512237548828125,0.0,Incorrect,Incorrect,False
session_04_limited_rom_incorrect,rep_59893c3e996fee9c34,Left,Incorrect,exact_manual,0,0,1.0007698277772255,1.0007698277772255,0.0,0.0,1.799233000000001,1.799233000000001,0.0,59.928199768066406,59.928199768066406,0.0,Incorrect,Incorrect,False
session_04_limited_rom_incorrect,rep_59893c3e996fee9c34,Left,Incorrect,start_early_10f,-10,0,1.0007698277772255,0.870370103965243,-0.1303997238119825,0.1303997238119825,1.799233000000001,1.9658219999999993,0.16658899999999832,59.928199768066406,61.60852813720703,1.680328369140625,Incorrect,Incorrect,False
session_04_limited_rom_incorrect,rep_59893c3e996fee9c34,Left,Incorrect,start_early_20f,-20,0,1.0007698277772255,0.7394355158109827,-0.2613343119662428,0.2613343119662428,1.799233000000001,2.132422000000002,0.33318900000000085,59.928199768066406,63.685829162597656,3.75762939453125,Incorrect,Incorrect,False
session_04_limited_rom_incorrect,rep_59893c3e996fee9c34,Left,Incorrect,start_late_10f,10,0,1.0007698277772255,1.1401664476401485,0.13939661986292307,0.13939661986292307,1.799233000000001,1.632643999999999,-0.16658900000000187,59.928199768066406,53.283485412597656,-6.64471435546875,Incorrect,Incorrect,False
session_04_limited_rom_incorrect,rep_59893c3e996fee9c34,Left,Incorrect,start_late_20f,20,0,1.0007698277772255,1.0375753564810082,0.03680552870378273,0.03680552870378273,1.799233000000001,1.4660440000000001,-0.33318900000000085,59.928199768066406,53.283485412597656,-6.64471435546875,Incorrect,Incorrect,False
session_04_limited_rom_incorrect,rep_59893c3e996fee9c34,Left,Incorrect,end_early_10f,0,-10,1.0007698277772255,1.0440908923397005,0.04332106456247509,0.04332106456247509,1.799233000000001,1.632633000000002,-0.16659999999999897,59.928199768066406,59.928199768066406,0.0,Incorrect,Incorrect,False
session_04_limited_rom_incorrect,rep_59893c3e996fee9c34,Left,Incorrect,end_early_20f,0,-20,1.0007698277772255,1.0195980379103298,0.018828210133104317,0.018828210133104317,1.799233000000001,1.4660329999999995,-0.3332000000000015,59.928199768066406,59.928199768066406,0.0,Incorrect,Incorrect,False
session_04_limited_rom_incorrect,rep_59893c3e996fee9c34,Left,Incorrect,end_late_10f,0,10,1.0007698277772255,0.721824575807171,-0.2789452519700545,0.2789452519700545,1.799233000000001,4.7146550000000005,2.9154219999999995,59.928199768066406,69.0964126586914,9.168212890625,Incorrect,Incorrect,False
session_04_limited_rom_incorrect,rep_59893c3e996fee9c34,Left,Incorrect,end_late_20f,0,20,1.0007698277772255,0.7382886015078158,-0.2624812262694096,0.2624812262694096,1.799233000000001,4.8812549999999995,3.0820219999999985,59.928199768066406,69.0964126586914,9.168212890625,Incorrect,Incorrect,False
session_04_limited_rom_incorrect,rep_59893c3e996fee9c34,Left,Incorrect,both_inward_10f,10,-10,1.0007698277772255,1.148097706613924,0.1473278788366985,0.1473278788366985,1.799233000000001,1.4660440000000001,-0.33318900000000085,59.928199768066406,43.65565490722656,-16.272544860839844,Incorrect,Incorrect,False
session_04_limited_rom_incorrect,rep_59893c3e996fee9c34,Left,Incorrect,both_outward_10f,-10,10,1.0007698277772255,0.7058150288514811,-0.2949547989257444,0.2949547989257444,1.799233000000001,4.881243999999999,3.082010999999998,59.928199768066406,69.0964126586914,9.168212890625,Incorrect,Incorrect,False
session_04_limited_rom_incorrect,rep_59893c3e996fee9c34,Left,Incorrect,both_inward_20f,20,-20,1.0007698277772255,0.9388583425641871,-0.06191148521303835,0.06191148521303835,1.799233000000001,1.1328439999999986,-0.6663890000000023,59.928199768066406,27.225059509277344,-32.70314025878906,Incorrect,Incorrect,False
session_04_limited_rom_incorrect,rep_59893c3e996fee9c34,Left,Incorrect,both_outward_20f,-20,20,1.0007698277772255,0.7114396187110622,-0.28933020906616325,0.28933020906616325,1.799233000000001,5.214444,3.4152109999999993,59.928199768066406,69.0964126586914,9.168212890625,Incorrect,Incorrect,False
session_04_limited_rom_incorrect,rep_2b168be9071d57530d,Left,Incorrect,exact_manual,0,0,0.7112643365307709,0.7112643365307709,0.0,0.0,2.2323780000000006,2.2323780000000006,0.0,69.95745849609375,69.95745849609375,0.0,Incorrect,Incorrect,False
session_04_limited_rom_incorrect,rep_2b168be9071d57530d,Left,Incorrect,start_early_10f,-10,0,0.7112643365307709,0.7386861542045382,0.02742181767376728,0.02742181767376728,2.2323780000000006,5.147811000000001,2.915433,69.95745849609375,69.95745849609375,0.0,Incorrect,Incorrect,False
session_04_limited_rom_incorrect,rep_2b168be9071d57530d,Left,Incorrect,start_early_20f,-20,0,0.7112643365307709,0.7221441908916889,0.010879854360917984,0.010879854360917984,2.2323780000000006,5.314399999999999,3.0820219999999985,69.95745849609375,69.95745849609375,0.0,Incorrect,Incorrect,False
session_04_limited_rom_incorrect,rep_2b168be9071d57530d,Left,Incorrect,start_late_10f,10,0,0.7112643365307709,0.7018601627069794,-0.00940417382379155,0.00940417382379155,2.2323780000000006,2.0657889999999988,-0.16658900000000187,69.95745849609375,68.29557800292969,-1.6618804931640625,Incorrect,Incorrect,False
session_04_limited_rom_incorrect,rep_2b168be9071d57530d,Left,Incorrect,start_late_20f,20,0,0.7112643365307709,0.596938443865413,-0.11432589266535798,0.11432589266535798,2.2323780000000006,1.8991889999999998,-0.33318900000000085,69.95745849609375,68.29557800292969,-1.6618804931640625,Incorrect,Incorrect,False
session_04_limited_rom_incorrect,rep_2b168be9071d57530d,Left,Incorrect,end_early_10f,0,-10,0.7112643365307709,0.9289380118522985,0.2176736753215276,0.2176736753215276,2.2323780000000006,2.0657780000000017,-0.16659999999999897,69.95745849609375,69.95745849609375,0.0,Incorrect,Incorrect,False
session_04_limited_rom_incorrect,rep_2b168be9071d57530d,Left,Incorrect,end_early_20f,0,-20,0.7112643365307709,1.1098597743629928,0.39859543783222184,0.39859543783222184,2.2323780000000006,1.8991889999999998,-0.33318900000000085,69.95745849609375,69.95745849609375,0.0,Incorrect,Incorrect,False
session_04_limited_rom_incorrect,rep_2b168be9071d57530d,Left,Incorrect,end_late_10f,0,10,0.7112643365307709,0.7698955335523977,0.05863119702162678,0.05863119702162678,2.2323780000000006,4.881255000000003,2.6488770000000024,69.95745849609375,69.95745849609375,0.0,Incorrect,Incorrect,False
session_04_limited_rom_incorrect,rep_2b168be9071d57530d,Left,Incorrect,end_late_20f,0,20,0.7112643365307709,0.762042688698194,0.0507783521674231,0.0507783521674231,2.2323780000000006,5.047843999999998,2.815465999999997,69.95745849609375,69.95745849609375,0.0,Incorrect,Incorrect,False
session_04_limited_rom_incorrect,rep_2b168be9071d57530d,Left,Incorrect,both_inward_10f,10,-10,0.7112643365307709,0.9483373056777588,0.23707296914698783,0.23707296914698783,2.2323780000000006,1.8991889999999998,-0.33318900000000085,69.95745849609375,65.09474182128906,-4.8627166748046875,Incorrect,Incorrect,False
session_04_limited_rom_incorrect,rep_2b168be9071d57530d,Left,Incorrect,both_outward_10f,-10,10,0.7112643365307709,0.7223500247131439,0.011085688182372988,0.011085688182372988,2.2323780000000006,7.796688000000003,5.5643100000000025,69.95745849609375,69.95745849609375,0.0,Incorrect,Incorrect,False
session_04_limited_rom_incorrect,rep_2b168be9071d57530d,Left,Incorrect,both_inward_20f,20,-20,0.7112643365307709,1.033706644810351,0.32244230827958,0.32244230827958,2.2323780000000006,1.565999999999999,-0.6663780000000017,69.95745849609375,59.57171630859375,-10.3857421875,Incorrect,Incorrect,False
session_04_limited_rom_incorrect,rep_2b168be9071d57530d,Left,Incorrect,both_outward_20f,-20,20,0.7112643365307709,0.7239018059230995,0.01263746939232857,0.01263746939232857,2.2323780000000006,8.129865999999996,5.897487999999996,69.95745849609375,69.95745849609375,0.0,Incorrect,Incorrect,False
session_04_limited_rom_incorrect,rep_6ccabad19ce4f7ab3f,Left,Incorrect,exact_manual,0,0,1.0006639423501262,1.0006639423501262,0.0,0.0,2.498933000000001,2.498933000000001,0.0,61.9073486328125,61.9073486328125,0.0,Incorrect,Incorrect,False
session_04_limited_rom_incorrect,rep_6ccabad19ce4f7ab3f,Left,Incorrect,start_early_10f,-10,0,1.0006639423501262,0.6869610961505536,-0.31370284619957267,0.31370284619957267,2.498933000000001,5.147810999999997,2.6488779999999963,61.9073486328125,61.9073486328125,0.0,Incorrect,Incorrect,False
session_04_limited_rom_incorrect,rep_6ccabad19ce4f7ab3f,Left,Incorrect,start_early_20f,-20,0,1.0006639423501262,0.6727671418601325,-0.3278968004899937,0.3278968004899937,2.498933000000001,5.314399999999999,2.815466999999998,61.9073486328125,61.9073486328125,0.0,Incorrect,Incorrect,False
session_04_limited_rom_incorrect,rep_6ccabad19ce4f7ab3f,Left,Incorrect,start_late_10f,10,0,1.0006639423501262,0.7098730951718407,-0.2907908471782855,0.2907908471782855,2.498933000000001,2.332343999999999,-0.16658900000000187,61.9073486328125,59.860443115234375,-2.046905517578125,Incorrect,Incorrect,False
session_04_limited_rom_incorrect,rep_6ccabad19ce4f7ab3f,Left,Incorrect,start_late_20f,20,0,1.0006639423501262,0.6822404491767236,-0.3184234931734027,0.3184234931734027,2.498933000000001,2.1657439999999966,-0.3331890000000044,61.9073486328125,59.860443115234375,-2.046905517578125,Incorrect,Incorrect,False
session_04_limited_rom_incorrect,rep_6ccabad19ce4f7ab3f,Left,Incorrect,end_early_10f,0,-10,1.0006639423501262,0.9337437846680923,-0.06692015768203396,0.06692015768203396,2.498933000000001,2.3323330000000055,-0.16659999999999542,61.9073486328125,61.9073486328125,0.0,Incorrect,Incorrect,False
session_04_limited_rom_incorrect,rep_6ccabad19ce4f7ab3f,Left,Incorrect,end_early_20f,0,-20,1.0006639423501262,0.9138507256747385,-0.08681321667538777,0.08681321667538777,2.498933000000001,2.165733000000003,-0.33319999999999794,61.9073486328125,61.9073486328125,0.0,Incorrect,Incorrect,False
session_04_limited_rom_incorrect,rep_6ccabad19ce4f7ab3f,Left,Incorrect,end_late_10f,0,10,1.0006639423501262,1.166886434884953,0.1662224925348268,0.1662224925348268,2.498933000000001,2.665522000000003,0.16658900000000187,61.9073486328125,61.9073486328125,0.0,Incorrect,Incorrect,False
session_04_limited_rom_incorrect,rep_6ccabad19ce4f7ab3f,Left,Incorrect,end_late_20f,0,20,1.0006639423501262,1.1417606268839733,0.14109668453384705,0.14109668453384705,2.498933000000001,2.8321220000000054,0.3331890000000044,61.9073486328125,61.9073486328125,0.0,Incorrect,Incorrect,False
session_04_limited_rom_incorrect,rep_6ccabad19ce4f7ab3f,Left,Incorrect,both_inward_10f,10,-10,1.0006639423501262,0.6055095796069179,-0.39515436274320836,0.39515436274320836,2.498933000000001,2.1657440000000037,-0.3331889999999973,61.9073486328125,59.860443115234375,-2.046905517578125,Incorrect,Incorrect,False
session_04_limited_rom_incorrect,rep_6ccabad19ce4f7ab3f,Left,Incorrect,both_outward_10f,-10,10,1.0006639423501262,0.7063993898295842,-0.29426455252054207,0.29426455252054207,2.498933000000001,5.314399999999999,2.815466999999998,61.9073486328125,61.9073486328125,0.0,Incorrect,Incorrect,False
session_04_limited_rom_incorrect,rep_6ccabad19ce4f7ab3f,Left,Incorrect,both_inward_20f,20,-20,1.0006639423501262,0.6150724064321831,-0.38559153591794315,0.38559153591794315,2.498933000000001,1.8325439999999986,-0.6663890000000023,61.9073486328125,56.95549011230469,-4.9518585205078125,Incorrect,Incorrect,False
session_04_limited_rom_incorrect,rep_6ccabad19ce4f7ab3f,Left,Incorrect,both_outward_20f,-20,20,1.0006639423501262,0.7097541755160479,-0.2909097668340783,0.2909097668340783,2.498933000000001,5.6475890000000035,3.1486560000000026,61.9073486328125,61.9073486328125,0.0,Incorrect,Incorrect,False
session_04_limited_rom_incorrect,rep_db11ea7c1113500c85,Right,Incorrect,exact_manual,0,0,1.001607918731491,1.001607918731491,0.0,0.0,2.4989339999999984,2.4989339999999984,0.0,37.554100036621094,37.554100036621094,0.0,Incorrect,Incorrect,False
session_04_limited_rom_incorrect,rep_db11ea7c1113500c85,Right,Incorrect,start_early_10f,-10,0,1.001607918731491,0.8951332642014177,-0.10647465453007332,0.10647465453007332,2.4989339999999984,2.665533999999994,0.16659999999999542,37.554100036621094,37.554100036621094,0.0,Incorrect,Incorrect,False
session_04_limited_rom_incorrect,rep_db11ea7c1113500c85,Right,Incorrect,start_early_20f,-20,0,1.001607918731491,0.8534168448440367,-0.14819107388745434,0.14819107388745434,2.4989339999999984,2.8321339999999964,0.33319999999999794,37.554100036621094,37.554100036621094,0.0,Incorrect,Incorrect,False
session_04_limited_rom_incorrect,rep_db11ea7c1113500c85,Right,Incorrect,start_late_10f,10,0,1.001607918731491,1.1010680834381799,0.09946016470668884,0.09946016470668884,2.4989339999999984,2.3323449999999966,-0.16658900000000187,37.554100036621094,37.554100036621094,0.0,Incorrect,Incorrect,False
session_04_limited_rom_incorrect,rep_db11ea7c1113500c85,Right,Incorrect,start_late_20f,20,0,1.001607918731491,1.1735670945250423,0.17195917579355124,0.17195917579355124,2.4989339999999984,2.165744999999994,-0.3331890000000044,37.554100036621094,37.554100036621094,0.0,Incorrect,Incorrect,False
session_04_limited_rom_incorrect,rep_db11ea7c1113500c85,Right,Incorrect,end_early_10f,0,-10,1.001607918731491,0.6851133274631707,-0.31649459126832036,0.31649459126832036,2.4989339999999984,2.332334000000003,-0.16659999999999542,37.554100036621094,37.554100036621094,0.0,Incorrect,Incorrect,False
session_04_limited_rom_incorrect,rep_db11ea7c1113500c85,Right,Incorrect,end_early_20f,0,-20,1.001607918731491,0.3870390251788802,-0.6145688935526108,0.6145688935526108,2.4989339999999984,2.165745000000001,-0.3331889999999973,37.554100036621094,37.19470977783203,-0.3593902587890625,Incorrect,Incorrect,False
session_04_limited_rom_incorrect,rep_db11ea7c1113500c85,Right,Incorrect,end_late_10f,0,10,1.001607918731491,1.001607918731491,0.0,0.0,2.4989339999999984,2.4989339999999984,0.0,37.554100036621094,37.554100036621094,0.0,Incorrect,Incorrect,False
session_04_limited_rom_incorrect,rep_db11ea7c1113500c85,Right,Incorrect,end_late_20f,0,20,1.001607918731491,1.001607918731491,0.0,0.0,2.4989339999999984,2.4989339999999984,0.0,37.554100036621094,37.554100036621094,0.0,Incorrect,Incorrect,False
session_04_limited_rom_incorrect,rep_db11ea7c1113500c85,Right,Incorrect,both_inward_10f,10,-10,1.001607918731491,0.8007423085578359,-0.20086561017365512,0.20086561017365512,2.4989339999999984,2.165745000000001,-0.3331889999999973,37.554100036621094,37.554100036621094,0.0,Incorrect,Incorrect,False
session_04_limited_rom_incorrect,rep_db11ea7c1113500c85,Right,Incorrect,both_outward_10f,-10,10,1.001607918731491,0.8951332642014177,-0.10647465453007332,0.10647465453007332,2.4989339999999984,2.665533999999994,0.16659999999999542,37.554100036621094,37.554100036621094,0.0,Incorrect,Incorrect,False
session_04_limited_rom_incorrect,rep_db11ea7c1113500c85,Right,Incorrect,both_inward_20f,20,-20,1.001607918731491,0.6081823189971063,-0.39342559973438473,0.39342559973438473,2.4989339999999984,1.8325559999999967,-0.6663780000000017,37.554100036621094,37.19470977783203,-0.3593902587890625,Incorrect,Incorrect,False
session_04_limited_rom_incorrect,rep_db11ea7c1113500c85,Right,Incorrect,both_outward_20f,-20,20,1.001607918731491,0.8534168448440367,-0.14819107388745434,0.14819107388745434,2.4989339999999984,2.8321339999999964,0.33319999999999794,37.554100036621094,37.554100036621094,0.0,Incorrect,Incorrect,False
session_05_both_correct2,rep_b62f14d196952f28be,Right,Correct,exact_manual,0,0,-0.9986665936768654,-0.9986665936768654,0.0,0.0,2.832133,2.832133,0.0,78.32750701904297,78.32750701904297,0.0,Correct,Correct,False
session_05_both_correct2,rep_b62f14d196952f28be,Right,Correct,start_early_10f,-10,0,-0.9986665936768654,-0.9986665936768654,0.0,0.0,2.832133,2.832133,0.0,78.32750701904297,78.32750701904297,0.0,Correct,Correct,False
session_05_both_correct2,rep_b62f14d196952f28be,Right,Correct,start_early_20f,-20,0,-0.9986665936768654,-0.9986665936768654,0.0,0.0,2.832133,2.832133,0.0,78.32750701904297,78.32750701904297,0.0,Correct,Correct,False
session_05_both_correct2,rep_b62f14d196952f28be,Right,Correct,start_late_10f,10,0,-0.9986665936768654,-1.030686370427107,-0.03201977675024159,0.03201977675024159,2.832133,2.665533,-0.16659999999999986,78.32750701904297,78.32750701904297,0.0,Correct,Correct,False
session_05_both_correct2,rep_b62f14d196952f28be,Right,Correct,start_late_20f,20,0,-0.9986665936768654,-0.9937303809148311,0.004936212762034264,0.004936212762034264,2.832133,2.498933,-0.3331999999999997,78.32750701904297,78.32750701904297,0.0,Correct,Correct,False
session_05_both_correct2,rep_b62f14d196952f28be,Right,Correct,end_early_10f,0,-10,-0.9986665936768654,-0.9487126004059446,0.04995399327092076,0.04995399327092076,2.832133,2.6655219999999997,-0.16661100000000006,78.32750701904297,78.32750701904297,0.0,Correct,Correct,False
session_05_both_correct2,rep_b62f14d196952f28be,Right,Correct,end_early_20f,0,-20,-0.9986665936768654,-0.9173754340472732,0.08129115962959221,0.08129115962959221,2.832133,2.4989329999999996,-0.33320000000000016,78.32750701904297,77.25884246826172,-1.06866455078125,Correct,Correct,False
session_05_both_correct2,rep_b62f14d196952f28be,Right,Correct,end_late_10f,0,10,-0.9986665936768654,-0.8681139315280292,0.1305526621488362,0.1305526621488362,2.832133,2.998722,0.1665890000000001,78.32750701904297,78.32750701904297,0.0,Correct,Correct,False
session_05_both_correct2,rep_b62f14d196952f28be,Right,Correct,end_late_20f,0,20,-0.9986665936768654,-0.4850607026456718,0.5136058910311936,0.5136058910311936,2.832133,3.165311,0.3331780000000002,78.32750701904297,78.32750701904297,0.0,Correct,Correct,False
session_05_both_correct2,rep_b62f14d196952f28be,Right,Correct,both_inward_10f,10,-10,-0.9986665936768654,-0.9856886191032211,0.012977974573644246,0.012977974573644246,2.832133,2.498922,-0.3332109999999999,78.32750701904297,78.32750701904297,0.0,Correct,Correct,False
session_05_both_correct2,rep_b62f14d196952f28be,Right,Correct,both_outward_10f,-10,10,-0.9986665936768654,-0.8681139315280292,0.1305526621488362,0.1305526621488362,2.832133,2.998722,0.1665890000000001,78.32750701904297,78.32750701904297,0.0,Correct,Correct,False
session_05_both_correct2,rep_b62f14d196952f28be,Right,Correct,both_inward_20f,20,-20,-0.9986665936768654,-0.927703138879371,0.07096345479749444,0.07096345479749444,2.832133,2.165733,-0.6663999999999999,78.32750701904297,76.6452865600586,-1.682220458984375,Correct,Correct,False
session_05_both_correct2,rep_b62f14d196952f28be,Right,Correct,both_outward_20f,-20,20,-0.9986665936768654,-0.4850607026456718,0.5136058910311936,0.5136058910311936,2.832133,3.165311,0.3331780000000002,78.32750701904297,78.32750701904297,0.0,Correct,Correct,False
session_05_both_correct2,rep_ebf0037ac696966f6b,Left,Correct,exact_manual,0,0,-0.9927675057160185,-0.9927675057160185,0.0,0.0,2.532244,2.532244,0.0,88.7426528930664,88.7426528930664,0.0,Correct,Correct,False
session_05_both_correct2,rep_ebf0037ac696966f6b,Left,Correct,start_early_10f,-10,0,-0.9927675057160185,-1.074494469844991,-0.08172696412897251,0.08172696412897251,2.532244,2.698855,0.16661100000000006,88.7426528930664,88.7426528930664,0.0,Correct,Correct,False
session_05_both_correct2,rep_ebf0037ac696966f6b,Left,Correct,start_early_20f,-20,0,-0.9927675057160185,-1.15146234625084,-0.15869484053482152,0.15869484053482152,2.532244,2.865444,0.33320000000000016,88.7426528930664,88.7426528930664,0.0,Correct,Correct,False
session_05_both_correct2,rep_ebf0037ac696966f6b,Left,Correct,start_late_10f,10,0,-0.9927675057160185,-0.8560684999551941,0.1366990057608244,0.1366990057608244,2.532244,2.365655,-0.1665890000000001,88.7426528930664,88.7426528930664,0.0,Correct,Correct,False
session_05_both_correct2,rep_ebf0037ac696966f6b,Left,Correct,start_late_20f,20,0,-0.9927675057160185,-0.6306152802440671,0.36215222547195136,0.36215222547195136,2.532244,2.1990659999999997,-0.3331780000000002,88.7426528930664,88.7426528930664,0.0,Correct,Correct,False
session_05_both_correct2,rep_ebf0037ac696966f6b,Left,Correct,end_early_10f,0,-10,-0.9927675057160185,-0.9305538208660559,0.06221368484996259,0.06221368484996259,2.532244,2.365644,-0.16659999999999986,88.7426528930664,77.71842193603516,-11.02423095703125,Correct,Correct,False
session_05_both_correct2,rep_ebf0037ac696966f6b,Left,Correct,end_early_20f,0,-20,-0.9927675057160185,-1.180812106384956,-0.18804460066893747,0.18804460066893747,2.532244,2.199055,-0.33318899999999996,88.7426528930664,77.71842193603516,-11.02423095703125,Correct,Correct,False
session_05_both_correct2,rep_ebf0037ac696966f6b,Left,Correct,end_late_10f,0,10,-0.9927675057160185,-0.9391272972765213,0.05364020843949713,0.05364020843949713,2.532244,2.698844,0.16659999999999986,88.7426528930664,88.7426528930664,0.0,Correct,Correct,False
session_05_both_correct2,rep_ebf0037ac696966f6b,Left,Correct,end_late_20f,0,20,-0.9927675057160185,-0.9314630582909015,0.06130444742511698,0.06130444742511698,2.532244,2.865433,0.33318899999999996,88.7426528930664,88.7426528930664,0.0,Correct,Correct,False
session_05_both_correct2,rep_ebf0037ac696966f6b,Left,Correct,both_inward_10f,10,-10,-0.9927675057160185,-0.929342403176232,0.0634251025397865,0.0634251025397865,2.532244,2.199055,-0.33318899999999996,88.7426528930664,77.6953353881836,-11.047317504882812,Correct,Correct,False
session_05_both_correct2,rep_ebf0037ac696966f6b,Left,Correct,both_outward_10f,-10,10,-0.9927675057160185,-1.0224394630898574,-0.029671957373838986,0.029671957373838986,2.532244,2.865455,0.3332109999999999,88.7426528930664,88.7426528930664,0.0,Correct,Correct,False
session_05_both_correct2,rep_ebf0037ac696966f6b,Left,Correct,both_inward_20f,20,-20,-0.9927675057160185,-1.0744402873011016,-0.08167278158508318,0.08167278158508318,2.532244,1.8658769999999998,-0.6663670000000002,88.7426528930664,68.83856964111328,-19.904083251953125,Correct,Correct,False
session_05_both_correct2,rep_ebf0037ac696966f6b,Left,Correct,both_outward_20f,-20,20,-0.9927675057160185,-1.097134987137792,-0.10436748142177354,0.10436748142177354,2.532244,3.198633,0.6663890000000001,88.7426528930664,88.7426528930664,0.0,Correct,Correct,False
session_05_both_correct2,rep_3937e4fb3928cf8769,Left,Correct,exact_manual,0,0,-0.8845064425893986,-0.8845064425893986,0.0,0.0,2.7988110000000006,2.7988110000000006,0.0,87.7044906616211,87.7044906616211,0.0,Correct,Correct,False
session_05_both_correct2,rep_3937e4fb3928cf8769,Left,Correct,start_early_10f,-10,0,-0.8845064425893986,-0.8498774857923991,0.03462895679699951,0.03462895679699951,2.7988110000000006,2.9654110000000005,0.16659999999999986,87.7044906616211,88.13008880615234,0.42559814453125,Correct,Correct,False
session_05_both_correct2,rep_3937e4fb3928cf8769,Left,Correct,start_early_20f,-20,0,-0.8845064425893986,-0.8250835486055778,0.059422893983820835,0.059422893983820835,2.7988110000000006,3.1320000000000006,0.33318899999999996,87.7044906616211,88.13008880615234,0.42559814453125,Correct,Correct,False
session_05_both_correct2,rep_3937e4fb3928cf8769,Left,Correct,start_late_10f,10,0,-0.8845064425893986,-0.928539002720001,-0.044032560130602416,0.044032560130602416,2.7988110000000006,2.6322110000000007,-0.16659999999999986,87.7044906616211,86.94535064697266,-0.7591400146484375,Correct,Correct,False
session_05_both_correct2,rep_3937e4fb3928cf8769,Left,Correct,start_late_20f,20,0,-0.8845064425893986,-0.9100047131018382,-0.02549827051243958,0.02549827051243958,2.7988110000000006,2.4656220000000006,-0.33318899999999996,87.7044906616211,86.94535064697266,-0.7591400146484375,Correct,Correct,False
session_05_both_correct2,rep_3937e4fb3928cf8769,Left,Correct,end_early_10f,0,-10,-0.8845064425893986,-0.9590112954983104,-0.07450485290891184,0.07450485290891184,2.7988110000000006,2.632211,-0.16660000000000075,87.7044906616211,87.7044906616211,0.0,Correct,Correct,False
session_05_both_correct2,rep_3937e4fb3928cf8769,Left,Correct,end_early_20f,0,-20,-0.8845064425893986,-0.9529785597257084,-0.06847211713630985,0.06847211713630985,2.7988110000000006,2.465623,-0.3331880000000007,87.7044906616211,87.7044906616211,0.0,Correct,Correct,False
session_05_both_correct2,rep_3937e4fb3928cf8769,Left,Correct,end_late_10f,0,10,-0.8845064425893986,-0.5490111265709957,0.3354953160184029,0.3354953160184029,2.7988110000000006,2.9654109999999996,0.16659999999999897,87.7044906616211,89.85782623291016,2.1533355712890625,Correct,Correct,False
session_05_both_correct2,rep_3937e4fb3928cf8769,Left,Correct,end_late_20f,0,20,-0.8845064425893986,-0.3533404223300095,0.5311660202593891,0.5311660202593891,2.7988110000000006,3.1319999999999997,0.33318899999999907,87.7044906616211,89.85782623291016,2.1533355712890625,Correct,Correct,False
session_05_both_correct2,rep_3937e4fb3928cf8769,Left,Correct,both_inward_10f,10,-10,-0.8845064425893986,-1.0002593882673998,-0.1157529456780012,0.1157529456780012,2.7988110000000006,2.465611,-0.3332000000000006,87.7044906616211,86.94535064697266,-0.7591400146484375,Correct,Correct,False
session_05_both_correct2,rep_3937e4fb3928cf8769,Left,Correct,both_outward_10f,-10,10,-0.8845064425893986,-0.5165363505998174,0.3679700919895812,0.3679700919895812,2.7988110000000006,3.1320109999999994,0.33319999999999883,87.7044906616211,89.85782623291016,2.1533355712890625,Correct,Correct,False
session_05_both_correct2,rep_3937e4fb3928cf8769,Left,Correct,both_inward_20f,20,-20,-0.8845064425893986,-0.794562027572897,0.08994441501650163,0.08994441501650163,2.7988110000000006,2.132434,-0.6663770000000007,87.7044906616211,83.2614974975586,-4.4429931640625,Correct,Correct,False
session_05_both_correct2,rep_3937e4fb3928cf8769,Left,Correct,both_outward_20f,-20,20,-0.8845064425893986,-0.3036993581384563,0.5808070844509423,0.5808070844509423,2.7988110000000006,3.4651889999999996,0.666377999999999,87.7044906616211,89.85782623291016,2.1533355712890625,Correct,Correct,False
session_05_both_correct2,rep_4145f06cb4db15ce3f,Right,Correct,exact_manual,0,0,-0.8609237955113357,-0.8609237955113357,0.0,0.0,2.3989779999999996,2.3989779999999996,0.0,104.22846221923828,104.22846221923828,0.0,Correct,Correct,False
session_05_both_correct2,rep_4145f06cb4db15ce3f,Right,Correct,start_early_10f,-10,0,-0.8609237955113357,-0.9009351603292651,-0.04001136481792944,0.04001136481792944,2.3989779999999996,2.5655780000000004,0.16660000000000075,104.22846221923828,105.63256072998047,1.4040985107421875,Correct,Correct,False
session_05_both_correct2,rep_4145f06cb4db15ce3f,Right,Correct,start_early_20f,-20,0,-0.8609237955113357,-0.7901039437480516,0.07081985176328409,0.07081985176328409,2.3989779999999996,2.7321660000000003,0.3331880000000007,104.22846221923828,105.63256072998047,1.4040985107421875,Correct,Correct,False
session_05_both_correct2,rep_4145f06cb4db15ce3f,Right,Correct,start_late_10f,10,0,-0.8609237955113357,-0.5645796655437249,0.29634412996761084,0.29634412996761084,2.3989779999999996,2.2323780000000006,-0.16659999999999897,104.22846221923828,92.5873031616211,-11.641159057617188,Correct,Correct,False
session_05_both_correct2,rep_4145f06cb4db15ce3f,Right,Correct,start_late_20f,20,0,-0.8609237955113357,-0.5088804526863092,0.3520433428250265,0.3520433428250265,2.3989779999999996,2.0657890000000005,-0.33318899999999907,104.22846221923828,92.5873031616211,-11.641159057617188,Correct,Correct,False
session_05_both_correct2,rep_4145f06cb4db15ce3f,Right,Correct,end_early_10f,0,-10,-0.8609237955113357,-0.7971704179620495,0.06375337754928623,0.06375337754928623,2.3989779999999996,2.232377999999999,-0.16660000000000075,104.22846221923828,104.22846221923828,0.0,Correct,Correct,False
session_05_both_correct2,rep_4145f06cb4db15ce3f,Right,Correct,end_early_20f,0,-20,-0.8609237955113357,-0.6501835577983072,0.21074023771302852,0.21074023771302852,2.3989779999999996,2.0657889999999988,-0.33318900000000085,104.22846221923828,104.22846221923828,0.0,Correct,Correct,False
session_05_both_correct2,rep_4145f06cb4db15ce3f,Right,Correct,end_late_10f,0,10,-0.8609237955113357,-0.5893713802766317,0.27155241523470397,0.27155241523470397,2.3989779999999996,2.5655780000000004,0.16660000000000075,104.22846221923828,104.22846221923828,0.0,Correct,Correct,False
session_05_both_correct2,rep_4145f06cb4db15ce3f,Right,Correct,end_late_20f,0,20,-0.8609237955113357,-0.1548511375407784,0.7060726579705573,0.7060726579705573,2.3989779999999996,2.7321669999999987,0.33318899999999907,104.22846221923828,104.22846221923828,0.0,Correct,Correct,False
session_05_both_correct2,rep_4145f06cb4db15ce3f,Right,Correct,both_inward_10f,10,-10,-0.8609237955113357,-0.8302420219154626,0.030681773595873096,0.030681773595873096,2.3989779999999996,2.065778,-0.3331999999999997,104.22846221923828,82.58576202392578,-21.6427001953125,Correct,Correct,False
session_05_both_correct2,rep_4145f06cb4db15ce3f,Right,Correct,both_outward_10f,-10,10,-0.8609237955113357,-0.5982067099657852,0.2627170855455505,0.2627170855455505,2.3989779999999996,2.732178000000001,0.3332000000000015,104.22846221923828,105.63256072998047,1.4040985107421875,Correct,Correct,False
session_05_both_correct2,rep_4145f06cb4db15ce3f,Right,Correct,both_inward_20f,20,-20,-0.8609237955113357,-1.130983031362903,-0.2700592358515673,0.2700592358515673,2.3989779999999996,1.7325999999999997,-0.6663779999999999,104.22846221923828,74.58325958251953,-29.64520263671875,Correct,Correct,False
session_05_both_correct2,rep_4145f06cb4db15ce3f,Right,Correct,both_outward_20f,-20,20,-0.8609237955113357,-0.1369065152745026,0.7240172802368331,0.7240172802368331,2.3989779999999996,3.0653549999999994,0.6663769999999998,104.22846221923828,105.63256072998047,1.4040985107421875,Correct,Correct,False
session_05_both_correct2,rep_df6be1b0d78003c9ac,Right,Correct,exact_manual,0,0,-0.2603492819144422,-0.2603492819144422,0.0,0.0,2.665533999999999,2.665533999999999,0.0,97.66476440429688,97.66476440429688,0.0,Correct,Correct,False
session_05_both_correct2,rep_df6be1b0d78003c9ac,Right,Correct,start_early_10f,-10,0,-0.2603492819144422,-0.2400944234022756,0.020254858512166574,0.020254858512166574,2.665533999999999,2.832134,0.16660000000000075,97.66476440429688,97.66476440429688,0.0,Correct,Correct,False
session_05_both_correct2,rep_df6be1b0d78003c9ac,Right,Correct,start_early_20f,-20,0,-0.2603492819144422,-0.19383476793053422,0.06651451398390795,0.06651451398390795,2.665533999999999,2.998723,0.33318900000000085,97.66476440429688,97.66476440429688,0.0,Correct,Correct,False
session_05_both_correct2,rep_df6be1b0d78003c9ac,Right,Correct,start_late_10f,10,0,-0.2603492819144422,-0.31967142704000506,-0.059322145125562886,0.059322145125562886,2.665533999999999,2.4989339999999984,-0.16660000000000075,97.66476440429688,97.66476440429688,0.0,Correct,Correct,False
session_05_both_correct2,rep_df6be1b0d78003c9ac,Right,Correct,start_late_20f,20,0,-0.2603492819144422,-0.2989804010297271,-0.03863111911528494,0.03863111911528494,2.665533999999999,2.332345,-0.33318899999999907,97.66476440429688,96.34381103515625,-1.320953369140625,Correct,Correct,False
session_05_both_correct2,rep_df6be1b0d78003c9ac,Right,Correct,end_early_10f,0,-10,-0.2603492819144422,-0.13682110882765797,0.12352817308678421,0.12352817308678421,2.665533999999999,2.4989220000000003,-0.16661199999999887,97.66476440429688,97.66476440429688,0.0,Correct,Correct,False
session_05_both_correct2,rep_df6be1b0d78003c9ac,Right,Correct,end_early_20f,0,-20,-0.2603492819144422,0.015204350588476356,0.27555363250291853,0.27555363250291853,2.665533999999999,2.332345,-0.33318899999999907,97.66476440429688,97.66476440429688,0.0,Correct,Incorrect,True
session_05_both_correct2,rep_df6be1b0d78003c9ac,Right,Correct,end_late_10f,0,10,-0.2603492819144422,-0.27892415257767433,-0.018574870663232157,0.018574870663232157,2.665533999999999,2.832134,0.16660000000000075,97.66476440429688,97.66476440429688,0.0,Correct,Correct,False
session_05_both_correct2,rep_df6be1b0d78003c9ac,Right,Correct,end_late_20f,0,20,-0.2603492819144422,-0.21963518958758776,0.04071409232685441,0.04071409232685441,2.665533999999999,2.998711,0.33317700000000094,97.66476440429688,97.66476440429688,0.0,Correct,Correct,False
session_05_both_correct2,rep_df6be1b0d78003c9ac,Right,Correct,both_inward_10f,10,-10,-0.2603492819144422,-0.19449419171200422,0.06585509020243796,0.06585509020243796,2.665533999999999,2.3323219999999996,-0.3332119999999996,97.66476440429688,97.66476440429688,0.0,Correct,Correct,False
session_05_both_correct2,rep_df6be1b0d78003c9ac,Right,Correct,both_outward_10f,-10,10,-0.2603492819144422,-0.25447988962586465,0.005869392288577524,0.005869392288577524,2.665533999999999,2.9987340000000007,0.3332000000000015,97.66476440429688,97.66476440429688,0.0,Correct,Correct,False
session_05_both_correct2,rep_df6be1b0d78003c9ac,Right,Correct,both_inward_20f,20,-20,-0.2603492819144422,0.08508332258477869,0.34543260449922086,0.34543260449922086,2.665533999999999,1.999156000000001,-0.6663779999999981,97.66476440429688,96.34381103515625,-1.320953369140625,Correct,Incorrect,True
session_05_both_correct2,rep_df6be1b0d78003c9ac,Right,Correct,both_outward_20f,-20,20,-0.2603492819144422,-0.149286496252102,0.11106278566234018,0.11106278566234018,2.665533999999999,3.331900000000001,0.6663660000000018,97.66476440429688,97.66476440429688,0.0,Correct,Correct,False
session_05_both_correct2,rep_4791579acae25fe0bd,Left,Correct,exact_manual,0,0,-1.0001676591270763,-1.0001676591270763,0.0,0.0,3.331900000000001,3.331900000000001,0.0,91.90254974365234,91.90254974365234,0.0,Correct,Correct,False
session_05_both_correct2,rep_4791579acae25fe0bd,Left,Correct,start_early_10f,-10,0,-1.0001676591270763,-0.3469758724696058,0.6531917866574705,0.6531917866574705,3.331900000000001,3.4985000000000017,0.16660000000000075,91.90254974365234,91.90254974365234,0.0,Correct,Correct,False
session_05_both_correct2,rep_4791579acae25fe0bd,Left,Correct,start_early_20f,-20,0,-1.0001676591270763,-0.11437122119561116,0.8857964379314651,0.8857964379314651,3.331900000000001,3.6651000000000007,0.3331999999999997,91.90254974365234,91.90254974365234,0.0,Correct,Correct,False
session_05_both_correct2,rep_4791579acae25fe0bd,Left,Correct,start_late_10f,10,0,-1.0001676591270763,-1.042546590258842,-0.04237893113176572,0.04237893113176572,3.331900000000001,3.1653230000000008,-0.1665770000000002,91.90254974365234,91.90254974365234,0.0,Correct,Correct,False
session_05_both_correct2,rep_4791579acae25fe0bd,Left,Correct,start_late_20f,20,0,-1.0001676591270763,-1.1725289905350214,-0.17236133140794507,0.17236133140794507,3.331900000000001,2.998711000000002,-0.33318899999999907,91.90254974365234,91.90254974365234,0.0,Correct,Correct,False
session_05_both_correct2,rep_4791579acae25fe0bd,Left,Correct,end_early_10f,0,-10,-1.0001676591270763,-1.0227001581596022,-0.022532499032525966,0.022532499032525966,3.331900000000001,3.165310999999999,-0.16658900000000187,91.90254974365234,91.90254974365234,0.0,Correct,Correct,False
session_05_both_correct2,rep_4791579acae25fe0bd,Left,Correct,end_early_20f,0,-20,-1.0001676591270763,-0.9442705295858115,0.0558971295412648,0.0558971295412648,3.331900000000001,2.998711,-0.33318900000000085,91.90254974365234,91.90254974365234,0.0,Correct,Correct,False
session_05_both_correct2,rep_4791579acae25fe0bd,Left,Correct,end_late_10f,0,10,-1.0001676591270763,-0.9691720651953047,0.030995593931771537,0.030995593931771537,3.331900000000001,3.4985,0.16659999999999897,91.90254974365234,91.90254974365234,0.0,Correct,Correct,False
session_05_both_correct2,rep_4791579acae25fe0bd,Left,Correct,end_late_20f,0,20,-1.0001676591270763,-0.48375032073381197,0.5164173383932643,0.5164173383932643,3.331900000000001,3.665099999999999,0.33319999999999794,91.90254974365234,91.90254974365234,0.0,Correct,Correct,False
session_05_both_correct2,rep_4791579acae25fe0bd,Left,Correct,both_inward_10f,10,-10,-1.0001676591270763,-1.060851908706089,-0.06068424957901275,0.06068424957901275,3.331900000000001,2.998733999999999,-0.33316600000000207,91.90254974365234,91.90254974365234,0.0,Correct,Correct,False
session_05_both_correct2,rep_4791579acae25fe0bd,Left,Correct,both_outward_10f,-10,10,-1.0001676591270763,-0.32118548127968294,0.6789821778473933,0.6789821778473933,3.331900000000001,3.6651000000000007,0.3331999999999997,91.90254974365234,91.90254974365234,0.0,Correct,Correct,False
session_05_both_correct2,rep_4791579acae25fe0bd,Left,Correct,both_inward_20f,20,-20,-1.0001676591270763,-1.0971738822439954,-0.09700622311691909,0.09700622311691909,3.331900000000001,2.665522000000001,-0.6663779999999999,91.90254974365234,91.90254974365234,0.0,Correct,Correct,False
session_05_both_correct2,rep_4791579acae25fe0bd,Left,Correct,both_outward_20f,-20,20,-1.0001676591270763,0.1432759752038214,1.1434436343308976,1.1434436343308976,3.331900000000001,3.9982999999999986,0.6663999999999977,91.90254974365234,91.90254974365234,0.0,Correct,Incorrect,True
session_05_both_correct2,rep_ff72086c1823042be9,Right,Correct,exact_manual,0,0,-1.059826305999053,-1.059826305999053,0.0,0.0,2.998732999999998,2.998732999999998,0.0,99.35144805908203,99.35144805908203,0.0,Correct,Correct,False
session_05_both_correct2,rep_ff72086c1823042be9,Right,Correct,start_early_10f,-10,0,-1.059826305999053,-1.0502597235218039,0.009566582477249064,0.009566582477249064,2.998732999999998,3.1653219999999997,0.16658900000000187,99.35144805908203,99.35144805908203,0.0,Correct,Correct,False
session_05_both_correct2,rep_ff72086c1823042be9,Right,Correct,start_early_20f,-20,0,-1.059826305999053,-1.0273453241818462,0.03248098181720671,0.03248098181720671,2.998732999999998,3.3319219999999987,0.33318900000000085,99.35144805908203,99.35144805908203,0.0,Correct,Correct,False
session_05_both_correct2,rep_ff72086c1823042be9,Right,Correct,start_late_10f,10,0,-1.059826305999053,-0.9353979036211287,0.12442840237792419,0.12442840237792419,2.998732999999998,2.832132999999999,-0.16659999999999897,99.35144805908203,99.35144805908203,0.0,Correct,Correct,False
session_05_both_correct2,rep_ff72086c1823042be9,Right,Correct,start_late_20f,20,0,-1.059826305999053,-0.5849914068448604,0.4748348991541925,0.4748348991541925,2.998732999999998,2.665533,-0.33319999999999794,99.35144805908203,99.35144805908203,0.0,Correct,Correct,False
session_05_both_correct2,rep_ff72086c1823042be9,Right,Correct,end_early_10f,0,-10,-1.059826305999053,-0.8425298621113034,0.2172964438877495,0.2172964438877495,2.998732999999998,2.832132999999999,-0.16659999999999897,99.35144805908203,94.27120208740234,-5.0802459716796875,Correct,Correct,False
session_05_both_correct2,rep_ff72086c1823042be9,Right,Correct,end_early_20f,0,-20,-1.059826305999053,-0.8169578051349812,0.24286850086407175,0.24286850086407175,2.998732999999998,2.665533,-0.33319999999999794,99.35144805908203,94.27120208740234,-5.0802459716796875,Correct,Correct,False
session_05_both_correct2,rep_ff72086c1823042be9,Right,Correct,end_late_10f,0,10,-1.059826305999053,-1.1071414438464715,-0.04731513784741859,0.04731513784741859,2.998732999999998,3.1653219999999997,0.16658900000000187,99.35144805908203,104.69867706298828,5.34722900390625,Correct,Correct,False
session_05_both_correct2,rep_ff72086c1823042be9,Right,Correct,end_late_20f,0,20,-1.059826305999053,-0.9750259537475819,0.08480035225147098,0.08480035225147098,2.998732999999998,3.3319219999999987,0.33318900000000085,99.35144805908203,104.69867706298828,5.34722900390625,Correct,Correct,False
session_05_both_correct2,rep_ff72086c1823042be9,Right,Correct,both_inward_10f,10,-10,-1.059826305999053,-0.9171310315354785,0.14269527446357444,0.14269527446357444,2.998732999999998,2.665533,-0.33319999999999794,99.35144805908203,85.07608795166016,-14.275360107421875,Correct,Correct,False
session_05_both_correct2,rep_ff72086c1823042be9,Right,Correct,both_outward_10f,-10,10,-1.059826305999053,-1.0939914930087116,-0.03416518700965865,0.03416518700965865,2.998732999999998,3.3319110000000016,0.33317800000000375,99.35144805908203,104.69867706298828,5.34722900390625,Correct,Correct,False
session_05_both_correct2,rep_ff72086c1823042be9,Right,Correct,both_inward_20f,20,-20,-1.059826305999053,-0.7764455662760706,0.2833807397229823,0.2833807397229823,2.998732999999998,2.332333000000002,-0.6663999999999959,99.35144805908203,85.07608795166016,-14.275360107421875,Correct,Correct,False
session_05_both_correct2,rep_ff72086c1823042be9,Right,Correct,both_outward_20f,-20,20,-1.059826305999053,-0.923116886883185,0.13670941911586787,0.13670941911586787,2.998732999999998,3.6651109999999996,0.6663780000000017,99.35144805908203,104.69867706298828,5.34722900390625,Correct,Correct,False
session_05_both_correct2,rep_d348e469e89a781661,Left,Correct,exact_manual,0,0,-1.2207684050687573,-1.2207684050687573,0.0,0.0,2.7988,2.7988,0.0,92.71121215820312,92.71121215820312,0.0,Correct,Correct,False
session_05_both_correct2,rep_d348e469e89a781661,Left,Correct,start_early_10f,-10,0,-1.2207684050687573,-1.2596425866178635,-0.03887418154910627,0.03887418154910627,2.7988,2.965399999999999,0.16659999999999897,92.71121215820312,92.71121215820312,0.0,Correct,Correct,False
session_05_both_correct2,rep_d348e469e89a781661,Left,Correct,start_early_20f,-20,0,-1.2207684050687573,-1.1273145526877792,0.09345385238097803,0.09345385238097803,2.7988,3.131999999999998,0.33319999999999794,92.71121215820312,92.71121215820312,0.0,Correct,Correct,False
session_05_both_correct2,rep_d348e469e89a781661,Left,Correct,start_late_10f,10,0,-1.2207684050687573,-0.5476907690867393,0.673077635982018,0.673077635982018,2.7988,2.632210999999998,-0.16658900000000187,92.71121215820312,82.65596008300781,-10.055252075195312,Correct,Correct,False
session_05_both_correct2,rep_d348e469e89a781661,Left,Correct,start_late_20f,20,0,-1.2207684050687573,-0.5208898893828754,0.6998785156858819,0.6998785156858819,2.7988,2.465610999999999,-0.33318900000000085,92.71121215820312,81.42575073242188,-11.28546142578125,Correct,Correct,False
session_05_both_correct2,rep_d348e469e89a781661,Left,Correct,end_early_10f,0,-10,-1.2207684050687573,-1.2611406624650296,-0.04037225739627237,0.04037225739627237,2.7988,2.6322110000000016,-0.16658899999999832,92.71121215820312,92.71121215820312,0.0,Correct,Correct,False
session_05_both_correct2,rep_d348e469e89a781661,Left,Correct,end_early_20f,0,-20,-1.2207684050687573,-1.2788500748608893,-0.05808166979213203,0.05808166979213203,2.7988,2.4656110000000027,-0.3331889999999973,92.71121215820312,92.71121215820312,0.0,Correct,Correct,False
session_05_both_correct2,rep_d348e469e89a781661,Left,Correct,end_late_10f,0,10,-1.2207684050687573,-1.0618304107577106,0.15893799431104672,0.15893799431104672,2.7988,2.965389000000002,0.16658900000000187,92.71121215820312,92.71121215820312,0.0,Correct,Correct,False
session_05_both_correct2,rep_d348e469e89a781661,Left,Correct,end_late_20f,0,20,-1.2207684050687573,-0.7697482815226228,0.4510201235461345,0.4510201235461345,2.7988,3.131989000000001,0.33318900000000085,92.71121215820312,92.71121215820312,0.0,Correct,Correct,False
session_05_both_correct2,rep_d348e469e89a781661,Left,Correct,both_inward_10f,10,-10,-1.2207684050687573,-0.6091324985146468,0.6116359065541105,0.6116359065541105,2.7988,2.4656219999999998,-0.3331780000000002,92.71121215820312,82.65596008300781,-10.055252075195312,Correct,Correct,False
session_05_both_correct2,rep_d348e469e89a781661,Left,Correct,both_outward_10f,-10,10,-1.2207684050687573,-1.096921196289944,0.12384720877881339,0.12384720877881339,2.7988,3.131989000000001,0.33318900000000085,92.71121215820312,92.71121215820312,0.0,Correct,Correct,False
session_05_both_correct2,rep_d348e469e89a781661,Left,Correct,both_inward_20f,20,-20,-1.2207684050687573,-0.6079363623191246,0.6128320427496327,0.6128320427496327,2.7988,2.132422000000002,-0.6663779999999981,92.71121215820312,81.42575073242188,-11.28546142578125,Correct,Correct,False
session_05_both_correct2,rep_d348e469e89a781661,Left,Correct,both_outward_20f,-20,20,-1.2207684050687573,-0.6964189939358906,0.5243494111328667,0.5243494111328667,2.7988,3.4651889999999987,0.6663889999999988,92.71121215820312,92.71121215820312,0.0,Correct,Correct,False
session_05_both_correct2,rep_e8d9e0d9e521cb4474,Left,Correct,exact_manual,0,0,-0.8066252809674844,-0.8066252809674844,0.0,0.0,2.6988559999999993,2.6988559999999993,0.0,84.31744384765625,84.31744384765625,0.0,Correct,Correct,False
session_05_both_correct2,rep_e8d9e0d9e521cb4474,Left,Correct,start_early_10f,-10,0,-0.8066252809674844,-0.861814272637807,-0.05518899167032254,0.05518899167032254,2.6988559999999993,2.8654449999999976,0.16658899999999832,84.31744384765625,84.31744384765625,0.0,Correct,Correct,False
session_05_both_correct2,rep_e8d9e0d9e521cb4474,Left,Correct,start_early_20f,-20,0,-0.8066252809674844,-0.9086460000167388,-0.10202071904925436,0.10202071904925436,2.6988559999999993,3.0320449999999965,0.3331889999999973,84.31744384765625,84.31744384765625,0.0,Correct,Correct,False
session_05_both_correct2,rep_e8d9e0d9e521cb4474,Left,Correct,start_late_10f,10,0,-0.8066252809674844,-0.7449725644923043,0.061652716475180114,0.061652716475180114,2.6988559999999993,2.5322669999999974,-0.16658900000000187,84.31744384765625,84.31744384765625,0.0,Correct,Correct,False
session_05_both_correct2,rep_e8d9e0d9e521cb4474,Left,Correct,start_late_20f,20,0,-0.8066252809674844,-0.586134252007051,0.22049102896043338,0.22049102896043338,2.6988559999999993,2.3656669999999984,-0.33318900000000085,84.31744384765625,84.31744384765625,0.0,Correct,Correct,False
session_05_both_correct2,rep_e8d9e0d9e521cb4474,Left,Correct,end_early_10f,0,-10,-0.8066252809674844,-0.05771015359706322,0.7489151273704212,0.7489151273704212,2.6988559999999993,2.5322560000000003,-0.16659999999999897,84.31744384765625,73.24995422363281,-11.067489624023438,Correct,Correct,False
session_05_both_correct2,rep_e8d9e0d9e521cb4474,Left,Correct,end_early_20f,0,-20,-0.8066252809674844,-0.15527255139444385,0.6513527295730406,0.6513527295730406,2.6988559999999993,2.3656560000000013,-0.33319999999999794,84.31744384765625,73.24995422363281,-11.067489624023438,Correct,Correct,False
session_05_both_correct2,rep_e8d9e0d9e521cb4474,Left,Correct,end_late_10f,0,10,-0.8066252809674844,-0.31237353268371193,0.4942517482837725,0.4942517482837725,2.6988559999999993,3.1486560000000026,0.4498000000000033,84.31744384765625,84.31744384765625,0.0,Correct,Correct,False
session_05_both_correct2,rep_e8d9e0d9e521cb4474,Left,Correct,end_late_20f,0,20,-0.8066252809674844,0.0122025391870475,0.8188278201545319,0.8188278201545319,2.6988559999999993,3.3152560000000015,0.6164000000000023,84.31744384765625,84.31744384765625,0.0,Correct,Incorrect,True
session_05_both_correct2,rep_e8d9e0d9e521cb4474,Left,Correct,both_inward_10f,10,-10,-0.8066252809674844,-0.12912484831101156,0.6775004326564729,0.6775004326564729,2.6988559999999993,2.3656669999999984,-0.33318900000000085,84.31744384765625,73.24995422363281,-11.067489624023438,Correct,Correct,False
session_05_both_correct2,rep_e8d9e0d9e521cb4474,Left,Correct,both_outward_10f,-10,10,-0.8066252809674844,-0.3619395692000401,0.4446857117674443,0.4446857117674443,2.6988559999999993,3.315245000000001,0.6163890000000016,84.31744384765625,84.31744384765625,0.0,Correct,Correct,False
session_05_both_correct2,rep_e8d9e0d9e521cb4474,Left,Correct,both_inward_20f,20,-20,-0.8066252809674844,-0.28559056184030396,0.5210347191271805,0.5210347191271805,2.6988559999999993,2.0324670000000005,-0.6663889999999988,84.31744384765625,73.24995422363281,-11.067489624023438,Correct,Correct,False
session_05_both_correct2,rep_e8d9e0d9e521cb4474,Left,Correct,both_outward_20f,-20,20,-0.8066252809674844,-0.05923063044598498,0.7473946505214994,0.7473946505214994,2.6988559999999993,3.648444999999999,0.9495889999999996,84.31744384765625,84.31744384765625,0.0,Correct,Correct,False
session_05_both_correct2,rep_496c495105f1f840b1,Right,Correct,exact_manual,0,0,-0.2742705991087818,-0.2742705991087818,0.0,0.0,2.3656560000000013,2.3656560000000013,0.0,87.91887664794922,87.91887664794922,0.0,Correct,Correct,False
session_05_both_correct2,rep_496c495105f1f840b1,Right,Correct,start_early_10f,-10,0,-0.2742705991087818,-0.5666275787370575,-0.29235697962827567,0.29235697962827567,2.3656560000000013,2.8154670000000017,0.4498110000000004,87.91887664794922,99.44847869873047,11.52960205078125,Correct,Correct,False
session_05_both_correct2,rep_496c495105f1f840b1,Right,Correct,start_early_20f,-20,0,-0.2742705991087818,-0.5802364138263495,-0.3059658147175677,0.3059658147175677,2.3656560000000013,2.9820670000000007,0.6164109999999994,87.91887664794922,99.44847869873047,11.52960205078125,Correct,Correct,False
session_05_both_correct2,rep_496c495105f1f840b1,Right,Correct,start_late_10f,10,0,-0.2742705991087818,-0.3651719646447876,-0.09090136553600581,0.09090136553600581,2.3656560000000013,2.1990669999999994,-0.16658900000000187,87.91887664794922,87.37467193603516,-0.5442047119140625,Correct,Correct,False
session_05_both_correct2,rep_496c495105f1f840b1,Right,Correct,start_late_20f,20,0,-0.2742705991087818,-0.5343136678159425,-0.26004306870716065,0.26004306870716065,2.3656560000000013,2.0324670000000005,-0.33318900000000085,87.91887664794922,87.37467193603516,-0.5442047119140625,Correct,Correct,False
session_05_both_correct2,rep_496c495105f1f840b1,Right,Correct,end_early_10f,0,-10,-0.2742705991087818,-0.2062221899376655,0.06804840917111632,0.06804840917111632,2.3656560000000013,2.1990669999999994,-0.16658900000000187,87.91887664794922,87.91887664794922,0.0,Correct,Correct,False
session_05_both_correct2,rep_496c495105f1f840b1,Right,Correct,end_early_20f,0,-20,-0.2742705991087818,-0.1529575630014458,0.12131303610733601,0.12131303610733601,2.3656560000000013,2.0324670000000005,-0.33318900000000085,87.91887664794922,87.91887664794922,0.0,Correct,Correct,False
session_05_both_correct2,rep_496c495105f1f840b1,Right,Correct,end_late_10f,0,10,-0.2742705991087818,-0.32048105724777554,-0.046210458138993715,0.046210458138993715,2.3656560000000013,2.5322560000000003,0.16659999999999897,87.91887664794922,87.91887664794922,0.0,Correct,Correct,False
session_05_both_correct2,rep_496c495105f1f840b1,Right,Correct,end_late_20f,0,20,-0.2742705991087818,-0.25685033279824643,0.017420266310535393,0.017420266310535393,2.3656560000000013,2.6988449999999986,0.3331889999999973,87.91887664794922,87.91887664794922,0.0,Correct,Correct,False
session_05_both_correct2,rep_496c495105f1f840b1,Right,Correct,both_inward_10f,10,-10,-0.2742705991087818,-0.2989979875217491,-0.02472738841296729,0.02472738841296729,2.3656560000000013,2.0324779999999976,-0.33317800000000375,87.91887664794922,87.37467193603516,-0.5442047119140625,Correct,Correct,False
session_05_both_correct2,rep_496c495105f1f840b1,Right,Correct,both_outward_10f,-10,10,-0.2742705991087818,-0.5872490455630778,-0.31297844645429596,0.31297844645429596,2.3656560000000013,2.9820670000000007,0.6164109999999994,87.91887664794922,99.44847869873047,11.52960205078125,Correct,Correct,False
session_05_both_correct2,rep_496c495105f1f840b1,Right,Correct,both_inward_20f,20,-20,-0.2742705991087818,-0.464407282384682,-0.19013668327590016,0.19013668327590016,2.3656560000000013,1.6992779999999996,-0.6663780000000017,87.91887664794922,85.36919403076172,-2.5496826171875,Correct,Correct,False
session_05_both_correct2,rep_496c495105f1f840b1,Right,Correct,both_outward_20f,-20,20,-0.2742705991087818,-0.47138555106521085,-0.19711495195642903,0.19711495195642903,2.3656560000000013,3.315255999999998,0.9495999999999967,87.91887664794922,99.44847869873047,11.52960205078125,Correct,Correct,False
session_05_both_correct2,rep_fbee42bcc84ad72a70,Right,Correct,exact_manual,0,0,-0.6753436139742276,-0.6753436139742276,0.0,0.0,2.4989329999999974,2.4989329999999974,0.0,82.76575469970703,82.76575469970703,0.0,Correct,Correct,False
session_05_both_correct2,rep_fbee42bcc84ad72a70,Right,Correct,start_early_10f,-10,0,-0.6753436139742276,-0.6809400000983571,-0.005596386124129493,0.005596386124129493,2.4989329999999974,2.6655219999999993,0.16658900000000187,82.76575469970703,82.76575469970703,0.0,Correct,Correct,False
session_05_both_correct2,rep_fbee42bcc84ad72a70,Right,Correct,start_early_20f,-20,0,-0.6753436139742276,-0.6536548593821977,0.021688754592029902,0.021688754592029902,2.4989329999999974,2.8321219999999983,0.33318900000000085,82.76575469970703,82.76575469970703,0.0,Correct,Correct,False
session_05_both_correct2,rep_fbee42bcc84ad72a70,Right,Correct,start_late_10f,10,0,-0.6753436139742276,-0.6635908515625061,0.011752762411721518,0.011752762411721518,2.4989329999999974,2.3323329999999984,-0.16659999999999897,82.76575469970703,82.76575469970703,0.0,Correct,Correct,False
session_05_both_correct2,rep_fbee42bcc84ad72a70,Right,Correct,start_late_20f,20,0,-0.6753436139742276,-0.8084021390892028,-0.13305852511497518,0.13305852511497518,2.4989329999999974,2.165744,-0.3331889999999973,82.76575469970703,82.76575469970703,0.0,Correct,Correct,False
session_05_both_correct2,rep_fbee42bcc84ad72a70,Right,Correct,end_early_10f,0,-10,-0.6753436139742276,-0.6503377861461442,0.02500582782808336,0.02500582782808336,2.4989329999999974,2.332343999999999,-0.16658899999999832,82.76575469970703,82.25916290283203,-0.506591796875,Correct,Correct,False
session_05_both_correct2,rep_fbee42bcc84ad72a70,Right,Correct,end_early_20f,0,-20,-0.6753436139742276,-0.6222562307301202,0.053087383244107444,0.053087383244107444,2.4989329999999974,2.165744,-0.3331889999999973,82.76575469970703,82.25916290283203,-0.506591796875,Correct,Correct,False
session_05_both_correct2,rep_fbee42bcc84ad72a70,Right,Correct,end_late_10f,0,10,-0.6753436139742276,-0.6913496148042461,-0.016006000830018463,0.016006000830018463,2.4989329999999974,2.665533,0.16660000000000252,82.76575469970703,84.90401458740234,2.1382598876953125,Correct,Correct,False
session_05_both_correct2,rep_fbee42bcc84ad72a70,Right,Correct,end_late_20f,0,20,-0.6753436139742276,-0.7163757901702673,-0.041032176196039716,0.041032176196039716,2.4989329999999974,2.832132999999999,0.3332000000000015,82.76575469970703,84.90401458740234,2.1382598876953125,Correct,Correct,False
session_05_both_correct2,rep_fbee42bcc84ad72a70,Right,Correct,both_inward_10f,10,-10,-0.6753436139742276,-0.6500351601717124,0.02530845380251523,0.02530845380251523,2.4989329999999974,2.165744,-0.3331889999999973,82.76575469970703,80.89803314208984,-1.8677215576171875,Correct,Correct,False
session_05_both_correct2,rep_fbee42bcc84ad72a70,Right,Correct,both_outward_10f,-10,10,-0.6753436139742276,-0.6982975288836294,-0.022953914909401796,0.022953914909401796,2.4989329999999974,2.832122000000002,0.3331890000000044,82.76575469970703,84.90401458740234,2.1382598876953125,Correct,Correct,False
session_05_both_correct2,rep_fbee42bcc84ad72a70,Right,Correct,both_inward_20f,20,-20,-0.6753436139742276,-0.7740345950939654,-0.09869098111973784,0.09869098111973784,2.4989329999999974,1.8325550000000028,-0.6663779999999946,82.76575469970703,74.45647430419922,-8.309280395507812,Correct,Correct,False
session_05_both_correct2,rep_fbee42bcc84ad72a70,Right,Correct,both_outward_20f,-20,20,-0.6753436139742276,-0.7022119761471387,-0.02686836217291111,0.02686836217291111,2.4989329999999974,3.1653219999999997,0.6663890000000023,82.76575469970703,84.90401458740234,2.1382598876953125,Correct,Correct,False
session_05_both_correct2,rep_27f29611af9d868d70,Right,Correct,exact_manual,0,0,-0.7560672343423015,-0.7560672343423015,0.0,0.0,2.732178000000001,2.732178000000001,0.0,100.77898406982422,100.77898406982422,0.0,Correct,Correct,False
session_05_both_correct2,rep_27f29611af9d868d70,Right,Correct,start_early_10f,-10,0,-0.7560672343423015,-0.7481029383623999,0.007964295979901559,0.007964295979901559,2.732178000000001,2.8987669999999994,0.16658899999999832,100.77898406982422,100.77898406982422,0.0,Correct,Correct,False
session_05_both_correct2,rep_27f29611af9d868d70,Right,Correct,start_early_20f,-20,0,-0.7560672343423015,-0.6911055928176014,0.06496164152470008,0.06496164152470008,2.732178000000001,3.0653669999999984,0.3331889999999973,100.77898406982422,100.77898406982422,0.0,Correct,Correct,False
session_05_both_correct2,rep_27f29611af9d868d70,Right,Correct,start_late_10f,10,0,-0.7560672343423015,-0.7324346873868716,0.023632546955429934,0.023632546955429934,2.732178000000001,2.5655779999999986,-0.16660000000000252,100.77898406982422,100.77898406982422,0.0,Correct,Correct,False
session_05_both_correct2,rep_27f29611af9d868d70,Right,Correct,start_late_20f,20,0,-0.7560672343423015,-0.6677759545018128,0.08829127984048868,0.08829127984048868,2.732178000000001,2.3989779999999996,-0.3332000000000015,100.77898406982422,100.77898406982422,0.0,Correct,Correct,False
session_05_both_correct2,rep_27f29611af9d868d70,Right,Correct,end_early_10f,0,-10,-0.7560672343423015,-0.48432133697725155,0.27174589736504995,0.27174589736504995,2.732178000000001,2.5655779999999986,-0.16660000000000252,100.77898406982422,95.73993682861328,-5.0390472412109375,Correct,Correct,False
session_05_both_correct2,rep_27f29611af9d868d70,Right,Correct,end_early_20f,0,-20,-0.7560672343423015,-0.6101230918320014,0.14594414251030008,0.14594414251030008,2.732178000000001,2.398978000000003,-0.33319999999999794,100.77898406982422,89.9189682006836,-10.860015869140625,Correct,Correct,False
session_05_both_correct2,rep_27f29611af9d868d70,Right,Correct,end_late_10f,0,10,-0.7560672343423015,-0.7560672343423015,0.0,0.0,2.732178000000001,2.732178000000001,0.0,100.77898406982422,100.77898406982422,0.0,Correct,Correct,False
session_05_both_correct2,rep_27f29611af9d868d70,Right,Correct,end_late_20f,0,20,-0.7560672343423015,-0.7560672343423015,0.0,0.0,2.732178000000001,2.732178000000001,0.0,100.77898406982422,100.77898406982422,0.0,Correct,Correct,False
session_05_both_correct2,rep_27f29611af9d868d70,Right,Correct,both_inward_10f,10,-10,-0.7560672343423015,-0.4451948921265362,0.3108723422157653,0.3108723422157653,2.732178000000001,2.398977999999996,-0.33320000000000505,100.77898406982422,95.73993682861328,-5.0390472412109375,Correct,Correct,False
session_05_both_correct2,rep_27f29611af9d868d70,Right,Correct,both_outward_10f,-10,10,-0.7560672343423015,-0.7481029383623999,0.007964295979901559,0.007964295979901559,2.732178000000001,2.8987669999999994,0.16658899999999832,100.77898406982422,100.77898406982422,0.0,Correct,Correct,False
session_05_both_correct2,rep_27f29611af9d868d70,Right,Correct,both_inward_20f,20,-20,-0.7560672343423015,-0.5530954595919256,0.20297177475037587,0.20297177475037587,2.732178000000001,2.0657780000000017,-0.6663999999999994,100.77898406982422,87.67267608642578,-13.106307983398438,Correct,Correct,False
session_05_both_correct2,rep_27f29611af9d868d70,Right,Correct,both_outward_20f,-20,20,-0.7560672343423015,-0.6911055928176014,0.06496164152470008,0.06496164152470008,2.732178000000001,3.0653669999999984,0.3331889999999973,100.77898406982422,100.77898406982422,0.0,Correct,Correct,False
