repetition_id,source_sha256,video_id,source_video,original_folder,source_repetition_index,start_frame,end_frame,original_start_frame,original_end_frame,frame_convention,start_time,end_time,duration_sec,source_frame_count,subject_id,subject_verification_status,hand,label,target_column,label_source,hand_source,human_review_status,supervised_eligible,excluded,exclusion_reason,source_group,inherited_subject_group,split,reviewer,reviewed_at,review_export_sha256,review_record_pointer,review_record_file,review_subject_verified_checkbox,review_boundaries_verified_checkbox,review_new_repetition,administrative_metadata_policy,frame_range_source,boundary_audit_status,segmentation_notes,original_candidate_manifest_ref,historical_manual_evidence_ref,historical_manual_evidence_line,historical_manual_evidence_sha256,historical_representation_ref,historical_representation_usage,historical_representation_range_status,decoded_range_sha256
rep_fb0c2f97d90ea5de5a,0c264aade3d2362157e8484603caa05154f40187f222e5540272f8f0b1764d2f,vid_0c264aade3d23621,C:\Users\DEVESH SHUKLA\Downloads\hemo\Assisted elbow flexion\Both hand assisted correct\20260825_120853.mp4,Both hand assisted correct,1,4,350,4,372,zero_based_inclusive,0.066633,5.8475,5.780867,347,person1,inherited_not_independently_verified,Right,Correct,label,human_verified,human_verified,authoritative_user_confirmed,True,False,,0c264aade3d2362157e8484603caa05154f40187f222e5540272f8f0b1764d2f,person1,unassigned,,2026-10-04T07:28:47.666Z,44b233be34340ff48f45013f0d75c6d0d90eb8ac731b678f4794f1529c2b1e11,/decisions/0,evidence/aef_v2_review_2026-10-04T14-18-12-118Z.json,False,False,False,does_not_override_authoritative_hand_and_label,human_review_export_revision,valid_source_range_no_overlap,,../../manifest.csv,C:\dev\Haemophilia\processed_data\assisted_elbow_flexion\manual_annotation_audit.csv,2,41347c1ad9bf08b0c65ca613e97e467014bfe3c0dad39cafedfaf9e955ee93c2,C:\dev\Haemophilia\processed_data\assisted_elbow_flexion\sequences\20260825_120853_rep_01_correct_person1.npy,provenance_only_not_canonical_model_input,STALE_range_revised,782ef5f7f15d70c269ded135765c597dbef348cc946eb8d06f3c6f463ea3ffe1
rep_02cbaaa878991f7eee,0c264aade3d2362157e8484603caa05154f40187f222e5540272f8f0b1764d2f,vid_0c264aade3d23621,C:\Users\DEVESH SHUKLA\Downloads\hemo\Assisted elbow flexion\Both hand assisted correct\20260825_120853.mp4,Both hand assisted correct,2,372,572,372,572,zero_based_inclusive,6.197356,9.545923,3.348567,201,person1,inherited_not_independently_verified,Left,Correct,label,human_verified,human_verified,authoritative_user_confirmed,True,False,,0c264aade3d2362157e8484603caa05154f40187f222e5540272f8f0b1764d2f,person1,unassigned,,2026-10-04T11:45:54.746Z,44b233be34340ff48f45013f0d75c6d0d90eb8ac731b678f4794f1529c2b1e11,/decisions/1,evidence/aef_v2_review_2026-10-04T14-18-12-118Z.json,False,False,False,does_not_override_authoritative_hand_and_label,human_review_export_unchanged_candidate_range,valid_source_range_inclusive_endpoint_allowed,,../../manifest.csv,C:\dev\Haemophilia\processed_data\assisted_elbow_flexion\manual_annotation_audit.csv,3,41347c1ad9bf08b0c65ca613e97e467014bfe3c0dad39cafedfaf9e955ee93c2,C:\dev\Haemophilia\processed_data\assisted_elbow_flexion\sequences\20260825_120853_rep_02_correct_person1.npy,provenance_only_not_canonical_model_input,range_unchanged_hand_and_processing_semantics_not_validated_for_new_training,e8870f75a33e21b02c34c18b066296998806ecceff93f51f2c64e51f563c519d
rep_3b3a031e67b667bb2f,0c264aade3d2362157e8484603caa05154f40187f222e5540272f8f0b1764d2f,vid_0c264aade3d23621,C:\Users\DEVESH SHUKLA\Downloads\hemo\Assisted elbow flexion\Both hand assisted correct\20260825_120853.mp4,Both hand assisted correct,3,572,832,572,832,zero_based_inclusive,9.529267,13.877412,4.348144999999999,261,person1,inherited_not_independently_verified,Right,Correct,label,human_verified,human_verified,authoritative_user_confirmed,True,False,,0c264aade3d2362157e8484603caa05154f40187f222e5540272f8f0b1764d2f,person1,unassigned,,2026-10-04T09:57:10.670Z,44b233be34340ff48f45013f0d75c6d0d90eb8ac731b678f4794f1529c2b1e11,/decisions/2,evidence/aef_v2_review_2026-10-04T14-18-12-118Z.json,False,True,False,does_not_override_authoritative_hand_and_label,human_review_export_unchanged_candidate_range,valid_source_range_inclusive_endpoint_allowed,,../../manifest.csv,C:\dev\Haemophilia\processed_data\assisted_elbow_flexion\manual_annotation_audit.csv,4,41347c1ad9bf08b0c65ca613e97e467014bfe3c0dad39cafedfaf9e955ee93c2,C:\dev\Haemophilia\processed_data\assisted_elbow_flexion\sequences\20260825_120853_rep_03_correct_person1.npy,provenance_only_not_canonical_model_input,range_unchanged_hand_and_processing_semantics_not_validated_for_new_training,47c42714455453d61ffbba1860e8346cd56d7a897ad6da6d952ec4749a8a7b10
rep_b59965fe88fa0c3f40,0c264aade3d2362157e8484603caa05154f40187f222e5540272f8f0b1764d2f,vid_0c264aade3d23621,C:\Users\DEVESH SHUKLA\Downloads\hemo\Assisted elbow flexion\Both hand assisted correct\20260825_120853.mp4,Both hand assisted correct,4,832,1010,832,1010,zero_based_inclusive,13.860756,16.842823000000003,2.9820670000000025,179,person1,inherited_not_independently_verified,Left,Correct,label,human_verified,human_verified,authoritative_user_confirmed,True,False,,0c264aade3d2362157e8484603caa05154f40187f222e5540272f8f0b1764d2f,person1,unassigned,,2026-10-04T09:57:55.339Z,44b233be34340ff48f45013f0d75c6d0d90eb8ac731b678f4794f1529c2b1e11,/decisions/3,evidence/aef_v2_review_2026-10-04T14-18-12-118Z.json,False,True,False,does_not_override_authoritative_hand_and_label,human_review_export_unchanged_candidate_range,valid_source_range_inclusive_endpoint_allowed,,../../manifest.csv,C:\dev\Haemophilia\processed_data\assisted_elbow_flexion\manual_annotation_audit.csv,5,41347c1ad9bf08b0c65ca613e97e467014bfe3c0dad39cafedfaf9e955ee93c2,C:\dev\Haemophilia\processed_data\assisted_elbow_flexion\sequences\20260825_120853_rep_04_correct_person1.npy,provenance_only_not_canonical_model_input,range_unchanged_hand_and_processing_semantics_not_validated_for_new_training,252a3ba64d8366aca3c9b69b27b99952841e2a07dce224b1ebf04881947f927c
rep_9988a74422e7c505d0,0c264aade3d2362157e8484603caa05154f40187f222e5540272f8f0b1764d2f,vid_0c264aade3d23621,C:\Users\DEVESH SHUKLA\Downloads\hemo\Assisted elbow flexion\Both hand assisted correct\20260825_120853.mp4,Both hand assisted correct,5,1010,1260,1010,1296,zero_based_inclusive,16.826156,21.0077,4.181543999999999,251,person1,inherited_not_independently_verified,Right,Correct,label,human_verified,human_verified,authoritative_user_confirmed,True,False,,0c264aade3d2362157e8484603caa05154f40187f222e5540272f8f0b1764d2f,person1,unassigned,,2026-10-04T10:00:41.091Z,44b233be34340ff48f45013f0d75c6d0d90eb8ac731b678f4794f1529c2b1e11,/decisions/4,evidence/aef_v2_review_2026-10-04T14-18-12-118Z.json,True,True,False,does_not_override_authoritative_hand_and_label,human_review_export_revision,valid_source_range_inclusive_endpoint_allowed,,../../manifest.csv,C:\dev\Haemophilia\processed_data\assisted_elbow_flexion\manual_annotation_audit.csv,6,41347c1ad9bf08b0c65ca613e97e467014bfe3c0dad39cafedfaf9e955ee93c2,C:\dev\Haemophilia\processed_data\assisted_elbow_flexion\sequences\20260825_120853_rep_05_correct_person1.npy,provenance_only_not_canonical_model_input,STALE_range_revised,cf89091feb77020ae95e5635739ffe30ce6dba3820b312f4845c811ee6d20c3b
rep_372c0410acd5099364,0c264aade3d2362157e8484603caa05154f40187f222e5540272f8f0b1764d2f,vid_0c264aade3d23621,C:\Users\DEVESH SHUKLA\Downloads\hemo\Assisted elbow flexion\Both hand assisted correct\20260825_120853.mp4,Both hand assisted correct,6,1265,1480,1296,1480,zero_based_inclusive,21.074344,24.672812,3.5984680000000004,216,person1,inherited_not_independently_verified,Left,Correct,label,human_verified,human_verified,authoritative_user_confirmed,True,False,,0c264aade3d2362157e8484603caa05154f40187f222e5540272f8f0b1764d2f,person1,unassigned,,2026-10-04T10:01:27.549Z,44b233be34340ff48f45013f0d75c6d0d90eb8ac731b678f4794f1529c2b1e11,/decisions/5,evidence/aef_v2_review_2026-10-04T14-18-12-118Z.json,False,False,False,does_not_override_authoritative_hand_and_label,human_review_export_revision,valid_source_range_no_overlap,,../../manifest.csv,C:\dev\Haemophilia\processed_data\assisted_elbow_flexion\manual_annotation_audit.csv,7,41347c1ad9bf08b0c65ca613e97e467014bfe3c0dad39cafedfaf9e955ee93c2,C:\dev\Haemophilia\processed_data\assisted_elbow_flexion\sequences\20260825_120853_rep_06_correct_person1.npy,provenance_only_not_canonical_model_input,STALE_range_revised,5e9617136094de09b504d34ab54eeb57c40f6745553b35b9475e1f87bbfeb063
rep_46b03a163715ea8674,0c264aade3d2362157e8484603caa05154f40187f222e5540272f8f0b1764d2f,vid_0c264aade3d23621,C:\Users\DEVESH SHUKLA\Downloads\hemo\Assisted elbow flexion\Both hand assisted correct\20260825_120853.mp4,Both hand assisted correct,7,1490,1780,1480,1822,zero_based_inclusive,24.822744,29.670689000000003,4.847945000000003,291,person1,inherited_not_independently_verified,Right,Correct,label,human_verified,human_verified,authoritative_user_confirmed,True,False,,0c264aade3d2362157e8484603caa05154f40187f222e5540272f8f0b1764d2f,person1,unassigned,,2026-10-04T10:02:46.595Z,44b233be34340ff48f45013f0d75c6d0d90eb8ac731b678f4794f1529c2b1e11,/decisions/6,evidence/aef_v2_review_2026-10-04T14-18-12-118Z.json,False,False,False,does_not_override_authoritative_hand_and_label,human_review_export_revision,valid_source_range_no_overlap,,../../manifest.csv,C:\dev\Haemophilia\processed_data\assisted_elbow_flexion\manual_annotation_audit.csv,8,41347c1ad9bf08b0c65ca613e97e467014bfe3c0dad39cafedfaf9e955ee93c2,C:\dev\Haemophilia\processed_data\assisted_elbow_flexion\sequences\20260825_120853_rep_07_correct_person1.npy,provenance_only_not_canonical_model_input,STALE_range_revised,8fdcc2ce1f5a7d8d5e191adfbaf1b95c3fe4242a3578ef64a0c60622416dd2cd
rep_cea1129ae50e36fb30,0c264aade3d2362157e8484603caa05154f40187f222e5540272f8f0b1764d2f,vid_0c264aade3d23621,C:\Users\DEVESH SHUKLA\Downloads\hemo\Assisted elbow flexion\Both hand assisted correct\20260825_120853.mp4,Both hand assisted correct,8,1810,2004,1822,2004,zero_based_inclusive,30.153811,33.402423,3.248611999999998,195,person1,inherited_not_independently_verified,Left,Correct,label,human_verified,human_verified,authoritative_user_confirmed,True,False,,0c264aade3d2362157e8484603caa05154f40187f222e5540272f8f0b1764d2f,person1,unassigned,,2026-10-04T10:04:01.610Z,44b233be34340ff48f45013f0d75c6d0d90eb8ac731b678f4794f1529c2b1e11,/decisions/7,evidence/aef_v2_review_2026-10-04T14-18-12-118Z.json,False,False,False,does_not_override_authoritative_hand_and_label,human_review_export_revision,valid_source_range_no_overlap,,../../manifest.csv,C:\dev\Haemophilia\processed_data\assisted_elbow_flexion\manual_annotation_audit.csv,9,41347c1ad9bf08b0c65ca613e97e467014bfe3c0dad39cafedfaf9e955ee93c2,C:\dev\Haemophilia\processed_data\assisted_elbow_flexion\sequences\20260825_120853_rep_08_correct_person1.npy,provenance_only_not_canonical_model_input,STALE_range_revised,f81f858ef7f01b1b11c3acf477335499c600a334e6ad206548ebfeb7def3dd5d
rep_20614a58d738f0f71c,0c264aade3d2362157e8484603caa05154f40187f222e5540272f8f0b1764d2f,vid_0c264aade3d23621,C:\Users\DEVESH SHUKLA\Downloads\hemo\Assisted elbow flexion\Both hand assisted correct\20260825_120853.mp4,Both hand assisted correct,9,2030,2324,2004,2324,zero_based_inclusive,33.818911,38.733489,4.914577999999999,295,person1,inherited_not_independently_verified,Right,Correct,label,human_verified,human_verified,authoritative_user_confirmed,True,False,,0c264aade3d2362157e8484603caa05154f40187f222e5540272f8f0b1764d2f,person1,unassigned,,2026-10-04T10:05:00.497Z,44b233be34340ff48f45013f0d75c6d0d90eb8ac731b678f4794f1529c2b1e11,/decisions/8,evidence/aef_v2_review_2026-10-04T14-18-12-118Z.json,False,False,False,does_not_override_authoritative_hand_and_label,human_review_export_revision,valid_source_range_inclusive_endpoint_allowed,,../../manifest.csv,C:\dev\Haemophilia\processed_data\assisted_elbow_flexion\manual_annotation_audit.csv,10,41347c1ad9bf08b0c65ca613e97e467014bfe3c0dad39cafedfaf9e955ee93c2,C:\dev\Haemophilia\processed_data\assisted_elbow_flexion\sequences\20260825_120853_rep_09_correct_person1.npy,provenance_only_not_canonical_model_input,STALE_range_revised,d684b5ff02bc27173e8fbf9a603319965a52b9f2c65586e362de50b58119c227
rep_e8c1d21c6f2e4707b3,0c264aade3d2362157e8484603caa05154f40187f222e5540272f8f0b1764d2f,vid_0c264aade3d23621,C:\Users\DEVESH SHUKLA\Downloads\hemo\Assisted elbow flexion\Both hand assisted correct\20260825_120853.mp4,Both hand assisted correct,10,2324,2534,2324,2534,zero_based_inclusive,38.716822,42.231989,3.515166999999998,211,person1,inherited_not_independently_verified,Left,Correct,label,human_verified,human_verified,authoritative_user_confirmed,True,False,,0c264aade3d2362157e8484603caa05154f40187f222e5540272f8f0b1764d2f,person1,unassigned,,2026-10-04T10:05:27.443Z,44b233be34340ff48f45013f0d75c6d0d90eb8ac731b678f4794f1529c2b1e11,/decisions/9,evidence/aef_v2_review_2026-10-04T14-18-12-118Z.json,False,False,False,does_not_override_authoritative_hand_and_label,human_review_export_unchanged_candidate_range,valid_source_range_inclusive_endpoint_allowed,,../../manifest.csv,C:\dev\Haemophilia\processed_data\assisted_elbow_flexion\manual_annotation_audit.csv,11,41347c1ad9bf08b0c65ca613e97e467014bfe3c0dad39cafedfaf9e955ee93c2,C:\dev\Haemophilia\processed_data\assisted_elbow_flexion\sequences\20260825_120853_rep_10_correct_person1.npy,provenance_only_not_canonical_model_input,range_unchanged_hand_and_processing_semantics_not_validated_for_new_training,e339d474b96c1d055011c33ccf828fa500530ae3bd5cc7a1f8fca917c9c8cfb6
rep_5c1dd8ed9aa6c8aa69,0c264aade3d2362157e8484603caa05154f40187f222e5540272f8f0b1764d2f,vid_0c264aade3d23621,C:\Users\DEVESH SHUKLA\Downloads\hemo\Assisted elbow flexion\Both hand assisted correct\20260825_120853.mp4,Both hand assisted correct,11,2534,2755,2534,2794,zero_based_inclusive,42.215333,45.913756,3.6984229999999982,222,person1,inherited_not_independently_verified,Right,Correct,label,human_verified,human_verified,authoritative_user_confirmed,True,False,,0c264aade3d2362157e8484603caa05154f40187f222e5540272f8f0b1764d2f,person1,unassigned,,2026-10-04T10:06:20.447Z,44b233be34340ff48f45013f0d75c6d0d90eb8ac731b678f4794f1529c2b1e11,/decisions/10,evidence/aef_v2_review_2026-10-04T14-18-12-118Z.json,False,False,False,does_not_override_authoritative_hand_and_label,human_review_export_revision,valid_source_range_inclusive_endpoint_allowed,,../../manifest.csv,C:\dev\Haemophilia\processed_data\assisted_elbow_flexion\manual_annotation_audit.csv,12,41347c1ad9bf08b0c65ca613e97e467014bfe3c0dad39cafedfaf9e955ee93c2,C:\dev\Haemophilia\processed_data\assisted_elbow_flexion\sequences\20260825_120853_rep_11_correct_person1.npy,provenance_only_not_canonical_model_input,STALE_range_revised,9acee69665cded4a54fc38e52f4903ec320f463851f0ee860d2614c1a832b558
rep_edc2513a7b19ebb4ed,0c264aade3d2362157e8484603caa05154f40187f222e5540272f8f0b1764d2f,vid_0c264aade3d23621,C:\Users\DEVESH SHUKLA\Downloads\hemo\Assisted elbow flexion\Both hand assisted correct\20260825_120853.mp4,Both hand assisted correct,12,2780,3000,2794,2984,zero_based_inclusive,46.313578,49.995356,3.6817780000000013,221,person1,inherited_not_independently_verified,Left,Correct,label,human_verified,human_verified,authoritative_user_confirmed,True,False,,0c264aade3d2362157e8484603caa05154f40187f222e5540272f8f0b1764d2f,person1,unassigned,,2026-10-04T10:07:29.501Z,44b233be34340ff48f45013f0d75c6d0d90eb8ac731b678f4794f1529c2b1e11,/decisions/11,evidence/aef_v2_review_2026-10-04T14-18-12-118Z.json,False,False,False,does_not_override_authoritative_hand_and_label,human_review_export_revision,valid_source_range_shared_transition_context,"Shared frames show lowered left arm at the end of A, followed by release and preparation of the right arm for B. Separate flexion cycles; retain transition padding.",../../manifest.csv,C:\dev\Haemophilia\processed_data\assisted_elbow_flexion\manual_annotation_audit.csv,13,41347c1ad9bf08b0c65ca613e97e467014bfe3c0dad39cafedfaf9e955ee93c2,C:\dev\Haemophilia\processed_data\assisted_elbow_flexion\sequences\20260825_120853_rep_12_correct_person1.npy,provenance_only_not_canonical_model_input,STALE_range_revised,9bd09d083d128672eb89bac5c1c7ac2e05cd47f5536a016f1ba548f4dd6537c8
rep_6be9256acb543f49b8,0c264aade3d2362157e8484603caa05154f40187f222e5540272f8f0b1764d2f,vid_0c264aade3d23621,C:\Users\DEVESH SHUKLA\Downloads\hemo\Assisted elbow flexion\Both hand assisted correct\20260825_120853.mp4,Both hand assisted correct,13,2990,3270,2984,3300,zero_based_inclusive,49.8121,54.493445,4.681345,281,person1,inherited_not_independently_verified,Right,Correct,label,human_verified,human_verified,authoritative_user_confirmed,True,False,,0c264aade3d2362157e8484603caa05154f40187f222e5540272f8f0b1764d2f,person1,unassigned,,2026-10-04T10:17:08.414Z,44b233be34340ff48f45013f0d75c6d0d90eb8ac731b678f4794f1529c2b1e11,/decisions/12,evidence/aef_v2_review_2026-10-04T14-18-12-118Z.json,False,False,False,does_not_override_authoritative_hand_and_label,human_review_export_revision,valid_source_range_shared_transition_context,"Shared frames show lowered left arm at the end of A, followed by release and preparation of the right arm for B. Separate flexion cycles; retain transition padding.",../../manifest.csv,C:\dev\Haemophilia\processed_data\assisted_elbow_flexion\manual_annotation_audit.csv,14,41347c1ad9bf08b0c65ca613e97e467014bfe3c0dad39cafedfaf9e955ee93c2,C:\dev\Haemophilia\processed_data\assisted_elbow_flexion\sequences\20260825_120853_rep_13_correct_person1.npy,provenance_only_not_canonical_model_input,STALE_range_revised,01dd12449378764d7945ca3edb7fddfa422bc513dc7cd9eabae6a7d9ce1f68b5
rep_1c83a3b866cf4e027c,1ac0cd5b45de866afbfed040696fb5a7ad4876db46a9d228d145e08d8eb87b2d,vid_1ac0cd5b45de866a,C:\Users\DEVESH SHUKLA\Downloads\hemo\Assisted elbow flexion\Both hand assisted mix\20260825_121230.mp4,Both hand assisted mix,1,4,330,4,342,zero_based_inclusive,0.066633,5.514323,5.44769,327,person1,inherited_not_independently_verified,Right,Correct,label,human_verified,human_verified,authoritative_user_confirmed,True,False,,1ac0cd5b45de866afbfed040696fb5a7ad4876db46a9d228d145e08d8eb87b2d,person1,unassigned,,2026-10-04T10:27:03.811Z,44b233be34340ff48f45013f0d75c6d0d90eb8ac731b678f4794f1529c2b1e11,/decisions/13,evidence/aef_v2_review_2026-10-04T14-18-12-118Z.json,False,False,False,does_not_override_authoritative_hand_and_label,human_review_export_revision,valid_source_range_no_overlap,,../../manifest.csv,,,,C:\dev\Haemophilia\processed_data\assisted_elbow_flexion\sequences\20260825_121230_rep_01_mix_person1.npy,provenance_only_not_canonical_model_input,STALE_range_revised,f09c8812411573ebc94658ae292c8327a9d2f593113ac75e4a03edc5e95deb7c
rep_0d7eaf4563fd24294a,1ac0cd5b45de866afbfed040696fb5a7ad4876db46a9d228d145e08d8eb87b2d,vid_1ac0cd5b45de866a,C:\Users\DEVESH SHUKLA\Downloads\hemo\Assisted elbow flexion\Both hand assisted mix\20260825_121230.mp4,Both hand assisted mix,2,346,556,346,556,zero_based_inclusive,5.764211,9.279366999999999,3.5151559999999984,211,person1,inherited_not_independently_verified,Left,Correct,label,human_verified,human_verified,authoritative_user_confirmed,True,False,,1ac0cd5b45de866afbfed040696fb5a7ad4876db46a9d228d145e08d8eb87b2d,person1,unassigned,,2026-10-04T10:27:46.506Z,44b233be34340ff48f45013f0d75c6d0d90eb8ac731b678f4794f1529c2b1e11,/decisions/14,evidence/aef_v2_review_2026-10-04T14-18-12-118Z.json,False,False,False,does_not_override_authoritative_hand_and_label,human_review_export_unchanged_candidate_range,valid_source_range_inclusive_endpoint_allowed,,../../manifest.csv,,,,C:\dev\Haemophilia\processed_data\assisted_elbow_flexion\sequences\20260825_121230_rep_02_mix_person1.npy,provenance_only_not_canonical_model_input,range_unchanged_hand_and_processing_semantics_not_validated_for_new_training,7d7537cf584f4b611e04771909e603d16cf87ddb6eccc2b68f16131d907e9ddd
rep_cff3c2f757be354140,1ac0cd5b45de866afbfed040696fb5a7ad4876db46a9d228d145e08d8eb87b2d,vid_1ac0cd5b45de866a,C:\Users\DEVESH SHUKLA\Downloads\hemo\Assisted elbow flexion\Both hand assisted mix\20260825_121230.mp4,Both hand assisted mix,3,556,810,556,676,zero_based_inclusive,9.262711,13.510923,4.2482120000000005,255,person1,inherited_not_independently_verified,Right,Incorrect,label,human_verified,human_verified,authoritative_user_confirmed,True,False,,1ac0cd5b45de866afbfed040696fb5a7ad4876db46a9d228d145e08d8eb87b2d,person1,unassigned,,2026-10-04T10:30:57.734Z,44b233be34340ff48f45013f0d75c6d0d90eb8ac731b678f4794f1529c2b1e11,/decisions/15,evidence/aef_v2_review_2026-10-04T14-18-12-118Z.json,False,False,False,does_not_override_authoritative_hand_and_label,human_review_export_revision,valid_source_range_inclusive_endpoint_allowed,,../../manifest.csv,,,,C:\dev\Haemophilia\processed_data\assisted_elbow_flexion\sequences\20260825_121230_rep_03_mix_person1.npy,provenance_only_not_canonical_model_input,STALE_range_revised,e4f41018d6c61542767c8ee9216d302b28775c73fffcd65a1e18ee3a74ced97d
rep_503633f6745e8f6a45,1ac0cd5b45de866afbfed040696fb5a7ad4876db46a9d228d145e08d8eb87b2d,vid_1ac0cd5b45de866a,C:\Users\DEVESH SHUKLA\Downloads\hemo\Assisted elbow flexion\Both hand assisted mix\20260825_121230.mp4,Both hand assisted mix,4,820,1070,676,874,zero_based_inclusive,13.660833,17.8424,4.181567000000001,251,person1,inherited_not_independently_verified,Left,Incorrect,label,human_verified,human_verified,authoritative_user_confirmed,True,False,,1ac0cd5b45de866afbfed040696fb5a7ad4876db46a9d228d145e08d8eb87b2d,person1,unassigned,,2026-10-04T10:32:31.324Z,44b233be34340ff48f45013f0d75c6d0d90eb8ac731b678f4794f1529c2b1e11,/decisions/16,evidence/aef_v2_review_2026-10-04T14-18-12-118Z.json,False,False,False,does_not_override_authoritative_hand_and_label,human_review_export_revision,valid_source_range_no_overlap,,../../manifest.csv,,,,C:\dev\Haemophilia\processed_data\assisted_elbow_flexion\sequences\20260825_121230_rep_04_mix_person1.npy,provenance_only_not_canonical_model_input,STALE_range_revised,ac1096b3df782d8a4334428177503f5cdf60eae965ca369bf46f5f8ef8ab300d
rep_bb9858d2e8e9c3549c,1ac0cd5b45de866afbfed040696fb5a7ad4876db46a9d228d145e08d8eb87b2d,vid_1ac0cd5b45de866a,C:\Users\DEVESH SHUKLA\Downloads\hemo\Assisted elbow flexion\Both hand assisted mix\20260825_121230.mp4,Both hand assisted mix,5,1150,1332,874,1032,zero_based_inclusive,19.1585,22.207211,3.048711000000001,183,person1,inherited_not_independently_verified,Right,Correct,label,human_verified,human_verified,authoritative_user_confirmed,True,False,,1ac0cd5b45de866afbfed040696fb5a7ad4876db46a9d228d145e08d8eb87b2d,person1,unassigned,,2026-10-04T10:55:22.485Z,44b233be34340ff48f45013f0d75c6d0d90eb8ac731b678f4794f1529c2b1e11,/decisions/17,evidence/aef_v2_review_2026-10-04T14-18-12-118Z.json,False,False,False,does_not_override_authoritative_hand_and_label,human_review_export_revision,valid_source_range_no_overlap,,../../manifest.csv,,,,C:\dev\Haemophilia\processed_data\assisted_elbow_flexion\sequences\20260825_121230_rep_05_mix_person1.npy,provenance_only_not_canonical_model_input,STALE_range_revised,6cd40c2cbeaf2d95cb902b30188d13c91ec6d1d9c3221f83a31b1e108b983b24
rep_9ff0bc77263dfff528,1ac0cd5b45de866afbfed040696fb5a7ad4876db46a9d228d145e08d8eb87b2d,vid_1ac0cd5b45de866a,C:\Users\DEVESH SHUKLA\Downloads\hemo\Assisted elbow flexion\Both hand assisted mix\20260825_121230.mp4,Both hand assisted mix,6,1606,1772,1606,1772,zero_based_inclusive,26.755267,29.537411000000002,2.7821440000000024,167,person1,inherited_not_independently_verified,Right,Correct,label,human_verified,human_verified,authoritative_user_confirmed,True,False,,1ac0cd5b45de866afbfed040696fb5a7ad4876db46a9d228d145e08d8eb87b2d,person1,unassigned,,2026-10-04T11:00:18.240Z,44b233be34340ff48f45013f0d75c6d0d90eb8ac731b678f4794f1529c2b1e11,/decisions/18,evidence/aef_v2_review_2026-10-04T14-18-12-118Z.json,False,False,False,does_not_override_authoritative_hand_and_label,human_review_export_unchanged_candidate_range,valid_source_range_inclusive_endpoint_allowed,,../../manifest.csv,,,,C:\dev\Haemophilia\processed_data\assisted_elbow_flexion\sequences\20260825_121230_rep_06_mix_person1.npy,provenance_only_not_canonical_model_input,range_unchanged_hand_and_processing_semantics_not_validated_for_new_training,38ba3d3d3b8e6796f5cbdabf1340a8f0fa1a9c87e32f8a6e6f8be04ed61a0ecd
rep_35e324ed6452359dd2,1ac0cd5b45de866afbfed040696fb5a7ad4876db46a9d228d145e08d8eb87b2d,vid_1ac0cd5b45de866a,C:\Users\DEVESH SHUKLA\Downloads\hemo\Assisted elbow flexion\Both hand assisted mix\20260825_121230.mp4,Both hand assisted mix,7,1772,1944,1772,1944,zero_based_inclusive,29.520744,32.402845,2.8821009999999987,173,person1,inherited_not_independently_verified,Left,Correct,label,human_verified,human_verified,authoritative_user_confirmed,True,False,,1ac0cd5b45de866afbfed040696fb5a7ad4876db46a9d228d145e08d8eb87b2d,person1,unassigned,,2026-10-04T11:00:36.325Z,44b233be34340ff48f45013f0d75c6d0d90eb8ac731b678f4794f1529c2b1e11,/decisions/19,evidence/aef_v2_review_2026-10-04T14-18-12-118Z.json,False,False,False,does_not_override_authoritative_hand_and_label,human_review_export_unchanged_candidate_range,valid_source_range_inclusive_endpoint_allowed,,../../manifest.csv,,,,C:\dev\Haemophilia\processed_data\assisted_elbow_flexion\sequences\20260825_121230_rep_07_mix_person1.npy,provenance_only_not_canonical_model_input,range_unchanged_hand_and_processing_semantics_not_validated_for_new_training,e184b849688d96356cc18329e328ef20c2dc1e3d6d2d2eb43cdfd3a88662e59a
rep_d8ea12c9407f1b8ebe,1ac0cd5b45de866afbfed040696fb5a7ad4876db46a9d228d145e08d8eb87b2d,vid_1ac0cd5b45de866a,C:\Users\DEVESH SHUKLA\Downloads\hemo\Assisted elbow flexion\Both hand assisted mix\20260825_121230.mp4,Both hand assisted mix,8,1944,2144,1944,2144,zero_based_inclusive,32.386189,35.734756,3.3485669999999956,201,person1,inherited_not_independently_verified,Left,Correct,label,human_verified,human_verified,authoritative_user_confirmed,True,False,,1ac0cd5b45de866afbfed040696fb5a7ad4876db46a9d228d145e08d8eb87b2d,person1,unassigned,,2026-10-04T11:01:03.410Z,44b233be34340ff48f45013f0d75c6d0d90eb8ac731b678f4794f1529c2b1e11,/decisions/20,evidence/aef_v2_review_2026-10-04T14-18-12-118Z.json,False,False,False,does_not_override_authoritative_hand_and_label,human_review_export_unchanged_candidate_range,valid_source_range_inclusive_endpoint_allowed,,../../manifest.csv,,,,C:\dev\Haemophilia\processed_data\assisted_elbow_flexion\sequences\20260825_121230_rep_08_mix_person1.npy,provenance_only_not_canonical_model_input,range_unchanged_hand_and_processing_semantics_not_validated_for_new_training,bd57657d4613e23bbc9c92823ed79ab4e96349c5199b56819711ba85784bf44c
rep_ed4d23c464cf750af7,1ac0cd5b45de866afbfed040696fb5a7ad4876db46a9d228d145e08d8eb87b2d,vid_1ac0cd5b45de866a,C:\Users\DEVESH SHUKLA\Downloads\hemo\Assisted elbow flexion\Both hand assisted mix\20260825_121230.mp4,Both hand assisted mix,9,2144,2320,2144,2320,zero_based_inclusive,35.7181,38.666844999999995,2.9487449999999953,177,person1,inherited_not_independently_verified,Left,Correct,label,human_verified,human_verified,authoritative_user_confirmed,True,False,,1ac0cd5b45de866afbfed040696fb5a7ad4876db46a9d228d145e08d8eb87b2d,person1,unassigned,,2026-10-04T11:01:16.601Z,44b233be34340ff48f45013f0d75c6d0d90eb8ac731b678f4794f1529c2b1e11,/decisions/21,evidence/aef_v2_review_2026-10-04T14-18-12-118Z.json,False,False,False,does_not_override_authoritative_hand_and_label,human_review_export_unchanged_candidate_range,valid_source_range_inclusive_endpoint_allowed,,../../manifest.csv,,,,C:\dev\Haemophilia\processed_data\assisted_elbow_flexion\sequences\20260825_121230_rep_09_mix_person1.npy,provenance_only_not_canonical_model_input,range_unchanged_hand_and_processing_semantics_not_validated_for_new_training,10c1f2b7f382f6f65bc6252e3c282904fa69a650df22deae00d0af31f2a7d758
rep_8c17d582de78f254dd,1ac0cd5b45de866afbfed040696fb5a7ad4876db46a9d228d145e08d8eb87b2d,vid_1ac0cd5b45de866a,C:\Users\DEVESH SHUKLA\Downloads\hemo\Assisted elbow flexion\Both hand assisted mix\20260825_121230.mp4,Both hand assisted mix,10,2320,2396,2320,2396,zero_based_inclusive,38.650189,39.932967,1.2827780000000004,77,person1,inherited_not_independently_verified,Right,Incorrect,label,human_verified,human_verified,authoritative_user_confirmed,True,False,,1ac0cd5b45de866afbfed040696fb5a7ad4876db46a9d228d145e08d8eb87b2d,person1,unassigned,,2026-10-04T11:01:38.320Z,44b233be34340ff48f45013f0d75c6d0d90eb8ac731b678f4794f1529c2b1e11,/decisions/22,evidence/aef_v2_review_2026-10-04T14-18-12-118Z.json,False,False,False,does_not_override_authoritative_hand_and_label,human_review_export_unchanged_candidate_range,valid_source_range_inclusive_endpoint_allowed,,../../manifest.csv,,,,C:\dev\Haemophilia\processed_data\assisted_elbow_flexion\sequences\20260825_121230_rep_10_mix_person1.npy,provenance_only_not_canonical_model_input,range_unchanged_hand_and_processing_semantics_not_validated_for_new_training,f104ffb7335130621689804278a0ed6803e62a67f87681891f8a40ac642477e4
rep_83f806588a8c338f4b,1ac0cd5b45de866afbfed040696fb5a7ad4876db46a9d228d145e08d8eb87b2d,vid_1ac0cd5b45de866a,C:\Users\DEVESH SHUKLA\Downloads\hemo\Assisted elbow flexion\Both hand assisted mix\20260825_121230.mp4,Both hand assisted mix,11,2892,2984,2892,2984,zero_based_inclusive,48.179456,49.728811,1.5493549999999985,93,person1,inherited_not_independently_verified,Right,Incorrect,label,human_verified,human_verified,authoritative_user_confirmed,True,False,,1ac0cd5b45de866afbfed040696fb5a7ad4876db46a9d228d145e08d8eb87b2d,person1,unassigned,,2026-10-04T11:02:19.425Z,44b233be34340ff48f45013f0d75c6d0d90eb8ac731b678f4794f1529c2b1e11,/decisions/23,evidence/aef_v2_review_2026-10-04T14-18-12-118Z.json,False,False,False,does_not_override_authoritative_hand_and_label,human_review_export_unchanged_candidate_range,valid_source_range_inclusive_endpoint_allowed,,../../manifest.csv,,,,C:\dev\Haemophilia\processed_data\assisted_elbow_flexion\sequences\20260825_121230_rep_11_mix_person1.npy,provenance_only_not_canonical_model_input,range_unchanged_hand_and_processing_semantics_not_validated_for_new_training,c505cc620b83021c962ab47e4b7d4364ba08638498a3b04b2b6b6891c53e4735
rep_ef9e190c4981e28593,1ac0cd5b45de866afbfed040696fb5a7ad4876db46a9d228d145e08d8eb87b2d,vid_1ac0cd5b45de866a,C:\Users\DEVESH SHUKLA\Downloads\hemo\Assisted elbow flexion\Both hand assisted mix\20260825_121230.mp4,Both hand assisted mix,12,2984,3220,2984,3242,zero_based_inclusive,49.712144,53.660467,3.948322999999995,237,person1,inherited_not_independently_verified,Right,Incorrect,label,human_verified,human_verified,authoritative_user_confirmed,True,False,,1ac0cd5b45de866afbfed040696fb5a7ad4876db46a9d228d145e08d8eb87b2d,person1,unassigned,,2026-10-04T11:02:58.684Z,44b233be34340ff48f45013f0d75c6d0d90eb8ac731b678f4794f1529c2b1e11,/decisions/24,evidence/aef_v2_review_2026-10-04T14-18-12-118Z.json,False,False,False,does_not_override_authoritative_hand_and_label,human_review_export_revision,valid_source_range_inclusive_endpoint_allowed,,../../manifest.csv,,,,C:\dev\Haemophilia\processed_data\assisted_elbow_flexion\sequences\20260825_121230_rep_12_mix_person1.npy,provenance_only_not_canonical_model_input,STALE_range_revised,f7ba8d0cafd5ae4282d1dceb1266e4d87e86033bd12bf69a36848a615f3e2c6f
rep_5c39730111cd443d20,1ac0cd5b45de866afbfed040696fb5a7ad4876db46a9d228d145e08d8eb87b2d,vid_1ac0cd5b45de866a,C:\Users\DEVESH SHUKLA\Downloads\hemo\Assisted elbow flexion\Both hand assisted mix\20260825_121230.mp4,Both hand assisted mix,13,3242,3432,3242,3432,zero_based_inclusive,54.010311,57.192278,3.181967,191,person1,inherited_not_independently_verified,Left,Incorrect,label,human_verified,human_verified,authoritative_user_confirmed,True,False,,1ac0cd5b45de866afbfed040696fb5a7ad4876db46a9d228d145e08d8eb87b2d,person1,unassigned,,2026-10-04T11:03:14.590Z,44b233be34340ff48f45013f0d75c6d0d90eb8ac731b678f4794f1529c2b1e11,/decisions/25,evidence/aef_v2_review_2026-10-04T14-18-12-118Z.json,False,False,False,does_not_override_authoritative_hand_and_label,human_review_export_unchanged_candidate_range,valid_source_range_no_overlap,,../../manifest.csv,,,,C:\dev\Haemophilia\processed_data\assisted_elbow_flexion\sequences\20260825_121230_rep_13_mix_person1.npy,provenance_only_not_canonical_model_input,range_unchanged_hand_and_processing_semantics_not_validated_for_new_training,654c2536f192c88824b3f7a51398be5da495d7e83be9d3a8b4da7095ba7c2f9e
rep_b62f14d196952f28be,1334a563691c21703bad8f2fc71670dcb1bbeea7f93665d5d873d7dbb80349d1,vid_1334a563691c2170,C:\Users\DEVESH SHUKLA\Downloads\hemo\Assisted elbow flexion\Both hand assisted correct\20260825_135545.mp4,Both hand assisted correct,1,6,176,6,176,zero_based_inclusive,0.099956,2.948756,2.8487999999999998,171,person2,inherited_not_independently_verified,Right,Correct,label,human_verified,human_verified,authoritative_user_confirmed,True,False,,1334a563691c21703bad8f2fc71670dcb1bbeea7f93665d5d873d7dbb80349d1,person2,unassigned,,2026-10-04T11:03:30.857Z,44b233be34340ff48f45013f0d75c6d0d90eb8ac731b678f4794f1529c2b1e11,/decisions/26,evidence/aef_v2_review_2026-10-04T14-18-12-118Z.json,False,False,False,does_not_override_authoritative_hand_and_label,human_review_export_unchanged_candidate_range,valid_source_range_inclusive_endpoint_allowed,,../../manifest.csv,C:\dev\Haemophilia\processed_data\assisted_elbow_flexion\manual_annotation_audit.csv,16,41347c1ad9bf08b0c65ca613e97e467014bfe3c0dad39cafedfaf9e955ee93c2,C:\dev\Haemophilia\processed_data\assisted_elbow_flexion\sequences\20260825_135545_rep_01_correct_person2.npy,provenance_only_not_canonical_model_input,range_unchanged_hand_and_processing_semantics_not_validated_for_new_training,4da977d13b1f287c602a6b351fa330de997a8bdfc29e7674bd9535f8e3932686
rep_ebf0037ac696966f6b,1334a563691c21703bad8f2fc71670dcb1bbeea7f93665d5d873d7dbb80349d1,vid_1334a563691c2170,C:\Users\DEVESH SHUKLA\Downloads\hemo\Assisted elbow flexion\Both hand assisted correct\20260825_135545.mp4,Both hand assisted correct,2,176,328,176,328,zero_based_inclusive,2.932089,5.480989,2.5489,153,person2,inherited_not_independently_verified,Left,Correct,label,human_verified,human_verified,authoritative_user_confirmed,True,False,,1334a563691c21703bad8f2fc71670dcb1bbeea7f93665d5d873d7dbb80349d1,person2,unassigned,,2026-10-04T11:03:43.790Z,44b233be34340ff48f45013f0d75c6d0d90eb8ac731b678f4794f1529c2b1e11,/decisions/27,evidence/aef_v2_review_2026-10-04T14-18-12-118Z.json,False,False,False,does_not_override_authoritative_hand_and_label,human_review_export_unchanged_candidate_range,valid_source_range_inclusive_endpoint_allowed,,../../manifest.csv,C:\dev\Haemophilia\processed_data\assisted_elbow_flexion\manual_annotation_audit.csv,17,41347c1ad9bf08b0c65ca613e97e467014bfe3c0dad39cafedfaf9e955ee93c2,C:\dev\Haemophilia\processed_data\assisted_elbow_flexion\sequences\20260825_135545_rep_02_correct_person2.npy,provenance_only_not_canonical_model_input,range_unchanged_hand_and_processing_semantics_not_validated_for_new_training,ef34bb725516b2dfb230110b73537fe58f944f373479c7d0db5bd7b143f941ae
rep_3937e4fb3928cf8769,1334a563691c21703bad8f2fc71670dcb1bbeea7f93665d5d873d7dbb80349d1,vid_1334a563691c2170,C:\Users\DEVESH SHUKLA\Downloads\hemo\Assisted elbow flexion\Both hand assisted correct\20260825_135545.mp4,Both hand assisted correct,3,328,496,328,496,zero_based_inclusive,5.464333,8.2798,2.815467,169,person2,inherited_not_independently_verified,Left,Correct,label,human_verified,human_verified,authoritative_user_confirmed,True,False,,1334a563691c21703bad8f2fc71670dcb1bbeea7f93665d5d873d7dbb80349d1,person2,unassigned,,2026-10-04T11:04:00.569Z,44b233be34340ff48f45013f0d75c6d0d90eb8ac731b678f4794f1529c2b1e11,/decisions/28,evidence/aef_v2_review_2026-10-04T14-18-12-118Z.json,False,False,False,does_not_override_authoritative_hand_and_label,human_review_export_unchanged_candidate_range,valid_source_range_inclusive_endpoint_allowed,,../../manifest.csv,C:\dev\Haemophilia\processed_data\assisted_elbow_flexion\manual_annotation_audit.csv,18,41347c1ad9bf08b0c65ca613e97e467014bfe3c0dad39cafedfaf9e955ee93c2,C:\dev\Haemophilia\processed_data\assisted_elbow_flexion\sequences\20260825_135545_rep_03_correct_person2.npy,provenance_only_not_canonical_model_input,range_unchanged_hand_and_processing_semantics_not_validated_for_new_training,0c0ee5355dbef60f9d4c8a9883f4af7a3c04ffe3d3d272b029eaa5a5108a922e
rep_4145f06cb4db15ce3f,1334a563691c21703bad8f2fc71670dcb1bbeea7f93665d5d873d7dbb80349d1,vid_1334a563691c2170,C:\Users\DEVESH SHUKLA\Downloads\hemo\Assisted elbow flexion\Both hand assisted correct\20260825_135545.mp4,Both hand assisted correct,4,496,640,496,798,zero_based_inclusive,8.263144,10.678789,2.4156449999999996,145,person2,inherited_not_independently_verified,Right,Correct,label,human_verified,human_verified,authoritative_user_confirmed,True,False,,1334a563691c21703bad8f2fc71670dcb1bbeea7f93665d5d873d7dbb80349d1,person2,unassigned,,2026-10-04T11:07:13.001Z,44b233be34340ff48f45013f0d75c6d0d90eb8ac731b678f4794f1529c2b1e11,/decisions/29,evidence/aef_v2_review_2026-10-04T14-18-12-118Z.json,False,False,False,does_not_override_authoritative_hand_and_label,human_review_export_revision,valid_source_range_inclusive_endpoint_allowed,,../../manifest.csv,C:\dev\Haemophilia\processed_data\assisted_elbow_flexion\manual_annotation_audit.csv,19,41347c1ad9bf08b0c65ca613e97e467014bfe3c0dad39cafedfaf9e955ee93c2,C:\dev\Haemophilia\processed_data\assisted_elbow_flexion\sequences\20260825_135545_rep_04_correct_person2.npy,provenance_only_not_canonical_model_input,STALE_range_revised,94e650c9eb7c24dcffe027194ecef6b5ef15340413c3a272fb84b81f917c4691
rep_df6be1b0d78003c9ac,1334a563691c21703bad8f2fc71670dcb1bbeea7f93665d5d873d7dbb80349d1,vid_1334a563691c2170,C:\Users\DEVESH SHUKLA\Downloads\hemo\Assisted elbow flexion\Both hand assisted correct\20260825_135545.mp4,Both hand assisted correct,5,640,800,808,980,zero_based_inclusive,10.662122,13.344311999999999,2.6821899999999985,161,person2,inherited_not_independently_verified,Right,Correct,label,human_verified,human_verified,authoritative_user_confirmed,True,False,,1334a563691c21703bad8f2fc71670dcb1bbeea7f93665d5d873d7dbb80349d1,person2,unassigned,,2026-10-04T11:08:02.684Z,44b233be34340ff48f45013f0d75c6d0d90eb8ac731b678f4794f1529c2b1e11,/decisions/30,evidence/aef_v2_review_2026-10-04T14-18-12-118Z.json,False,False,False,does_not_override_authoritative_hand_and_label,human_review_export_revision,valid_source_range_shared_transition_context,Shared frames show return of the right arm and hand repositioning before the next left-arm flexion. Separate cycles; retain transition padding.,../../manifest.csv,C:\dev\Haemophilia\processed_data\assisted_elbow_flexion\manual_annotation_audit.csv,20,41347c1ad9bf08b0c65ca613e97e467014bfe3c0dad39cafedfaf9e955ee93c2,C:\dev\Haemophilia\processed_data\assisted_elbow_flexion\sequences\20260825_135545_rep_05_correct_person2.npy,provenance_only_not_canonical_model_input,STALE_range_revised,599ec27f7c4e87b4aafeb93ececb01afcc74845b77a22f76a920d8e5543d584b
rep_4791579acae25fe0bd,1334a563691c21703bad8f2fc71670dcb1bbeea7f93665d5d873d7dbb80349d1,vid_1334a563691c2170,C:\Users\DEVESH SHUKLA\Downloads\hemo\Assisted elbow flexion\Both hand assisted correct\20260825_135545.mp4,Both hand assisted correct,6,780,980,980,1160,zero_based_inclusive,12.994467,16.343023000000002,3.348556000000002,201,person2,inherited_not_independently_verified,Left,Correct,label,human_verified,human_verified,authoritative_user_confirmed,True,False,,1334a563691c21703bad8f2fc71670dcb1bbeea7f93665d5d873d7dbb80349d1,person2,unassigned,,2026-10-04T11:09:10.208Z,44b233be34340ff48f45013f0d75c6d0d90eb8ac731b678f4794f1529c2b1e11,/decisions/31,evidence/aef_v2_review_2026-10-04T14-18-12-118Z.json,False,False,False,does_not_override_authoritative_hand_and_label,human_review_export_revision,valid_source_range_shared_transition_context,Shared frames show return of the right arm and hand repositioning before the next left-arm flexion. Separate cycles; retain transition padding.,../../manifest.csv,C:\dev\Haemophilia\processed_data\assisted_elbow_flexion\manual_annotation_audit.csv,21,41347c1ad9bf08b0c65ca613e97e467014bfe3c0dad39cafedfaf9e955ee93c2,C:\dev\Haemophilia\processed_data\assisted_elbow_flexion\sequences\20260825_135545_rep_06_correct_person2.npy,provenance_only_not_canonical_model_input,STALE_range_revised,46dc501c5f79a3a7748207a1c8b7f6dc7722b210c760b57c4aa6e20f182a86c0
rep_ff72086c1823042be9,1334a563691c21703bad8f2fc71670dcb1bbeea7f93665d5d873d7dbb80349d1,vid_1334a563691c2170,C:\Users\DEVESH SHUKLA\Downloads\hemo\Assisted elbow flexion\Both hand assisted correct\20260825_135545.mp4,Both hand assisted correct,7,980,1160,1160,1328,zero_based_inclusive,16.326367,19.341767,3.0153999999999996,181,person2,inherited_not_independently_verified,Right,Correct,label,human_verified,human_verified,authoritative_user_confirmed,True,False,,1334a563691c21703bad8f2fc71670dcb1bbeea7f93665d5d873d7dbb80349d1,person2,unassigned,,2026-10-04T11:11:26.271Z,44b233be34340ff48f45013f0d75c6d0d90eb8ac731b678f4794f1529c2b1e11,/decisions/32,evidence/aef_v2_review_2026-10-04T14-18-12-118Z.json,False,False,False,does_not_override_authoritative_hand_and_label,human_review_export_revision,valid_source_range_inclusive_endpoint_allowed,,../../manifest.csv,C:\dev\Haemophilia\processed_data\assisted_elbow_flexion\manual_annotation_audit.csv,22,41347c1ad9bf08b0c65ca613e97e467014bfe3c0dad39cafedfaf9e955ee93c2,C:\dev\Haemophilia\processed_data\assisted_elbow_flexion\sequences\20260825_135545_rep_07_correct_person2.npy,provenance_only_not_canonical_model_input,STALE_range_revised,ba7282716c526e350269d09abefd246817d34b9f6a6102edda0d4c6f34e26a08
rep_d348e469e89a781661,1334a563691c21703bad8f2fc71670dcb1bbeea7f93665d5d873d7dbb80349d1,vid_1334a563691c2170,C:\Users\DEVESH SHUKLA\Downloads\hemo\Assisted elbow flexion\Both hand assisted correct\20260825_135545.mp4,Both hand assisted correct,8,1160,1328,1328,1508,zero_based_inclusive,19.3251,22.140567,2.8154670000000017,169,person2,inherited_not_independently_verified,Left,Correct,label,human_verified,human_verified,authoritative_user_confirmed,True,False,,1334a563691c21703bad8f2fc71670dcb1bbeea7f93665d5d873d7dbb80349d1,person2,unassigned,,2026-10-04T11:12:01.629Z,44b233be34340ff48f45013f0d75c6d0d90eb8ac731b678f4794f1529c2b1e11,/decisions/33,evidence/aef_v2_review_2026-10-04T14-18-12-118Z.json,False,False,False,does_not_override_authoritative_hand_and_label,human_review_export_revision,valid_source_range_inclusive_endpoint_allowed,,../../manifest.csv,C:\dev\Haemophilia\processed_data\assisted_elbow_flexion\manual_annotation_audit.csv,23,41347c1ad9bf08b0c65ca613e97e467014bfe3c0dad39cafedfaf9e955ee93c2,C:\dev\Haemophilia\processed_data\assisted_elbow_flexion\sequences\20260825_135545_rep_08_correct_person2.npy,provenance_only_not_canonical_model_input,STALE_range_revised,8500962f84fbe0c09609ad2adfc4a9574a2b5f7ac2d26baa0a9d555c6866981f
rep_e8d9e0d9e521cb4474,1334a563691c21703bad8f2fc71670dcb1bbeea7f93665d5d873d7dbb80349d1,vid_1334a563691c2170,C:\Users\DEVESH SHUKLA\Downloads\hemo\Assisted elbow flexion\Both hand assisted correct\20260825_135545.mp4,Both hand assisted correct,9,1328,1490,1508,1648,zero_based_inclusive,22.1239,24.839412,2.7155120000000004,163,person2,inherited_not_independently_verified,Left,Correct,label,human_verified,human_verified,authoritative_user_confirmed,True,False,,1334a563691c21703bad8f2fc71670dcb1bbeea7f93665d5d873d7dbb80349d1,person2,unassigned,,2026-10-04T11:12:53.497Z,44b233be34340ff48f45013f0d75c6d0d90eb8ac731b678f4794f1529c2b1e11,/decisions/34,evidence/aef_v2_review_2026-10-04T14-18-12-118Z.json,False,False,False,does_not_override_authoritative_hand_and_label,human_review_export_revision,valid_source_range_inclusive_endpoint_allowed,,../../manifest.csv,C:\dev\Haemophilia\processed_data\assisted_elbow_flexion\manual_annotation_audit.csv,24,41347c1ad9bf08b0c65ca613e97e467014bfe3c0dad39cafedfaf9e955ee93c2,C:\dev\Haemophilia\processed_data\assisted_elbow_flexion\sequences\20260825_135545_rep_09_correct_person2.npy,provenance_only_not_canonical_model_input,STALE_range_revised,c066f0b779aec69d76c71327c0c91849c9951332ea9f8319b1999ba589d7d6c1
rep_496c495105f1f840b1,1334a563691c21703bad8f2fc71670dcb1bbeea7f93665d5d873d7dbb80349d1,vid_1334a563691c2170,C:\Users\DEVESH SHUKLA\Downloads\hemo\Assisted elbow flexion\Both hand assisted correct\20260825_135545.mp4,Both hand assisted correct,10,1508,1650,1648,1790,zero_based_inclusive,25.122622,27.504934000000002,2.3823120000000024,143,person2,inherited_not_independently_verified,Right,Correct,label,human_verified,human_verified,authoritative_user_confirmed,True,False,,1334a563691c21703bad8f2fc71670dcb1bbeea7f93665d5d873d7dbb80349d1,person2,unassigned,,2026-10-04T11:13:58.730Z,44b233be34340ff48f45013f0d75c6d0d90eb8ac731b678f4794f1529c2b1e11,/decisions/35,evidence/aef_v2_review_2026-10-04T14-18-12-118Z.json,False,False,False,does_not_override_authoritative_hand_and_label,human_review_export_revision,valid_source_range_inclusive_endpoint_allowed,,../../manifest.csv,C:\dev\Haemophilia\processed_data\assisted_elbow_flexion\manual_annotation_audit.csv,25,41347c1ad9bf08b0c65ca613e97e467014bfe3c0dad39cafedfaf9e955ee93c2,C:\dev\Haemophilia\processed_data\assisted_elbow_flexion\sequences\20260825_135545_rep_10_correct_person2.npy,provenance_only_not_canonical_model_input,STALE_range_revised,2615d21f2ced80612956466123f844f06c115031d8ccc569ece0e4ee462e051f
rep_fbee42bcc84ad72a70,1334a563691c21703bad8f2fc71670dcb1bbeea7f93665d5d873d7dbb80349d1,vid_1334a563691c2170,C:\Users\DEVESH SHUKLA\Downloads\hemo\Assisted elbow flexion\Both hand assisted correct\20260825_135545.mp4,Both hand assisted correct,11,1650,1800,1790,1964,zero_based_inclusive,27.488278,30.003878,2.515599999999999,151,person2,inherited_not_independently_verified,Right,Correct,label,human_verified,human_verified,authoritative_user_confirmed,True,False,,1334a563691c21703bad8f2fc71670dcb1bbeea7f93665d5d873d7dbb80349d1,person2,unassigned,,2026-10-04T11:14:51.275Z,44b233be34340ff48f45013f0d75c6d0d90eb8ac731b678f4794f1529c2b1e11,/decisions/36,evidence/aef_v2_review_2026-10-04T14-18-12-118Z.json,False,False,False,does_not_override_authoritative_hand_and_label,human_review_export_revision,valid_source_range_inclusive_endpoint_allowed,,../../manifest.csv,C:\dev\Haemophilia\processed_data\assisted_elbow_flexion\manual_annotation_audit.csv,26,41347c1ad9bf08b0c65ca613e97e467014bfe3c0dad39cafedfaf9e955ee93c2,C:\dev\Haemophilia\processed_data\assisted_elbow_flexion\sequences\20260825_135545_rep_11_correct_person2.npy,provenance_only_not_canonical_model_input,STALE_range_revised,e1ec9be5410f0a4e42bae43ffc559c54861824c8511b576a9d90b0bdc5fe030f
rep_27f29611af9d868d70,1334a563691c21703bad8f2fc71670dcb1bbeea7f93665d5d873d7dbb80349d1,vid_1334a563691c2170,C:\Users\DEVESH SHUKLA\Downloads\hemo\Assisted elbow flexion\Both hand assisted correct\20260825_135545.mp4,Both hand assisted correct,12,1800,1964,1964,2090,zero_based_inclusive,29.987211,32.736045,2.7488339999999987,165,person2,inherited_not_independently_verified,Right,Correct,label,human_verified,human_verified,authoritative_user_confirmed,True,False,,1334a563691c21703bad8f2fc71670dcb1bbeea7f93665d5d873d7dbb80349d1,person2,unassigned,,2026-10-04T11:15:24.422Z,44b233be34340ff48f45013f0d75c6d0d90eb8ac731b678f4794f1529c2b1e11,/decisions/37,evidence/aef_v2_review_2026-10-04T14-18-12-118Z.json,False,False,False,does_not_override_authoritative_hand_and_label,human_review_export_revision,valid_source_range_inclusive_endpoint_allowed,,../../manifest.csv,C:\dev\Haemophilia\processed_data\assisted_elbow_flexion\manual_annotation_audit.csv,27,41347c1ad9bf08b0c65ca613e97e467014bfe3c0dad39cafedfaf9e955ee93c2,C:\dev\Haemophilia\processed_data\assisted_elbow_flexion\sequences\20260825_135545_rep_12_correct_person2.npy,provenance_only_not_canonical_model_input,STALE_range_revised,8e413b116c8430b282cbaaef4984c989d9fcdd2744ba97e6c25654b18cfc857b
rep_96581b03de4436e334,769bc27d1c4abfab17064a24193171b531343a6f96e448af24ab306e6eaa56bd,vid_769bc27d1c4abfab,C:\Users\DEVESH SHUKLA\Downloads\hemo\Assisted elbow flexion\Both hand assisted mix\20260825_135917.mp4,Both hand assisted mix,1,28,216,28,216,zero_based_inclusive,0.466478,3.615134,3.148656,189,person2,inherited_not_independently_verified,Right,Correct,label,human_verified,human_verified,authoritative_user_confirmed,True,False,,769bc27d1c4abfab17064a24193171b531343a6f96e448af24ab306e6eaa56bd,person2,unassigned,,2026-10-04T11:29:59.053Z,44b233be34340ff48f45013f0d75c6d0d90eb8ac731b678f4794f1529c2b1e11,/decisions/38,evidence/aef_v2_review_2026-10-04T14-18-12-118Z.json,False,False,False,does_not_override_authoritative_hand_and_label,human_review_export_unchanged_candidate_range,valid_source_range_inclusive_endpoint_allowed,,../../manifest.csv,,,,C:\dev\Haemophilia\processed_data\assisted_elbow_flexion\sequences\20260825_135917_rep_01_mix_person2.npy,provenance_only_not_canonical_model_input,range_unchanged_hand_and_processing_semantics_not_validated_for_new_training,fbad49cb201e2f3c6c47b1a1134629016a4ff811aa97ba3f3f8f971cc1c69326
rep_f58658b961ff048335,769bc27d1c4abfab17064a24193171b531343a6f96e448af24ab306e6eaa56bd,vid_769bc27d1c4abfab,C:\Users\DEVESH SHUKLA\Downloads\hemo\Assisted elbow flexion\Both hand assisted mix\20260825_135917.mp4,Both hand assisted mix,2,216,398,216,398,zero_based_inclusive,3.598467,6.6471670000000005,3.0487000000000006,183,person2,inherited_not_independently_verified,Left,Correct,label,human_verified,human_verified,authoritative_user_confirmed,True,False,,769bc27d1c4abfab17064a24193171b531343a6f96e448af24ab306e6eaa56bd,person2,unassigned,,2026-10-04T11:30:17.125Z,44b233be34340ff48f45013f0d75c6d0d90eb8ac731b678f4794f1529c2b1e11,/decisions/39,evidence/aef_v2_review_2026-10-04T14-18-12-118Z.json,False,False,False,does_not_override_authoritative_hand_and_label,human_review_export_unchanged_candidate_range,valid_source_range_inclusive_endpoint_allowed,,../../manifest.csv,,,,C:\dev\Haemophilia\processed_data\assisted_elbow_flexion\sequences\20260825_135917_rep_02_mix_person2.npy,provenance_only_not_canonical_model_input,range_unchanged_hand_and_processing_semantics_not_validated_for_new_training,18ac2970101ad2a4286c45443eb1387e005d6dcd9d81e86a358a412b14849b78
rep_0da66c37aeaee10dba,769bc27d1c4abfab17064a24193171b531343a6f96e448af24ab306e6eaa56bd,vid_769bc27d1c4abfab,C:\Users\DEVESH SHUKLA\Downloads\hemo\Assisted elbow flexion\Both hand assisted mix\20260825_135917.mp4,Both hand assisted mix,3,398,562,398,562,zero_based_inclusive,6.630511,9.379345,2.7488340000000004,165,person2,inherited_not_independently_verified,Left,Correct,label,human_verified,human_verified,authoritative_user_confirmed,True,False,,769bc27d1c4abfab17064a24193171b531343a6f96e448af24ab306e6eaa56bd,person2,unassigned,,2026-10-04T11:30:49.744Z,44b233be34340ff48f45013f0d75c6d0d90eb8ac731b678f4794f1529c2b1e11,/decisions/40,evidence/aef_v2_review_2026-10-04T14-18-12-118Z.json,False,False,False,does_not_override_authoritative_hand_and_label,human_review_export_unchanged_candidate_range,valid_source_range_inclusive_endpoint_allowed,,../../manifest.csv,,,,C:\dev\Haemophilia\processed_data\assisted_elbow_flexion\sequences\20260825_135917_rep_03_mix_person2.npy,provenance_only_not_canonical_model_input,range_unchanged_hand_and_processing_semantics_not_validated_for_new_training,a05e2f43064782408c17bd44c2c9bb0ed4abec213d8e25f77e340b46617e70e8
rep_c4774628dd2fa04641,769bc27d1c4abfab17064a24193171b531343a6f96e448af24ab306e6eaa56bd,vid_769bc27d1c4abfab,C:\Users\DEVESH SHUKLA\Downloads\hemo\Assisted elbow flexion\Both hand assisted mix\20260825_135917.mp4,Both hand assisted mix,4,562,754,562,754,zero_based_inclusive,9.362678,12.577978,3.215299999999999,193,person2,inherited_not_independently_verified,Right,Correct,label,human_verified,human_verified,authoritative_user_confirmed,True,False,,769bc27d1c4abfab17064a24193171b531343a6f96e448af24ab306e6eaa56bd,person2,unassigned,,2026-10-04T11:31:13.541Z,44b233be34340ff48f45013f0d75c6d0d90eb8ac731b678f4794f1529c2b1e11,/decisions/41,evidence/aef_v2_review_2026-10-04T14-18-12-118Z.json,False,False,False,does_not_override_authoritative_hand_and_label,human_review_export_unchanged_candidate_range,valid_source_range_inclusive_endpoint_allowed,,../../manifest.csv,,,,C:\dev\Haemophilia\processed_data\assisted_elbow_flexion\sequences\20260825_135917_rep_04_mix_person2.npy,provenance_only_not_canonical_model_input,range_unchanged_hand_and_processing_semantics_not_validated_for_new_training,0ef6e3d7c155ec41871e7dd4d5bcf8f498600d0996dba2a268e54ceb696756a0
rep_15de4676677de916d0,769bc27d1c4abfab17064a24193171b531343a6f96e448af24ab306e6eaa56bd,vid_769bc27d1c4abfab,C:\Users\DEVESH SHUKLA\Downloads\hemo\Assisted elbow flexion\Both hand assisted mix\20260825_135917.mp4,Both hand assisted mix,5,754,914,754,914,zero_based_inclusive,12.561311,15.2435,2.6821889999999993,161,person2,inherited_not_independently_verified,Right,Incorrect,label,human_verified,human_verified,authoritative_user_confirmed,True,False,,769bc27d1c4abfab17064a24193171b531343a6f96e448af24ab306e6eaa56bd,person2,unassigned,,2026-10-04T11:31:44.461Z,44b233be34340ff48f45013f0d75c6d0d90eb8ac731b678f4794f1529c2b1e11,/decisions/42,evidence/aef_v2_review_2026-10-04T14-18-12-118Z.json,False,False,False,does_not_override_authoritative_hand_and_label,human_review_export_unchanged_candidate_range,valid_source_range_inclusive_endpoint_allowed,,../../manifest.csv,,,,C:\dev\Haemophilia\processed_data\assisted_elbow_flexion\sequences\20260825_135917_rep_05_mix_person2.npy,provenance_only_not_canonical_model_input,range_unchanged_hand_and_processing_semantics_not_validated_for_new_training,b50bb21dd12199af35a65cc7892b551f1374ea8c3cf12a558891bee79c4d0f3c
rep_506fc27703682724ad,769bc27d1c4abfab17064a24193171b531343a6f96e448af24ab306e6eaa56bd,vid_769bc27d1c4abfab,C:\Users\DEVESH SHUKLA\Downloads\hemo\Assisted elbow flexion\Both hand assisted mix\20260825_135917.mp4,Both hand assisted mix,6,914,1104,914,1104,zero_based_inclusive,15.226844,18.408823,3.181979000000002,191,person2,inherited_not_independently_verified,Right,Incorrect,label,human_verified,human_verified,authoritative_user_confirmed,True,False,,769bc27d1c4abfab17064a24193171b531343a6f96e448af24ab306e6eaa56bd,person2,unassigned,,2026-10-04T11:32:01.768Z,44b233be34340ff48f45013f0d75c6d0d90eb8ac731b678f4794f1529c2b1e11,/decisions/43,evidence/aef_v2_review_2026-10-04T14-18-12-118Z.json,False,False,False,does_not_override_authoritative_hand_and_label,human_review_export_unchanged_candidate_range,valid_source_range_inclusive_endpoint_allowed,,../../manifest.csv,,,,C:\dev\Haemophilia\processed_data\assisted_elbow_flexion\sequences\20260825_135917_rep_06_mix_person2.npy,provenance_only_not_canonical_model_input,range_unchanged_hand_and_processing_semantics_not_validated_for_new_training,abf0e0775daa093510860b86b310950ded2d62767955ac0bf16359b9dd9644b3
rep_50437be04b9a9a36ed,769bc27d1c4abfab17064a24193171b531343a6f96e448af24ab306e6eaa56bd,vid_769bc27d1c4abfab,C:\Users\DEVESH SHUKLA\Downloads\hemo\Assisted elbow flexion\Both hand assisted mix\20260825_135917.mp4,Both hand assisted mix,7,1104,1264,1104,1264,zero_based_inclusive,18.392156,21.074345,2.682189000000001,161,person2,inherited_not_independently_verified,Left,Incorrect,label,human_verified,human_verified,authoritative_user_confirmed,True,False,,769bc27d1c4abfab17064a24193171b531343a6f96e448af24ab306e6eaa56bd,person2,unassigned,,2026-10-04T11:32:14.379Z,44b233be34340ff48f45013f0d75c6d0d90eb8ac731b678f4794f1529c2b1e11,/decisions/44,evidence/aef_v2_review_2026-10-04T14-18-12-118Z.json,False,False,False,does_not_override_authoritative_hand_and_label,human_review_export_unchanged_candidate_range,valid_source_range_inclusive_endpoint_allowed,,../../manifest.csv,,,,C:\dev\Haemophilia\processed_data\assisted_elbow_flexion\sequences\20260825_135917_rep_07_mix_person2.npy,provenance_only_not_canonical_model_input,range_unchanged_hand_and_processing_semantics_not_validated_for_new_training,0ae91fc4fd9d30e13c99c8400456a10a69ff7a88e0a7303b23a1d2eaabfe1259
rep_a8f87271f827579bc4,769bc27d1c4abfab17064a24193171b531343a6f96e448af24ab306e6eaa56bd,vid_769bc27d1c4abfab,C:\Users\DEVESH SHUKLA\Downloads\hemo\Assisted elbow flexion\Both hand assisted mix\20260825_135917.mp4,Both hand assisted mix,8,1264,1422,1264,1422,zero_based_inclusive,21.057689,23.706556000000003,2.6488670000000027,159,person2,inherited_not_independently_verified,Left,Incorrect,label,human_verified,human_verified,authoritative_user_confirmed,True,False,,769bc27d1c4abfab17064a24193171b531343a6f96e448af24ab306e6eaa56bd,person2,unassigned,,2026-10-04T11:32:33.347Z,44b233be34340ff48f45013f0d75c6d0d90eb8ac731b678f4794f1529c2b1e11,/decisions/45,evidence/aef_v2_review_2026-10-04T14-18-12-118Z.json,False,False,False,does_not_override_authoritative_hand_and_label,human_review_export_unchanged_candidate_range,valid_source_range_inclusive_endpoint_allowed,,../../manifest.csv,,,,C:\dev\Haemophilia\processed_data\assisted_elbow_flexion\sequences\20260825_135917_rep_08_mix_person2.npy,provenance_only_not_canonical_model_input,range_unchanged_hand_and_processing_semantics_not_validated_for_new_training,b27c05bad8b9b99d56a871bdbebf6a38f23c8ab8ef86fe86da273e5acf0eec66
rep_3f57d674d3d25f06bc,769bc27d1c4abfab17064a24193171b531343a6f96e448af24ab306e6eaa56bd,vid_769bc27d1c4abfab,C:\Users\DEVESH SHUKLA\Downloads\hemo\Assisted elbow flexion\Both hand assisted mix\20260825_135917.mp4,Both hand assisted mix,9,1422,1572,1422,1572,zero_based_inclusive,23.6899,26.2055,2.515599999999999,151,person2,inherited_not_independently_verified,Left,Correct,label,human_verified,human_verified,authoritative_user_confirmed,True,False,,769bc27d1c4abfab17064a24193171b531343a6f96e448af24ab306e6eaa56bd,person2,unassigned,,2026-10-04T11:32:56.538Z,44b233be34340ff48f45013f0d75c6d0d90eb8ac731b678f4794f1529c2b1e11,/decisions/46,evidence/aef_v2_review_2026-10-04T14-18-12-118Z.json,False,False,False,does_not_override_authoritative_hand_and_label,human_review_export_unchanged_candidate_range,valid_source_range_inclusive_endpoint_allowed,,../../manifest.csv,,,,C:\dev\Haemophilia\processed_data\assisted_elbow_flexion\sequences\20260825_135917_rep_09_mix_person2.npy,provenance_only_not_canonical_model_input,range_unchanged_hand_and_processing_semantics_not_validated_for_new_training,1973adccce1bd2635ca0e056cdd910e972808a94ced98a3a33b0b123e50aadf2
rep_2a80f26013fc49beb7,769bc27d1c4abfab17064a24193171b531343a6f96e448af24ab306e6eaa56bd,vid_769bc27d1c4abfab,C:\Users\DEVESH SHUKLA\Downloads\hemo\Assisted elbow flexion\Both hand assisted mix\20260825_135917.mp4,Both hand assisted mix,10,1572,1740,1572,1896,zero_based_inclusive,26.188833,29.004289,2.815456000000001,169,person2,inherited_not_independently_verified,Right,Correct,label,human_verified,human_verified,authoritative_user_confirmed,True,False,,769bc27d1c4abfab17064a24193171b531343a6f96e448af24ab306e6eaa56bd,person2,unassigned,,2026-10-04T11:34:09.957Z,44b233be34340ff48f45013f0d75c6d0d90eb8ac731b678f4794f1529c2b1e11,/decisions/47,evidence/aef_v2_review_2026-10-04T14-18-12-118Z.json,False,False,False,does_not_override_authoritative_hand_and_label,human_review_export_revision,valid_source_range_inclusive_endpoint_allowed,,../../manifest.csv,,,,C:\dev\Haemophilia\processed_data\assisted_elbow_flexion\sequences\20260825_135917_rep_10_mix_person2.npy,provenance_only_not_canonical_model_input,STALE_range_revised,7e3073b0664501844aaaf77b7695e721272f9ee25b78ffa7a8724f695d1914b1
rep_830e9ff6471c2e6ac0,769bc27d1c4abfab17064a24193171b531343a6f96e448af24ab306e6eaa56bd,vid_769bc27d1c4abfab,C:\Users\DEVESH SHUKLA\Downloads\hemo\Assisted elbow flexion\Both hand assisted mix\20260825_135917.mp4,Both hand assisted mix,11,1740,1898,1898,2072,zero_based_inclusive,28.987633,31.6365,2.6488670000000027,159,person2,inherited_not_independently_verified,Right,Incorrect,label,human_verified,human_verified,authoritative_user_confirmed,True,False,,769bc27d1c4abfab17064a24193171b531343a6f96e448af24ab306e6eaa56bd,person2,unassigned,,2026-10-04T11:34:51.328Z,44b233be34340ff48f45013f0d75c6d0d90eb8ac731b678f4794f1529c2b1e11,/decisions/48,evidence/aef_v2_review_2026-10-04T14-18-12-118Z.json,False,False,False,does_not_override_authoritative_hand_and_label,human_review_export_revision,valid_source_range_inclusive_endpoint_allowed,,../../manifest.csv,,,,C:\dev\Haemophilia\processed_data\assisted_elbow_flexion\sequences\20260825_135917_rep_11_mix_person2.npy,provenance_only_not_canonical_model_input,STALE_range_revised,7601e0c8c03cb505acace37f53c74a66e24afa19966bc6b4bd4030786f0bc581
rep_d06e09af4456675bf7,769bc27d1c4abfab17064a24193171b531343a6f96e448af24ab306e6eaa56bd,vid_769bc27d1c4abfab,C:\Users\DEVESH SHUKLA\Downloads\hemo\Assisted elbow flexion\Both hand assisted mix\20260825_135917.mp4,Both hand assisted mix,12,1898,2072,2072,2226,zero_based_inclusive,31.619844,34.535289,2.9154449999999983,175,person2,inherited_not_independently_verified,Right,Incorrect,label,human_verified,human_verified,authoritative_user_confirmed,True,False,,769bc27d1c4abfab17064a24193171b531343a6f96e448af24ab306e6eaa56bd,person2,unassigned,,2026-10-04T11:35:26.290Z,44b233be34340ff48f45013f0d75c6d0d90eb8ac731b678f4794f1529c2b1e11,/decisions/49,evidence/aef_v2_review_2026-10-04T14-18-12-118Z.json,False,False,False,does_not_override_authoritative_hand_and_label,human_review_export_revision,valid_source_range_inclusive_endpoint_allowed,,../../manifest.csv,,,,C:\dev\Haemophilia\processed_data\assisted_elbow_flexion\sequences\20260825_135917_rep_12_mix_person2.npy,provenance_only_not_canonical_model_input,STALE_range_revised,32b59a9ff64f5f458a53e374c2f69e38f1d8a00066ad1ac13937fba213f9c158
rep_2073ececf0915178cc,769bc27d1c4abfab17064a24193171b531343a6f96e448af24ab306e6eaa56bd,vid_769bc27d1c4abfab,C:\Users\DEVESH SHUKLA\Downloads\hemo\Assisted elbow flexion\Both hand assisted mix\20260825_135917.mp4,Both hand assisted mix,13,2072,2250,2226,2408,zero_based_inclusive,34.518622,37.500667,2.9820449999999994,179,person2,inherited_not_independently_verified,Left,Incorrect,label,human_verified,human_verified,authoritative_user_confirmed,True,False,,769bc27d1c4abfab17064a24193171b531343a6f96e448af24ab306e6eaa56bd,person2,unassigned,,2026-10-04T11:36:17.024Z,44b233be34340ff48f45013f0d75c6d0d90eb8ac731b678f4794f1529c2b1e11,/decisions/50,evidence/aef_v2_review_2026-10-04T14-18-12-118Z.json,False,False,False,does_not_override_authoritative_hand_and_label,human_review_export_revision,valid_source_range_inclusive_endpoint_allowed,,../../manifest.csv,,,,C:\dev\Haemophilia\processed_data\assisted_elbow_flexion\sequences\20260825_135917_rep_13_mix_person2.npy,provenance_only_not_canonical_model_input,STALE_range_revised,70d5f15cf16a116e39026d8390720dd2ef52d2e3eb4dded8fb7f394af8061887
rep_b99bfda2386efa860d,769bc27d1c4abfab17064a24193171b531343a6f96e448af24ab306e6eaa56bd,vid_769bc27d1c4abfab,C:\Users\DEVESH SHUKLA\Downloads\hemo\Assisted elbow flexion\Both hand assisted mix\20260825_135917.mp4,Both hand assisted mix,14,2250,2400,2408,2606,zero_based_inclusive,37.484011,39.9996,2.5155889999999985,151,person2,inherited_not_independently_verified,Left,Correct,label,human_verified,human_verified,authoritative_user_confirmed,True,False,,769bc27d1c4abfab17064a24193171b531343a6f96e448af24ab306e6eaa56bd,person2,unassigned,,2026-10-04T11:37:13.567Z,44b233be34340ff48f45013f0d75c6d0d90eb8ac731b678f4794f1529c2b1e11,/decisions/51,evidence/aef_v2_review_2026-10-04T14-18-12-118Z.json,False,False,False,does_not_override_authoritative_hand_and_label,human_review_export_revision,valid_source_range_inclusive_endpoint_allowed,,../../manifest.csv,,,,C:\dev\Haemophilia\processed_data\assisted_elbow_flexion\sequences\20260825_135917_rep_14_mix_person2.npy,provenance_only_not_canonical_model_input,STALE_range_revised,a4b7534486f5b8be47e6cf32a1a2e1d30038092e0c6c138936d5fad0db1bc9a2
rep_ceb27ce1bfcd40e009,d5dd3c73ecfdd074e9209c7a26abee875b7b134b366aea3d36923562310edd07,vid_d5dd3c73ecfdd074,C:\Users\DEVESH SHUKLA\Downloads\hemo\Assisted elbow flexion\Both hand assisted mix\VID20260825125415.mp4,Both hand assisted mix,1,2,86,2,86,zero_based_inclusive,0.066656,2.932689,2.866033,85,person3,inherited_not_independently_verified,Right,Correct,label,human_verified,human_verified,authoritative_user_confirmed,True,False,,d5dd3c73ecfdd074e9209c7a26abee875b7b134b366aea3d36923562310edd07,person3,unassigned,,2026-10-04T11:37:58.937Z,44b233be34340ff48f45013f0d75c6d0d90eb8ac731b678f4794f1529c2b1e11,/decisions/52,evidence/aef_v2_review_2026-10-04T14-18-12-118Z.json,False,False,False,does_not_override_authoritative_hand_and_label,human_review_export_unchanged_candidate_range,valid_source_range_inclusive_endpoint_allowed,,../../manifest.csv,,,,C:\dev\Haemophilia\processed_data\assisted_elbow_flexion\sequences\VID20260825125415_rep_01_mix_person3.npy,provenance_only_not_canonical_model_input,range_unchanged_hand_and_processing_semantics_not_validated_for_new_training,77c8006336486491383b2a91b12ec3bde948eaf1d77f2b36e3c187031436feb3
rep_ed49f7e3ae23c14632,d5dd3c73ecfdd074e9209c7a26abee875b7b134b366aea3d36923562310edd07,vid_d5dd3c73ecfdd074,C:\Users\DEVESH SHUKLA\Downloads\hemo\Assisted elbow flexion\Both hand assisted mix\VID20260825125415.mp4,Both hand assisted mix,2,86,177,86,177,zero_based_inclusive,2.866133,5.965445,3.099312,92,person3,inherited_not_independently_verified,Left,Correct,label,human_verified,human_verified,authoritative_user_confirmed,True,False,,d5dd3c73ecfdd074e9209c7a26abee875b7b134b366aea3d36923562310edd07,person3,unassigned,,2026-10-04T11:38:16.006Z,44b233be34340ff48f45013f0d75c6d0d90eb8ac731b678f4794f1529c2b1e11,/decisions/53,evidence/aef_v2_review_2026-10-04T14-18-12-118Z.json,False,False,False,does_not_override_authoritative_hand_and_label,human_review_export_unchanged_candidate_range,valid_source_range_inclusive_endpoint_allowed,,../../manifest.csv,,,,C:\dev\Haemophilia\processed_data\assisted_elbow_flexion\sequences\VID20260825125415_rep_02_mix_person3.npy,provenance_only_not_canonical_model_input,range_unchanged_hand_and_processing_semantics_not_validated_for_new_training,ec0adb8ea6392f147c9fa4a33c8339d07f4aa3169310c56ea99381a113897846
rep_25ebac40f9fffdcd03,d5dd3c73ecfdd074e9209c7a26abee875b7b134b366aea3d36923562310edd07,vid_d5dd3c73ecfdd074,C:\Users\DEVESH SHUKLA\Downloads\hemo\Assisted elbow flexion\Both hand assisted mix\VID20260825125415.mp4,Both hand assisted mix,3,177,275,177,275,zero_based_inclusive,5.898889,9.231512,3.332623000000001,99,person3,inherited_not_independently_verified,Right,Correct,label,human_verified,human_verified,authoritative_user_confirmed,True,False,,d5dd3c73ecfdd074e9209c7a26abee875b7b134b366aea3d36923562310edd07,person3,unassigned,,2026-10-04T11:38:30.544Z,44b233be34340ff48f45013f0d75c6d0d90eb8ac731b678f4794f1529c2b1e11,/decisions/54,evidence/aef_v2_review_2026-10-04T14-18-12-118Z.json,False,False,False,does_not_override_authoritative_hand_and_label,human_review_export_unchanged_candidate_range,valid_source_range_inclusive_endpoint_allowed,,../../manifest.csv,,,,C:\dev\Haemophilia\processed_data\assisted_elbow_flexion\sequences\VID20260825125415_rep_03_mix_person3.npy,provenance_only_not_canonical_model_input,range_unchanged_hand_and_processing_semantics_not_validated_for_new_training,88bd356ce425e1187686f36a7b34ce9826c078e28bcd112e0180e8c62bca83f6
rep_f31c86caa9c9a81254,d5dd3c73ecfdd074e9209c7a26abee875b7b134b366aea3d36923562310edd07,vid_d5dd3c73ecfdd074,C:\Users\DEVESH SHUKLA\Downloads\hemo\Assisted elbow flexion\Both hand assisted mix\VID20260825125415.mp4,Both hand assisted mix,4,275,369,275,369,zero_based_inclusive,9.164956,12.364245,3.1992890000000003,95,person3,inherited_not_independently_verified,Left,Correct,label,human_verified,human_verified,authoritative_user_confirmed,True,False,,d5dd3c73ecfdd074e9209c7a26abee875b7b134b366aea3d36923562310edd07,person3,unassigned,,2026-10-04T11:38:48.152Z,44b233be34340ff48f45013f0d75c6d0d90eb8ac731b678f4794f1529c2b1e11,/decisions/55,evidence/aef_v2_review_2026-10-04T14-18-12-118Z.json,False,False,False,does_not_override_authoritative_hand_and_label,human_review_export_unchanged_candidate_range,valid_source_range_inclusive_endpoint_allowed,,../../manifest.csv,,,,C:\dev\Haemophilia\processed_data\assisted_elbow_flexion\sequences\VID20260825125415_rep_04_mix_person3.npy,provenance_only_not_canonical_model_input,range_unchanged_hand_and_processing_semantics_not_validated_for_new_training,61e0494d32c6d249725d0497d184570076287666fe6bdc1f91ac1feb5132ba5b
rep_374cd3d66f0b6ae7da,d5dd3c73ecfdd074e9209c7a26abee875b7b134b366aea3d36923562310edd07,vid_d5dd3c73ecfdd074,C:\Users\DEVESH SHUKLA\Downloads\hemo\Assisted elbow flexion\Both hand assisted mix\VID20260825125415.mp4,Both hand assisted mix,5,369,466,369,466,zero_based_inclusive,12.297689,15.596978,3.299289,98,person3,inherited_not_independently_verified,Right,Correct,label,human_verified,human_verified,authoritative_user_confirmed,True,False,,d5dd3c73ecfdd074e9209c7a26abee875b7b134b366aea3d36923562310edd07,person3,unassigned,,2026-10-04T11:39:17.688Z,44b233be34340ff48f45013f0d75c6d0d90eb8ac731b678f4794f1529c2b1e11,/decisions/56,evidence/aef_v2_review_2026-10-04T14-18-12-118Z.json,False,False,False,does_not_override_authoritative_hand_and_label,human_review_export_unchanged_candidate_range,valid_source_range_inclusive_endpoint_allowed,,../../manifest.csv,,,,C:\dev\Haemophilia\processed_data\assisted_elbow_flexion\sequences\VID20260825125415_rep_05_mix_person3.npy,provenance_only_not_canonical_model_input,range_unchanged_hand_and_processing_semantics_not_validated_for_new_training,a44711b4d0dfb16e39e4511210037a5bce8cb66a9792ea2f5b5a0cf61e89fc4d
rep_9145ce2ee0edd05abc,d5dd3c73ecfdd074e9209c7a26abee875b7b134b366aea3d36923562310edd07,vid_d5dd3c73ecfdd074,C:\Users\DEVESH SHUKLA\Downloads\hemo\Assisted elbow flexion\Both hand assisted mix\VID20260825125415.mp4,Both hand assisted mix,6,466,556,466,556,zero_based_inclusive,15.530422,18.596422999999998,3.066000999999998,91,person3,inherited_not_independently_verified,Left,Correct,label,human_verified,human_verified,authoritative_user_confirmed,True,False,,d5dd3c73ecfdd074e9209c7a26abee875b7b134b366aea3d36923562310edd07,person3,unassigned,,2026-10-04T11:39:38.790Z,44b233be34340ff48f45013f0d75c6d0d90eb8ac731b678f4794f1529c2b1e11,/decisions/57,evidence/aef_v2_review_2026-10-04T14-18-12-118Z.json,False,False,False,does_not_override_authoritative_hand_and_label,human_review_export_unchanged_candidate_range,valid_source_range_inclusive_endpoint_allowed,,../../manifest.csv,,,,C:\dev\Haemophilia\processed_data\assisted_elbow_flexion\sequences\VID20260825125415_rep_06_mix_person3.npy,provenance_only_not_canonical_model_input,range_unchanged_hand_and_processing_semantics_not_validated_for_new_training,3eabfd1a21be51291d36667a86daf15cffaf1026e1be8130c967d790e73ec258
rep_0842956941b20f23e2,d5dd3c73ecfdd074e9209c7a26abee875b7b134b366aea3d36923562310edd07,vid_d5dd3c73ecfdd074,C:\Users\DEVESH SHUKLA\Downloads\hemo\Assisted elbow flexion\Both hand assisted mix\VID20260825125415.mp4,Both hand assisted mix,7,556,655,556,655,zero_based_inclusive,18.529867,21.895799999999998,3.3659329999999983,100,person3,inherited_not_independently_verified,Right,Correct,label,human_verified,human_verified,authoritative_user_confirmed,True,False,,d5dd3c73ecfdd074e9209c7a26abee875b7b134b366aea3d36923562310edd07,person3,unassigned,,2026-10-04T11:39:58.013Z,44b233be34340ff48f45013f0d75c6d0d90eb8ac731b678f4794f1529c2b1e11,/decisions/58,evidence/aef_v2_review_2026-10-04T14-18-12-118Z.json,False,False,False,does_not_override_authoritative_hand_and_label,human_review_export_unchanged_candidate_range,valid_source_range_inclusive_endpoint_allowed,,../../manifest.csv,,,,C:\dev\Haemophilia\processed_data\assisted_elbow_flexion\sequences\VID20260825125415_rep_07_mix_person3.npy,provenance_only_not_canonical_model_input,range_unchanged_hand_and_processing_semantics_not_validated_for_new_training,21ec36b816b8c4a1bc137cea14ba392005edb3f1cfa01be184bab8c8ebd22515
rep_bb77b1ff42cedb3170,d5dd3c73ecfdd074e9209c7a26abee875b7b134b366aea3d36923562310edd07,vid_d5dd3c73ecfdd074,C:\Users\DEVESH SHUKLA\Downloads\hemo\Assisted elbow flexion\Both hand assisted mix\VID20260825125415.mp4,Both hand assisted mix,8,655,749,655,749,zero_based_inclusive,21.829244,25.028544999999998,3.1993009999999984,95,person3,inherited_not_independently_verified,Left,Correct,label,human_verified,human_verified,authoritative_user_confirmed,True,False,,d5dd3c73ecfdd074e9209c7a26abee875b7b134b366aea3d36923562310edd07,person3,unassigned,,2026-10-04T11:40:15.392Z,44b233be34340ff48f45013f0d75c6d0d90eb8ac731b678f4794f1529c2b1e11,/decisions/59,evidence/aef_v2_review_2026-10-04T14-18-12-118Z.json,False,False,False,does_not_override_authoritative_hand_and_label,human_review_export_unchanged_candidate_range,valid_source_range_inclusive_endpoint_allowed,,../../manifest.csv,,,,C:\dev\Haemophilia\processed_data\assisted_elbow_flexion\sequences\VID20260825125415_rep_08_mix_person3.npy,provenance_only_not_canonical_model_input,range_unchanged_hand_and_processing_semantics_not_validated_for_new_training,0feaab74efc8bad41af7550815a03f983c6705ec847dbd471ed98b96951b50c7
rep_99a949701e9d3cb359,d5dd3c73ecfdd074e9209c7a26abee875b7b134b366aea3d36923562310edd07,vid_d5dd3c73ecfdd074,C:\Users\DEVESH SHUKLA\Downloads\hemo\Assisted elbow flexion\Both hand assisted mix\VID20260825125415.mp4,Both hand assisted mix,9,749,845,749,845,zero_based_inclusive,24.961989,28.161489,3.1995000000000005,97,person3,inherited_not_independently_verified,Right,Correct,label,human_verified,human_verified,authoritative_user_confirmed,True,False,,d5dd3c73ecfdd074e9209c7a26abee875b7b134b366aea3d36923562310edd07,person3,unassigned,,2026-10-04T11:40:43.753Z,44b233be34340ff48f45013f0d75c6d0d90eb8ac731b678f4794f1529c2b1e11,/decisions/60,evidence/aef_v2_review_2026-10-04T14-18-12-118Z.json,False,False,False,does_not_override_authoritative_hand_and_label,human_review_export_unchanged_candidate_range,valid_source_range_inclusive_endpoint_allowed,,../../manifest.csv,,,,C:\dev\Haemophilia\processed_data\assisted_elbow_flexion\sequences\VID20260825125415_rep_09_mix_person3.npy,provenance_only_not_canonical_model_input,range_unchanged_hand_and_processing_semantics_not_validated_for_new_training,edb337f9a3e831bcfa9914d4cc53b7f6b7ee4a81d504b2aa4562152ec069ea92
rep_3521755f47891373fb,d5dd3c73ecfdd074e9209c7a26abee875b7b134b366aea3d36923562310edd07,vid_d5dd3c73ecfdd074,C:\Users\DEVESH SHUKLA\Downloads\hemo\Assisted elbow flexion\Both hand assisted mix\VID20260825125415.mp4,Both hand assisted mix,10,845,942,845,942,zero_based_inclusive,28.161389,31.460666,3.299277,98,person3,inherited_not_independently_verified,Left,Correct,label,human_verified,human_verified,authoritative_user_confirmed,True,False,,d5dd3c73ecfdd074e9209c7a26abee875b7b134b366aea3d36923562310edd07,person3,unassigned,,2026-10-04T11:41:02.021Z,44b233be34340ff48f45013f0d75c6d0d90eb8ac731b678f4794f1529c2b1e11,/decisions/61,evidence/aef_v2_review_2026-10-04T14-18-12-118Z.json,False,False,False,does_not_override_authoritative_hand_and_label,human_review_export_unchanged_candidate_range,valid_source_range_inclusive_endpoint_allowed,,../../manifest.csv,,,,C:\dev\Haemophilia\processed_data\assisted_elbow_flexion\sequences\VID20260825125415_rep_10_mix_person3.npy,provenance_only_not_canonical_model_input,range_unchanged_hand_and_processing_semantics_not_validated_for_new_training,28bd2d7bf5d13be954c0241c4ee73b004dd7d506707faecc56799f27850b0b2b
rep_74b1650c1e192f8b21,d5dd3c73ecfdd074e9209c7a26abee875b7b134b366aea3d36923562310edd07,vid_d5dd3c73ecfdd074,C:\Users\DEVESH SHUKLA\Downloads\hemo\Assisted elbow flexion\Both hand assisted mix\VID20260825125415.mp4,Both hand assisted mix,11,942,1028,942,1028,zero_based_inclusive,31.394122,34.260344,2.866222000000004,87,person3,inherited_not_independently_verified,Right,Correct,label,human_verified,human_verified,authoritative_user_confirmed,True,False,,d5dd3c73ecfdd074e9209c7a26abee875b7b134b366aea3d36923562310edd07,person3,unassigned,,2026-10-04T11:41:24.865Z,44b233be34340ff48f45013f0d75c6d0d90eb8ac731b678f4794f1529c2b1e11,/decisions/62,evidence/aef_v2_review_2026-10-04T14-18-12-118Z.json,False,False,False,does_not_override_authoritative_hand_and_label,human_review_export_unchanged_candidate_range,valid_source_range_inclusive_endpoint_allowed,,../../manifest.csv,,,,C:\dev\Haemophilia\processed_data\assisted_elbow_flexion\sequences\VID20260825125415_rep_11_mix_person3.npy,provenance_only_not_canonical_model_input,range_unchanged_hand_and_processing_semantics_not_validated_for_new_training,5aef960cafb82f6c0432793483143f9776369331587021dad9d66f63f8f2d923
rep_931a64113a41501185,d5dd3c73ecfdd074e9209c7a26abee875b7b134b366aea3d36923562310edd07,vid_d5dd3c73ecfdd074,C:\Users\DEVESH SHUKLA\Downloads\hemo\Assisted elbow flexion\Both hand assisted mix\VID20260825125415.mp4,Both hand assisted mix,12,1028,1116,1028,1116,zero_based_inclusive,34.260244,37.193122,2.9328780000000023,89,person3,inherited_not_independently_verified,Left,Correct,label,human_verified,human_verified,authoritative_user_confirmed,True,False,,d5dd3c73ecfdd074e9209c7a26abee875b7b134b366aea3d36923562310edd07,person3,unassigned,,2026-10-04T11:41:40.396Z,44b233be34340ff48f45013f0d75c6d0d90eb8ac731b678f4794f1529c2b1e11,/decisions/63,evidence/aef_v2_review_2026-10-04T14-18-12-118Z.json,False,False,False,does_not_override_authoritative_hand_and_label,human_review_export_unchanged_candidate_range,valid_source_range_inclusive_endpoint_allowed,,../../manifest.csv,,,,C:\dev\Haemophilia\processed_data\assisted_elbow_flexion\sequences\VID20260825125415_rep_12_mix_person3.npy,provenance_only_not_canonical_model_input,range_unchanged_hand_and_processing_semantics_not_validated_for_new_training,2af160d8f567b8e207aba66fb322db5fa930865a75e324c1bec10524f14f4224
rep_0e7a579eafe33e64d5,e2fbdd20b335321fb0ad7d976851d8f2edd53434be2f118544c1084dce97e339,vid_e2fbdd20b335321f,C:\Users\DEVESH SHUKLA\Downloads\hemo\Assisted elbow flexion\Both hand assisted mix\VID20260825125816.mp4,Both hand assisted mix,1,2,90,2,90,zero_based_inclusive,0.066656,3.066,2.999344,89,person3,inherited_not_independently_verified,Right,Correct,label,human_verified,human_verified,authoritative_user_confirmed,True,False,,e2fbdd20b335321fb0ad7d976851d8f2edd53434be2f118544c1084dce97e339,person3,unassigned,,2026-10-04T11:43:06.444Z,44b233be34340ff48f45013f0d75c6d0d90eb8ac731b678f4794f1529c2b1e11,/decisions/64,evidence/aef_v2_review_2026-10-04T14-18-12-118Z.json,False,False,False,does_not_override_authoritative_hand_and_label,human_review_export_unchanged_candidate_range,valid_source_range_inclusive_endpoint_allowed,,../../manifest.csv,,,,C:\dev\Haemophilia\processed_data\assisted_elbow_flexion\sequences\VID20260825125816_rep_01_mix_person3.npy,provenance_only_not_canonical_model_input,range_unchanged_hand_and_processing_semantics_not_validated_for_new_training,c39d23653608195501eec6e80136ad6cd7dc28aa9aa5fb233127b5d836a5aeb7
rep_3bd189643926330002,e2fbdd20b335321fb0ad7d976851d8f2edd53434be2f118544c1084dce97e339,vid_e2fbdd20b335321f,C:\Users\DEVESH SHUKLA\Downloads\hemo\Assisted elbow flexion\Both hand assisted mix\VID20260825125816.mp4,Both hand assisted mix,2,90,191,90,191,zero_based_inclusive,2.999444,6.365578,3.366134,102,person3,inherited_not_independently_verified,Left,Correct,label,human_verified,human_verified,authoritative_user_confirmed,True,False,,e2fbdd20b335321fb0ad7d976851d8f2edd53434be2f118544c1084dce97e339,person3,unassigned,,2026-10-04T11:43:27.081Z,44b233be34340ff48f45013f0d75c6d0d90eb8ac731b678f4794f1529c2b1e11,/decisions/65,evidence/aef_v2_review_2026-10-04T14-18-12-118Z.json,False,False,False,does_not_override_authoritative_hand_and_label,human_review_export_unchanged_candidate_range,valid_source_range_inclusive_endpoint_allowed,,../../manifest.csv,,,,C:\dev\Haemophilia\processed_data\assisted_elbow_flexion\sequences\VID20260825125816_rep_02_mix_person3.npy,provenance_only_not_canonical_model_input,range_unchanged_hand_and_processing_semantics_not_validated_for_new_training,2c508b19d5168562c3867679899d617c13535353899621e7e3083fe978eebb9c
rep_a688119e8807169567,e2fbdd20b335321fb0ad7d976851d8f2edd53434be2f118544c1084dce97e339,vid_e2fbdd20b335321f,C:\Users\DEVESH SHUKLA\Downloads\hemo\Assisted elbow flexion\Both hand assisted mix\VID20260825125816.mp4,Both hand assisted mix,3,191,287,191,287,zero_based_inclusive,6.365478,9.631434,3.265956,97,person3,inherited_not_independently_verified,Right,Correct,label,human_verified,human_verified,authoritative_user_confirmed,True,False,,e2fbdd20b335321fb0ad7d976851d8f2edd53434be2f118544c1084dce97e339,person3,unassigned,,2026-10-04T11:43:47.092Z,44b233be34340ff48f45013f0d75c6d0d90eb8ac731b678f4794f1529c2b1e11,/decisions/66,evidence/aef_v2_review_2026-10-04T14-18-12-118Z.json,False,False,False,does_not_override_authoritative_hand_and_label,human_review_export_unchanged_candidate_range,valid_source_range_inclusive_endpoint_allowed,,../../manifest.csv,,,,C:\dev\Haemophilia\processed_data\assisted_elbow_flexion\sequences\VID20260825125816_rep_03_mix_person3.npy,provenance_only_not_canonical_model_input,range_unchanged_hand_and_processing_semantics_not_validated_for_new_training,ee6d9ac820e23f6e07fb46a0b18c6ab99e04b7ec68700e46cd5a847e05014cca
rep_e586c2d87bca5883fe,e2fbdd20b335321fb0ad7d976851d8f2edd53434be2f118544c1084dce97e339,vid_e2fbdd20b335321f,C:\Users\DEVESH SHUKLA\Downloads\hemo\Assisted elbow flexion\Both hand assisted mix\VID20260825125816.mp4,Both hand assisted mix,4,287,382,287,382,zero_based_inclusive,9.564878,12.731043999999999,3.1661659999999987,96,person3,inherited_not_independently_verified,Left,Correct,label,human_verified,human_verified,authoritative_user_confirmed,True,False,,e2fbdd20b335321fb0ad7d976851d8f2edd53434be2f118544c1084dce97e339,person3,unassigned,,2026-10-04T11:44:19.203Z,44b233be34340ff48f45013f0d75c6d0d90eb8ac731b678f4794f1529c2b1e11,/decisions/67,evidence/aef_v2_review_2026-10-04T14-18-12-118Z.json,False,False,False,does_not_override_authoritative_hand_and_label,human_review_export_unchanged_candidate_range,valid_source_range_inclusive_endpoint_allowed,,../../manifest.csv,,,,C:\dev\Haemophilia\processed_data\assisted_elbow_flexion\sequences\VID20260825125816_rep_04_mix_person3.npy,provenance_only_not_canonical_model_input,range_unchanged_hand_and_processing_semantics_not_validated_for_new_training,7c9395ea60254c9295ee8893043fd0aeeeb210df37b8b491654bbb74920f8c5c
rep_4401202746b68b5331,e2fbdd20b335321fb0ad7d976851d8f2edd53434be2f118544c1084dce97e339,vid_e2fbdd20b335321f,C:\Users\DEVESH SHUKLA\Downloads\hemo\Assisted elbow flexion\Both hand assisted mix\VID20260825125816.mp4,Both hand assisted mix,5,382,468,382,468,zero_based_inclusive,12.730944,15.663634,2.932690000000001,87,person3,inherited_not_independently_verified,Right,Incorrect,label,human_verified,human_verified,authoritative_user_confirmed,True,False,,e2fbdd20b335321fb0ad7d976851d8f2edd53434be2f118544c1084dce97e339,person3,unassigned,,2026-10-04T11:44:34.694Z,44b233be34340ff48f45013f0d75c6d0d90eb8ac731b678f4794f1529c2b1e11,/decisions/68,evidence/aef_v2_review_2026-10-04T14-18-12-118Z.json,False,False,False,does_not_override_authoritative_hand_and_label,human_review_export_unchanged_candidate_range,valid_source_range_inclusive_endpoint_allowed,,../../manifest.csv,,,,C:\dev\Haemophilia\processed_data\assisted_elbow_flexion\sequences\VID20260825125816_rep_05_mix_person3.npy,provenance_only_not_canonical_model_input,range_unchanged_hand_and_processing_semantics_not_validated_for_new_training,6a467a17018b6152689eb33292501d923c3c56f12ae453c86cae7f3577a81679
rep_44b1272fd8a9d6b943,e2fbdd20b335321fb0ad7d976851d8f2edd53434be2f118544c1084dce97e339,vid_e2fbdd20b335321f,C:\Users\DEVESH SHUKLA\Downloads\hemo\Assisted elbow flexion\Both hand assisted mix\VID20260825125816.mp4,Both hand assisted mix,6,468,576,468,576,zero_based_inclusive,15.597078,19.262956,3.6658779999999993,109,person3,inherited_not_independently_verified,Left,Incorrect,label,human_verified,human_verified,authoritative_user_confirmed,True,False,,e2fbdd20b335321fb0ad7d976851d8f2edd53434be2f118544c1084dce97e339,person3,unassigned,,2026-10-04T11:44:45.934Z,44b233be34340ff48f45013f0d75c6d0d90eb8ac731b678f4794f1529c2b1e11,/decisions/69,evidence/aef_v2_review_2026-10-04T14-18-12-118Z.json,False,False,False,does_not_override_authoritative_hand_and_label,human_review_export_unchanged_candidate_range,valid_source_range_inclusive_endpoint_allowed,,../../manifest.csv,,,,C:\dev\Haemophilia\processed_data\assisted_elbow_flexion\sequences\VID20260825125816_rep_06_mix_person3.npy,provenance_only_not_canonical_model_input,range_unchanged_hand_and_processing_semantics_not_validated_for_new_training,ffe362140c26e66c638673e7690d8d95a21ad7fff3c96b39d7ea5833f4083d8b
rep_39093c9edb2675b1e2,e2fbdd20b335321fb0ad7d976851d8f2edd53434be2f118544c1084dce97e339,vid_e2fbdd20b335321f,C:\Users\DEVESH SHUKLA\Downloads\hemo\Assisted elbow flexion\Both hand assisted mix\VID20260825125816.mp4,Both hand assisted mix,7,576,651,576,651,zero_based_inclusive,19.1964,21.762489,2.566088999999998,76,person3,inherited_not_independently_verified,Right,Incorrect,label,human_verified,human_verified,authoritative_user_confirmed,True,False,,e2fbdd20b335321fb0ad7d976851d8f2edd53434be2f118544c1084dce97e339,person3,unassigned,,2026-10-04T11:44:57.935Z,44b233be34340ff48f45013f0d75c6d0d90eb8ac731b678f4794f1529c2b1e11,/decisions/70,evidence/aef_v2_review_2026-10-04T14-18-12-118Z.json,False,False,False,does_not_override_authoritative_hand_and_label,human_review_export_unchanged_candidate_range,valid_source_range_inclusive_endpoint_allowed,,../../manifest.csv,,,,C:\dev\Haemophilia\processed_data\assisted_elbow_flexion\sequences\VID20260825125816_rep_07_mix_person3.npy,provenance_only_not_canonical_model_input,range_unchanged_hand_and_processing_semantics_not_validated_for_new_training,ca345646606dadcb32c8247646edcf7c4039d8fb7efba0e87c6c3700636e3419
rep_4dc2ae4ad47611b5cf,e2fbdd20b335321fb0ad7d976851d8f2edd53434be2f118544c1084dce97e339,vid_e2fbdd20b335321f,C:\Users\DEVESH SHUKLA\Downloads\hemo\Assisted elbow flexion\Both hand assisted mix\VID20260825125816.mp4,Both hand assisted mix,8,651,762,651,762,zero_based_inclusive,21.695933,25.395333,3.6994000000000007,112,person3,inherited_not_independently_verified,Left,Incorrect,label,human_verified,human_verified,authoritative_user_confirmed,True,False,,e2fbdd20b335321fb0ad7d976851d8f2edd53434be2f118544c1084dce97e339,person3,unassigned,,2026-10-04T11:45:12.941Z,44b233be34340ff48f45013f0d75c6d0d90eb8ac731b678f4794f1529c2b1e11,/decisions/71,evidence/aef_v2_review_2026-10-04T14-18-12-118Z.json,False,False,False,does_not_override_authoritative_hand_and_label,human_review_export_unchanged_candidate_range,valid_source_range_inclusive_endpoint_allowed,,../../manifest.csv,,,,C:\dev\Haemophilia\processed_data\assisted_elbow_flexion\sequences\VID20260825125816_rep_08_mix_person3.npy,provenance_only_not_canonical_model_input,range_unchanged_hand_and_processing_semantics_not_validated_for_new_training,add2b00abe0e17fe8c988e15c2c0a144dc062ddd421979fb68d1cb266333d39f
rep_6d5a12d97b49f35b0b,6dbe8779159bce47abbba2f683d04520514a6f18d7ce789ee88a57ab64cc4b5b,vid_6dbe8779159bce47,C:\Users\DEVESH SHUKLA\Downloads\hemo\Assisted elbow flexion\Incorrect\20260910_144115.mp4,Incorrect,1,56,258,56,258,zero_based_inclusive,0.932933,4.3148230000000005,3.3818900000000003,203,person4,inherited_not_independently_verified,Right,Incorrect,label,human_verified,human_verified,authoritative_user_confirmed,True,False,,6dbe8779159bce47abbba2f683d04520514a6f18d7ce789ee88a57ab64cc4b5b,person4,unassigned,,2026-10-04T11:47:13.648Z,44b233be34340ff48f45013f0d75c6d0d90eb8ac731b678f4794f1529c2b1e11,/decisions/72,evidence/aef_v2_review_2026-10-04T14-18-12-118Z.json,False,False,False,does_not_override_authoritative_hand_and_label,human_review_export_unchanged_candidate_range,valid_source_range_inclusive_endpoint_allowed,,../../manifest.csv,,,,C:\dev\Haemophilia\processed_data\assisted_elbow_flexion\sequences\20260910_144115_rep_01_incorrect_person4.npy,provenance_only_not_canonical_model_input,range_unchanged_hand_and_processing_semantics_not_validated_for_new_training,a3aafdf84b15f6c06da0daa9b7a3609614356981c46e914f0c4949f9676edf8b
rep_c39bf43c73a524fc03,6dbe8779159bce47abbba2f683d04520514a6f18d7ce789ee88a57ab64cc4b5b,vid_6dbe8779159bce47,C:\Users\DEVESH SHUKLA\Downloads\hemo\Assisted elbow flexion\Incorrect\20260910_144115.mp4,Incorrect,2,258,400,258,534,zero_based_inclusive,4.298167,6.680489,2.3823219999999994,143,person4,inherited_not_independently_verified,Left,Correct,label,human_verified,human_verified,authoritative_user_confirmed,True,False,,6dbe8779159bce47abbba2f683d04520514a6f18d7ce789ee88a57ab64cc4b5b,person4,unassigned,,2026-10-04T11:48:04.806Z,44b233be34340ff48f45013f0d75c6d0d90eb8ac731b678f4794f1529c2b1e11,/decisions/73,evidence/aef_v2_review_2026-10-04T14-18-12-118Z.json,False,False,False,does_not_override_authoritative_hand_and_label,human_review_export_revision,valid_source_range_inclusive_endpoint_allowed,,../../manifest.csv,,,,C:\dev\Haemophilia\processed_data\assisted_elbow_flexion\sequences\20260910_144115_rep_02_incorrect_person4.npy,provenance_only_not_canonical_model_input,STALE_range_revised,14390435449a72c87f20fd86094a757d0ed059269dd2146ec99b33e9c25e7909
rep_3e2b0d854af171fe50,6dbe8779159bce47abbba2f683d04520514a6f18d7ce789ee88a57ab64cc4b5b,vid_6dbe8779159bce47,C:\Users\DEVESH SHUKLA\Downloads\hemo\Assisted elbow flexion\Incorrect\20260910_144115.mp4,Incorrect,3,400,534,534,806,zero_based_inclusive,6.663822,8.946189,2.2823670000000007,135,person4,inherited_not_independently_verified,Right,Incorrect,label,human_verified,human_verified,authoritative_user_confirmed,True,False,,6dbe8779159bce47abbba2f683d04520514a6f18d7ce789ee88a57ab64cc4b5b,person4,unassigned,,2026-10-04T11:48:38.022Z,44b233be34340ff48f45013f0d75c6d0d90eb8ac731b678f4794f1529c2b1e11,/decisions/74,evidence/aef_v2_review_2026-10-04T14-18-12-118Z.json,False,False,False,does_not_override_authoritative_hand_and_label,human_review_export_revision,valid_source_range_inclusive_endpoint_allowed,,../../manifest.csv,,,,C:\dev\Haemophilia\processed_data\assisted_elbow_flexion\sequences\20260910_144115_rep_03_incorrect_person4.npy,provenance_only_not_canonical_model_input,STALE_range_revised,ee9a5bfd121301e80c7aff393ee81dfca3779f3811cb14f7ea99ed350446046f
rep_f70d7f024f22be7f97,6dbe8779159bce47abbba2f683d04520514a6f18d7ce789ee88a57ab64cc4b5b,vid_6dbe8779159bce47,C:\Users\DEVESH SHUKLA\Downloads\hemo\Assisted elbow flexion\Incorrect\20260910_144115.mp4,Incorrect,4,534,700,838,1086,zero_based_inclusive,8.929522,11.711666999999998,2.782144999999998,167,person4,inherited_not_independently_verified,Left,Correct,label,human_verified,human_verified,authoritative_user_confirmed,True,False,,6dbe8779159bce47abbba2f683d04520514a6f18d7ce789ee88a57ab64cc4b5b,person4,unassigned,,2026-10-04T11:49:15.354Z,44b233be34340ff48f45013f0d75c6d0d90eb8ac731b678f4794f1529c2b1e11,/decisions/75,evidence/aef_v2_review_2026-10-04T14-18-12-118Z.json,False,False,False,does_not_override_authoritative_hand_and_label,human_review_export_revision,valid_source_range_inclusive_endpoint_allowed,,../../manifest.csv,,,,C:\dev\Haemophilia\processed_data\assisted_elbow_flexion\sequences\20260910_144115_rep_04_incorrect_person4.npy,provenance_only_not_canonical_model_input,STALE_range_revised,d3cbfb90d94053d9f53928cdd9883b713edc5c30f6f6c4bf2b819c22e105c790
rep_cde7ca96475dc38287,6dbe8779159bce47abbba2f683d04520514a6f18d7ce789ee88a57ab64cc4b5b,vid_6dbe8779159bce47,C:\Users\DEVESH SHUKLA\Downloads\hemo\Assisted elbow flexion\Incorrect\20260910_144115.mp4,Incorrect,5,700,840,1086,1346,zero_based_inclusive,11.695011,14.044011999999999,2.3490009999999995,141,person4,inherited_not_independently_verified,Right,Incorrect,label,human_verified,human_verified,authoritative_user_confirmed,True,False,,6dbe8779159bce47abbba2f683d04520514a6f18d7ce789ee88a57ab64cc4b5b,person4,unassigned,,2026-10-04T11:49:56.216Z,44b233be34340ff48f45013f0d75c6d0d90eb8ac731b678f4794f1529c2b1e11,/decisions/76,evidence/aef_v2_review_2026-10-04T14-18-12-118Z.json,False,False,False,does_not_override_authoritative_hand_and_label,human_review_export_revision,valid_source_range_inclusive_endpoint_allowed,,../../manifest.csv,,,,C:\dev\Haemophilia\processed_data\assisted_elbow_flexion\sequences\20260910_144115_rep_05_incorrect_person4.npy,provenance_only_not_canonical_model_input,STALE_range_revised,bd9c870a4084bec31f18045e18f37b382a9ea6bba6d12364dfdfa114faee1037
rep_52ea159192f8fc5a18,6dbe8779159bce47abbba2f683d04520514a6f18d7ce789ee88a57ab64cc4b5b,vid_6dbe8779159bce47,C:\Users\DEVESH SHUKLA\Downloads\hemo\Assisted elbow flexion\Incorrect\20260910_144115.mp4,Incorrect,6,1632,1796,1632,1796,zero_based_inclusive,27.221733,29.970567000000003,2.748834000000002,165,person4,inherited_not_independently_verified,Left,Incorrect,label,human_verified,human_verified,authoritative_user_confirmed,True,False,,6dbe8779159bce47abbba2f683d04520514a6f18d7ce789ee88a57ab64cc4b5b,person4,unassigned,,2026-10-04T11:50:22.257Z,44b233be34340ff48f45013f0d75c6d0d90eb8ac731b678f4794f1529c2b1e11,/decisions/77,evidence/aef_v2_review_2026-10-04T14-18-12-118Z.json,False,False,False,does_not_override_authoritative_hand_and_label,human_review_export_unchanged_candidate_range,valid_source_range_inclusive_endpoint_allowed,,../../manifest.csv,,,,C:\dev\Haemophilia\processed_data\assisted_elbow_flexion\sequences\20260910_144115_rep_06_incorrect_person4.npy,provenance_only_not_canonical_model_input,range_unchanged_hand_and_processing_semantics_not_validated_for_new_training,ea476f9a57d7d9bbe2b138bcf8a45c75baa956939a09a43ee8411a0e224d0a29
rep_ffb088c184f9250a80,6dbe8779159bce47abbba2f683d04520514a6f18d7ce789ee88a57ab64cc4b5b,vid_6dbe8779159bce47,C:\Users\DEVESH SHUKLA\Downloads\hemo\Assisted elbow flexion\Incorrect\20260910_144115.mp4,Incorrect,7,1796,1948,1796,1948,zero_based_inclusive,29.9539,32.502812,2.548911999999998,153,person4,inherited_not_independently_verified,Left,Incorrect,label,human_verified,human_verified,authoritative_user_confirmed,True,False,,6dbe8779159bce47abbba2f683d04520514a6f18d7ce789ee88a57ab64cc4b5b,person4,unassigned,,2026-10-04T11:50:36.967Z,44b233be34340ff48f45013f0d75c6d0d90eb8ac731b678f4794f1529c2b1e11,/decisions/78,evidence/aef_v2_review_2026-10-04T14-18-12-118Z.json,False,False,False,does_not_override_authoritative_hand_and_label,human_review_export_unchanged_candidate_range,valid_source_range_inclusive_endpoint_allowed,,../../manifest.csv,,,,C:\dev\Haemophilia\processed_data\assisted_elbow_flexion\sequences\20260910_144115_rep_07_incorrect_person4.npy,provenance_only_not_canonical_model_input,range_unchanged_hand_and_processing_semantics_not_validated_for_new_training,881512522004dec6d73518d4e2984635870e1cc4e6cf50c889c2b1acec91b305
rep_ecc384666d3fc61013,6dbe8779159bce47abbba2f683d04520514a6f18d7ce789ee88a57ab64cc4b5b,vid_6dbe8779159bce47,C:\Users\DEVESH SHUKLA\Downloads\hemo\Assisted elbow flexion\Incorrect\20260910_144115.mp4,Incorrect,8,1948,2060,1948,2060,zero_based_inclusive,32.486156,34.368677999999996,1.8825219999999945,113,person4,inherited_not_independently_verified,Left,Incorrect,label,human_verified,human_verified,authoritative_user_confirmed,True,False,,6dbe8779159bce47abbba2f683d04520514a6f18d7ce789ee88a57ab64cc4b5b,person4,unassigned,,2026-10-04T11:51:06.248Z,44b233be34340ff48f45013f0d75c6d0d90eb8ac731b678f4794f1529c2b1e11,/decisions/79,evidence/aef_v2_review_2026-10-04T14-18-12-118Z.json,False,False,False,does_not_override_authoritative_hand_and_label,human_review_export_unchanged_candidate_range,valid_source_range_inclusive_endpoint_allowed,,../../manifest.csv,,,,C:\dev\Haemophilia\processed_data\assisted_elbow_flexion\sequences\20260910_144115_rep_08_incorrect_person4.npy,provenance_only_not_canonical_model_input,range_unchanged_hand_and_processing_semantics_not_validated_for_new_training,b13f76312fc4f6072cc78605d479baeb334283a847b4393968f84b5c268a0656
rep_1f4a610c3defe53722,03222b4845d8ef2c3f4e08e3875534163998d9d4d2f61daa16335188ceda6f89,vid_03222b4845d8ef2c,C:\Users\DEVESH SHUKLA\Downloads\hemo\Assisted elbow flexion\Incorrect\20260910_144154.mp4,Incorrect,2,600,762,600,762,zero_based_inclusive,9.995733,12.711256,2.715523000000001,163,person4,inherited_not_independently_verified,Left,Incorrect,label,human_verified,human_verified,authoritative_user_confirmed,True,False,,03222b4845d8ef2c3f4e08e3875534163998d9d4d2f61daa16335188ceda6f89,person4,unassigned,,2026-10-04T11:52:00.575Z,44b233be34340ff48f45013f0d75c6d0d90eb8ac731b678f4794f1529c2b1e11,/decisions/80,evidence/aef_v2_review_2026-10-04T14-18-12-118Z.json,False,False,False,does_not_override_authoritative_hand_and_label,human_review_export_unchanged_candidate_range,valid_source_range_inclusive_endpoint_allowed,,../../manifest.csv,,,,C:\dev\Haemophilia\processed_data\assisted_elbow_flexion\sequences\20260910_144154_rep_02_incorrect_person4.npy,provenance_only_not_canonical_model_input,range_unchanged_hand_and_processing_semantics_not_validated_for_new_training,36d6bc965bf05919b8a3ece334a0016faee36c54257270a552719c7392c1fff4
rep_3175004fbb9db3a0f3,03222b4845d8ef2c3f4e08e3875534163998d9d4d2f61daa16335188ceda6f89,vid_03222b4845d8ef2c,C:\Users\DEVESH SHUKLA\Downloads\hemo\Assisted elbow flexion\Incorrect\20260910_144154.mp4,Incorrect,3,762,912,762,912,zero_based_inclusive,12.694589,15.210177999999999,2.5155889999999985,151,person4,inherited_not_independently_verified,Right,Incorrect,label,human_verified,human_verified,authoritative_user_confirmed,True,False,,03222b4845d8ef2c3f4e08e3875534163998d9d4d2f61daa16335188ceda6f89,person4,unassigned,,2026-10-04T11:52:23.648Z,44b233be34340ff48f45013f0d75c6d0d90eb8ac731b678f4794f1529c2b1e11,/decisions/81,evidence/aef_v2_review_2026-10-04T14-18-12-118Z.json,False,False,False,does_not_override_authoritative_hand_and_label,human_review_export_unchanged_candidate_range,valid_source_range_inclusive_endpoint_allowed,,../../manifest.csv,,,,C:\dev\Haemophilia\processed_data\assisted_elbow_flexion\sequences\20260910_144154_rep_03_incorrect_person4.npy,provenance_only_not_canonical_model_input,range_unchanged_hand_and_processing_semantics_not_validated_for_new_training,9e1c522916921f4a552520f77c5e5371bdc7277333a7ecec500649d88b9c41e6
rep_52a2c5c414944694f1,03222b4845d8ef2c3f4e08e3875534163998d9d4d2f61daa16335188ceda6f89,vid_03222b4845d8ef2c,C:\Users\DEVESH SHUKLA\Downloads\hemo\Assisted elbow flexion\Incorrect\20260910_144154.mp4,Incorrect,4,912,1056,912,1056,zero_based_inclusive,15.193522,17.609156000000002,2.4156340000000025,145,person4,inherited_not_independently_verified,Left,Incorrect,label,human_verified,human_verified,authoritative_user_confirmed,True,False,,03222b4845d8ef2c3f4e08e3875534163998d9d4d2f61daa16335188ceda6f89,person4,unassigned,,2026-10-04T11:53:01.911Z,44b233be34340ff48f45013f0d75c6d0d90eb8ac731b678f4794f1529c2b1e11,/decisions/82,evidence/aef_v2_review_2026-10-04T14-18-12-118Z.json,False,False,False,does_not_override_authoritative_hand_and_label,human_review_export_unchanged_candidate_range,valid_source_range_inclusive_endpoint_allowed,,../../manifest.csv,,,,C:\dev\Haemophilia\processed_data\assisted_elbow_flexion\sequences\20260910_144154_rep_04_incorrect_person4.npy,provenance_only_not_canonical_model_input,range_unchanged_hand_and_processing_semantics_not_validated_for_new_training,e8b538b23a88710f13be91f0cc2f9b558bc77a06ce7cb05009b367821f84c236
rep_6d548704cfd01f491a,03222b4845d8ef2c3f4e08e3875534163998d9d4d2f61daa16335188ceda6f89,vid_03222b4845d8ef2c,C:\Users\DEVESH SHUKLA\Downloads\hemo\Assisted elbow flexion\Incorrect\20260910_144154.mp4,Incorrect,5,1056,1206,1056,1206,zero_based_inclusive,17.5925,20.108111,2.515611,151,person4,inherited_not_independently_verified,Right,Incorrect,label,human_verified,human_verified,authoritative_user_confirmed,True,False,,03222b4845d8ef2c3f4e08e3875534163998d9d4d2f61daa16335188ceda6f89,person4,unassigned,,2026-10-04T11:53:23.908Z,44b233be34340ff48f45013f0d75c6d0d90eb8ac731b678f4794f1529c2b1e11,/decisions/83,evidence/aef_v2_review_2026-10-04T14-18-12-118Z.json,False,False,False,does_not_override_authoritative_hand_and_label,human_review_export_unchanged_candidate_range,valid_source_range_inclusive_endpoint_allowed,,../../manifest.csv,,,,C:\dev\Haemophilia\processed_data\assisted_elbow_flexion\sequences\20260910_144154_rep_05_incorrect_person4.npy,provenance_only_not_canonical_model_input,range_unchanged_hand_and_processing_semantics_not_validated_for_new_training,c5f0d110c56a17a52b962910433d03e51b5acb10caf25f5b88a055e4893dd2db
rep_ac1e97d62d5c2b56a0,03222b4845d8ef2c3f4e08e3875534163998d9d4d2f61daa16335188ceda6f89,vid_03222b4845d8ef2c,C:\Users\DEVESH SHUKLA\Downloads\hemo\Assisted elbow flexion\Incorrect\20260910_144154.mp4,Incorrect,6,1206,1354,1206,1354,zero_based_inclusive,20.091444,22.573711000000003,2.4822670000000038,149,person4,inherited_not_independently_verified,Left,Incorrect,label,human_verified,human_verified,authoritative_user_confirmed,True,False,,03222b4845d8ef2c3f4e08e3875534163998d9d4d2f61daa16335188ceda6f89,person4,unassigned,,2026-10-04T11:54:06.667Z,44b233be34340ff48f45013f0d75c6d0d90eb8ac731b678f4794f1529c2b1e11,/decisions/84,evidence/aef_v2_review_2026-10-04T14-18-12-118Z.json,False,False,False,does_not_override_authoritative_hand_and_label,human_review_export_unchanged_candidate_range,valid_source_range_inclusive_endpoint_allowed,,../../manifest.csv,,,,C:\dev\Haemophilia\processed_data\assisted_elbow_flexion\sequences\20260910_144154_rep_06_incorrect_person4.npy,provenance_only_not_canonical_model_input,range_unchanged_hand_and_processing_semantics_not_validated_for_new_training,c81b093b44c1cfac2331663f8bea1f5de1b2adb465df5e65b130f4160a8d8ed7
rep_29323d0780eb56b21d,03222b4845d8ef2c3f4e08e3875534163998d9d4d2f61daa16335188ceda6f89,vid_03222b4845d8ef2c,C:\Users\DEVESH SHUKLA\Downloads\hemo\Assisted elbow flexion\Incorrect\20260910_144154.mp4,Incorrect,7,1354,1492,1354,1492,zero_based_inclusive,22.557044,24.872723,2.3156789999999994,139,person4,inherited_not_independently_verified,Right,Incorrect,label,human_verified,human_verified,authoritative_user_confirmed,True,False,,03222b4845d8ef2c3f4e08e3875534163998d9d4d2f61daa16335188ceda6f89,person4,unassigned,,2026-10-04T11:54:31.668Z,44b233be34340ff48f45013f0d75c6d0d90eb8ac731b678f4794f1529c2b1e11,/decisions/85,evidence/aef_v2_review_2026-10-04T14-18-12-118Z.json,False,False,False,does_not_override_authoritative_hand_and_label,human_review_export_unchanged_candidate_range,valid_source_range_inclusive_endpoint_allowed,,../../manifest.csv,,,,C:\dev\Haemophilia\processed_data\assisted_elbow_flexion\sequences\20260910_144154_rep_07_incorrect_person4.npy,provenance_only_not_canonical_model_input,range_unchanged_hand_and_processing_semantics_not_validated_for_new_training,d2bf29a618d3dc30b9caad0f3a32acce3197400547e673d064df29daef392023
rep_59893c3e996fee9c34,03222b4845d8ef2c3f4e08e3875534163998d9d4d2f61daa16335188ceda6f89,vid_03222b4845d8ef2c,C:\Users\DEVESH SHUKLA\Downloads\hemo\Assisted elbow flexion\Incorrect\20260910_144154.mp4,Incorrect,8,1492,1600,1492,1766,zero_based_inclusive,24.856067,26.671967000000002,1.8159000000000027,109,person4,inherited_not_independently_verified,Left,Incorrect,label,human_verified,human_verified,authoritative_user_confirmed,True,False,,03222b4845d8ef2c3f4e08e3875534163998d9d4d2f61daa16335188ceda6f89,person4,unassigned,,2026-10-04T11:55:27.115Z,44b233be34340ff48f45013f0d75c6d0d90eb8ac731b678f4794f1529c2b1e11,/decisions/86,evidence/aef_v2_review_2026-10-04T14-18-12-118Z.json,False,False,False,does_not_override_authoritative_hand_and_label,human_review_export_revision,valid_source_range_inclusive_endpoint_allowed,,../../manifest.csv,,,,C:\dev\Haemophilia\processed_data\assisted_elbow_flexion\sequences\20260910_144154_rep_08_incorrect_person4.npy,provenance_only_not_canonical_model_input,STALE_range_revised,ca28d8ac7f8410d27f87b3b2adc009cac7539b383385cf2acfdc7eb704a9324f
rep_2b168be9071d57530d,03222b4845d8ef2c3f4e08e3875534163998d9d4d2f61daa16335188ceda6f89,vid_03222b4845d8ef2c,C:\Users\DEVESH SHUKLA\Downloads\hemo\Assisted elbow flexion\Incorrect\20260910_144154.mp4,Incorrect,9,1766,1900,1766,2050,zero_based_inclusive,29.420789,31.669823,2.2490340000000018,135,person4,inherited_not_independently_verified,Left,Incorrect,label,human_verified,human_verified,authoritative_user_confirmed,True,False,,03222b4845d8ef2c3f4e08e3875534163998d9d4d2f61daa16335188ceda6f89,person4,unassigned,,2026-10-04T11:55:56.184Z,44b233be34340ff48f45013f0d75c6d0d90eb8ac731b678f4794f1529c2b1e11,/decisions/87,evidence/aef_v2_review_2026-10-04T14-18-12-118Z.json,False,False,False,does_not_override_authoritative_hand_and_label,human_review_export_revision,valid_source_range_no_overlap,,../../manifest.csv,,,,C:\dev\Haemophilia\processed_data\assisted_elbow_flexion\sequences\20260910_144154_rep_09_incorrect_person4.npy,provenance_only_not_canonical_model_input,STALE_range_revised,41ee4e7ff97e5ef749f53949cdd4e7eb6a10e39a741d5ce6e0cfd399c7aa67b1
rep_6ccabad19ce4f7ab3f,03222b4845d8ef2c3f4e08e3875534163998d9d4d2f61daa16335188ceda6f89,vid_03222b4845d8ef2c,C:\Users\DEVESH SHUKLA\Downloads\hemo\Assisted elbow flexion\Incorrect\20260910_144154.mp4,Incorrect,10,2050,2200,2050,2200,zero_based_inclusive,34.152111,36.667699999999996,2.5155889999999985,151,person4,inherited_not_independently_verified,Left,Incorrect,label,human_verified,human_verified,authoritative_user_confirmed,True,False,,03222b4845d8ef2c3f4e08e3875534163998d9d4d2f61daa16335188ceda6f89,person4,unassigned,,2026-10-04T11:56:11.154Z,44b233be34340ff48f45013f0d75c6d0d90eb8ac731b678f4794f1529c2b1e11,/decisions/88,evidence/aef_v2_review_2026-10-04T14-18-12-118Z.json,False,False,False,does_not_override_authoritative_hand_and_label,human_review_export_unchanged_candidate_range,valid_source_range_inclusive_endpoint_allowed,,../../manifest.csv,,,,C:\dev\Haemophilia\processed_data\assisted_elbow_flexion\sequences\20260910_144154_rep_10_incorrect_person4.npy,provenance_only_not_canonical_model_input,range_unchanged_hand_and_processing_semantics_not_validated_for_new_training,400ca1fea3eb9be51ad4fbce7840feeb746c38f43e4b52fa3ac6ca8cd0afa181
rep_db11ea7c1113500c85,03222b4845d8ef2c3f4e08e3875534163998d9d4d2f61daa16335188ceda6f89,vid_03222b4845d8ef2c,C:\Users\DEVESH SHUKLA\Downloads\hemo\Assisted elbow flexion\Incorrect\20260910_144154.mp4,Incorrect,11,2200,2350,2200,2458,zero_based_inclusive,36.651044,39.166644999999995,2.5156009999999966,151,person4,inherited_not_independently_verified,Right,Incorrect,label,human_verified,human_verified,authoritative_user_confirmed,True,False,,03222b4845d8ef2c3f4e08e3875534163998d9d4d2f61daa16335188ceda6f89,person4,unassigned,,2026-10-04T11:56:50.770Z,44b233be34340ff48f45013f0d75c6d0d90eb8ac731b678f4794f1529c2b1e11,/decisions/89,evidence/aef_v2_review_2026-10-04T14-18-12-118Z.json,False,False,False,does_not_override_authoritative_hand_and_label,human_review_export_revision,valid_source_range_inclusive_endpoint_allowed,,../../manifest.csv,,,,C:\dev\Haemophilia\processed_data\assisted_elbow_flexion\sequences\20260910_144154_rep_11_incorrect_person4.npy,provenance_only_not_canonical_model_input,STALE_range_revised,cda17c6d31501ed798b6ba7b280f6fc4a7b5af4440611132ea91e46584deb827
rep_07b241628c6745b2c2,762b204cd565ac52dfc6deaac7575e22d59eb82b30d82af9880cc5067213a65e,vid_762b204cd565ac52,C:\Users\DEVESH SHUKLA\Downloads\hemo\Assisted elbow flexion\Correct\20260910_144241.mp4,Correct,1,196,464,196,464,zero_based_inclusive,3.265278,7.746689,4.481411,269,person4,inherited_not_independently_verified,Right,Correct,label,human_verified,human_verified,authoritative_user_confirmed,True,False,,762b204cd565ac52dfc6deaac7575e22d59eb82b30d82af9880cc5067213a65e,person4,unassigned,,2026-10-04T11:57:36.302Z,44b233be34340ff48f45013f0d75c6d0d90eb8ac731b678f4794f1529c2b1e11,/decisions/90,evidence/aef_v2_review_2026-10-04T14-18-12-118Z.json,False,False,False,does_not_override_authoritative_hand_and_label,human_review_export_unchanged_candidate_range,valid_source_range_inclusive_endpoint_allowed,,../../manifest.csv,,,,C:\dev\Haemophilia\processed_data\assisted_elbow_flexion\sequences\20260910_144241_rep_01_correct_person4.npy,provenance_only_not_canonical_model_input,range_unchanged_hand_and_processing_semantics_not_validated_for_new_training,f3f16646d07316d7598e3c2674fbdb9917aa00a74f8ca1c3429463bc296dcc7b
rep_45d0e83c2ac0045b55,762b204cd565ac52dfc6deaac7575e22d59eb82b30d82af9880cc5067213a65e,vid_762b204cd565ac52,C:\Users\DEVESH SHUKLA\Downloads\hemo\Assisted elbow flexion\Correct\20260910_144241.mp4,Correct,2,464,600,464,736,zero_based_inclusive,7.730033,10.012388999999999,2.282355999999999,137,person4,inherited_not_independently_verified,Left,Correct,label,human_verified,human_verified,authoritative_user_confirmed,True,False,,762b204cd565ac52dfc6deaac7575e22d59eb82b30d82af9880cc5067213a65e,person4,unassigned,,2026-10-04T11:58:21.838Z,44b233be34340ff48f45013f0d75c6d0d90eb8ac731b678f4794f1529c2b1e11,/decisions/91,evidence/aef_v2_review_2026-10-04T14-18-12-118Z.json,False,False,False,does_not_override_authoritative_hand_and_label,human_review_export_revision,valid_source_range_inclusive_endpoint_allowed,,../../manifest.csv,,,,C:\dev\Haemophilia\processed_data\assisted_elbow_flexion\sequences\20260910_144241_rep_02_correct_person4.npy,provenance_only_not_canonical_model_input,STALE_range_revised,27f86626b737bba5bac1d5f0a1880d53c940d2591726db9e607e315da2a22800
rep_74c3a7e79d3520b0b8,762b204cd565ac52dfc6deaac7575e22d59eb82b30d82af9880cc5067213a65e,vid_762b204cd565ac52,C:\Users\DEVESH SHUKLA\Downloads\hemo\Assisted elbow flexion\Correct\20260910_144241.mp4,Correct,3,736,900,736,1026,zero_based_inclusive,12.261444,15.010278,2.7488340000000004,165,person4,inherited_not_independently_verified,Left,Correct,label,human_verified,human_verified,authoritative_user_confirmed,True,False,,762b204cd565ac52dfc6deaac7575e22d59eb82b30d82af9880cc5067213a65e,person4,unassigned,,2026-10-04T11:59:07.198Z,44b233be34340ff48f45013f0d75c6d0d90eb8ac731b678f4794f1529c2b1e11,/decisions/92,evidence/aef_v2_review_2026-10-04T14-18-12-118Z.json,False,False,False,does_not_override_authoritative_hand_and_label,human_review_export_revision,valid_source_range_no_overlap,,../../manifest.csv,,,,C:\dev\Haemophilia\processed_data\assisted_elbow_flexion\sequences\20260910_144241_rep_03_correct_person4.npy,provenance_only_not_canonical_model_input,STALE_range_revised,a928f25f649216cf3088212e227a16e22cb041c024a070fa484d150fafa9e1d8
rep_497a451e0b4ab0dff3,762b204cd565ac52dfc6deaac7575e22d59eb82b30d82af9880cc5067213a65e,vid_762b204cd565ac52,C:\Users\DEVESH SHUKLA\Downloads\hemo\Assisted elbow flexion\Correct\20260910_144241.mp4,Correct,4,1040,1150,1040,1294,zero_based_inclusive,17.325944,19.175156,1.8492120000000014,111,person4,inherited_not_independently_verified,Left,Correct,label,human_verified,human_verified,authoritative_user_confirmed,True,False,,762b204cd565ac52dfc6deaac7575e22d59eb82b30d82af9880cc5067213a65e,person4,unassigned,,2026-10-04T11:59:46.935Z,44b233be34340ff48f45013f0d75c6d0d90eb8ac731b678f4794f1529c2b1e11,/decisions/93,evidence/aef_v2_review_2026-10-04T14-18-12-118Z.json,False,False,False,does_not_override_authoritative_hand_and_label,human_review_export_revision,valid_source_range_no_overlap,,../../manifest.csv,,,,C:\dev\Haemophilia\processed_data\assisted_elbow_flexion\sequences\20260910_144241_rep_04_correct_person4.npy,provenance_only_not_canonical_model_input,STALE_range_revised,00656989c3e792629eac148ed5f3d03d2d3c1e8133d76d8e0b4fd900ef07dbc9
rep_210c60fdf8d5448ec9,762b204cd565ac52dfc6deaac7575e22d59eb82b30d82af9880cc5067213a65e,vid_762b204cd565ac52,C:\Users\DEVESH SHUKLA\Downloads\hemo\Assisted elbow flexion\Correct\20260910_144241.mp4,Correct,5,1324,1450,1324,1580,zero_based_inclusive,22.057267,24.173034,2.1157670000000017,127,person4,inherited_not_independently_verified,Left,Correct,label,human_verified,human_verified,authoritative_user_confirmed,True,False,,762b204cd565ac52dfc6deaac7575e22d59eb82b30d82af9880cc5067213a65e,person4,unassigned,,2026-10-04T12:00:21.648Z,44b233be34340ff48f45013f0d75c6d0d90eb8ac731b678f4794f1529c2b1e11,/decisions/94,evidence/aef_v2_review_2026-10-04T14-18-12-118Z.json,False,False,False,does_not_override_authoritative_hand_and_label,human_review_export_revision,valid_source_range_no_overlap,,../../manifest.csv,,,,C:\dev\Haemophilia\processed_data\assisted_elbow_flexion\sequences\20260910_144241_rep_05_correct_person4.npy,provenance_only_not_canonical_model_input,STALE_range_revised,33fbb2400396cbc174729576d88f0532115e1db1247b0fae064457b7c1101c14
rep_7600ddc1c7518532b0,762b204cd565ac52dfc6deaac7575e22d59eb82b30d82af9880cc5067213a65e,vid_762b204cd565ac52,C:\Users\DEVESH SHUKLA\Downloads\hemo\Assisted elbow flexion\Correct\20260910_144241.mp4,Correct,6,1580,1700,1580,1858,zero_based_inclusive,26.322111,28.337923,2.0158120000000004,121,person4,inherited_not_independently_verified,Left,Correct,label,human_verified,human_verified,authoritative_user_confirmed,True,False,,762b204cd565ac52dfc6deaac7575e22d59eb82b30d82af9880cc5067213a65e,person4,unassigned,,2026-10-04T12:01:17.343Z,44b233be34340ff48f45013f0d75c6d0d90eb8ac731b678f4794f1529c2b1e11,/decisions/95,evidence/aef_v2_review_2026-10-04T14-18-12-118Z.json,False,False,False,does_not_override_authoritative_hand_and_label,human_review_export_revision,valid_source_range_no_overlap,,../../manifest.csv,,,,C:\dev\Haemophilia\processed_data\assisted_elbow_flexion\sequences\20260910_144241_rep_06_correct_person4.npy,provenance_only_not_canonical_model_input,STALE_range_revised,811aea6fcb7f78d4e43f20e05d875bd4a46e06bc9226302976aadbf44864efbf
rep_2b1b56fcdf686f87e9,762b204cd565ac52dfc6deaac7575e22d59eb82b30d82af9880cc5067213a65e,vid_762b204cd565ac52,C:\Users\DEVESH SHUKLA\Downloads\hemo\Assisted elbow flexion\Correct\20260910_144241.mp4,Correct,7,1858,2000,1858,2126,zero_based_inclusive,30.953467,33.3358,2.382332999999999,143,person4,inherited_not_independently_verified,Left,Correct,label,human_verified,human_verified,authoritative_user_confirmed,True,False,,762b204cd565ac52dfc6deaac7575e22d59eb82b30d82af9880cc5067213a65e,person4,unassigned,,2026-10-04T12:01:51.398Z,44b233be34340ff48f45013f0d75c6d0d90eb8ac731b678f4794f1529c2b1e11,/decisions/96,evidence/aef_v2_review_2026-10-04T14-18-12-118Z.json,False,False,False,does_not_override_authoritative_hand_and_label,human_review_export_revision,valid_source_range_no_overlap,,../../manifest.csv,,,,C:\dev\Haemophilia\processed_data\assisted_elbow_flexion\sequences\20260910_144241_rep_07_correct_person4.npy,provenance_only_not_canonical_model_input,STALE_range_revised,764224771c061662c663ce65546d353a0a8dbce48f666c66e3f809b998aadb46
rep_5fefb43622c2eda5a6,762b204cd565ac52dfc6deaac7575e22d59eb82b30d82af9880cc5067213a65e,vid_762b204cd565ac52,C:\Users\DEVESH SHUKLA\Downloads\hemo\Assisted elbow flexion\Correct\20260910_144241.mp4,Correct,8,2126,2282,2126,2282,zero_based_inclusive,35.418222,38.033778,2.615555999999998,157,person4,inherited_not_independently_verified,Left,Correct,label,human_verified,human_verified,authoritative_user_confirmed,True,False,,762b204cd565ac52dfc6deaac7575e22d59eb82b30d82af9880cc5067213a65e,person4,unassigned,,2026-10-04T12:02:07.124Z,44b233be34340ff48f45013f0d75c6d0d90eb8ac731b678f4794f1529c2b1e11,/decisions/97,evidence/aef_v2_review_2026-10-04T14-18-12-118Z.json,False,False,False,does_not_override_authoritative_hand_and_label,human_review_export_unchanged_candidate_range,valid_source_range_inclusive_endpoint_allowed,,../../manifest.csv,,,,C:\dev\Haemophilia\processed_data\assisted_elbow_flexion\sequences\20260910_144241_rep_08_correct_person4.npy,provenance_only_not_canonical_model_input,range_unchanged_hand_and_processing_semantics_not_validated_for_new_training,b3a476f96f54793d5e32cdbbc7876f5a8e7c2d1f203e949157ee1fef895cd4df
rep_3bd69e41cd57266903,762b204cd565ac52dfc6deaac7575e22d59eb82b30d82af9880cc5067213a65e,vid_762b204cd565ac52,C:\Users\DEVESH SHUKLA\Downloads\hemo\Assisted elbow flexion\Correct\20260910_144241.mp4,Correct,9,2282,2426,2282,2426,zero_based_inclusive,38.017122,40.432767,2.415644999999998,145,person4,inherited_not_independently_verified,Right,Correct,label,human_verified,human_verified,authoritative_user_confirmed,True,False,,762b204cd565ac52dfc6deaac7575e22d59eb82b30d82af9880cc5067213a65e,person4,unassigned,,2026-10-04T12:02:32.079Z,44b233be34340ff48f45013f0d75c6d0d90eb8ac731b678f4794f1529c2b1e11,/decisions/98,evidence/aef_v2_review_2026-10-04T14-18-12-118Z.json,False,False,False,does_not_override_authoritative_hand_and_label,human_review_export_unchanged_candidate_range,valid_source_range_inclusive_endpoint_allowed,,../../manifest.csv,,,,C:\dev\Haemophilia\processed_data\assisted_elbow_flexion\sequences\20260910_144241_rep_09_correct_person4.npy,provenance_only_not_canonical_model_input,range_unchanged_hand_and_processing_semantics_not_validated_for_new_training,9e0220916b9f12a8f74fa7727dd53fb91f947bef001393fd523b80c650fa306e
rep_d761ba3d8f066eef71,a098f327a26fe8774c684ebae4a490737007ec44cf4386fa077d0dc67d26da8b,vid_a098f327a26fe877,C:\Users\DEVESH SHUKLA\Downloads\hemo\Assisted elbow flexion\Correct\20260910_144325.mp4,Correct,1,14,150,14,280,zero_based_inclusive,0.233233,2.515611,2.282378,137,person4,inherited_not_independently_verified,Right,Correct,label,human_verified,human_verified,authoritative_user_confirmed,True,False,,a098f327a26fe8774c684ebae4a490737007ec44cf4386fa077d0dc67d26da8b,person4,unassigned,,2026-10-04T12:03:01.024Z,44b233be34340ff48f45013f0d75c6d0d90eb8ac731b678f4794f1529c2b1e11,/decisions/99,evidence/aef_v2_review_2026-10-04T14-18-12-118Z.json,False,False,False,does_not_override_authoritative_hand_and_label,human_review_export_revision,valid_source_range_no_overlap,,../../manifest.csv,,,,C:\dev\Haemophilia\processed_data\assisted_elbow_flexion\sequences\20260910_144325_rep_01_correct_person4.npy,provenance_only_not_canonical_model_input,STALE_range_revised,b1c9efe43c97dd9c831d9c3d71488ee570b9a8feb726662fe47c79e9529d32c8
rep_2b4256b8b20205abf2,a098f327a26fe8774c684ebae4a490737007ec44cf4386fa077d0dc67d26da8b,vid_a098f327a26fe877,C:\Users\DEVESH SHUKLA\Downloads\hemo\Assisted elbow flexion\Correct\20260910_144325.mp4,Correct,2,280,398,280,398,zero_based_inclusive,4.664678,6.6471670000000005,1.9824890000000002,119,person4,inherited_not_independently_verified,Right,Correct,label,human_verified,human_verified,authoritative_user_confirmed,True,False,,a098f327a26fe8774c684ebae4a490737007ec44cf4386fa077d0dc67d26da8b,person4,unassigned,,2026-10-04T12:03:22.636Z,44b233be34340ff48f45013f0d75c6d0d90eb8ac731b678f4794f1529c2b1e11,/decisions/100,evidence/aef_v2_review_2026-10-04T14-18-12-118Z.json,False,False,False,does_not_override_authoritative_hand_and_label,human_review_export_unchanged_candidate_range,valid_source_range_inclusive_endpoint_allowed,,../../manifest.csv,,,,C:\dev\Haemophilia\processed_data\assisted_elbow_flexion\sequences\20260910_144325_rep_02_correct_person4.npy,provenance_only_not_canonical_model_input,range_unchanged_hand_and_processing_semantics_not_validated_for_new_training,d63734ba2168eb065514001fc57b1a0979661c60ccf073bca1bea11eb6953d81
rep_20525de896af3c2e51,a098f327a26fe8774c684ebae4a490737007ec44cf4386fa077d0dc67d26da8b,vid_a098f327a26fe877,C:\Users\DEVESH SHUKLA\Downloads\hemo\Assisted elbow flexion\Correct\20260910_144325.mp4,Correct,3,398,520,398,648,zero_based_inclusive,6.630511,8.679634,2.049123,123,person4,inherited_not_independently_verified,Left,Correct,label,human_verified,human_verified,authoritative_user_confirmed,True,False,,a098f327a26fe8774c684ebae4a490737007ec44cf4386fa077d0dc67d26da8b,person4,unassigned,,2026-10-04T12:03:56.289Z,44b233be34340ff48f45013f0d75c6d0d90eb8ac731b678f4794f1529c2b1e11,/decisions/101,evidence/aef_v2_review_2026-10-04T14-18-12-118Z.json,False,False,False,does_not_override_authoritative_hand_and_label,human_review_export_revision,valid_source_range_inclusive_endpoint_allowed,,../../manifest.csv,,,,C:\dev\Haemophilia\processed_data\assisted_elbow_flexion\sequences\20260910_144325_rep_03_correct_person4.npy,provenance_only_not_canonical_model_input,STALE_range_revised,7fa483699b57222fc457c6c9501f31c79b98fe98c525c11dcb9f8a57ebf150df
rep_f5ef6c0161f1b2bb87,a098f327a26fe8774c684ebae4a490737007ec44cf4386fa077d0dc67d26da8b,vid_a098f327a26fe877,C:\Users\DEVESH SHUKLA\Downloads\hemo\Assisted elbow flexion\Correct\20260910_144325.mp4,Correct,4,648,800,648,910,zero_based_inclusive,10.7954,13.344311999999999,2.548911999999998,153,person4,inherited_not_independently_verified,Left,Correct,label,human_verified,human_verified,authoritative_user_confirmed,True,False,,a098f327a26fe8774c684ebae4a490737007ec44cf4386fa077d0dc67d26da8b,person4,unassigned,,2026-10-04T12:04:19.695Z,44b233be34340ff48f45013f0d75c6d0d90eb8ac731b678f4794f1529c2b1e11,/decisions/102,evidence/aef_v2_review_2026-10-04T14-18-12-118Z.json,False,False,False,does_not_override_authoritative_hand_and_label,human_review_export_revision,valid_source_range_no_overlap,,../../manifest.csv,,,,C:\dev\Haemophilia\processed_data\assisted_elbow_flexion\sequences\20260910_144325_rep_04_correct_person4.npy,provenance_only_not_canonical_model_input,STALE_range_revised,d998a3f663db980334d2563c2f5b09fb99a216ca832a64cb0652c1645ccf6f21
rep_8cafe422282d959530,a098f327a26fe8774c684ebae4a490737007ec44cf4386fa077d0dc67d26da8b,vid_a098f327a26fe877,C:\Users\DEVESH SHUKLA\Downloads\hemo\Assisted elbow flexion\Correct\20260910_144325.mp4,Correct,5,910,1078,910,1078,zero_based_inclusive,15.160211,17.975678000000002,2.8154670000000017,169,person4,inherited_not_independently_verified,Left,Correct,label,human_verified,human_verified,authoritative_user_confirmed,True,False,,a098f327a26fe8774c684ebae4a490737007ec44cf4386fa077d0dc67d26da8b,person4,unassigned,,2026-10-04T12:04:43.679Z,44b233be34340ff48f45013f0d75c6d0d90eb8ac731b678f4794f1529c2b1e11,/decisions/103,evidence/aef_v2_review_2026-10-04T14-18-12-118Z.json,False,False,False,does_not_override_authoritative_hand_and_label,human_review_export_unchanged_candidate_range,valid_source_range_inclusive_endpoint_allowed,,../../manifest.csv,,,,C:\dev\Haemophilia\processed_data\assisted_elbow_flexion\sequences\20260910_144325_rep_05_correct_person4.npy,provenance_only_not_canonical_model_input,range_unchanged_hand_and_processing_semantics_not_validated_for_new_training,8648d14241a3c269750395d4a95516f0b4ab683bf504e682973494d92eb3c4f8
rep_9b959c53711117bcab,a098f327a26fe8774c684ebae4a490737007ec44cf4386fa077d0dc67d26da8b,vid_a098f327a26fe877,C:\Users\DEVESH SHUKLA\Downloads\hemo\Assisted elbow flexion\Correct\20260910_144325.mp4,Correct,6,1078,1184,1078,1184,zero_based_inclusive,17.959011,19.741589,1.7825780000000009,107,person4,inherited_not_independently_verified,Right,Correct,label,human_verified,human_verified,authoritative_user_confirmed,True,False,,a098f327a26fe8774c684ebae4a490737007ec44cf4386fa077d0dc67d26da8b,person4,unassigned,,2026-10-04T12:05:00.449Z,44b233be34340ff48f45013f0d75c6d0d90eb8ac731b678f4794f1529c2b1e11,/decisions/104,evidence/aef_v2_review_2026-10-04T14-18-12-118Z.json,False,False,False,does_not_override_authoritative_hand_and_label,human_review_export_unchanged_candidate_range,valid_source_range_inclusive_endpoint_allowed,,../../manifest.csv,,,,C:\dev\Haemophilia\processed_data\assisted_elbow_flexion\sequences\20260910_144325_rep_06_correct_person4.npy,provenance_only_not_canonical_model_input,range_unchanged_hand_and_processing_semantics_not_validated_for_new_training,08bdcb73dcfb253f0cae6b096211861d34c9df67a91dd68edab3afd92dabbc25
rep_2d5fa419c6ca6c569a,a098f327a26fe8774c684ebae4a490737007ec44cf4386fa077d0dc67d26da8b,vid_a098f327a26fe877,C:\Users\DEVESH SHUKLA\Downloads\hemo\Assisted elbow flexion\Correct\20260910_144325.mp4,Correct,7,1300,1464,1184,1464,zero_based_inclusive,21.657433,24.406256000000003,2.7488230000000016,165,person4,inherited_not_independently_verified,Right,Correct,label,human_verified,human_verified,authoritative_user_confirmed,True,False,,a098f327a26fe8774c684ebae4a490737007ec44cf4386fa077d0dc67d26da8b,person4,unassigned,,2026-10-04T12:05:37.437Z,44b233be34340ff48f45013f0d75c6d0d90eb8ac731b678f4794f1529c2b1e11,/decisions/105,evidence/aef_v2_review_2026-10-04T14-18-12-118Z.json,False,False,False,does_not_override_authoritative_hand_and_label,human_review_export_revision,valid_source_range_inclusive_endpoint_allowed,,../../manifest.csv,,,,C:\dev\Haemophilia\processed_data\assisted_elbow_flexion\sequences\20260910_144325_rep_07_correct_person4.npy,provenance_only_not_canonical_model_input,STALE_range_revised,6b575aee9697b5719661d81891509f0acf05cc9660273c1f02f3e7eecf6a841c
rep_73da4dbfe62e87e2ac,a098f327a26fe8774c684ebae4a490737007ec44cf4386fa077d0dc67d26da8b,vid_a098f327a26fe877,C:\Users\DEVESH SHUKLA\Downloads\hemo\Assisted elbow flexion\Correct\20260910_144325.mp4,Correct,8,1464,1614,1464,1614,zero_based_inclusive,24.3896,26.905189,2.5155889999999985,151,person4,inherited_not_independently_verified,Left,Correct,label,human_verified,human_verified,authoritative_user_confirmed,True,False,,a098f327a26fe8774c684ebae4a490737007ec44cf4386fa077d0dc67d26da8b,person4,unassigned,,2026-10-04T12:05:55.544Z,44b233be34340ff48f45013f0d75c6d0d90eb8ac731b678f4794f1529c2b1e11,/decisions/106,evidence/aef_v2_review_2026-10-04T14-18-12-118Z.json,False,False,False,does_not_override_authoritative_hand_and_label,human_review_export_unchanged_candidate_range,valid_source_range_inclusive_endpoint_allowed,,../../manifest.csv,,,,C:\dev\Haemophilia\processed_data\assisted_elbow_flexion\sequences\20260910_144325_rep_08_correct_person4.npy,provenance_only_not_canonical_model_input,range_unchanged_hand_and_processing_semantics_not_validated_for_new_training,3e578bd1425fb3a795b2864ff355bf611e92eb9d0a31c4aa229d9e42f44c233f
rep_89410eaac0367f3a17,a098f327a26fe8774c684ebae4a490737007ec44cf4386fa077d0dc67d26da8b,vid_a098f327a26fe877,C:\Users\DEVESH SHUKLA\Downloads\hemo\Assisted elbow flexion\Correct\20260910_144325.mp4,Correct,9,1614,1750,1614,1886,zero_based_inclusive,26.888533,29.170889000000003,2.2823560000000036,137,person4,inherited_not_independently_verified,Right,Correct,label,human_verified,human_verified,authoritative_user_confirmed,True,False,,a098f327a26fe8774c684ebae4a490737007ec44cf4386fa077d0dc67d26da8b,person4,unassigned,,2026-10-04T12:06:23.975Z,44b233be34340ff48f45013f0d75c6d0d90eb8ac731b678f4794f1529c2b1e11,/decisions/107,evidence/aef_v2_review_2026-10-04T14-18-12-118Z.json,False,False,False,does_not_override_authoritative_hand_and_label,human_review_export_revision,valid_source_range_inclusive_endpoint_allowed,,../../manifest.csv,,,,C:\dev\Haemophilia\processed_data\assisted_elbow_flexion\sequences\20260910_144325_rep_09_correct_person4.npy,provenance_only_not_canonical_model_input,STALE_range_revised,48496818a36e011fb862d98e228031aee341ea2e93ec93d1eb83c0bbef69884b
rep_a9e0a6a7f11f1efc53,a098f327a26fe8774c684ebae4a490737007ec44cf4386fa077d0dc67d26da8b,vid_a098f327a26fe877,C:\Users\DEVESH SHUKLA\Downloads\hemo\Assisted elbow flexion\Correct\20260910_144325.mp4,Correct,10,1888,2038,1888,2038,zero_based_inclusive,31.453256,33.968855999999995,2.5155999999999956,151,person4,inherited_not_independently_verified,Right,Correct,label,human_verified,human_verified,authoritative_user_confirmed,True,False,,a098f327a26fe8774c684ebae4a490737007ec44cf4386fa077d0dc67d26da8b,person4,unassigned,,2026-10-04T12:06:40.057Z,44b233be34340ff48f45013f0d75c6d0d90eb8ac731b678f4794f1529c2b1e11,/decisions/108,evidence/aef_v2_review_2026-10-04T14-18-12-118Z.json,False,False,False,does_not_override_authoritative_hand_and_label,human_review_export_unchanged_candidate_range,valid_source_range_inclusive_endpoint_allowed,,../../manifest.csv,,,,C:\dev\Haemophilia\processed_data\assisted_elbow_flexion\sequences\20260910_144325_rep_10_correct_person4.npy,provenance_only_not_canonical_model_input,range_unchanged_hand_and_processing_semantics_not_validated_for_new_training,2d34b5804c468792a5694bb626daff52e696666553ba95a027222949218ef901
rep_b652806afe1fe9072b,a098f327a26fe8774c684ebae4a490737007ec44cf4386fa077d0dc67d26da8b,vid_a098f327a26fe877,C:\Users\DEVESH SHUKLA\Downloads\hemo\Assisted elbow flexion\Correct\20260910_144325.mp4,Correct,11,2038,2222,2038,2222,zero_based_inclusive,33.952189,37.034212,3.0820229999999995,185,person4,inherited_not_independently_verified,Left,Correct,label,human_verified,human_verified,authoritative_user_confirmed,True,False,,a098f327a26fe8774c684ebae4a490737007ec44cf4386fa077d0dc67d26da8b,person4,unassigned,,2026-10-04T12:06:55.664Z,44b233be34340ff48f45013f0d75c6d0d90eb8ac731b678f4794f1529c2b1e11,/decisions/109,evidence/aef_v2_review_2026-10-04T14-18-12-118Z.json,False,False,False,does_not_override_authoritative_hand_and_label,human_review_export_unchanged_candidate_range,valid_source_range_inclusive_endpoint_allowed,,../../manifest.csv,,,,C:\dev\Haemophilia\processed_data\assisted_elbow_flexion\sequences\20260910_144325_rep_11_correct_person4.npy,provenance_only_not_canonical_model_input,range_unchanged_hand_and_processing_semantics_not_validated_for_new_training,fccda4b58286bc06894ddd2f7a8d95aa43d28dd9a46e5792cbc02372b3822e53
rep_36e091bfd9c6523606,c63ebda7f39171bc5a2e686eb158743667393b6c138ec80830dc8b643869caf5,vid_c63ebda7f39171bc,C:\Users\DEVESH SHUKLA\Downloads\hemo\Assisted elbow flexion\Correct\20260910_144405.mp4,Correct,1,18,200,18,200,zero_based_inclusive,0.299878,3.348578,3.0486999999999997,183,person4,inherited_not_independently_verified,Right,Correct,label,human_verified,human_verified,authoritative_user_confirmed,True,False,,c63ebda7f39171bc5a2e686eb158743667393b6c138ec80830dc8b643869caf5,person4,unassigned,,2026-10-04T12:07:16.611Z,44b233be34340ff48f45013f0d75c6d0d90eb8ac731b678f4794f1529c2b1e11,/decisions/110,evidence/aef_v2_review_2026-10-04T14-18-12-118Z.json,False,False,False,does_not_override_authoritative_hand_and_label,human_review_export_unchanged_candidate_range,valid_source_range_inclusive_endpoint_allowed,,../../manifest.csv,,,,C:\dev\Haemophilia\processed_data\assisted_elbow_flexion\sequences\20260910_144405_rep_01_correct_person4.npy,provenance_only_not_canonical_model_input,range_unchanged_hand_and_processing_semantics_not_validated_for_new_training,9ad99e1e0911862d03aff955ddb709e2f07993491f57b93aedbd9b6853abbfc0
rep_946de87b024761fafe,c63ebda7f39171bc5a2e686eb158743667393b6c138ec80830dc8b643869caf5,vid_c63ebda7f39171bc,C:\Users\DEVESH SHUKLA\Downloads\hemo\Assisted elbow flexion\Correct\20260910_144405.mp4,Correct,2,200,330,200,314,zero_based_inclusive,3.331911,5.514323,2.1824120000000002,131,person4,inherited_not_independently_verified,Left,Correct,label,human_verified,human_verified,authoritative_user_confirmed,True,False,,c63ebda7f39171bc5a2e686eb158743667393b6c138ec80830dc8b643869caf5,person4,unassigned,,2026-10-04T12:07:45.034Z,44b233be34340ff48f45013f0d75c6d0d90eb8ac731b678f4794f1529c2b1e11,/decisions/111,evidence/aef_v2_review_2026-10-04T14-18-12-118Z.json,False,False,False,does_not_override_authoritative_hand_and_label,human_review_export_revision,valid_source_range_inclusive_endpoint_allowed,,../../manifest.csv,,,,C:\dev\Haemophilia\processed_data\assisted_elbow_flexion\sequences\20260910_144405_rep_02_correct_person4.npy,provenance_only_not_canonical_model_input,STALE_range_revised,970f19c13dee71a65ae358ed23636e6f0e7321e37f80cb57157be94a69a39fac
rep_35e3d2cee2f75e3e22,c63ebda7f39171bc5a2e686eb158743667393b6c138ec80830dc8b643869caf5,vid_c63ebda7f39171bc,C:\Users\DEVESH SHUKLA\Downloads\hemo\Assisted elbow flexion\Correct\20260910_144405.mp4,Correct,3,330,480,314,620,zero_based_inclusive,5.497656,8.013245,2.5155889999999994,151,person4,inherited_not_independently_verified,Right,Correct,label,human_verified,human_verified,authoritative_user_confirmed,True,False,,c63ebda7f39171bc5a2e686eb158743667393b6c138ec80830dc8b643869caf5,person4,unassigned,,2026-10-04T12:08:36.721Z,44b233be34340ff48f45013f0d75c6d0d90eb8ac731b678f4794f1529c2b1e11,/decisions/112,evidence/aef_v2_review_2026-10-04T14-18-12-118Z.json,False,False,False,does_not_override_authoritative_hand_and_label,human_review_export_revision,valid_source_range_inclusive_endpoint_allowed,,../../manifest.csv,,,,C:\dev\Haemophilia\processed_data\assisted_elbow_flexion\sequences\20260910_144405_rep_03_correct_person4.npy,provenance_only_not_canonical_model_input,STALE_range_revised,73dac9b71ad74015724c871c031230a1b6170637694a3cfe1872a3ca8fd12469
rep_2adad38065a30e32ca,c63ebda7f39171bc5a2e686eb158743667393b6c138ec80830dc8b643869caf5,vid_c63ebda7f39171bc,C:\Users\DEVESH SHUKLA\Downloads\hemo\Assisted elbow flexion\Correct\20260910_144405.mp4,Correct,4,626,770,626,770,zero_based_inclusive,10.428889,12.844534,2.4156449999999996,145,person4,inherited_not_independently_verified,Right,Correct,label,human_verified,human_verified,authoritative_user_confirmed,True,False,,c63ebda7f39171bc5a2e686eb158743667393b6c138ec80830dc8b643869caf5,person4,unassigned,,2026-10-04T12:08:54.718Z,44b233be34340ff48f45013f0d75c6d0d90eb8ac731b678f4794f1529c2b1e11,/decisions/113,evidence/aef_v2_review_2026-10-04T14-18-12-118Z.json,False,False,False,does_not_override_authoritative_hand_and_label,human_review_export_unchanged_candidate_range,valid_source_range_inclusive_endpoint_allowed,,../../manifest.csv,,,,C:\dev\Haemophilia\processed_data\assisted_elbow_flexion\sequences\20260910_144405_rep_04_correct_person4.npy,provenance_only_not_canonical_model_input,range_unchanged_hand_and_processing_semantics_not_validated_for_new_training,fb54725a2327f0d316c1844a61ba9e50efa07a9b048c942918fb10409db43057
rep_ff671892c1724ab31e,c63ebda7f39171bc5a2e686eb158743667393b6c138ec80830dc8b643869caf5,vid_c63ebda7f39171bc,C:\Users\DEVESH SHUKLA\Downloads\hemo\Assisted elbow flexion\Correct\20260910_144405.mp4,Correct,5,770,880,770,1000,zero_based_inclusive,12.827867,14.677078,1.8492110000000004,111,person4,inherited_not_independently_verified,Left,Correct,label,human_verified,human_verified,authoritative_user_confirmed,True,False,,c63ebda7f39171bc5a2e686eb158743667393b6c138ec80830dc8b643869caf5,person4,unassigned,,2026-10-04T12:09:27.674Z,44b233be34340ff48f45013f0d75c6d0d90eb8ac731b678f4794f1529c2b1e11,/decisions/114,evidence/aef_v2_review_2026-10-04T14-18-12-118Z.json,False,False,False,does_not_override_authoritative_hand_and_label,human_review_export_revision,valid_source_range_inclusive_endpoint_allowed,,../../manifest.csv,,,,C:\dev\Haemophilia\processed_data\assisted_elbow_flexion\sequences\20260910_144405_rep_05_correct_person4.npy,provenance_only_not_canonical_model_input,STALE_range_revised,3948ce981a28bb39ff944a17c55d71ceab5221176f3b3f62dd447faba46fa26e
rep_bd8591da4c0c8237a0,c63ebda7f39171bc5a2e686eb158743667393b6c138ec80830dc8b643869caf5,vid_c63ebda7f39171bc,C:\Users\DEVESH SHUKLA\Downloads\hemo\Assisted elbow flexion\Correct\20260910_144405.mp4,Correct,6,1000,1150,1000,1150,zero_based_inclusive,16.659567,19.175156,2.515589000000002,151,person4,inherited_not_independently_verified,Left,Correct,label,human_verified,human_verified,authoritative_user_confirmed,True,False,,c63ebda7f39171bc5a2e686eb158743667393b6c138ec80830dc8b643869caf5,person4,unassigned,,2026-10-04T12:09:45.344Z,44b233be34340ff48f45013f0d75c6d0d90eb8ac731b678f4794f1529c2b1e11,/decisions/115,evidence/aef_v2_review_2026-10-04T14-18-12-118Z.json,False,False,False,does_not_override_authoritative_hand_and_label,human_review_export_unchanged_candidate_range,valid_source_range_inclusive_endpoint_allowed,,../../manifest.csv,,,,C:\dev\Haemophilia\processed_data\assisted_elbow_flexion\sequences\20260910_144405_rep_06_correct_person4.npy,provenance_only_not_canonical_model_input,range_unchanged_hand_and_processing_semantics_not_validated_for_new_training,8932a5287cd869b98a83b1f076b56518b76270f5e738862cd867adb4d1b357fa
rep_ad037e7a08fb6f68f3,c63ebda7f39171bc5a2e686eb158743667393b6c138ec80830dc8b643869caf5,vid_c63ebda7f39171bc,C:\Users\DEVESH SHUKLA\Downloads\hemo\Assisted elbow flexion\Correct\20260910_144405.mp4,Correct,7,1150,1284,1150,1284,zero_based_inclusive,19.1585,21.407534000000002,2.2490340000000018,135,person4,inherited_not_independently_verified,Right,Correct,label,human_verified,human_verified,authoritative_user_confirmed,True,False,,c63ebda7f39171bc5a2e686eb158743667393b6c138ec80830dc8b643869caf5,person4,unassigned,,2026-10-04T12:10:01.632Z,44b233be34340ff48f45013f0d75c6d0d90eb8ac731b678f4794f1529c2b1e11,/decisions/116,evidence/aef_v2_review_2026-10-04T14-18-12-118Z.json,False,False,False,does_not_override_authoritative_hand_and_label,human_review_export_unchanged_candidate_range,valid_source_range_inclusive_endpoint_allowed,,../../manifest.csv,,,,C:\dev\Haemophilia\processed_data\assisted_elbow_flexion\sequences\20260910_144405_rep_07_correct_person4.npy,provenance_only_not_canonical_model_input,range_unchanged_hand_and_processing_semantics_not_validated_for_new_training,7e3bd94a55af682293267b31fa0f338b2728f36d7f96553949386c4e718930a6
rep_192fcfc43111194ede,c63ebda7f39171bc5a2e686eb158743667393b6c138ec80830dc8b643869caf5,vid_c63ebda7f39171bc,C:\Users\DEVESH SHUKLA\Downloads\hemo\Assisted elbow flexion\Correct\20260910_144405.mp4,Correct,8,1284,1420,1284,1550,zero_based_inclusive,21.390878,23.673256000000002,2.2823780000000014,137,person4,inherited_not_independently_verified,Left,Correct,label,human_verified,human_verified,authoritative_user_confirmed,True,False,,c63ebda7f39171bc5a2e686eb158743667393b6c138ec80830dc8b643869caf5,person4,unassigned,,2026-10-04T12:10:26.747Z,44b233be34340ff48f45013f0d75c6d0d90eb8ac731b678f4794f1529c2b1e11,/decisions/117,evidence/aef_v2_review_2026-10-04T14-18-12-118Z.json,False,False,False,does_not_override_authoritative_hand_and_label,human_review_export_revision,valid_source_range_inclusive_endpoint_allowed,,../../manifest.csv,,,,C:\dev\Haemophilia\processed_data\assisted_elbow_flexion\sequences\20260910_144405_rep_08_correct_person4.npy,provenance_only_not_canonical_model_input,STALE_range_revised,caa0e1037d58303019d4e127701f22ae001b36f389a3a562dd2f750ba6ebf391
rep_41d7f4014c8377557d,c63ebda7f39171bc5a2e686eb158743667393b6c138ec80830dc8b643869caf5,vid_c63ebda7f39171bc,C:\Users\DEVESH SHUKLA\Downloads\hemo\Assisted elbow flexion\Correct\20260910_144405.mp4,Correct,9,1554,1700,1554,1700,zero_based_inclusive,25.888967,28.337923,2.448955999999999,147,person4,inherited_not_independently_verified,Left,Correct,label,human_verified,human_verified,authoritative_user_confirmed,True,False,,c63ebda7f39171bc5a2e686eb158743667393b6c138ec80830dc8b643869caf5,person4,unassigned,,2026-10-04T12:10:40.979Z,44b233be34340ff48f45013f0d75c6d0d90eb8ac731b678f4794f1529c2b1e11,/decisions/118,evidence/aef_v2_review_2026-10-04T14-18-12-118Z.json,False,False,False,does_not_override_authoritative_hand_and_label,human_review_export_unchanged_candidate_range,valid_source_range_inclusive_endpoint_allowed,,../../manifest.csv,,,,C:\dev\Haemophilia\processed_data\assisted_elbow_flexion\sequences\20260910_144405_rep_09_correct_person4.npy,provenance_only_not_canonical_model_input,range_unchanged_hand_and_processing_semantics_not_validated_for_new_training,2c79c40de2cd15b830877d480d46abca0eec7978e502b28f9c5bfb9218907578
rep_d5a43d3ea2a3e2ae47,c63ebda7f39171bc5a2e686eb158743667393b6c138ec80830dc8b643869caf5,vid_c63ebda7f39171bc,C:\Users\DEVESH SHUKLA\Downloads\hemo\Assisted elbow flexion\Correct\20260910_144405.mp4,Correct,10,1700,1858,1700,1858,zero_based_inclusive,28.321267,30.970123,2.648856000000002,159,person4,inherited_not_independently_verified,Right,Correct,label,human_verified,human_verified,authoritative_user_confirmed,True,False,,c63ebda7f39171bc5a2e686eb158743667393b6c138ec80830dc8b643869caf5,person4,unassigned,,2026-10-04T12:10:57.102Z,44b233be34340ff48f45013f0d75c6d0d90eb8ac731b678f4794f1529c2b1e11,/decisions/119,evidence/aef_v2_review_2026-10-04T14-18-12-118Z.json,False,False,False,does_not_override_authoritative_hand_and_label,human_review_export_unchanged_candidate_range,valid_source_range_inclusive_endpoint_allowed,,../../manifest.csv,,,,C:\dev\Haemophilia\processed_data\assisted_elbow_flexion\sequences\20260910_144405_rep_10_correct_person4.npy,provenance_only_not_canonical_model_input,range_unchanged_hand_and_processing_semantics_not_validated_for_new_training,fb1f7c7dfee7d976a2df837fab6647190bffdfb775c024985af3f06624fb016c
rep_3a308bcf386c6a7ee0,c63ebda7f39171bc5a2e686eb158743667393b6c138ec80830dc8b643869caf5,vid_c63ebda7f39171bc,C:\Users\DEVESH SHUKLA\Downloads\hemo\Assisted elbow flexion\Correct\20260910_144405.mp4,Correct,11,1858,2022,1858,2022,zero_based_inclusive,30.953467,33.7023,2.748833000000001,165,person4,inherited_not_independently_verified,Left,Correct,label,human_verified,human_verified,authoritative_user_confirmed,True,False,,c63ebda7f39171bc5a2e686eb158743667393b6c138ec80830dc8b643869caf5,person4,unassigned,,2026-10-04T12:11:22.337Z,44b233be34340ff48f45013f0d75c6d0d90eb8ac731b678f4794f1529c2b1e11,/decisions/120,evidence/aef_v2_review_2026-10-04T14-18-12-118Z.json,False,False,False,does_not_override_authoritative_hand_and_label,human_review_export_unchanged_candidate_range,valid_source_range_inclusive_endpoint_allowed,,../../manifest.csv,,,,C:\dev\Haemophilia\processed_data\assisted_elbow_flexion\sequences\20260910_144405_rep_11_correct_person4.npy,provenance_only_not_canonical_model_input,range_unchanged_hand_and_processing_semantics_not_validated_for_new_training,78b020d0e963841010cd087bf86615d2e6891b4500e9e9863999d84533ab5ed6
rep_2bca3e223f0ea212b4,c63ebda7f39171bc5a2e686eb158743667393b6c138ec80830dc8b643869caf5,vid_c63ebda7f39171bc,C:\Users\DEVESH SHUKLA\Downloads\hemo\Assisted elbow flexion\Correct\20260910_144405.mp4,Correct,12,2022,2150,2022,2270,zero_based_inclusive,33.685633,35.834723,2.149089999999994,129,person4,inherited_not_independently_verified,Right,Correct,label,human_verified,human_verified,authoritative_user_confirmed,True,False,,c63ebda7f39171bc5a2e686eb158743667393b6c138ec80830dc8b643869caf5,person4,unassigned,,2026-10-04T12:12:02.148Z,44b233be34340ff48f45013f0d75c6d0d90eb8ac731b678f4794f1529c2b1e11,/decisions/121,evidence/aef_v2_review_2026-10-04T14-18-12-118Z.json,False,False,False,does_not_override_authoritative_hand_and_label,human_review_export_revision,valid_source_range_inclusive_endpoint_allowed,,../../manifest.csv,,,,C:\dev\Haemophilia\processed_data\assisted_elbow_flexion\sequences\20260910_144405_rep_12_correct_person4.npy,provenance_only_not_canonical_model_input,STALE_range_revised,5ab72e4c72635708b3ef3e095b6fdc2bfb6675b5ecc9882e234584751d194100
rep_6ba25eaa22a69f22ea,4d1daeb09e2c1b0e8d3930e205897ae84d6a3ce8235a0f45b0b791a77cf200c3,vid_4d1daeb09e2c1b0e,C:\Users\DEVESH SHUKLA\Downloads\hemo\Assisted elbow flexion\Correct\20260910_144448.mp4,Correct,1,42,200,42,306,zero_based_inclusive,0.6997,3.348578,2.648878,159,person4,inherited_not_independently_verified,Right,Correct,label,human_verified,human_verified,authoritative_user_confirmed,True,False,,4d1daeb09e2c1b0e8d3930e205897ae84d6a3ce8235a0f45b0b791a77cf200c3,person4,unassigned,,2026-10-04T12:12:44.106Z,44b233be34340ff48f45013f0d75c6d0d90eb8ac731b678f4794f1529c2b1e11,/decisions/122,evidence/aef_v2_review_2026-10-04T14-18-12-118Z.json,False,False,False,does_not_override_authoritative_hand_and_label,human_review_export_revision,valid_source_range_no_overlap,,../../manifest.csv,,,,C:\dev\Haemophilia\processed_data\assisted_elbow_flexion\sequences\20260910_144448_rep_01_correct_person4.npy,provenance_only_not_canonical_model_input,STALE_range_revised,b0aef2c6d491d53163cd1209922f729cb5ad17960a54263c930eadafb8a67ddd
rep_c47dfb83a60baa7049,4d1daeb09e2c1b0e8d3930e205897ae84d6a3ce8235a0f45b0b791a77cf200c3,vid_4d1daeb09e2c1b0e,C:\Users\DEVESH SHUKLA\Downloads\hemo\Assisted elbow flexion\Correct\20260910_144448.mp4,Correct,2,306,472,306,472,zero_based_inclusive,5.097822,7.879978,2.7821560000000005,167,person4,inherited_not_independently_verified,Right,Correct,label,human_verified,human_verified,authoritative_user_confirmed,True,False,,4d1daeb09e2c1b0e8d3930e205897ae84d6a3ce8235a0f45b0b791a77cf200c3,person4,unassigned,,2026-10-04T12:12:59.837Z,44b233be34340ff48f45013f0d75c6d0d90eb8ac731b678f4794f1529c2b1e11,/decisions/123,evidence/aef_v2_review_2026-10-04T14-18-12-118Z.json,False,False,False,does_not_override_authoritative_hand_and_label,human_review_export_unchanged_candidate_range,valid_source_range_inclusive_endpoint_allowed,,../../manifest.csv,,,,C:\dev\Haemophilia\processed_data\assisted_elbow_flexion\sequences\20260910_144448_rep_02_correct_person4.npy,provenance_only_not_canonical_model_input,range_unchanged_hand_and_processing_semantics_not_validated_for_new_training,6955fb570074ff93d5ba6e17ed12abfa257819036249da8ba3516d1c62bc810f
rep_f6ac69e13453320ef3,4d1daeb09e2c1b0e8d3930e205897ae84d6a3ce8235a0f45b0b791a77cf200c3,vid_4d1daeb09e2c1b0e,C:\Users\DEVESH SHUKLA\Downloads\hemo\Assisted elbow flexion\Correct\20260910_144448.mp4,Correct,3,472,642,472,642,zero_based_inclusive,7.863311,10.7121,2.848788999999999,171,person4,inherited_not_independently_verified,Left,Correct,label,human_verified,human_verified,authoritative_user_confirmed,True,False,,4d1daeb09e2c1b0e8d3930e205897ae84d6a3ce8235a0f45b0b791a77cf200c3,person4,unassigned,,2026-10-04T12:13:14.997Z,44b233be34340ff48f45013f0d75c6d0d90eb8ac731b678f4794f1529c2b1e11,/decisions/124,evidence/aef_v2_review_2026-10-04T14-18-12-118Z.json,False,False,False,does_not_override_authoritative_hand_and_label,human_review_export_unchanged_candidate_range,valid_source_range_inclusive_endpoint_allowed,,../../manifest.csv,,,,C:\dev\Haemophilia\processed_data\assisted_elbow_flexion\sequences\20260910_144448_rep_03_correct_person4.npy,provenance_only_not_canonical_model_input,range_unchanged_hand_and_processing_semantics_not_validated_for_new_training,c939260e5fe79213cf846667acf304d56f3c3124f7efe606141b373d481ed092
rep_4fc424027655115822,4d1daeb09e2c1b0e8d3930e205897ae84d6a3ce8235a0f45b0b791a77cf200c3,vid_4d1daeb09e2c1b0e,C:\Users\DEVESH SHUKLA\Downloads\hemo\Assisted elbow flexion\Correct\20260910_144448.mp4,Correct,4,642,765,642,898,zero_based_inclusive,10.695444,12.761223,2.065778999999999,124,person4,inherited_not_independently_verified,Right,Correct,label,human_verified,human_verified,authoritative_user_confirmed,True,False,,4d1daeb09e2c1b0e8d3930e205897ae84d6a3ce8235a0f45b0b791a77cf200c3,person4,unassigned,,2026-10-04T12:13:59.820Z,44b233be34340ff48f45013f0d75c6d0d90eb8ac731b678f4794f1529c2b1e11,/decisions/125,evidence/aef_v2_review_2026-10-04T14-18-12-118Z.json,False,False,False,does_not_override_authoritative_hand_and_label,human_review_export_revision,valid_source_range_inclusive_endpoint_allowed,,../../manifest.csv,,,,C:\dev\Haemophilia\processed_data\assisted_elbow_flexion\sequences\20260910_144448_rep_04_correct_person4.npy,provenance_only_not_canonical_model_input,STALE_range_revised,e4d96e13e584eb011c9cad7c8e0ca5c291595fd0edc08c965d03adad4fa3ef04
rep_11a1d40991198961f0,4d1daeb09e2c1b0e8d3930e205897ae84d6a3ce8235a0f45b0b791a77cf200c3,vid_4d1daeb09e2c1b0e,C:\Users\DEVESH SHUKLA\Downloads\hemo\Assisted elbow flexion\Correct\20260910_144448.mp4,Correct,5,900,1014,900,1014,zero_based_inclusive,14.993611,16.909467000000003,1.9158560000000033,115,person4,inherited_not_independently_verified,Right,Correct,label,human_verified,human_verified,authoritative_user_confirmed,True,False,,4d1daeb09e2c1b0e8d3930e205897ae84d6a3ce8235a0f45b0b791a77cf200c3,person4,unassigned,,2026-10-04T12:14:22.682Z,44b233be34340ff48f45013f0d75c6d0d90eb8ac731b678f4794f1529c2b1e11,/decisions/126,evidence/aef_v2_review_2026-10-04T14-18-12-118Z.json,False,False,False,does_not_override_authoritative_hand_and_label,human_review_export_unchanged_candidate_range,valid_source_range_inclusive_endpoint_allowed,,../../manifest.csv,,,,C:\dev\Haemophilia\processed_data\assisted_elbow_flexion\sequences\20260910_144448_rep_05_correct_person4.npy,provenance_only_not_canonical_model_input,range_unchanged_hand_and_processing_semantics_not_validated_for_new_training,9d32bdbaeb949d981482234356413f1bf0d3aabe493b0ed1e123f0be3b889e91
rep_63276acd130a1a16ce,4d1daeb09e2c1b0e8d3930e205897ae84d6a3ce8235a0f45b0b791a77cf200c3,vid_4d1daeb09e2c1b0e,C:\Users\DEVESH SHUKLA\Downloads\hemo\Assisted elbow flexion\Correct\20260910_144448.mp4,Correct,6,1014,1140,1014,1302,zero_based_inclusive,16.8928,19.008556000000002,2.115756000000001,127,person4,inherited_not_independently_verified,Left,Correct,label,human_verified,human_verified,authoritative_user_confirmed,True,False,,4d1daeb09e2c1b0e8d3930e205897ae84d6a3ce8235a0f45b0b791a77cf200c3,person4,unassigned,,2026-10-04T12:15:13.536Z,44b233be34340ff48f45013f0d75c6d0d90eb8ac731b678f4794f1529c2b1e11,/decisions/127,evidence/aef_v2_review_2026-10-04T14-18-12-118Z.json,False,False,False,does_not_override_authoritative_hand_and_label,human_review_export_revision,valid_source_range_inclusive_endpoint_allowed,,../../manifest.csv,,,,C:\dev\Haemophilia\processed_data\assisted_elbow_flexion\sequences\20260910_144448_rep_06_correct_person4.npy,provenance_only_not_canonical_model_input,STALE_range_revised,58faf741ce7ef90ab9b433de4716ff7d88f6f829829b0b2cf98c63b529dcda08
rep_b2360b4774599f8408,4d1daeb09e2c1b0e8d3930e205897ae84d6a3ce8235a0f45b0b791a77cf200c3,vid_4d1daeb09e2c1b0e,C:\Users\DEVESH SHUKLA\Downloads\hemo\Assisted elbow flexion\Correct\20260910_144448.mp4,Correct,7,1308,1434,1308,1434,zero_based_inclusive,21.790711,23.906467000000003,2.115756000000001,127,person4,inherited_not_independently_verified,Left,Correct,label,human_verified,human_verified,authoritative_user_confirmed,True,False,,4d1daeb09e2c1b0e8d3930e205897ae84d6a3ce8235a0f45b0b791a77cf200c3,person4,unassigned,,2026-10-04T12:15:28.813Z,44b233be34340ff48f45013f0d75c6d0d90eb8ac731b678f4794f1529c2b1e11,/decisions/128,evidence/aef_v2_review_2026-10-04T14-18-12-118Z.json,False,False,False,does_not_override_authoritative_hand_and_label,human_review_export_unchanged_candidate_range,valid_source_range_inclusive_endpoint_allowed,,../../manifest.csv,,,,C:\dev\Haemophilia\processed_data\assisted_elbow_flexion\sequences\20260910_144448_rep_07_correct_person4.npy,provenance_only_not_canonical_model_input,range_unchanged_hand_and_processing_semantics_not_validated_for_new_training,c62041126b04397de5aa3121df8b2f5ed8afa9cca48b1eb4d80cbb601d1c1f43
rep_d8f0afe79b91d46b4e,4d1daeb09e2c1b0e8d3930e205897ae84d6a3ce8235a0f45b0b791a77cf200c3,vid_4d1daeb09e2c1b0e,C:\Users\DEVESH SHUKLA\Downloads\hemo\Assisted elbow flexion\Correct\20260910_144448.mp4,Correct,8,1434,1552,1434,1552,zero_based_inclusive,23.889811,25.872311000000003,1.9825000000000017,119,person4,inherited_not_independently_verified,Right,Correct,label,human_verified,human_verified,authoritative_user_confirmed,True,False,,4d1daeb09e2c1b0e8d3930e205897ae84d6a3ce8235a0f45b0b791a77cf200c3,person4,unassigned,,2026-10-04T12:15:42.777Z,44b233be34340ff48f45013f0d75c6d0d90eb8ac731b678f4794f1529c2b1e11,/decisions/129,evidence/aef_v2_review_2026-10-04T14-18-12-118Z.json,False,False,False,does_not_override_authoritative_hand_and_label,human_review_export_unchanged_candidate_range,valid_source_range_inclusive_endpoint_allowed,,../../manifest.csv,,,,C:\dev\Haemophilia\processed_data\assisted_elbow_flexion\sequences\20260910_144448_rep_08_correct_person4.npy,provenance_only_not_canonical_model_input,range_unchanged_hand_and_processing_semantics_not_validated_for_new_training,ab3613c70ea5414cceca2c7d550090ac292d6be0d937782b69c8677f85b96933
rep_0def6e3c339b9e5a3a,4d1daeb09e2c1b0e8d3930e205897ae84d6a3ce8235a0f45b0b791a77cf200c3,vid_4d1daeb09e2c1b0e,C:\Users\DEVESH SHUKLA\Downloads\hemo\Assisted elbow flexion\Correct\20260910_144448.mp4,Correct,9,1552,1700,1552,1836,zero_based_inclusive,25.855644,28.337923,2.4822789999999983,149,person4,inherited_not_independently_verified,Left,Correct,label,human_verified,human_verified,authoritative_user_confirmed,True,False,,4d1daeb09e2c1b0e8d3930e205897ae84d6a3ce8235a0f45b0b791a77cf200c3,person4,unassigned,,2026-10-04T12:16:13.269Z,44b233be34340ff48f45013f0d75c6d0d90eb8ac731b678f4794f1529c2b1e11,/decisions/130,evidence/aef_v2_review_2026-10-04T14-18-12-118Z.json,False,False,False,does_not_override_authoritative_hand_and_label,human_review_export_revision,valid_source_range_inclusive_endpoint_allowed,,../../manifest.csv,,,,C:\dev\Haemophilia\processed_data\assisted_elbow_flexion\sequences\20260910_144448_rep_09_correct_person4.npy,provenance_only_not_canonical_model_input,STALE_range_revised,7d413c2c68318b87f933c2db46f8555a91518fbb99dc3d88a8b88a1570771f51
rep_3b63838c9199bc61e4,4d1daeb09e2c1b0e8d3930e205897ae84d6a3ce8235a0f45b0b791a77cf200c3,vid_4d1daeb09e2c1b0e,C:\Users\DEVESH SHUKLA\Downloads\hemo\Assisted elbow flexion\Correct\20260910_144448.mp4,Correct,10,1836,2012,1836,2012,zero_based_inclusive,30.586956,33.5357,2.948743999999998,177,person4,inherited_not_independently_verified,Left,Correct,label,human_verified,human_verified,authoritative_user_confirmed,True,False,,4d1daeb09e2c1b0e8d3930e205897ae84d6a3ce8235a0f45b0b791a77cf200c3,person4,unassigned,,2026-10-04T12:16:30.747Z,44b233be34340ff48f45013f0d75c6d0d90eb8ac731b678f4794f1529c2b1e11,/decisions/131,evidence/aef_v2_review_2026-10-04T14-18-12-118Z.json,False,False,False,does_not_override_authoritative_hand_and_label,human_review_export_unchanged_candidate_range,valid_source_range_no_overlap,,../../manifest.csv,,,,C:\dev\Haemophilia\processed_data\assisted_elbow_flexion\sequences\20260910_144448_rep_10_correct_person4.npy,provenance_only_not_canonical_model_input,range_unchanged_hand_and_processing_semantics_not_validated_for_new_training,b30ad5a20c2fe7cfeb08a1e51cc39f9a48c45ffad652931bb0938571c1c52511
rep_02baf361a41927f7e1,a7e0a74bb2cacc238320858de25d30ce6495e8cd04b46aea3b3d024289aca5db,vid_a7e0a74bb2cacc23,C:\Users\DEVESH SHUKLA\Downloads\hemo\Assisted elbow flexion\Incorrect\20260910_150357.mp4,Incorrect,1,0,158,62,158,zero_based_inclusive,0.0,2.648878,2.648878,159,person5,inherited_not_independently_verified,Left,Incorrect,label,human_verified,human_verified,authoritative_user_confirmed,True,False,,a7e0a74bb2cacc238320858de25d30ce6495e8cd04b46aea3b3d024289aca5db,person5,unassigned,,2026-10-04T12:17:22.155Z,44b233be34340ff48f45013f0d75c6d0d90eb8ac731b678f4794f1529c2b1e11,/decisions/132,evidence/aef_v2_review_2026-10-04T14-18-12-118Z.json,False,False,False,does_not_override_authoritative_hand_and_label,human_review_export_revision,valid_source_range_no_overlap,,../../manifest.csv,,,,C:\dev\Haemophilia\processed_data\assisted_elbow_flexion\sequences\20260910_150357_rep_01_incorrect_person5.npy,provenance_only_not_canonical_model_input,STALE_range_revised,8b829ad6119d25c5ff4eb14a41c31b3e9c4836a4597feb7e292d3b0ce81ceb8e
rep_443563c8a2fba0febe,a7e0a74bb2cacc238320858de25d30ce6495e8cd04b46aea3b3d024289aca5db,vid_a7e0a74bb2cacc23,C:\Users\DEVESH SHUKLA\Downloads\hemo\Assisted elbow flexion\Incorrect\20260910_150357.mp4,Incorrect,3,342,450,342,544,zero_based_inclusive,5.697567,7.513467,1.8159,109,person5,inherited_not_independently_verified,Right,Incorrect,label,human_verified,human_verified,authoritative_user_confirmed,True,False,,a7e0a74bb2cacc238320858de25d30ce6495e8cd04b46aea3b3d024289aca5db,person5,unassigned,,2026-10-04T12:18:33.686Z,44b233be34340ff48f45013f0d75c6d0d90eb8ac731b678f4794f1529c2b1e11,/decisions/133,evidence/aef_v2_review_2026-10-04T14-18-12-118Z.json,False,False,False,does_not_override_authoritative_hand_and_label,human_review_export_revision,valid_source_range_no_overlap,,../../manifest.csv,,,,C:\dev\Haemophilia\processed_data\assisted_elbow_flexion\sequences\20260910_150357_rep_03_incorrect_person5.npy,provenance_only_not_canonical_model_input,STALE_range_revised,58e007c34006bb2a5b6293d0626352fe9543c1311a8f6a364671080a7bd46375
rep_826841f39e9298f126,a7e0a74bb2cacc238320858de25d30ce6495e8cd04b46aea3b3d024289aca5db,vid_a7e0a74bb2cacc23,C:\Users\DEVESH SHUKLA\Downloads\hemo\Assisted elbow flexion\Incorrect\20260910_150357.mp4,Incorrect,4,600,770,544,748,zero_based_inclusive,9.995733,12.844534,2.848801,171,person5,inherited_not_independently_verified,Right,Incorrect,label,human_verified,human_verified,authoritative_user_confirmed,True,False,,a7e0a74bb2cacc238320858de25d30ce6495e8cd04b46aea3b3d024289aca5db,person5,unassigned,,2026-10-04T12:19:38.309Z,44b233be34340ff48f45013f0d75c6d0d90eb8ac731b678f4794f1529c2b1e11,/decisions/134,evidence/aef_v2_review_2026-10-04T14-18-12-118Z.json,False,False,False,does_not_override_authoritative_hand_and_label,human_review_export_revision,valid_source_range_shared_transition_context,Shared frames show the right arm lowered between distinct flexion peaks. Retain common turnaround/extension context.,../../manifest.csv,,,,C:\dev\Haemophilia\processed_data\assisted_elbow_flexion\sequences\20260910_150357_rep_04_incorrect_person5.npy,provenance_only_not_canonical_model_input,STALE_range_revised,ab790ce604a058152f243f5adfdcaaa90d8033d34b711f009e2fb91bb83cd00d
rep_cd3eab9efb5a4c93d3,a7e0a74bb2cacc238320858de25d30ce6495e8cd04b46aea3b3d024289aca5db,vid_a7e0a74bb2cacc23,C:\Users\DEVESH SHUKLA\Downloads\hemo\Assisted elbow flexion\Incorrect\20260910_150357.mp4,Incorrect,5,748,924,748,924,zero_based_inclusive,12.461356,15.410111,2.9487550000000002,177,person5,inherited_not_independently_verified,Right,Incorrect,label,human_verified,human_verified,authoritative_user_confirmed,True,False,,a7e0a74bb2cacc238320858de25d30ce6495e8cd04b46aea3b3d024289aca5db,person5,unassigned,,2026-10-04T12:20:02.966Z,44b233be34340ff48f45013f0d75c6d0d90eb8ac731b678f4794f1529c2b1e11,/decisions/135,evidence/aef_v2_review_2026-10-04T14-18-12-118Z.json,False,False,False,does_not_override_authoritative_hand_and_label,human_review_export_unchanged_candidate_range,valid_source_range_shared_transition_context,Shared frames show the right arm lowered between distinct flexion peaks. Retain common turnaround/extension context.,../../manifest.csv,,,,C:\dev\Haemophilia\processed_data\assisted_elbow_flexion\sequences\20260910_150357_rep_05_incorrect_person5.npy,provenance_only_not_canonical_model_input,range_unchanged_hand_and_processing_semantics_not_validated_for_new_training,786c799d2c40d49b1814c0eba3196678f6c898a927c4aeb3bb0a0824b14b516a
rep_3138501c806e115527,a7e0a74bb2cacc238320858de25d30ce6495e8cd04b46aea3b3d024289aca5db,vid_a7e0a74bb2cacc23,C:\Users\DEVESH SHUKLA\Downloads\hemo\Assisted elbow flexion\Incorrect\20260910_150357.mp4,Incorrect,6,924,1084,924,1084,zero_based_inclusive,15.393444,18.075634,2.6821900000000003,161,person5,inherited_not_independently_verified,Right,Incorrect,label,human_verified,human_verified,authoritative_user_confirmed,True,False,,a7e0a74bb2cacc238320858de25d30ce6495e8cd04b46aea3b3d024289aca5db,person5,unassigned,,2026-10-04T12:20:17.669Z,44b233be34340ff48f45013f0d75c6d0d90eb8ac731b678f4794f1529c2b1e11,/decisions/136,evidence/aef_v2_review_2026-10-04T14-18-12-118Z.json,False,False,False,does_not_override_authoritative_hand_and_label,human_review_export_unchanged_candidate_range,valid_source_range_inclusive_endpoint_allowed,,../../manifest.csv,,,,C:\dev\Haemophilia\processed_data\assisted_elbow_flexion\sequences\20260910_150357_rep_06_incorrect_person5.npy,provenance_only_not_canonical_model_input,range_unchanged_hand_and_processing_semantics_not_validated_for_new_training,d9a039339988325efd0b2959904de4f01e0421a79ff70f023c33001b1218c862
rep_9b8cb4166cbacaada7,a7e0a74bb2cacc238320858de25d30ce6495e8cd04b46aea3b3d024289aca5db,vid_a7e0a74bb2cacc23,C:\Users\DEVESH SHUKLA\Downloads\hemo\Assisted elbow flexion\Incorrect\20260910_150357.mp4,Incorrect,7,1084,1280,1084,1384,zero_based_inclusive,18.058967,21.3409,3.281933000000002,197,person5,inherited_not_independently_verified,Right,Incorrect,label,human_verified,human_verified,authoritative_user_confirmed,True,False,,a7e0a74bb2cacc238320858de25d30ce6495e8cd04b46aea3b3d024289aca5db,person5,unassigned,,2026-10-04T12:20:56.037Z,44b233be34340ff48f45013f0d75c6d0d90eb8ac731b678f4794f1529c2b1e11,/decisions/137,evidence/aef_v2_review_2026-10-04T14-18-12-118Z.json,False,False,False,does_not_override_authoritative_hand_and_label,human_review_export_revision,valid_source_range_inclusive_endpoint_allowed,,../../manifest.csv,,,,C:\dev\Haemophilia\processed_data\assisted_elbow_flexion\sequences\20260910_150357_rep_07_incorrect_person5.npy,provenance_only_not_canonical_model_input,STALE_range_revised,95882cbe3eacdf97a8a547b9bc1f833f02bf3bd43faf24e9b4edd77f20eeed0f
rep_fd1259ada4de072a01,a7e0a74bb2cacc238320858de25d30ce6495e8cd04b46aea3b3d024289aca5db,vid_a7e0a74bb2cacc23,C:\Users\DEVESH SHUKLA\Downloads\hemo\Assisted elbow flexion\Incorrect\20260910_150357.mp4,Incorrect,8,1384,1522,1384,1522,zero_based_inclusive,23.056833,25.372512,2.3156789999999994,139,person5,inherited_not_independently_verified,Left,Incorrect,label,human_verified,human_verified,authoritative_user_confirmed,True,False,,a7e0a74bb2cacc238320858de25d30ce6495e8cd04b46aea3b3d024289aca5db,person5,unassigned,,2026-10-04T12:21:13.679Z,44b233be34340ff48f45013f0d75c6d0d90eb8ac731b678f4794f1529c2b1e11,/decisions/138,evidence/aef_v2_review_2026-10-04T14-18-12-118Z.json,False,False,False,does_not_override_authoritative_hand_and_label,human_review_export_unchanged_candidate_range,valid_source_range_inclusive_endpoint_allowed,,../../manifest.csv,,,,C:\dev\Haemophilia\processed_data\assisted_elbow_flexion\sequences\20260910_150357_rep_08_incorrect_person5.npy,provenance_only_not_canonical_model_input,range_unchanged_hand_and_processing_semantics_not_validated_for_new_training,a16f108a9fb685b92ace1fb78c9399eb3578c78b031d8586a27d3a221099ae42
rep_dd74432211f9ffa5e1,a7e0a74bb2cacc238320858de25d30ce6495e8cd04b46aea3b3d024289aca5db,vid_a7e0a74bb2cacc23,C:\Users\DEVESH SHUKLA\Downloads\hemo\Assisted elbow flexion\Incorrect\20260910_150357.mp4,Incorrect,9,1522,1658,1522,1658,zero_based_inclusive,25.355856,27.638223000000004,2.2823670000000043,137,person5,inherited_not_independently_verified,Left,Incorrect,label,human_verified,human_verified,authoritative_user_confirmed,True,False,,a7e0a74bb2cacc238320858de25d30ce6495e8cd04b46aea3b3d024289aca5db,person5,unassigned,,2026-10-04T12:21:29.630Z,44b233be34340ff48f45013f0d75c6d0d90eb8ac731b678f4794f1529c2b1e11,/decisions/139,evidence/aef_v2_review_2026-10-04T14-18-12-118Z.json,False,False,False,does_not_override_authoritative_hand_and_label,human_review_export_unchanged_candidate_range,valid_source_range_inclusive_endpoint_allowed,,../../manifest.csv,,,,C:\dev\Haemophilia\processed_data\assisted_elbow_flexion\sequences\20260910_150357_rep_09_incorrect_person5.npy,provenance_only_not_canonical_model_input,range_unchanged_hand_and_processing_semantics_not_validated_for_new_training,37b9e863bea5d861395ac04b7e31a73f5c2ec192eae5de0414ece4d109bdb21e
rep_91609c5df4bead6c69,a7e0a74bb2cacc238320858de25d30ce6495e8cd04b46aea3b3d024289aca5db,vid_a7e0a74bb2cacc23,C:\Users\DEVESH SHUKLA\Downloads\hemo\Assisted elbow flexion\Incorrect\20260910_150357.mp4,Incorrect,10,1658,1814,1658,1814,zero_based_inclusive,27.621556,30.237112,2.615555999999998,157,person5,inherited_not_independently_verified,Left,Incorrect,label,human_verified,human_verified,authoritative_user_confirmed,True,False,,a7e0a74bb2cacc238320858de25d30ce6495e8cd04b46aea3b3d024289aca5db,person5,unassigned,,2026-10-04T12:21:47.839Z,44b233be34340ff48f45013f0d75c6d0d90eb8ac731b678f4794f1529c2b1e11,/decisions/140,evidence/aef_v2_review_2026-10-04T14-18-12-118Z.json,False,False,False,does_not_override_authoritative_hand_and_label,human_review_export_unchanged_candidate_range,valid_source_range_inclusive_endpoint_allowed,,../../manifest.csv,,,,C:\dev\Haemophilia\processed_data\assisted_elbow_flexion\sequences\20260910_150357_rep_10_incorrect_person5.npy,provenance_only_not_canonical_model_input,range_unchanged_hand_and_processing_semantics_not_validated_for_new_training,5de5fa33e5103fc46c8a024a061a51f26d0e2747a07d76264c9145a6bb806931
rep_a37330b43adea50a3e,a7e0a74bb2cacc238320858de25d30ce6495e8cd04b46aea3b3d024289aca5db,vid_a7e0a74bb2cacc23,C:\Users\DEVESH SHUKLA\Downloads\hemo\Assisted elbow flexion\Incorrect\20260910_150357.mp4,Incorrect,11,1814,1954,1814,1954,zero_based_inclusive,30.220456,32.569455999999995,2.3489999999999966,141,person5,inherited_not_independently_verified,Left,Incorrect,label,human_verified,human_verified,authoritative_user_confirmed,True,False,,a7e0a74bb2cacc238320858de25d30ce6495e8cd04b46aea3b3d024289aca5db,person5,unassigned,,2026-10-04T12:22:02.600Z,44b233be34340ff48f45013f0d75c6d0d90eb8ac731b678f4794f1529c2b1e11,/decisions/141,evidence/aef_v2_review_2026-10-04T14-18-12-118Z.json,False,False,False,does_not_override_authoritative_hand_and_label,human_review_export_unchanged_candidate_range,valid_source_range_inclusive_endpoint_allowed,,../../manifest.csv,,,,C:\dev\Haemophilia\processed_data\assisted_elbow_flexion\sequences\20260910_150357_rep_11_incorrect_person5.npy,provenance_only_not_canonical_model_input,range_unchanged_hand_and_processing_semantics_not_validated_for_new_training,5e7a84da51a6df2302a9a9201207aa08a9165531a21fd0e96d3ddc252a85a59a
rep_4ad73d552251012434,a7e0a74bb2cacc238320858de25d30ce6495e8cd04b46aea3b3d024289aca5db,vid_a7e0a74bb2cacc23,C:\Users\DEVESH SHUKLA\Downloads\hemo\Assisted elbow flexion\Incorrect\20260910_150357.mp4,Incorrect,12,1954,2094,1954,2094,zero_based_inclusive,32.552789,34.901789,2.3490000000000038,141,person5,inherited_not_independently_verified,Left,Incorrect,label,human_verified,human_verified,authoritative_user_confirmed,True,False,,a7e0a74bb2cacc238320858de25d30ce6495e8cd04b46aea3b3d024289aca5db,person5,unassigned,,2026-10-04T12:22:23.100Z,44b233be34340ff48f45013f0d75c6d0d90eb8ac731b678f4794f1529c2b1e11,/decisions/142,evidence/aef_v2_review_2026-10-04T14-18-12-118Z.json,False,False,False,does_not_override_authoritative_hand_and_label,human_review_export_unchanged_candidate_range,valid_source_range_inclusive_endpoint_allowed,,../../manifest.csv,,,,C:\dev\Haemophilia\processed_data\assisted_elbow_flexion\sequences\20260910_150357_rep_12_incorrect_person5.npy,provenance_only_not_canonical_model_input,range_unchanged_hand_and_processing_semantics_not_validated_for_new_training,40f48afdd5b9de3af0b716c353d2a6bd3ef5ccefa5dbbd63237438bdf7a12153
rep_fa168bf284d8c96c8f,ac42199741c9c0c13105fcb9fddaa253e6440d9eb036a6fdc179c8b8090134ba,vid_ac42199741c9c0c1,C:\Users\DEVESH SHUKLA\Downloads\hemo\Assisted elbow flexion\Incorrect\20260910_150438.mp4,Incorrect,1,10,120,10,120,zero_based_inclusive,0.1666,2.0158,1.8492,111,person5,inherited_not_independently_verified,Left,Incorrect,label,human_verified,human_verified,authoritative_user_confirmed,True,False,,ac42199741c9c0c13105fcb9fddaa253e6440d9eb036a6fdc179c8b8090134ba,person5,unassigned,,2026-10-04T12:22:39.529Z,44b233be34340ff48f45013f0d75c6d0d90eb8ac731b678f4794f1529c2b1e11,/decisions/143,evidence/aef_v2_review_2026-10-04T14-18-12-118Z.json,False,False,False,does_not_override_authoritative_hand_and_label,human_review_export_unchanged_candidate_range,valid_source_range_inclusive_endpoint_allowed,,../../manifest.csv,,,,C:\dev\Haemophilia\processed_data\assisted_elbow_flexion\sequences\20260910_150438_rep_01_incorrect_person5.npy,provenance_only_not_canonical_model_input,range_unchanged_hand_and_processing_semantics_not_validated_for_new_training,164e93fba1bf0b6636236e6016eb994145d5c05cf70fe28cec97cd040cf48309
rep_acba12d05fb8cb1071,ac42199741c9c0c13105fcb9fddaa253e6440d9eb036a6fdc179c8b8090134ba,vid_ac42199741c9c0c1,C:\Users\DEVESH SHUKLA\Downloads\hemo\Assisted elbow flexion\Incorrect\20260910_150438.mp4,Incorrect,2,120,264,120,264,zero_based_inclusive,1.999144,4.4148,2.4156559999999994,145,person5,inherited_not_independently_verified,Left,Incorrect,label,human_verified,human_verified,authoritative_user_confirmed,True,False,,ac42199741c9c0c13105fcb9fddaa253e6440d9eb036a6fdc179c8b8090134ba,person5,unassigned,,2026-10-04T12:22:58.619Z,44b233be34340ff48f45013f0d75c6d0d90eb8ac731b678f4794f1529c2b1e11,/decisions/144,evidence/aef_v2_review_2026-10-04T14-18-12-118Z.json,False,False,False,does_not_override_authoritative_hand_and_label,human_review_export_unchanged_candidate_range,valid_source_range_inclusive_endpoint_allowed,,../../manifest.csv,,,,C:\dev\Haemophilia\processed_data\assisted_elbow_flexion\sequences\20260910_150438_rep_02_incorrect_person5.npy,provenance_only_not_canonical_model_input,range_unchanged_hand_and_processing_semantics_not_validated_for_new_training,7b6c8b7598ece2684b2f04e54b352f0da13a67a8f82c974ad182420ab8a95e12
rep_fa63fb414a09fba399,ac42199741c9c0c13105fcb9fddaa253e6440d9eb036a6fdc179c8b8090134ba,vid_ac42199741c9c0c1,C:\Users\DEVESH SHUKLA\Downloads\hemo\Assisted elbow flexion\Incorrect\20260910_150438.mp4,Incorrect,3,264,416,264,416,zero_based_inclusive,4.398133,6.947045,2.5489120000000005,153,person5,inherited_not_independently_verified,Left,Incorrect,label,human_verified,human_verified,authoritative_user_confirmed,True,False,,ac42199741c9c0c13105fcb9fddaa253e6440d9eb036a6fdc179c8b8090134ba,person5,unassigned,,2026-10-04T12:23:13.396Z,44b233be34340ff48f45013f0d75c6d0d90eb8ac731b678f4794f1529c2b1e11,/decisions/145,evidence/aef_v2_review_2026-10-04T14-18-12-118Z.json,False,False,False,does_not_override_authoritative_hand_and_label,human_review_export_unchanged_candidate_range,valid_source_range_inclusive_endpoint_allowed,,../../manifest.csv,,,,C:\dev\Haemophilia\processed_data\assisted_elbow_flexion\sequences\20260910_150438_rep_03_incorrect_person5.npy,provenance_only_not_canonical_model_input,range_unchanged_hand_and_processing_semantics_not_validated_for_new_training,25304456ba7602321a878157b0fbff0b0cd4f5351ee9525affcb89d11e515265
rep_8c2b0e419612f75982,ac42199741c9c0c13105fcb9fddaa253e6440d9eb036a6fdc179c8b8090134ba,vid_ac42199741c9c0c1,C:\Users\DEVESH SHUKLA\Downloads\hemo\Assisted elbow flexion\Incorrect\20260910_150438.mp4,Incorrect,4,416,592,416,592,zero_based_inclusive,6.930378,9.879112,2.948733999999999,177,person5,inherited_not_independently_verified,Left,Incorrect,label,human_verified,human_verified,authoritative_user_confirmed,True,False,,ac42199741c9c0c13105fcb9fddaa253e6440d9eb036a6fdc179c8b8090134ba,person5,unassigned,,2026-10-04T12:24:03.781Z,44b233be34340ff48f45013f0d75c6d0d90eb8ac731b678f4794f1529c2b1e11,/decisions/146,evidence/aef_v2_review_2026-10-04T14-18-12-118Z.json,False,False,False,does_not_override_authoritative_hand_and_label,human_review_export_unchanged_candidate_range,valid_source_range_inclusive_endpoint_allowed,,../../manifest.csv,,,,C:\dev\Haemophilia\processed_data\assisted_elbow_flexion\sequences\20260910_150438_rep_04_incorrect_person5.npy,provenance_only_not_canonical_model_input,range_unchanged_hand_and_processing_semantics_not_validated_for_new_training,1d0ed81ca2949085d57c75d3c015dcc5bda9fccfd11084b0bc787fd37b6e04cf
rep_60375464ef15bd70a9,ac42199741c9c0c13105fcb9fddaa253e6440d9eb036a6fdc179c8b8090134ba,vid_ac42199741c9c0c1,C:\Users\DEVESH SHUKLA\Downloads\hemo\Assisted elbow flexion\Incorrect\20260910_150438.mp4,Incorrect,5,700,850,592,844,zero_based_inclusive,11.6617,14.177289,2.5155890000000003,151,person5,inherited_not_independently_verified,Right,Incorrect,label,human_verified,human_verified,authoritative_user_confirmed,True,False,,ac42199741c9c0c13105fcb9fddaa253e6440d9eb036a6fdc179c8b8090134ba,person5,unassigned,,2026-10-04T12:25:05.174Z,44b233be34340ff48f45013f0d75c6d0d90eb8ac731b678f4794f1529c2b1e11,/decisions/147,evidence/aef_v2_review_2026-10-04T14-18-12-118Z.json,False,False,False,does_not_override_authoritative_hand_and_label,human_review_export_revision,valid_source_range_shared_transition_context,Shared frames show the lowered arm at the turnaround between distinct movements. Retain common transition context.,../../manifest.csv,,,,C:\dev\Haemophilia\processed_data\assisted_elbow_flexion\sequences\20260910_150438_rep_05_incorrect_person5.npy,provenance_only_not_canonical_model_input,STALE_range_revised,4ca7e086f109529dbc34176782114519b473003cde312f786766e1cd94389203
rep_8e0838c69b44e0e484,ac42199741c9c0c13105fcb9fddaa253e6440d9eb036a6fdc179c8b8090134ba,vid_ac42199741c9c0c1,C:\Users\DEVESH SHUKLA\Downloads\hemo\Assisted elbow flexion\Incorrect\20260910_150438.mp4,Incorrect,6,844,976,844,976,zero_based_inclusive,14.060667,16.276389,2.2157220000000013,133,person5,inherited_not_independently_verified,Right,Incorrect,label,human_verified,human_verified,authoritative_user_confirmed,True,False,,ac42199741c9c0c13105fcb9fddaa253e6440d9eb036a6fdc179c8b8090134ba,person5,unassigned,,2026-10-04T12:25:21.681Z,44b233be34340ff48f45013f0d75c6d0d90eb8ac731b678f4794f1529c2b1e11,/decisions/148,evidence/aef_v2_review_2026-10-04T14-18-12-118Z.json,False,False,False,does_not_override_authoritative_hand_and_label,human_review_export_unchanged_candidate_range,valid_source_range_shared_transition_context,Shared frames show the lowered arm at the turnaround between distinct movements. Retain common transition context.,../../manifest.csv,,,,C:\dev\Haemophilia\processed_data\assisted_elbow_flexion\sequences\20260910_150438_rep_06_incorrect_person5.npy,provenance_only_not_canonical_model_input,range_unchanged_hand_and_processing_semantics_not_validated_for_new_training,431cc6f6b1e4106d1caa09b1af6db74fb38351092c6f23734b442bc1b26ac649
rep_a9527922a989ef766d,ac42199741c9c0c13105fcb9fddaa253e6440d9eb036a6fdc179c8b8090134ba,vid_ac42199741c9c0c1,C:\Users\DEVESH SHUKLA\Downloads\hemo\Assisted elbow flexion\Incorrect\20260910_150438.mp4,Incorrect,7,976,1100,976,1238,zero_based_inclusive,16.259733,18.342178,2.082445,125,person5,inherited_not_independently_verified,Right,Incorrect,label,human_verified,human_verified,authoritative_user_confirmed,True,False,,ac42199741c9c0c13105fcb9fddaa253e6440d9eb036a6fdc179c8b8090134ba,person5,unassigned,,2026-10-04T12:25:55.575Z,44b233be34340ff48f45013f0d75c6d0d90eb8ac731b678f4794f1529c2b1e11,/decisions/149,evidence/aef_v2_review_2026-10-04T14-18-12-118Z.json,False,False,False,does_not_override_authoritative_hand_and_label,human_review_export_revision,valid_source_range_inclusive_endpoint_allowed,,../../manifest.csv,,,,C:\dev\Haemophilia\processed_data\assisted_elbow_flexion\sequences\20260910_150438_rep_07_incorrect_person5.npy,provenance_only_not_canonical_model_input,STALE_range_revised,3b264924b5b0e81f83931f965b23ffa6e19fb663d784792a509efc15905ae6b5
rep_7b675a687f7d9e628c,ac42199741c9c0c13105fcb9fddaa253e6440d9eb036a6fdc179c8b8090134ba,vid_ac42199741c9c0c1,C:\Users\DEVESH SHUKLA\Downloads\hemo\Assisted elbow flexion\Incorrect\20260910_150438.mp4,Incorrect,8,1238,1392,1238,1392,zero_based_inclusive,20.624533,23.206767000000003,2.5822340000000032,155,person5,inherited_not_independently_verified,Right,Incorrect,label,human_verified,human_verified,authoritative_user_confirmed,True,False,,ac42199741c9c0c13105fcb9fddaa253e6440d9eb036a6fdc179c8b8090134ba,person5,unassigned,,2026-10-04T12:26:10.218Z,44b233be34340ff48f45013f0d75c6d0d90eb8ac731b678f4794f1529c2b1e11,/decisions/150,evidence/aef_v2_review_2026-10-04T14-18-12-118Z.json,False,False,False,does_not_override_authoritative_hand_and_label,human_review_export_unchanged_candidate_range,valid_source_range_no_overlap,,../../manifest.csv,,,,C:\dev\Haemophilia\processed_data\assisted_elbow_flexion\sequences\20260910_150438_rep_08_incorrect_person5.npy,provenance_only_not_canonical_model_input,range_unchanged_hand_and_processing_semantics_not_validated_for_new_training,dc8314108fd6789e4cd91fcba547df35739333531b47ffb054b0c4c643ae5795
rep_88e19ee5be79751d7e,8c19cbd3c181b15a570e9ee6a8a3ea6e41697c1947c4fede3395219d1cb4954e,vid_8c19cbd3c181b15a,C:\Users\DEVESH SHUKLA\Downloads\hemo\Assisted elbow flexion\Correct\20260910_150515.mp4,Correct,1,8,120,8,246,zero_based_inclusive,0.133278,2.0158,1.882522,113,person5,inherited_not_independently_verified,Left,Correct,label,human_verified,human_verified,authoritative_user_confirmed,True,False,,8c19cbd3c181b15a570e9ee6a8a3ea6e41697c1947c4fede3395219d1cb4954e,person5,unassigned,,2026-10-04T12:26:46.198Z,44b233be34340ff48f45013f0d75c6d0d90eb8ac731b678f4794f1529c2b1e11,/decisions/151,evidence/aef_v2_review_2026-10-04T14-18-12-118Z.json,False,False,False,does_not_override_authoritative_hand_and_label,human_review_export_revision,valid_source_range_no_overlap,,../../manifest.csv,,,,C:\dev\Haemophilia\processed_data\assisted_elbow_flexion\sequences\20260910_150515_rep_01_correct_person5.npy,provenance_only_not_canonical_model_input,STALE_range_revised,dac078cb8cde0ed71df2066e070ade5fb2a3bc2c23a3ae905bcf434a52cd57ae
rep_e0083818482a4934d7,8c19cbd3c181b15a570e9ee6a8a3ea6e41697c1947c4fede3395219d1cb4954e,vid_8c19cbd3c181b15a,C:\Users\DEVESH SHUKLA\Downloads\hemo\Assisted elbow flexion\Correct\20260910_150515.mp4,Correct,2,246,400,246,524,zero_based_inclusive,4.098256,6.680489,2.5822329999999996,155,person5,inherited_not_independently_verified,Left,Correct,label,human_verified,human_verified,authoritative_user_confirmed,True,False,,8c19cbd3c181b15a570e9ee6a8a3ea6e41697c1947c4fede3395219d1cb4954e,person5,unassigned,,2026-10-04T12:27:12.550Z,44b233be34340ff48f45013f0d75c6d0d90eb8ac731b678f4794f1529c2b1e11,/decisions/152,evidence/aef_v2_review_2026-10-04T14-18-12-118Z.json,False,False,False,does_not_override_authoritative_hand_and_label,human_review_export_revision,valid_source_range_no_overlap,,../../manifest.csv,,,,C:\dev\Haemophilia\processed_data\assisted_elbow_flexion\sequences\20260910_150515_rep_02_correct_person5.npy,provenance_only_not_canonical_model_input,STALE_range_revised,de16c0dbe21d865e5a43c1c7260edb346999a043dd467bf3747b6c4ff359d95b
rep_a1e37a6d86f9be1dbb,8c19cbd3c181b15a570e9ee6a8a3ea6e41697c1947c4fede3395219d1cb4954e,vid_8c19cbd3c181b15a,C:\Users\DEVESH SHUKLA\Downloads\hemo\Assisted elbow flexion\Correct\20260910_150515.mp4,Correct,3,524,640,524,640,zero_based_inclusive,8.729611,10.678789,1.9491779999999999,117,person5,inherited_not_independently_verified,Left,Correct,label,human_verified,human_verified,authoritative_user_confirmed,True,False,,8c19cbd3c181b15a570e9ee6a8a3ea6e41697c1947c4fede3395219d1cb4954e,person5,unassigned,,2026-10-04T12:27:35.859Z,44b233be34340ff48f45013f0d75c6d0d90eb8ac731b678f4794f1529c2b1e11,/decisions/153,evidence/aef_v2_review_2026-10-04T14-18-12-118Z.json,False,False,False,does_not_override_authoritative_hand_and_label,human_review_export_unchanged_candidate_range,valid_source_range_inclusive_endpoint_allowed,,../../manifest.csv,,,,C:\dev\Haemophilia\processed_data\assisted_elbow_flexion\sequences\20260910_150515_rep_03_correct_person5.npy,provenance_only_not_canonical_model_input,range_unchanged_hand_and_processing_semantics_not_validated_for_new_training,b9b1a7d85f01cedce064b3753f73ed2403234c530b67b96b7fff938b4cbdf543
rep_051c9c524e3b73459a,8c19cbd3c181b15a570e9ee6a8a3ea6e41697c1947c4fede3395219d1cb4954e,vid_8c19cbd3c181b15a,C:\Users\DEVESH SHUKLA\Downloads\hemo\Assisted elbow flexion\Correct\20260910_150515.mp4,Correct,4,640,798,640,798,zero_based_inclusive,10.662122,13.311,2.648878,159,person5,inherited_not_independently_verified,Right,Correct,label,human_verified,human_verified,authoritative_user_confirmed,True,False,,8c19cbd3c181b15a570e9ee6a8a3ea6e41697c1947c4fede3395219d1cb4954e,person5,unassigned,,2026-10-04T12:28:38.983Z,44b233be34340ff48f45013f0d75c6d0d90eb8ac731b678f4794f1529c2b1e11,/decisions/154,evidence/aef_v2_review_2026-10-04T14-18-12-118Z.json,False,False,False,does_not_override_authoritative_hand_and_label,human_review_export_unchanged_candidate_range,valid_source_range_inclusive_endpoint_allowed,,../../manifest.csv,,,,C:\dev\Haemophilia\processed_data\assisted_elbow_flexion\sequences\20260910_150515_rep_04_correct_person5.npy,provenance_only_not_canonical_model_input,range_unchanged_hand_and_processing_semantics_not_validated_for_new_training,a697cf211b066e89b34e9ae0553ddaa85106000211cda70d6790c56d07ce5eb7
rep_d70a06a71c2b8e94b3,8c19cbd3c181b15a570e9ee6a8a3ea6e41697c1947c4fede3395219d1cb4954e,vid_8c19cbd3c181b15a,C:\Users\DEVESH SHUKLA\Downloads\hemo\Assisted elbow flexion\Correct\20260910_150515.mp4,Correct,5,798,960,798,960,zero_based_inclusive,13.294333,16.009834,2.7155010000000015,163,person5,inherited_not_independently_verified,Right,Correct,label,human_verified,human_verified,authoritative_user_confirmed,True,False,,8c19cbd3c181b15a570e9ee6a8a3ea6e41697c1947c4fede3395219d1cb4954e,person5,unassigned,,2026-10-04T12:28:52.915Z,44b233be34340ff48f45013f0d75c6d0d90eb8ac731b678f4794f1529c2b1e11,/decisions/155,evidence/aef_v2_review_2026-10-04T14-18-12-118Z.json,False,False,False,does_not_override_authoritative_hand_and_label,human_review_export_unchanged_candidate_range,valid_source_range_inclusive_endpoint_allowed,,../../manifest.csv,,,,C:\dev\Haemophilia\processed_data\assisted_elbow_flexion\sequences\20260910_150515_rep_05_correct_person5.npy,provenance_only_not_canonical_model_input,range_unchanged_hand_and_processing_semantics_not_validated_for_new_training,2d50ead2043dfce957211881daaa1bed42338c8612bbc3d6570186b52c8a43f1
rep_fd22cdda358387a39d,8c19cbd3c181b15a570e9ee6a8a3ea6e41697c1947c4fede3395219d1cb4954e,vid_8c19cbd3c181b15a,C:\Users\DEVESH SHUKLA\Downloads\hemo\Assisted elbow flexion\Correct\20260910_150515.mp4,Correct,6,960,1112,960,1112,zero_based_inclusive,15.993178,18.5421,2.548922000000001,153,person5,inherited_not_independently_verified,Right,Correct,label,human_verified,human_verified,authoritative_user_confirmed,True,False,,8c19cbd3c181b15a570e9ee6a8a3ea6e41697c1947c4fede3395219d1cb4954e,person5,unassigned,,2026-10-04T12:29:05.314Z,44b233be34340ff48f45013f0d75c6d0d90eb8ac731b678f4794f1529c2b1e11,/decisions/156,evidence/aef_v2_review_2026-10-04T14-18-12-118Z.json,False,False,False,does_not_override_authoritative_hand_and_label,human_review_export_unchanged_candidate_range,valid_source_range_inclusive_endpoint_allowed,,../../manifest.csv,,,,C:\dev\Haemophilia\processed_data\assisted_elbow_flexion\sequences\20260910_150515_rep_06_correct_person5.npy,provenance_only_not_canonical_model_input,range_unchanged_hand_and_processing_semantics_not_validated_for_new_training,92a7e837024350c045ffbb8c4eaa65e65ac42d4c341cc497aad3daac8c4f8b8d
rep_7d900f8fa9436f8bcc,8c19cbd3c181b15a570e9ee6a8a3ea6e41697c1947c4fede3395219d1cb4954e,vid_8c19cbd3c181b15a,C:\Users\DEVESH SHUKLA\Downloads\hemo\Assisted elbow flexion\Correct\20260910_150515.mp4,Correct,7,1112,1220,1112,1352,zero_based_inclusive,18.525433,20.341323000000003,1.8158900000000031,109,person5,inherited_not_independently_verified,Right,Correct,label,human_verified,human_verified,authoritative_user_confirmed,True,False,,8c19cbd3c181b15a570e9ee6a8a3ea6e41697c1947c4fede3395219d1cb4954e,person5,unassigned,,2026-10-04T12:29:39.245Z,44b233be34340ff48f45013f0d75c6d0d90eb8ac731b678f4794f1529c2b1e11,/decisions/157,evidence/aef_v2_review_2026-10-04T14-18-12-118Z.json,False,False,False,does_not_override_authoritative_hand_and_label,human_review_export_revision,valid_source_range_inclusive_endpoint_allowed,,../../manifest.csv,,,,C:\dev\Haemophilia\processed_data\assisted_elbow_flexion\sequences\20260910_150515_rep_07_correct_person5.npy,provenance_only_not_canonical_model_input,STALE_range_revised,88ee580d3190282cf0c97bfa82e62d6605b9eef8fd886a254b8ec2e2d1c8de3c
rep_8c67fa02a8495509fc,fd3e2ae78827f6293b40641acd30e299663ba0b53240de5b6740936f2861e952,vid_fd3e2ae78827f629,C:\Users\DEVESH SHUKLA\Downloads\hemo\Assisted elbow flexion\Correct\20260910_150539.mp4,Correct,1,4,100,4,240,zero_based_inclusive,0.066633,1.682612,1.615979,97,person5,inherited_not_independently_verified,Left,Correct,label,human_verified,human_verified,authoritative_user_confirmed,True,False,,fd3e2ae78827f6293b40641acd30e299663ba0b53240de5b6740936f2861e952,person5,unassigned,,2026-10-04T12:30:23.538Z,44b233be34340ff48f45013f0d75c6d0d90eb8ac731b678f4794f1529c2b1e11,/decisions/158,evidence/aef_v2_review_2026-10-04T14-18-12-118Z.json,False,False,False,does_not_override_authoritative_hand_and_label,human_review_export_revision,valid_source_range_no_overlap,,../../manifest.csv,,,,C:\dev\Haemophilia\processed_data\assisted_elbow_flexion\sequences\20260910_150539_rep_01_correct_person5.npy,provenance_only_not_canonical_model_input,STALE_range_revised,1e82eaba28d235b1cabf1f5a27257a0e0bb270de70d39b9414f8ec3f5b725d81
rep_82d242d849eeae0237,fd3e2ae78827f6293b40641acd30e299663ba0b53240de5b6740936f2861e952,vid_fd3e2ae78827f629,C:\Users\DEVESH SHUKLA\Downloads\hemo\Assisted elbow flexion\Correct\20260910_150539.mp4,Correct,2,240,350,240,484,zero_based_inclusive,3.998289,5.847511,1.8492219999999997,111,person5,inherited_not_independently_verified,Left,Correct,label,human_verified,human_verified,authoritative_user_confirmed,True,False,,fd3e2ae78827f6293b40641acd30e299663ba0b53240de5b6740936f2861e952,person5,unassigned,,2026-10-04T12:31:00.682Z,44b233be34340ff48f45013f0d75c6d0d90eb8ac731b678f4794f1529c2b1e11,/decisions/159,evidence/aef_v2_review_2026-10-04T14-18-12-118Z.json,False,False,False,does_not_override_authoritative_hand_and_label,human_review_export_revision,valid_source_range_no_overlap,,../../manifest.csv,,,,C:\dev\Haemophilia\processed_data\assisted_elbow_flexion\sequences\20260910_150539_rep_02_correct_person5.npy,provenance_only_not_canonical_model_input,STALE_range_revised,e44b2b8a61d0c1269029215ab07b0e8e6a8da300bc823a2be107929f87b7a978
rep_010c51d0b4570e895d,fd3e2ae78827f6293b40641acd30e299663ba0b53240de5b6740936f2861e952,vid_fd3e2ae78827f629,C:\Users\DEVESH SHUKLA\Downloads\hemo\Assisted elbow flexion\Correct\20260910_150539.mp4,Correct,3,484,616,484,616,zero_based_inclusive,8.063233,10.278945,2.215712,133,person5,inherited_not_independently_verified,Left,Correct,label,human_verified,human_verified,authoritative_user_confirmed,True,False,,fd3e2ae78827f6293b40641acd30e299663ba0b53240de5b6740936f2861e952,person5,unassigned,,2026-10-04T12:31:22.235Z,44b233be34340ff48f45013f0d75c6d0d90eb8ac731b678f4794f1529c2b1e11,/decisions/160,evidence/aef_v2_review_2026-10-04T14-18-12-118Z.json,False,False,False,does_not_override_authoritative_hand_and_label,human_review_export_unchanged_candidate_range,valid_source_range_inclusive_endpoint_allowed,,../../manifest.csv,,,,C:\dev\Haemophilia\processed_data\assisted_elbow_flexion\sequences\20260910_150539_rep_03_correct_person5.npy,provenance_only_not_canonical_model_input,range_unchanged_hand_and_processing_semantics_not_validated_for_new_training,0e1155072acfd8e44d734a6996d6c52950074570579cb8ff97dc74ab34a5329e
rep_6d4759beadb7cb7930,fd3e2ae78827f6293b40641acd30e299663ba0b53240de5b6740936f2861e952,vid_fd3e2ae78827f629,C:\Users\DEVESH SHUKLA\Downloads\hemo\Assisted elbow flexion\Correct\20260910_150539.mp4,Correct,4,616,750,616,860,zero_based_inclusive,10.262289,12.511334,2.249044999999999,135,person5,inherited_not_independently_verified,Right,Correct,label,human_verified,human_verified,authoritative_user_confirmed,True,False,,fd3e2ae78827f6293b40641acd30e299663ba0b53240de5b6740936f2861e952,person5,unassigned,,2026-10-04T12:31:47.934Z,44b233be34340ff48f45013f0d75c6d0d90eb8ac731b678f4794f1529c2b1e11,/decisions/161,evidence/aef_v2_review_2026-10-04T14-18-12-118Z.json,False,False,False,does_not_override_authoritative_hand_and_label,human_review_export_revision,valid_source_range_inclusive_endpoint_allowed,,../../manifest.csv,,,,C:\dev\Haemophilia\processed_data\assisted_elbow_flexion\sequences\20260910_150539_rep_04_correct_person5.npy,provenance_only_not_canonical_model_input,STALE_range_revised,accea2e0bf0910aeb57668d77c8ed9825997b5598e9d385aeab2f1eb3e519270
rep_725cbf72d2ac96e8be,fd3e2ae78827f6293b40641acd30e299663ba0b53240de5b6740936f2861e952,vid_fd3e2ae78827f629,C:\Users\DEVESH SHUKLA\Downloads\hemo\Assisted elbow flexion\Correct\20260910_150539.mp4,Correct,5,860,1002,860,1002,zero_based_inclusive,14.327222,16.709545000000002,2.3823230000000013,143,person5,inherited_not_independently_verified,Right,Correct,label,human_verified,human_verified,authoritative_user_confirmed,True,False,,fd3e2ae78827f6293b40641acd30e299663ba0b53240de5b6740936f2861e952,person5,unassigned,,2026-10-04T12:32:03.946Z,44b233be34340ff48f45013f0d75c6d0d90eb8ac731b678f4794f1529c2b1e11,/decisions/162,evidence/aef_v2_review_2026-10-04T14-18-12-118Z.json,False,False,False,does_not_override_authoritative_hand_and_label,human_review_export_unchanged_candidate_range,valid_source_range_inclusive_endpoint_allowed,,../../manifest.csv,,,,C:\dev\Haemophilia\processed_data\assisted_elbow_flexion\sequences\20260910_150539_rep_05_correct_person5.npy,provenance_only_not_canonical_model_input,range_unchanged_hand_and_processing_semantics_not_validated_for_new_training,fcb96fc868452b5bad7dceaadd72b050d8a8fc92fb60a0018cd002b93b157ba5
rep_b69516d1c1792753ff,fd3e2ae78827f6293b40641acd30e299663ba0b53240de5b6740936f2861e952,vid_fd3e2ae78827f629,C:\Users\DEVESH SHUKLA\Downloads\hemo\Assisted elbow flexion\Correct\20260910_150539.mp4,Correct,6,1002,1140,1002,1272,zero_based_inclusive,16.692878,19.008556000000002,2.315678000000002,139,person5,inherited_not_independently_verified,Right,Correct,label,human_verified,human_verified,authoritative_user_confirmed,True,False,,fd3e2ae78827f6293b40641acd30e299663ba0b53240de5b6740936f2861e952,person5,unassigned,,2026-10-04T12:32:49.649Z,44b233be34340ff48f45013f0d75c6d0d90eb8ac731b678f4794f1529c2b1e11,/decisions/163,evidence/aef_v2_review_2026-10-04T14-18-12-118Z.json,False,False,False,does_not_override_authoritative_hand_and_label,human_review_export_revision,valid_source_range_inclusive_endpoint_allowed,,../../manifest.csv,,,,C:\dev\Haemophilia\processed_data\assisted_elbow_flexion\sequences\20260910_150539_rep_06_correct_person5.npy,provenance_only_not_canonical_model_input,STALE_range_revised,70b8e627e7392422d370aefe73e50ef344a634a5e3926f2644315ba364e9b90d
rep_c64a4599869d796b40,4a4b044fd46cca1000f792aa35bef133cdfd810f8dc903addb3b724ec7c216e3,vid_4a4b044fd46cca10,C:\Users\DEVESH SHUKLA\Downloads\hemo\Assisted elbow flexion\Correct\20260910_150602.mp4,Correct,1,18,148,18,148,zero_based_inclusive,0.299878,2.482278,2.1824,131,person5,inherited_not_independently_verified,Left,Correct,label,human_verified,human_verified,authoritative_user_confirmed,True,False,,4a4b044fd46cca1000f792aa35bef133cdfd810f8dc903addb3b724ec7c216e3,person5,unassigned,,2026-10-04T12:34:30.235Z,44b233be34340ff48f45013f0d75c6d0d90eb8ac731b678f4794f1529c2b1e11,/decisions/164,evidence/aef_v2_review_2026-10-04T14-18-12-118Z.json,False,False,False,does_not_override_authoritative_hand_and_label,human_review_export_unchanged_candidate_range,valid_source_range_inclusive_endpoint_allowed,,../../manifest.csv,,,,C:\dev\Haemophilia\processed_data\assisted_elbow_flexion\sequences\20260910_150602_rep_01_correct_person5.npy,provenance_only_not_canonical_model_input,range_unchanged_hand_and_processing_semantics_not_validated_for_new_training,903d75a6ecf13519a75b3a318e4b81aa7de5f55e819d70ffd0651568e6af8305
rep_dcdc4f2da30a32a6af,4a4b044fd46cca1000f792aa35bef133cdfd810f8dc903addb3b724ec7c216e3,vid_4a4b044fd46cca10,C:\Users\DEVESH SHUKLA\Downloads\hemo\Assisted elbow flexion\Correct\20260910_150602.mp4,Correct,2,148,326,148,326,zero_based_inclusive,2.465622,5.447678,2.9820559999999996,179,person5,inherited_not_independently_verified,Left,Correct,label,human_verified,human_verified,authoritative_user_confirmed,True,False,,4a4b044fd46cca1000f792aa35bef133cdfd810f8dc903addb3b724ec7c216e3,person5,unassigned,,2026-10-04T12:35:31.772Z,44b233be34340ff48f45013f0d75c6d0d90eb8ac731b678f4794f1529c2b1e11,/decisions/165,evidence/aef_v2_review_2026-10-04T14-18-12-118Z.json,False,False,False,does_not_override_authoritative_hand_and_label,human_review_export_unchanged_candidate_range,valid_source_range_inclusive_endpoint_allowed,,../../manifest.csv,,,,C:\dev\Haemophilia\processed_data\assisted_elbow_flexion\sequences\20260910_150602_rep_02_correct_person5.npy,provenance_only_not_canonical_model_input,range_unchanged_hand_and_processing_semantics_not_validated_for_new_training,61b04f48e36f04f5b6e2df62fbbfcba36ed05d1730cf21bf2273bd2b288baed6
rep_a947b4bae2f945e240,4a4b044fd46cca1000f792aa35bef133cdfd810f8dc903addb3b724ec7c216e3,vid_4a4b044fd46cca10,C:\Users\DEVESH SHUKLA\Downloads\hemo\Assisted elbow flexion\Correct\20260910_150602.mp4,Correct,3,326,476,326,476,zero_based_inclusive,5.431011,7.946611,2.5156,151,person5,inherited_not_independently_verified,Left,Correct,label,human_verified,human_verified,authoritative_user_confirmed,True,False,,4a4b044fd46cca1000f792aa35bef133cdfd810f8dc903addb3b724ec7c216e3,person5,unassigned,,2026-10-04T12:35:50.442Z,44b233be34340ff48f45013f0d75c6d0d90eb8ac731b678f4794f1529c2b1e11,/decisions/166,evidence/aef_v2_review_2026-10-04T14-18-12-118Z.json,False,False,False,does_not_override_authoritative_hand_and_label,human_review_export_unchanged_candidate_range,valid_source_range_inclusive_endpoint_allowed,,../../manifest.csv,,,,C:\dev\Haemophilia\processed_data\assisted_elbow_flexion\sequences\20260910_150602_rep_03_correct_person5.npy,provenance_only_not_canonical_model_input,range_unchanged_hand_and_processing_semantics_not_validated_for_new_training,41f51bd417f4559ade5a60d7c19b25017dfc088942984390b13bee0407f6e71a
rep_e29f489f8bd9080007,4a4b044fd46cca1000f792aa35bef133cdfd810f8dc903addb3b724ec7c216e3,vid_4a4b044fd46cca10,C:\Users\DEVESH SHUKLA\Downloads\hemo\Assisted elbow flexion\Correct\20260910_150602.mp4,Correct,4,476,620,476,762,zero_based_inclusive,7.929944,10.345588999999999,2.4156449999999987,145,person5,inherited_not_independently_verified,Left,Correct,label,human_verified,human_verified,authoritative_user_confirmed,True,False,,4a4b044fd46cca1000f792aa35bef133cdfd810f8dc903addb3b724ec7c216e3,person5,unassigned,,2026-10-04T12:37:03.742Z,44b233be34340ff48f45013f0d75c6d0d90eb8ac731b678f4794f1529c2b1e11,/decisions/167,evidence/aef_v2_review_2026-10-04T14-18-12-118Z.json,False,False,False,does_not_override_authoritative_hand_and_label,human_review_export_revision,valid_source_range_inclusive_endpoint_allowed,,../../manifest.csv,,,,C:\dev\Haemophilia\processed_data\assisted_elbow_flexion\sequences\20260910_150602_rep_04_correct_person5.npy,provenance_only_not_canonical_model_input,STALE_range_revised,9ff747a387c7e40501fe97d9fed808bcb8ba56805f6105ca096b3645a9a5e262
rep_7b14ee7f1080746461,4a4b044fd46cca1000f792aa35bef133cdfd810f8dc903addb3b724ec7c216e3,vid_4a4b044fd46cca10,C:\Users\DEVESH SHUKLA\Downloads\hemo\Assisted elbow flexion\Correct\20260910_150602.mp4,Correct,5,762,900,762,900,zero_based_inclusive,12.694589,15.010278,2.315688999999999,139,person5,inherited_not_independently_verified,Right,Correct,label,human_verified,human_verified,authoritative_user_confirmed,True,False,,4a4b044fd46cca1000f792aa35bef133cdfd810f8dc903addb3b724ec7c216e3,person5,unassigned,,2026-10-04T12:37:31.504Z,44b233be34340ff48f45013f0d75c6d0d90eb8ac731b678f4794f1529c2b1e11,/decisions/168,evidence/aef_v2_review_2026-10-04T14-18-12-118Z.json,False,False,False,does_not_override_authoritative_hand_and_label,human_review_export_unchanged_candidate_range,valid_source_range_inclusive_endpoint_allowed,,../../manifest.csv,,,,C:\dev\Haemophilia\processed_data\assisted_elbow_flexion\sequences\20260910_150602_rep_05_correct_person5.npy,provenance_only_not_canonical_model_input,range_unchanged_hand_and_processing_semantics_not_validated_for_new_training,de0a272af4f188792014db353aa6028f90fb53e770fbd616d04dd4f4971882a7
rep_e8bb0f69d30c556400,4a4b044fd46cca1000f792aa35bef133cdfd810f8dc903addb3b724ec7c216e3,vid_4a4b044fd46cca10,C:\Users\DEVESH SHUKLA\Downloads\hemo\Assisted elbow flexion\Correct\20260910_150602.mp4,Correct,6,900,1050,900,1184,zero_based_inclusive,14.993611,17.5092,2.5155890000000003,151,person5,inherited_not_independently_verified,Right,Correct,label,human_verified,human_verified,authoritative_user_confirmed,True,False,,4a4b044fd46cca1000f792aa35bef133cdfd810f8dc903addb3b724ec7c216e3,person5,unassigned,,2026-10-04T12:38:38.214Z,44b233be34340ff48f45013f0d75c6d0d90eb8ac731b678f4794f1529c2b1e11,/decisions/169,evidence/aef_v2_review_2026-10-04T14-18-12-118Z.json,False,False,False,does_not_override_authoritative_hand_and_label,human_review_export_revision,valid_source_range_inclusive_endpoint_allowed,,../../manifest.csv,,,,C:\dev\Haemophilia\processed_data\assisted_elbow_flexion\sequences\20260910_150602_rep_06_correct_person5.npy,provenance_only_not_canonical_model_input,STALE_range_revised,84dbc27c17d8edd89c5ec4d17acf0b4b3695ea0e495c1c165f8426b1866c6ce1
rep_c5eb98de0ecf39c224,4a4b044fd46cca1000f792aa35bef133cdfd810f8dc903addb3b724ec7c216e3,vid_4a4b044fd46cca10,C:\Users\DEVESH SHUKLA\Downloads\hemo\Assisted elbow flexion\Correct\20260910_150602.mp4,Correct,7,1188,1300,1188,1466,zero_based_inclusive,19.791567,21.674089000000002,1.8825220000000016,113,person5,inherited_not_independently_verified,Right,Correct,label,human_verified,human_verified,authoritative_user_confirmed,True,False,,4a4b044fd46cca1000f792aa35bef133cdfd810f8dc903addb3b724ec7c216e3,person5,unassigned,,2026-10-04T12:39:13.872Z,44b233be34340ff48f45013f0d75c6d0d90eb8ac731b678f4794f1529c2b1e11,/decisions/170,evidence/aef_v2_review_2026-10-04T14-18-12-118Z.json,False,False,False,does_not_override_authoritative_hand_and_label,human_review_export_revision,valid_source_range_no_overlap,,../../manifest.csv,,,,C:\dev\Haemophilia\processed_data\assisted_elbow_flexion\sequences\20260910_150602_rep_07_correct_person5.npy,provenance_only_not_canonical_model_input,STALE_range_revised,5dc42ce042b54204cfe1b6fbb6d191efbd672ce6acddfe2ec667d07d61547728
rep_ebc5faa71293b08f88,cccf82e3e7e7a94a53ac45e56881ae02d72c3a271212fd4f19e88e0626012211,vid_cccf82e3e7e7a94a,C:\Users\DEVESH SHUKLA\Downloads\hemo\Assisted elbow flexion\Right hand assisted correct\20260825_120703.mp4,Right hand assisted correct,1,104,336,104,336,zero_based_inclusive,1.7326,5.614278,3.881678,233,person1,inherited_not_independently_verified,Right,Correct,label,human_verified,human_verified,authoritative_user_confirmed,True,False,,cccf82e3e7e7a94a53ac45e56881ae02d72c3a271212fd4f19e88e0626012211,person1,unassigned,,2026-10-04T12:41:57.221Z,44b233be34340ff48f45013f0d75c6d0d90eb8ac731b678f4794f1529c2b1e11,/decisions/171,evidence/aef_v2_review_2026-10-04T14-18-12-118Z.json,False,False,False,does_not_override_authoritative_hand_and_label,human_review_export_unchanged_candidate_range,valid_source_range_no_overlap,,../../manifest.csv,C:\dev\Haemophilia\processed_data\assisted_elbow_flexion\manual_annotation_audit.csv,88,41347c1ad9bf08b0c65ca613e97e467014bfe3c0dad39cafedfaf9e955ee93c2,C:\dev\Haemophilia\processed_data\assisted_elbow_flexion\sequences\20260825_120703_rep_01_correct_person1.npy,provenance_only_not_canonical_model_input,range_unchanged_hand_and_processing_semantics_not_validated_for_new_training,224b1f0f7176dfd58a293f95f1e9bd44ad93a2f8fa7c3a9b18e301d227c0f3a7
rep_8e15f367084c47cc58,cccf82e3e7e7a94a53ac45e56881ae02d72c3a271212fd4f19e88e0626012211,vid_cccf82e3e7e7a94a,C:\Users\DEVESH SHUKLA\Downloads\hemo\Assisted elbow flexion\Right hand assisted correct\20260825_120703.mp4,Right hand assisted correct,3,464,758,464,758,zero_based_inclusive,7.730033,12.644599999999999,4.914566999999999,295,person1,inherited_not_independently_verified,Right,Correct,label,human_verified,human_verified,authoritative_user_confirmed,True,False,,cccf82e3e7e7a94a53ac45e56881ae02d72c3a271212fd4f19e88e0626012211,person1,unassigned,,2026-10-04T12:42:38.589Z,44b233be34340ff48f45013f0d75c6d0d90eb8ac731b678f4794f1529c2b1e11,/decisions/172,evidence/aef_v2_review_2026-10-04T14-18-12-118Z.json,False,False,False,does_not_override_authoritative_hand_and_label,human_review_export_unchanged_candidate_range,valid_source_range_no_overlap,,../../manifest.csv,C:\dev\Haemophilia\processed_data\assisted_elbow_flexion\manual_annotation_audit.csv,90,41347c1ad9bf08b0c65ca613e97e467014bfe3c0dad39cafedfaf9e955ee93c2,C:\dev\Haemophilia\processed_data\assisted_elbow_flexion\sequences\20260825_120703_rep_03_correct_person1.npy,provenance_only_not_canonical_model_input,range_unchanged_hand_and_processing_semantics_not_validated_for_new_training,ab5eda87c6041fcb18b714463ec6fa625c3ef79f07c8d611adc6cd5d0aabd962
rep_d869da055595c4deef,cccf82e3e7e7a94a53ac45e56881ae02d72c3a271212fd4f19e88e0626012211,vid_cccf82e3e7e7a94a,C:\Users\DEVESH SHUKLA\Downloads\hemo\Assisted elbow flexion\Right hand assisted correct\20260825_120703.mp4,Right hand assisted correct,4,778,1000,778,1066,zero_based_inclusive,12.961144,16.676223,3.7150789999999994,223,person1,inherited_not_independently_verified,Right,Correct,label,human_verified,human_verified,authoritative_user_confirmed,True,False,,cccf82e3e7e7a94a53ac45e56881ae02d72c3a271212fd4f19e88e0626012211,person1,unassigned,,2026-10-04T12:43:16.781Z,44b233be34340ff48f45013f0d75c6d0d90eb8ac731b678f4794f1529c2b1e11,/decisions/173,evidence/aef_v2_review_2026-10-04T14-18-12-118Z.json,False,False,False,does_not_override_authoritative_hand_and_label,human_review_export_revision,valid_source_range_no_overlap,,../../manifest.csv,C:\dev\Haemophilia\processed_data\assisted_elbow_flexion\manual_annotation_audit.csv,91,41347c1ad9bf08b0c65ca613e97e467014bfe3c0dad39cafedfaf9e955ee93c2,C:\dev\Haemophilia\processed_data\assisted_elbow_flexion\sequences\20260825_120703_rep_04_correct_person1.npy,provenance_only_not_canonical_model_input,STALE_range_revised,1db82d1ee49e0d115b1aee91648ed14246af93d1884d853e9850b6784083260e
rep_d6c78d6a173b7fff30,cccf82e3e7e7a94a53ac45e56881ae02d72c3a271212fd4f19e88e0626012211,vid_cccf82e3e7e7a94a,C:\Users\DEVESH SHUKLA\Downloads\hemo\Assisted elbow flexion\Right hand assisted correct\20260825_120703.mp4,Right hand assisted correct,5,1066,1300,1066,1336,zero_based_inclusive,17.7591,21.674089000000002,3.914989000000002,235,person1,inherited_not_independently_verified,Right,Correct,label,human_verified,human_verified,authoritative_user_confirmed,True,False,,cccf82e3e7e7a94a53ac45e56881ae02d72c3a271212fd4f19e88e0626012211,person1,unassigned,,2026-10-04T12:43:50.666Z,44b233be34340ff48f45013f0d75c6d0d90eb8ac731b678f4794f1529c2b1e11,/decisions/174,evidence/aef_v2_review_2026-10-04T14-18-12-118Z.json,False,False,False,does_not_override_authoritative_hand_and_label,human_review_export_revision,valid_source_range_no_overlap,,../../manifest.csv,C:\dev\Haemophilia\processed_data\assisted_elbow_flexion\manual_annotation_audit.csv,92,41347c1ad9bf08b0c65ca613e97e467014bfe3c0dad39cafedfaf9e955ee93c2,C:\dev\Haemophilia\processed_data\assisted_elbow_flexion\sequences\20260825_120703_rep_05_correct_person1.npy,provenance_only_not_canonical_model_input,STALE_range_revised,3ba54b44ed47fcfa1192a91795fcb28b5771c183378f36bc4c3b667038a471cc
rep_9c84c6e808098ddddd,cccf82e3e7e7a94a53ac45e56881ae02d72c3a271212fd4f19e88e0626012211,vid_cccf82e3e7e7a94a,C:\Users\DEVESH SHUKLA\Downloads\hemo\Assisted elbow flexion\Right hand assisted correct\20260825_120703.mp4,Right hand assisted correct,6,1336,1580,1336,1616,zero_based_inclusive,22.257167,26.338778,4.081611000000002,245,person1,inherited_not_independently_verified,Right,Correct,label,human_verified,human_verified,authoritative_user_confirmed,True,False,,cccf82e3e7e7a94a53ac45e56881ae02d72c3a271212fd4f19e88e0626012211,person1,unassigned,,2026-10-04T12:44:20.329Z,44b233be34340ff48f45013f0d75c6d0d90eb8ac731b678f4794f1529c2b1e11,/decisions/175,evidence/aef_v2_review_2026-10-04T14-18-12-118Z.json,False,False,False,does_not_override_authoritative_hand_and_label,human_review_export_revision,valid_source_range_no_overlap,,../../manifest.csv,C:\dev\Haemophilia\processed_data\assisted_elbow_flexion\manual_annotation_audit.csv,93,41347c1ad9bf08b0c65ca613e97e467014bfe3c0dad39cafedfaf9e955ee93c2,C:\dev\Haemophilia\processed_data\assisted_elbow_flexion\sequences\20260825_120703_rep_06_correct_person1.npy,provenance_only_not_canonical_model_input,STALE_range_revised,8c1252cdd9df695e0a19b0ef061af6485bb6b905057c513c1b40c9a0cdf9917b
rep_f8dd7411e8827b9d89,cccf82e3e7e7a94a53ac45e56881ae02d72c3a271212fd4f19e88e0626012211,vid_cccf82e3e7e7a94a,C:\Users\DEVESH SHUKLA\Downloads\hemo\Assisted elbow flexion\Right hand assisted correct\20260825_120703.mp4,Right hand assisted correct,8,1926,2130,1926,2096,zero_based_inclusive,32.086322,35.501545,3.4152229999999975,205,person1,inherited_not_independently_verified,Right,Correct,label,human_verified,human_verified,authoritative_user_confirmed,True,False,,cccf82e3e7e7a94a53ac45e56881ae02d72c3a271212fd4f19e88e0626012211,person1,unassigned,,2026-10-04T12:45:38.058Z,44b233be34340ff48f45013f0d75c6d0d90eb8ac731b678f4794f1529c2b1e11,/decisions/176,evidence/aef_v2_review_2026-10-04T14-18-12-118Z.json,False,False,False,does_not_override_authoritative_hand_and_label,human_review_export_revision,valid_source_range_no_overlap,,../../manifest.csv,C:\dev\Haemophilia\processed_data\assisted_elbow_flexion\manual_annotation_audit.csv,95,41347c1ad9bf08b0c65ca613e97e467014bfe3c0dad39cafedfaf9e955ee93c2,C:\dev\Haemophilia\processed_data\assisted_elbow_flexion\sequences\20260825_120703_rep_08_correct_person1.npy,provenance_only_not_canonical_model_input,STALE_range_revised,ac074dc9fdd0b12cf66d84c9364c368db3f873634765bbbc4f53842f43654556
rep_167d453a980a90ffb1,cccf82e3e7e7a94a53ac45e56881ae02d72c3a271212fd4f19e88e0626012211,vid_cccf82e3e7e7a94a,C:\Users\DEVESH SHUKLA\Downloads\hemo\Assisted elbow flexion\Right hand assisted correct\20260825_120703.mp4,Right hand assisted correct,10,2184,2420,2184,2450,zero_based_inclusive,36.384489,40.3328,3.948310999999997,237,person1,inherited_not_independently_verified,Right,Correct,label,human_verified,human_verified,authoritative_user_confirmed,True,False,,cccf82e3e7e7a94a53ac45e56881ae02d72c3a271212fd4f19e88e0626012211,person1,unassigned,,2026-10-04T12:46:31.859Z,44b233be34340ff48f45013f0d75c6d0d90eb8ac731b678f4794f1529c2b1e11,/decisions/177,evidence/aef_v2_review_2026-10-04T14-18-12-118Z.json,False,False,False,does_not_override_authoritative_hand_and_label,human_review_export_revision,valid_source_range_no_overlap,,../../manifest.csv,C:\dev\Haemophilia\processed_data\assisted_elbow_flexion\manual_annotation_audit.csv,97,41347c1ad9bf08b0c65ca613e97e467014bfe3c0dad39cafedfaf9e955ee93c2,C:\dev\Haemophilia\processed_data\assisted_elbow_flexion\sequences\20260825_120703_rep_10_correct_person1.npy,provenance_only_not_canonical_model_input,STALE_range_revised,301e371c4d753dce5b2eea018da5668657d4f6d27b0498a214c8e5c93ff64784
rep_0223c41078f59ba0c7,cccf82e3e7e7a94a53ac45e56881ae02d72c3a271212fd4f19e88e0626012211,vid_cccf82e3e7e7a94a,C:\Users\DEVESH SHUKLA\Downloads\hemo\Assisted elbow flexion\Right hand assisted correct\20260825_120703.mp4,Right hand assisted correct,11,2450,2640,2450,2604,zero_based_inclusive,40.815933,43.997912,3.1819789999999983,191,person1,inherited_not_independently_verified,Right,Correct,label,human_verified,human_verified,authoritative_user_confirmed,True,False,,cccf82e3e7e7a94a53ac45e56881ae02d72c3a271212fd4f19e88e0626012211,person1,unassigned,,2026-10-04T12:47:12.740Z,44b233be34340ff48f45013f0d75c6d0d90eb8ac731b678f4794f1529c2b1e11,/decisions/178,evidence/aef_v2_review_2026-10-04T14-18-12-118Z.json,False,False,False,does_not_override_authoritative_hand_and_label,human_review_export_revision,valid_source_range_no_overlap,,../../manifest.csv,C:\dev\Haemophilia\processed_data\assisted_elbow_flexion\manual_annotation_audit.csv,98,41347c1ad9bf08b0c65ca613e97e467014bfe3c0dad39cafedfaf9e955ee93c2,C:\dev\Haemophilia\processed_data\assisted_elbow_flexion\sequences\20260825_120703_rep_11_correct_person1.npy,provenance_only_not_canonical_model_input,STALE_range_revised,11659a11c28c7b76035b297c4d46b1f06e5200a5b3853bb1e1fcbf8b78f5da88
rep_6e23e4f49a60e42831,871bc1a5b112709b54bcc14e881b0f944c0e580f2f3b3db8767ecd6da43b1d5b,vid_871bc1a5b112709b,C:\Users\DEVESH SHUKLA\Downloads\hemo\Assisted elbow flexion\Left hand assisted correct\20260825_120754.mp4,Left hand assisted correct,1,48,244,48,244,zero_based_inclusive,0.799656,4.081589,3.281933,197,person1,inherited_not_independently_verified,Left,Correct,label,human_verified,human_verified,authoritative_user_confirmed,True,False,,871bc1a5b112709b54bcc14e881b0f944c0e580f2f3b3db8767ecd6da43b1d5b,person1,unassigned,,2026-10-04T13:19:13.670Z,44b233be34340ff48f45013f0d75c6d0d90eb8ac731b678f4794f1529c2b1e11,/decisions/179,evidence/aef_v2_review_2026-10-04T14-18-12-118Z.json,False,False,False,does_not_override_authoritative_hand_and_label,human_review_export_unchanged_candidate_range,valid_source_range_inclusive_endpoint_allowed,,../../manifest.csv,C:\dev\Haemophilia\processed_data\assisted_elbow_flexion\manual_annotation_audit.csv,28,41347c1ad9bf08b0c65ca613e97e467014bfe3c0dad39cafedfaf9e955ee93c2,C:\dev\Haemophilia\processed_data\assisted_elbow_flexion\sequences\20260825_120754_rep_01_correct_person1.npy,provenance_only_not_canonical_model_input,range_unchanged_hand_and_processing_semantics_not_validated_for_new_training,878ec293c3ebb50334de14a99e4d930a3662af8de3a3856222acde52927b6541
rep_e2c3d0e2d2b5678e36,871bc1a5b112709b54bcc14e881b0f944c0e580f2f3b3db8767ecd6da43b1d5b,vid_871bc1a5b112709b,C:\Users\DEVESH SHUKLA\Downloads\hemo\Assisted elbow flexion\Left hand assisted correct\20260825_120754.mp4,Left hand assisted correct,2,244,488,244,488,zero_based_inclusive,4.064933,8.146523,4.08159,245,person1,inherited_not_independently_verified,Left,Correct,label,human_verified,human_verified,authoritative_user_confirmed,True,False,,871bc1a5b112709b54bcc14e881b0f944c0e580f2f3b3db8767ecd6da43b1d5b,person1,unassigned,,2026-10-04T13:19:21.324Z,44b233be34340ff48f45013f0d75c6d0d90eb8ac731b678f4794f1529c2b1e11,/decisions/180,evidence/aef_v2_review_2026-10-04T14-18-12-118Z.json,False,False,False,does_not_override_authoritative_hand_and_label,human_review_export_unchanged_candidate_range,valid_source_range_inclusive_endpoint_allowed,,../../manifest.csv,C:\dev\Haemophilia\processed_data\assisted_elbow_flexion\manual_annotation_audit.csv,29,41347c1ad9bf08b0c65ca613e97e467014bfe3c0dad39cafedfaf9e955ee93c2,C:\dev\Haemophilia\processed_data\assisted_elbow_flexion\sequences\20260825_120754_rep_02_correct_person1.npy,provenance_only_not_canonical_model_input,range_unchanged_hand_and_processing_semantics_not_validated_for_new_training,b0442cfbc88b284eab90861bb961ab6a81d84922159085ed7cce15181eb609e5
rep_d0ff18f99d0f27f12c,871bc1a5b112709b54bcc14e881b0f944c0e580f2f3b3db8767ecd6da43b1d5b,vid_871bc1a5b112709b,C:\Users\DEVESH SHUKLA\Downloads\hemo\Assisted elbow flexion\Left hand assisted correct\20260825_120754.mp4,Left hand assisted correct,3,488,776,488,776,zero_based_inclusive,8.129867,12.944478,4.814610999999999,289,person1,inherited_not_independently_verified,Left,Correct,label,human_verified,human_verified,authoritative_user_confirmed,True,False,,871bc1a5b112709b54bcc14e881b0f944c0e580f2f3b3db8767ecd6da43b1d5b,person1,unassigned,,2026-10-04T13:19:28.465Z,44b233be34340ff48f45013f0d75c6d0d90eb8ac731b678f4794f1529c2b1e11,/decisions/181,evidence/aef_v2_review_2026-10-04T14-18-12-118Z.json,False,False,False,does_not_override_authoritative_hand_and_label,human_review_export_unchanged_candidate_range,valid_source_range_inclusive_endpoint_allowed,,../../manifest.csv,C:\dev\Haemophilia\processed_data\assisted_elbow_flexion\manual_annotation_audit.csv,30,41347c1ad9bf08b0c65ca613e97e467014bfe3c0dad39cafedfaf9e955ee93c2,C:\dev\Haemophilia\processed_data\assisted_elbow_flexion\sequences\20260825_120754_rep_03_correct_person1.npy,provenance_only_not_canonical_model_input,range_unchanged_hand_and_processing_semantics_not_validated_for_new_training,6580a454a8aca84d5428eb8a49f26ac0886a40518a20c4b627d40f7a7431f39a
rep_f90d8c60da13e3f372,871bc1a5b112709b54bcc14e881b0f944c0e580f2f3b3db8767ecd6da43b1d5b,vid_871bc1a5b112709b,C:\Users\DEVESH SHUKLA\Downloads\hemo\Assisted elbow flexion\Left hand assisted correct\20260825_120754.mp4,Left hand assisted correct,4,776,964,776,964,zero_based_inclusive,12.927822,16.076478,3.148656000000001,189,person1,inherited_not_independently_verified,Left,Correct,label,human_verified,human_verified,authoritative_user_confirmed,True,False,,871bc1a5b112709b54bcc14e881b0f944c0e580f2f3b3db8767ecd6da43b1d5b,person1,unassigned,,2026-10-04T13:19:36.799Z,44b233be34340ff48f45013f0d75c6d0d90eb8ac731b678f4794f1529c2b1e11,/decisions/182,evidence/aef_v2_review_2026-10-04T14-18-12-118Z.json,False,False,False,does_not_override_authoritative_hand_and_label,human_review_export_unchanged_candidate_range,valid_source_range_inclusive_endpoint_allowed,,../../manifest.csv,C:\dev\Haemophilia\processed_data\assisted_elbow_flexion\manual_annotation_audit.csv,31,41347c1ad9bf08b0c65ca613e97e467014bfe3c0dad39cafedfaf9e955ee93c2,C:\dev\Haemophilia\processed_data\assisted_elbow_flexion\sequences\20260825_120754_rep_04_correct_person1.npy,provenance_only_not_canonical_model_input,range_unchanged_hand_and_processing_semantics_not_validated_for_new_training,5919f35fff4366b3bcaead9e15c2f941b0c8e9edf241fe70fb309c46fe052455
rep_7a9e2557829a90b7e0,871bc1a5b112709b54bcc14e881b0f944c0e580f2f3b3db8767ecd6da43b1d5b,vid_871bc1a5b112709b,C:\Users\DEVESH SHUKLA\Downloads\hemo\Assisted elbow flexion\Left hand assisted correct\20260825_120754.mp4,Left hand assisted correct,5,964,1250,964,1280,zero_based_inclusive,16.059811,20.841123000000003,4.781312000000003,287,person1,inherited_not_independently_verified,Left,Correct,label,human_verified,human_verified,authoritative_user_confirmed,True,False,,871bc1a5b112709b54bcc14e881b0f944c0e580f2f3b3db8767ecd6da43b1d5b,person1,unassigned,,2026-10-04T13:19:43.931Z,44b233be34340ff48f45013f0d75c6d0d90eb8ac731b678f4794f1529c2b1e11,/decisions/183,evidence/aef_v2_review_2026-10-04T14-18-12-118Z.json,False,False,False,does_not_override_authoritative_hand_and_label,human_review_export_revision,valid_source_range_inclusive_endpoint_allowed,,../../manifest.csv,C:\dev\Haemophilia\processed_data\assisted_elbow_flexion\manual_annotation_audit.csv,32,41347c1ad9bf08b0c65ca613e97e467014bfe3c0dad39cafedfaf9e955ee93c2,C:\dev\Haemophilia\processed_data\assisted_elbow_flexion\sequences\20260825_120754_rep_05_correct_person1.npy,provenance_only_not_canonical_model_input,STALE_range_revised,ebd893b0266ccebed7ec9f927ebe4cb98203789ff09b394b70cbd4708a956a7a
rep_d0b67e69c0399de83d,871bc1a5b112709b54bcc14e881b0f944c0e580f2f3b3db8767ecd6da43b1d5b,vid_871bc1a5b112709b,C:\Users\DEVESH SHUKLA\Downloads\hemo\Assisted elbow flexion\Left hand assisted correct\20260825_120754.mp4,Left hand assisted correct,6,1280,1468,1280,1468,zero_based_inclusive,21.324244,24.472889000000002,3.148645000000002,189,person1,inherited_not_independently_verified,Left,Correct,label,human_verified,human_verified,authoritative_user_confirmed,True,False,,871bc1a5b112709b54bcc14e881b0f944c0e580f2f3b3db8767ecd6da43b1d5b,person1,unassigned,,2026-10-04T13:19:50.453Z,44b233be34340ff48f45013f0d75c6d0d90eb8ac731b678f4794f1529c2b1e11,/decisions/184,evidence/aef_v2_review_2026-10-04T14-18-12-118Z.json,False,False,False,does_not_override_authoritative_hand_and_label,human_review_export_unchanged_candidate_range,valid_source_range_inclusive_endpoint_allowed,,../../manifest.csv,C:\dev\Haemophilia\processed_data\assisted_elbow_flexion\manual_annotation_audit.csv,33,41347c1ad9bf08b0c65ca613e97e467014bfe3c0dad39cafedfaf9e955ee93c2,C:\dev\Haemophilia\processed_data\assisted_elbow_flexion\sequences\20260825_120754_rep_06_correct_person1.npy,provenance_only_not_canonical_model_input,range_unchanged_hand_and_processing_semantics_not_validated_for_new_training,8f276b3b86c7c1dde65da97ea5fa7e6c448d194d0ec1b21645114c83a49c5e6f
rep_9210747dded1234c01,871bc1a5b112709b54bcc14e881b0f944c0e580f2f3b3db8767ecd6da43b1d5b,vid_871bc1a5b112709b,C:\Users\DEVESH SHUKLA\Downloads\hemo\Assisted elbow flexion\Left hand assisted correct\20260825_120754.mp4,Left hand assisted correct,7,1468,1740,1468,1740,zero_based_inclusive,24.456233,29.004289,4.548055999999999,273,person1,inherited_not_independently_verified,Left,Correct,label,human_verified,human_verified,authoritative_user_confirmed,True,False,,871bc1a5b112709b54bcc14e881b0f944c0e580f2f3b3db8767ecd6da43b1d5b,person1,unassigned,,2026-10-04T13:19:58.983Z,44b233be34340ff48f45013f0d75c6d0d90eb8ac731b678f4794f1529c2b1e11,/decisions/185,evidence/aef_v2_review_2026-10-04T14-18-12-118Z.json,False,False,False,does_not_override_authoritative_hand_and_label,human_review_export_unchanged_candidate_range,valid_source_range_inclusive_endpoint_allowed,,../../manifest.csv,C:\dev\Haemophilia\processed_data\assisted_elbow_flexion\manual_annotation_audit.csv,34,41347c1ad9bf08b0c65ca613e97e467014bfe3c0dad39cafedfaf9e955ee93c2,C:\dev\Haemophilia\processed_data\assisted_elbow_flexion\sequences\20260825_120754_rep_07_correct_person1.npy,provenance_only_not_canonical_model_input,range_unchanged_hand_and_processing_semantics_not_validated_for_new_training,f78ea8bcd3bcf53e03970c7c314f06034c76dee8537d56d1d03bc076ab8e55db
rep_c3ae4bbb70cbada492,871bc1a5b112709b54bcc14e881b0f944c0e580f2f3b3db8767ecd6da43b1d5b,vid_871bc1a5b112709b,C:\Users\DEVESH SHUKLA\Downloads\hemo\Assisted elbow flexion\Left hand assisted correct\20260825_120754.mp4,Left hand assisted correct,8,1740,1976,1740,1976,zero_based_inclusive,28.987633,32.935956,3.9483229999999985,237,person1,inherited_not_independently_verified,Left,Correct,label,human_verified,human_verified,authoritative_user_confirmed,True,False,,871bc1a5b112709b54bcc14e881b0f944c0e580f2f3b3db8767ecd6da43b1d5b,person1,unassigned,,2026-10-04T13:20:06.956Z,44b233be34340ff48f45013f0d75c6d0d90eb8ac731b678f4794f1529c2b1e11,/decisions/186,evidence/aef_v2_review_2026-10-04T14-18-12-118Z.json,False,False,False,does_not_override_authoritative_hand_and_label,human_review_export_unchanged_candidate_range,valid_source_range_inclusive_endpoint_allowed,,../../manifest.csv,C:\dev\Haemophilia\processed_data\assisted_elbow_flexion\manual_annotation_audit.csv,35,41347c1ad9bf08b0c65ca613e97e467014bfe3c0dad39cafedfaf9e955ee93c2,C:\dev\Haemophilia\processed_data\assisted_elbow_flexion\sequences\20260825_120754_rep_08_correct_person1.npy,provenance_only_not_canonical_model_input,range_unchanged_hand_and_processing_semantics_not_validated_for_new_training,d792a2223c16b3788470c8fb52620e74ba84d5546b0b387b1f00390196d78cac
rep_f3526932ce290edab5,871bc1a5b112709b54bcc14e881b0f944c0e580f2f3b3db8767ecd6da43b1d5b,vid_871bc1a5b112709b,C:\Users\DEVESH SHUKLA\Downloads\hemo\Assisted elbow flexion\Left hand assisted correct\20260825_120754.mp4,Left hand assisted correct,9,1976,2250,1976,2278,zero_based_inclusive,32.9193,37.500667,4.581367,275,person1,inherited_not_independently_verified,Left,Correct,label,human_verified,human_verified,authoritative_user_confirmed,True,False,,871bc1a5b112709b54bcc14e881b0f944c0e580f2f3b3db8767ecd6da43b1d5b,person1,unassigned,,2026-10-04T13:20:16.210Z,44b233be34340ff48f45013f0d75c6d0d90eb8ac731b678f4794f1529c2b1e11,/decisions/187,evidence/aef_v2_review_2026-10-04T14-18-12-118Z.json,False,False,False,does_not_override_authoritative_hand_and_label,human_review_export_revision,valid_source_range_inclusive_endpoint_allowed,,../../manifest.csv,C:\dev\Haemophilia\processed_data\assisted_elbow_flexion\manual_annotation_audit.csv,36,41347c1ad9bf08b0c65ca613e97e467014bfe3c0dad39cafedfaf9e955ee93c2,C:\dev\Haemophilia\processed_data\assisted_elbow_flexion\sequences\20260825_120754_rep_09_correct_person1.npy,provenance_only_not_canonical_model_input,STALE_range_revised,151421065881e85981d932e6df0421ca0e3a546a06bf365640813ced1cf3416a
rep_d16b4c22ff4fca8332,871bc1a5b112709b54bcc14e881b0f944c0e580f2f3b3db8767ecd6da43b1d5b,vid_871bc1a5b112709b,C:\Users\DEVESH SHUKLA\Downloads\hemo\Assisted elbow flexion\Left hand assisted correct\20260825_120754.mp4,Left hand assisted correct,10,2278,2428,2278,2428,zero_based_inclusive,37.950489,40.466077999999996,2.5155889999999985,151,person1,inherited_not_independently_verified,Left,Correct,label,human_verified,human_verified,authoritative_user_confirmed,True,False,,871bc1a5b112709b54bcc14e881b0f944c0e580f2f3b3db8767ecd6da43b1d5b,person1,unassigned,,2026-10-04T13:20:31.696Z,44b233be34340ff48f45013f0d75c6d0d90eb8ac731b678f4794f1529c2b1e11,/decisions/188,evidence/aef_v2_review_2026-10-04T14-18-12-118Z.json,False,False,False,does_not_override_authoritative_hand_and_label,human_review_export_unchanged_candidate_range,valid_source_range_no_overlap,,../../manifest.csv,C:\dev\Haemophilia\processed_data\assisted_elbow_flexion\manual_annotation_audit.csv,37,41347c1ad9bf08b0c65ca613e97e467014bfe3c0dad39cafedfaf9e955ee93c2,C:\dev\Haemophilia\processed_data\assisted_elbow_flexion\sequences\20260825_120754_rep_10_correct_person1.npy,provenance_only_not_canonical_model_input,range_unchanged_hand_and_processing_semantics_not_validated_for_new_training,8466c2585351528ff4bf8c2fb54b29dab20e9ffaf8aedcea68b0f5dec2895370
rep_2a706f670399059ddc,0c264aade3d2362157e8484603caa05154f40187f222e5540272f8f0b1764d2f,vid_0c264aade3d23621,C:\Users\DEVESH SHUKLA\Downloads\hemo\Assisted elbow flexion\Both hand assisted correct\20260825_120853.mp4,Both hand assisted correct,14,3300,3458,3300,3458,zero_based_inclusive,54.976556,57.625423,2.6488669999999956,159,person1,inherited_not_independently_verified,Left,Correct,label,human_verified,human_verified,authoritative_user_confirmed,True,False,,0c264aade3d2362157e8484603caa05154f40187f222e5540272f8f0b1764d2f,person1,unassigned,,2026-10-04T13:20:44.001Z,44b233be34340ff48f45013f0d75c6d0d90eb8ac731b678f4794f1529c2b1e11,/decisions/189,evidence/aef_v2_review_2026-10-04T14-18-12-118Z.json,False,False,False,does_not_override_authoritative_hand_and_label,human_review_export_unchanged_candidate_range,valid_source_range_no_overlap,,../../manifest.csv,C:\dev\Haemophilia\processed_data\assisted_elbow_flexion\manual_annotation_audit.csv,15,41347c1ad9bf08b0c65ca613e97e467014bfe3c0dad39cafedfaf9e955ee93c2,C:\dev\Haemophilia\processed_data\assisted_elbow_flexion\sequences\20260825_120853_rep_14_correct_person1.npy,provenance_only_not_canonical_model_input,range_unchanged_hand_and_processing_semantics_not_validated_for_new_training,87a313653977b40e7326d4251f8fed011eabd7ea2eeb4011889cb651853ba6fc
rep_d7af2020d057934d50,5ecd6a78f9f6d143ddf980bf4c33c734eff0879442f9a19a8749de04f5f9018d,vid_5ecd6a78f9f6d143,C:\Users\DEVESH SHUKLA\Downloads\hemo\Assisted elbow flexion\Right hand assisted wrong\20260825_121007.mp4,Right hand assisted wrong,1,4,280,4,280,zero_based_inclusive,0.066644,4.681345,4.614701,277,person1,inherited_not_independently_verified,Right,Incorrect,label,human_verified,human_verified,authoritative_user_confirmed,True,False,,5ecd6a78f9f6d143ddf980bf4c33c734eff0879442f9a19a8749de04f5f9018d,person1,unassigned,,2026-10-04T13:21:02.649Z,44b233be34340ff48f45013f0d75c6d0d90eb8ac731b678f4794f1529c2b1e11,/decisions/190,evidence/aef_v2_review_2026-10-04T14-18-12-118Z.json,False,False,False,does_not_override_authoritative_hand_and_label,human_review_export_unchanged_candidate_range,valid_source_range_inclusive_endpoint_allowed,,../../manifest.csv,C:\dev\Haemophilia\processed_data\assisted_elbow_flexion\manual_annotation_audit.csv,123,41347c1ad9bf08b0c65ca613e97e467014bfe3c0dad39cafedfaf9e955ee93c2,C:\dev\Haemophilia\processed_data\assisted_elbow_flexion\sequences\20260825_121007_rep_01_incorrect_person1.npy,provenance_only_not_canonical_model_input,range_unchanged_hand_and_processing_semantics_not_validated_for_new_training,c211056314e7c96d3d11c035375b5f2f3099c1ec1091189889438e6946fe9252
rep_abd2c8c804430edc55,5ecd6a78f9f6d143ddf980bf4c33c734eff0879442f9a19a8749de04f5f9018d,vid_5ecd6a78f9f6d143,C:\Users\DEVESH SHUKLA\Downloads\hemo\Assisted elbow flexion\Right hand assisted wrong\20260825_121007.mp4,Right hand assisted wrong,2,280,600,280,436,zero_based_inclusive,4.664678,10.012388999999999,5.3477109999999985,321,person1,inherited_not_independently_verified,Right,Incorrect,label,human_verified,human_verified,authoritative_user_confirmed,True,False,,5ecd6a78f9f6d143ddf980bf4c33c734eff0879442f9a19a8749de04f5f9018d,person1,unassigned,,2026-10-04T13:21:43.068Z,44b233be34340ff48f45013f0d75c6d0d90eb8ac731b678f4794f1529c2b1e11,/decisions/191,evidence/aef_v2_review_2026-10-04T14-18-12-118Z.json,False,False,False,does_not_override_authoritative_hand_and_label,human_review_export_revision,valid_source_range_shared_transition_context,Shared interval includes late lowering from A before a lowered-arm pause and the distinct next flexion in B. It does not duplicate the flexion core. Retain with previous-cycle-tail-context note; clips remain source-grouped.,../../manifest.csv,C:\dev\Haemophilia\processed_data\assisted_elbow_flexion\manual_annotation_audit.csv,124,41347c1ad9bf08b0c65ca613e97e467014bfe3c0dad39cafedfaf9e955ee93c2,C:\dev\Haemophilia\processed_data\assisted_elbow_flexion\sequences\20260825_121007_rep_02_incorrect_person1.npy,provenance_only_not_canonical_model_input,STALE_range_revised,1ac8fe47c3ef17b1d028abfa324493bd3a8bb2afd060388e472a79cf8a90474e
rep_9aae73a476f0e1ecb0,5ecd6a78f9f6d143ddf980bf4c33c734eff0879442f9a19a8749de04f5f9018d,vid_5ecd6a78f9f6d143,C:\Users\DEVESH SHUKLA\Downloads\hemo\Assisted elbow flexion\Right hand assisted wrong\20260825_121007.mp4,Right hand assisted wrong,4,560,856,560,856,zero_based_inclusive,9.329356,14.277245,4.947889,297,person1,inherited_not_independently_verified,Right,Incorrect,label,human_verified,human_verified,authoritative_user_confirmed,True,False,,5ecd6a78f9f6d143ddf980bf4c33c734eff0879442f9a19a8749de04f5f9018d,person1,unassigned,,2026-10-04T13:22:19.307Z,44b233be34340ff48f45013f0d75c6d0d90eb8ac731b678f4794f1529c2b1e11,/decisions/192,evidence/aef_v2_review_2026-10-04T14-18-12-118Z.json,False,False,False,does_not_override_authoritative_hand_and_label,human_review_export_unchanged_candidate_range,valid_source_range_shared_transition_context,Shared interval includes late lowering from A before a lowered-arm pause and the distinct next flexion in B. It does not duplicate the flexion core. Retain with previous-cycle-tail-context note; clips remain source-grouped.,../../manifest.csv,C:\dev\Haemophilia\processed_data\assisted_elbow_flexion\manual_annotation_audit.csv,126,41347c1ad9bf08b0c65ca613e97e467014bfe3c0dad39cafedfaf9e955ee93c2,C:\dev\Haemophilia\processed_data\assisted_elbow_flexion\sequences\20260825_121007_rep_04_incorrect_person1.npy,provenance_only_not_canonical_model_input,range_unchanged_hand_and_processing_semantics_not_validated_for_new_training,df2eddaad2ed6ad46c33f41627892d99ac594356489e6f95b71a3bcb75779b62
rep_a614111ef20922f016,5ecd6a78f9f6d143ddf980bf4c33c734eff0879442f9a19a8749de04f5f9018d,vid_5ecd6a78f9f6d143,C:\Users\DEVESH SHUKLA\Downloads\hemo\Assisted elbow flexion\Right hand assisted wrong\20260825_121007.mp4,Right hand assisted wrong,7,1270,1600,1246,1392,zero_based_inclusive,21.157644,26.671967000000002,5.514323000000001,331,person1,inherited_not_independently_verified,Right,Incorrect,label,human_verified,human_verified,authoritative_user_confirmed,True,False,,5ecd6a78f9f6d143ddf980bf4c33c734eff0879442f9a19a8749de04f5f9018d,person1,unassigned,,2026-10-04T13:24:02.611Z,44b233be34340ff48f45013f0d75c6d0d90eb8ac731b678f4794f1529c2b1e11,/decisions/193,evidence/aef_v2_review_2026-10-04T14-18-12-118Z.json,False,False,False,does_not_override_authoritative_hand_and_label,human_review_export_revision,valid_source_range_no_overlap,,../../manifest.csv,C:\dev\Haemophilia\processed_data\assisted_elbow_flexion\manual_annotation_audit.csv,129,41347c1ad9bf08b0c65ca613e97e467014bfe3c0dad39cafedfaf9e955ee93c2,C:\dev\Haemophilia\processed_data\assisted_elbow_flexion\sequences\20260825_121007_rep_07_incorrect_person1.npy,provenance_only_not_canonical_model_input,STALE_range_revised,dd52bae71eaef1bc14b450ae0331a4f2f2f3ae553517b8b20bc4df59883a0a05
rep_c39d5255ec18bcee57,5ecd6a78f9f6d143ddf980bf4c33c734eff0879442f9a19a8749de04f5f9018d,vid_5ecd6a78f9f6d143,C:\Users\DEVESH SHUKLA\Downloads\hemo\Assisted elbow flexion\Right hand assisted wrong\20260825_121007.mp4,Right hand assisted wrong,10,1630,1880,1684,1932,zero_based_inclusive,27.155089,31.336634,4.181545,251,person1,inherited_not_independently_verified,Right,Incorrect,label,human_verified,human_verified,authoritative_user_confirmed,True,False,,5ecd6a78f9f6d143ddf980bf4c33c734eff0879442f9a19a8749de04f5f9018d,person1,unassigned,,2026-10-04T13:26:23.335Z,44b233be34340ff48f45013f0d75c6d0d90eb8ac731b678f4794f1529c2b1e11,/decisions/194,evidence/aef_v2_review_2026-10-04T14-18-12-118Z.json,False,False,False,does_not_override_authoritative_hand_and_label,human_review_export_revision,valid_source_range_no_overlap,,../../manifest.csv,C:\dev\Haemophilia\processed_data\assisted_elbow_flexion\manual_annotation_audit.csv,132,41347c1ad9bf08b0c65ca613e97e467014bfe3c0dad39cafedfaf9e955ee93c2,C:\dev\Haemophilia\processed_data\assisted_elbow_flexion\sequences\20260825_121007_rep_10_incorrect_person1.npy,provenance_only_not_canonical_model_input,STALE_range_revised,71789e6cbe9fa7ef5f8e6c60cbd241420b3b47670431f0c08d3416491ef2efd4
rep_b5df2f9774dcb2df9c,5ecd6a78f9f6d143ddf980bf4c33c734eff0879442f9a19a8749de04f5f9018d,vid_5ecd6a78f9f6d143,C:\Users\DEVESH SHUKLA\Downloads\hemo\Assisted elbow flexion\Right hand assisted wrong\20260825_121007.mp4,Right hand assisted wrong,11,1900,2150,1932,2186,zero_based_inclusive,31.653167,35.834723,4.181555999999997,251,person1,inherited_not_independently_verified,Right,Incorrect,label,human_verified,human_verified,authoritative_user_confirmed,True,False,,5ecd6a78f9f6d143ddf980bf4c33c734eff0879442f9a19a8749de04f5f9018d,person1,unassigned,,2026-10-04T13:27:03.358Z,44b233be34340ff48f45013f0d75c6d0d90eb8ac731b678f4794f1529c2b1e11,/decisions/195,evidence/aef_v2_review_2026-10-04T14-18-12-118Z.json,False,False,False,does_not_override_authoritative_hand_and_label,human_review_export_revision,valid_source_range_no_overlap,,../../manifest.csv,C:\dev\Haemophilia\processed_data\assisted_elbow_flexion\manual_annotation_audit.csv,133,41347c1ad9bf08b0c65ca613e97e467014bfe3c0dad39cafedfaf9e955ee93c2,C:\dev\Haemophilia\processed_data\assisted_elbow_flexion\sequences\20260825_121007_rep_11_incorrect_person1.npy,provenance_only_not_canonical_model_input,STALE_range_revised,9bc38a549bbd27b2fcea617f830956d35110336187a6e4690c44fbdb59d7fa6b
rep_723e60d2b4c013afb1,5ecd6a78f9f6d143ddf980bf4c33c734eff0879442f9a19a8749de04f5f9018d,vid_5ecd6a78f9f6d143,C:\Users\DEVESH SHUKLA\Downloads\hemo\Assisted elbow flexion\Right hand assisted wrong\20260825_121007.mp4,Right hand assisted wrong,12,2186,2400,2186,2290,zero_based_inclusive,36.417811,39.9996,3.5817890000000006,215,person1,inherited_not_independently_verified,Right,Incorrect,label,human_verified,human_verified,authoritative_user_confirmed,True,False,,5ecd6a78f9f6d143ddf980bf4c33c734eff0879442f9a19a8749de04f5f9018d,person1,unassigned,,2026-10-04T13:28:03.851Z,44b233be34340ff48f45013f0d75c6d0d90eb8ac731b678f4794f1529c2b1e11,/decisions/196,evidence/aef_v2_review_2026-10-04T14-18-12-118Z.json,False,False,False,does_not_override_authoritative_hand_and_label,human_review_export_revision,valid_source_range_no_overlap,,../../manifest.csv,C:\dev\Haemophilia\processed_data\assisted_elbow_flexion\manual_annotation_audit.csv,134,41347c1ad9bf08b0c65ca613e97e467014bfe3c0dad39cafedfaf9e955ee93c2,C:\dev\Haemophilia\processed_data\assisted_elbow_flexion\sequences\20260825_121007_rep_12_incorrect_person1.npy,provenance_only_not_canonical_model_input,STALE_range_revised,29a35727bcb55faadad9abf065a44bfa48bd00f6d750f8fc76226089d261130c
rep_35b4b0fac466afddb0,5ecd6a78f9f6d143ddf980bf4c33c734eff0879442f9a19a8749de04f5f9018d,vid_5ecd6a78f9f6d143,C:\Users\DEVESH SHUKLA\Downloads\hemo\Assisted elbow flexion\Right hand assisted wrong\20260825_121007.mp4,Right hand assisted wrong,15,2470,2700,2470,2648,zero_based_inclusive,41.149122,44.997489,3.848367000000003,231,person1,inherited_not_independently_verified,Right,Incorrect,label,human_verified,human_verified,authoritative_user_confirmed,True,False,,5ecd6a78f9f6d143ddf980bf4c33c734eff0879442f9a19a8749de04f5f9018d,person1,unassigned,,2026-10-04T13:28:54.562Z,44b233be34340ff48f45013f0d75c6d0d90eb8ac731b678f4794f1529c2b1e11,/decisions/197,evidence/aef_v2_review_2026-10-04T14-18-12-118Z.json,False,False,False,does_not_override_authoritative_hand_and_label,human_review_export_revision,valid_source_range_no_overlap,,../../manifest.csv,C:\dev\Haemophilia\processed_data\assisted_elbow_flexion\manual_annotation_audit.csv,137,41347c1ad9bf08b0c65ca613e97e467014bfe3c0dad39cafedfaf9e955ee93c2,C:\dev\Haemophilia\processed_data\assisted_elbow_flexion\sequences\20260825_121007_rep_15_incorrect_person1.npy,provenance_only_not_canonical_model_input,STALE_range_revised,0980b5d26ddc8254c2233ab6de9727fb3707876c183ff3a65b929d7792296156
rep_27863e57422bec0cd1,e61ec8fb945f06ad3ef037f07f62253ccfe72e9b2c78303874976ee3e879c5d0,vid_e61ec8fb945f06ad,C:\Users\DEVESH SHUKLA\Downloads\hemo\Assisted elbow flexion\Left hand assisted wrong\20260825_121059.mp4,Left hand assisted wrong,1,100,430,68,336,zero_based_inclusive,1.665956,7.180267000000001,5.514311000000001,331,person1,inherited_not_independently_verified,Left,Incorrect,label,human_verified,human_verified,authoritative_user_confirmed,True,False,,e61ec8fb945f06ad3ef037f07f62253ccfe72e9b2c78303874976ee3e879c5d0,person1,unassigned,,2026-10-04T13:30:10.711Z,44b233be34340ff48f45013f0d75c6d0d90eb8ac731b678f4794f1529c2b1e11,/decisions/198,evidence/aef_v2_review_2026-10-04T14-18-12-118Z.json,False,False,False,does_not_override_authoritative_hand_and_label,human_review_export_revision,valid_source_range_no_overlap,,../../manifest.csv,C:\dev\Haemophilia\processed_data\assisted_elbow_flexion\manual_annotation_audit.csv,58,41347c1ad9bf08b0c65ca613e97e467014bfe3c0dad39cafedfaf9e955ee93c2,C:\dev\Haemophilia\processed_data\assisted_elbow_flexion\sequences\20260825_121059_rep_01_incorrect_person1.npy,provenance_only_not_canonical_model_input,STALE_range_revised,dfe64eb12932d33366051dbc86a2b0854de6dd9a25a53033cbfa872e82614d29
rep_2f16162b29e51e2f78,e61ec8fb945f06ad3ef037f07f62253ccfe72e9b2c78303874976ee3e879c5d0,vid_e61ec8fb945f06ad,C:\Users\DEVESH SHUKLA\Downloads\hemo\Assisted elbow flexion\Left hand assisted wrong\20260825_121059.mp4,Left hand assisted wrong,3,622,898,622,898,zero_based_inclusive,10.362256,14.976944999999999,4.6146889999999985,277,person1,inherited_not_independently_verified,Left,Incorrect,label,human_verified,human_verified,authoritative_user_confirmed,True,False,,e61ec8fb945f06ad3ef037f07f62253ccfe72e9b2c78303874976ee3e879c5d0,person1,unassigned,,2026-10-04T13:30:53.246Z,44b233be34340ff48f45013f0d75c6d0d90eb8ac731b678f4794f1529c2b1e11,/decisions/199,evidence/aef_v2_review_2026-10-04T14-18-12-118Z.json,False,False,False,does_not_override_authoritative_hand_and_label,human_review_export_unchanged_candidate_range,valid_source_range_inclusive_endpoint_allowed,,../../manifest.csv,C:\dev\Haemophilia\processed_data\assisted_elbow_flexion\manual_annotation_audit.csv,60,41347c1ad9bf08b0c65ca613e97e467014bfe3c0dad39cafedfaf9e955ee93c2,C:\dev\Haemophilia\processed_data\assisted_elbow_flexion\sequences\20260825_121059_rep_03_incorrect_person1.npy,provenance_only_not_canonical_model_input,range_unchanged_hand_and_processing_semantics_not_validated_for_new_training,272a8f22475d6ca606814b44f6e423acd41b0c47f5e82b18c1ed08a01e3947c6
rep_6d7e4cbc3b8ce62f45,e61ec8fb945f06ad3ef037f07f62253ccfe72e9b2c78303874976ee3e879c5d0,vid_e61ec8fb945f06ad,C:\Users\DEVESH SHUKLA\Downloads\hemo\Assisted elbow flexion\Left hand assisted wrong\20260825_121059.mp4,Left hand assisted wrong,4,898,1200,898,1200,zero_based_inclusive,14.960289,20.008134000000002,5.047845000000002,303,person1,inherited_not_independently_verified,Left,Incorrect,label,human_verified,human_verified,authoritative_user_confirmed,True,False,,e61ec8fb945f06ad3ef037f07f62253ccfe72e9b2c78303874976ee3e879c5d0,person1,unassigned,,2026-10-04T13:31:09.107Z,44b233be34340ff48f45013f0d75c6d0d90eb8ac731b678f4794f1529c2b1e11,/decisions/200,evidence/aef_v2_review_2026-10-04T14-18-12-118Z.json,False,False,False,does_not_override_authoritative_hand_and_label,human_review_export_unchanged_candidate_range,valid_source_range_inclusive_endpoint_allowed,,../../manifest.csv,C:\dev\Haemophilia\processed_data\assisted_elbow_flexion\manual_annotation_audit.csv,61,41347c1ad9bf08b0c65ca613e97e467014bfe3c0dad39cafedfaf9e955ee93c2,C:\dev\Haemophilia\processed_data\assisted_elbow_flexion\sequences\20260825_121059_rep_04_incorrect_person1.npy,provenance_only_not_canonical_model_input,range_unchanged_hand_and_processing_semantics_not_validated_for_new_training,c936501ddd8bb3ed05b2a9de7a40c7b317e460391e713790643620fb78d4206c
rep_b1d03d4854933c563f,e61ec8fb945f06ad3ef037f07f62253ccfe72e9b2c78303874976ee3e879c5d0,vid_e61ec8fb945f06ad,C:\Users\DEVESH SHUKLA\Downloads\hemo\Assisted elbow flexion\Left hand assisted wrong\20260825_121059.mp4,Left hand assisted wrong,5,1200,1400,1200,1310,zero_based_inclusive,19.991478,23.340045,3.348566999999999,201,person1,inherited_not_independently_verified,Left,Incorrect,label,human_verified,human_verified,authoritative_user_confirmed,True,False,,e61ec8fb945f06ad3ef037f07f62253ccfe72e9b2c78303874976ee3e879c5d0,person1,unassigned,,2026-10-04T13:31:33.916Z,44b233be34340ff48f45013f0d75c6d0d90eb8ac731b678f4794f1529c2b1e11,/decisions/201,evidence/aef_v2_review_2026-10-04T14-18-12-118Z.json,False,False,False,does_not_override_authoritative_hand_and_label,human_review_export_revision,valid_source_range_inclusive_endpoint_allowed,,../../manifest.csv,C:\dev\Haemophilia\processed_data\assisted_elbow_flexion\manual_annotation_audit.csv,62,41347c1ad9bf08b0c65ca613e97e467014bfe3c0dad39cafedfaf9e955ee93c2,C:\dev\Haemophilia\processed_data\assisted_elbow_flexion\sequences\20260825_121059_rep_05_incorrect_person1.npy,provenance_only_not_canonical_model_input,STALE_range_revised,6b7cc0e447bc719622263a318bc0a5b2f80297a73c17b66e65d2eb3365fd38c4
rep_7501569b908e793d35,e61ec8fb945f06ad3ef037f07f62253ccfe72e9b2c78303874976ee3e879c5d0,vid_e61ec8fb945f06ad,C:\Users\DEVESH SHUKLA\Downloads\hemo\Assisted elbow flexion\Left hand assisted wrong\20260825_121059.mp4,Left hand assisted wrong,7,1688,2000,1688,1894,zero_based_inclusive,28.121344,33.3358,5.214455999999998,313,person1,inherited_not_independently_verified,Left,Incorrect,label,human_verified,human_verified,authoritative_user_confirmed,True,False,,e61ec8fb945f06ad3ef037f07f62253ccfe72e9b2c78303874976ee3e879c5d0,person1,unassigned,,2026-10-04T13:32:19.691Z,44b233be34340ff48f45013f0d75c6d0d90eb8ac731b678f4794f1529c2b1e11,/decisions/202,evidence/aef_v2_review_2026-10-04T14-18-12-118Z.json,False,False,False,does_not_override_authoritative_hand_and_label,human_review_export_revision,valid_source_range_no_overlap,,../../manifest.csv,C:\dev\Haemophilia\processed_data\assisted_elbow_flexion\manual_annotation_audit.csv,64,41347c1ad9bf08b0c65ca613e97e467014bfe3c0dad39cafedfaf9e955ee93c2,C:\dev\Haemophilia\processed_data\assisted_elbow_flexion\sequences\20260825_121059_rep_07_incorrect_person1.npy,provenance_only_not_canonical_model_input,STALE_range_revised,e06ae8305278cbde428584d3ee717cdac4b5f9e6d3508ccc29839f14fe776c33
rep_7e51865d23f0a47ccb,e61ec8fb945f06ad3ef037f07f62253ccfe72e9b2c78303874976ee3e879c5d0,vid_e61ec8fb945f06ad,C:\Users\DEVESH SHUKLA\Downloads\hemo\Assisted elbow flexion\Left hand assisted wrong\20260825_121059.mp4,Left hand assisted wrong,10,2500,2768,2500,2768,zero_based_inclusive,41.6489,46.130311,4.481411000000001,269,person1,inherited_not_independently_verified,Left,Incorrect,label,human_verified,human_verified,authoritative_user_confirmed,True,False,,e61ec8fb945f06ad3ef037f07f62253ccfe72e9b2c78303874976ee3e879c5d0,person1,unassigned,,2026-10-04T13:32:46.136Z,44b233be34340ff48f45013f0d75c6d0d90eb8ac731b678f4794f1529c2b1e11,/decisions/203,evidence/aef_v2_review_2026-10-04T14-18-12-118Z.json,False,False,False,does_not_override_authoritative_hand_and_label,human_review_export_unchanged_candidate_range,valid_source_range_no_overlap,,../../manifest.csv,C:\dev\Haemophilia\processed_data\assisted_elbow_flexion\manual_annotation_audit.csv,67,41347c1ad9bf08b0c65ca613e97e467014bfe3c0dad39cafedfaf9e955ee93c2,C:\dev\Haemophilia\processed_data\assisted_elbow_flexion\sequences\20260825_121059_rep_10_incorrect_person1.npy,provenance_only_not_canonical_model_input,range_unchanged_hand_and_processing_semantics_not_validated_for_new_training,4ab47d5bd742e84fecbe9ce0ebd3b10e9d8626214e7b9fe3e6e03e6cdfcee017
rep_66de1799390f52427b,ffec5a0821a6c480242291313be77238c6457f817bfaf26e097ac25f311be36b,vid_ffec5a0821a6c480,C:\Users\DEVESH SHUKLA\Downloads\hemo\Assisted elbow flexion\Right hand assisted correct\20260825_135423.mp4,Right hand assisted correct,1,22,206,22,206,zero_based_inclusive,0.366511,3.448523,3.0820119999999998,185,person2,inherited_not_independently_verified,Right,Correct,label,human_verified,human_verified,authoritative_user_confirmed,True,False,,ffec5a0821a6c480242291313be77238c6457f817bfaf26e097ac25f311be36b,person2,unassigned,,2026-10-04T13:33:25.112Z,44b233be34340ff48f45013f0d75c6d0d90eb8ac731b678f4794f1529c2b1e11,/decisions/204,evidence/aef_v2_review_2026-10-04T14-18-12-118Z.json,False,False,False,does_not_override_authoritative_hand_and_label,human_review_export_unchanged_candidate_range,valid_source_range_inclusive_endpoint_allowed,,../../manifest.csv,C:\dev\Haemophilia\processed_data\assisted_elbow_flexion\manual_annotation_audit.csv,100,41347c1ad9bf08b0c65ca613e97e467014bfe3c0dad39cafedfaf9e955ee93c2,C:\dev\Haemophilia\processed_data\assisted_elbow_flexion\sequences\20260825_135423_rep_01_correct_person2.npy,provenance_only_not_canonical_model_input,range_unchanged_hand_and_processing_semantics_not_validated_for_new_training,bef2ff1e8745b378fbd227ef09108c3fce9dcf370e54adfe36888e98c1261398
rep_553468c167c3d10264,ffec5a0821a6c480242291313be77238c6457f817bfaf26e097ac25f311be36b,vid_ffec5a0821a6c480,C:\Users\DEVESH SHUKLA\Downloads\hemo\Assisted elbow flexion\Right hand assisted correct\20260825_135423.mp4,Right hand assisted correct,2,206,370,206,370,zero_based_inclusive,3.431867,6.180711,2.7488439999999996,165,person2,inherited_not_independently_verified,Right,Correct,label,human_verified,human_verified,authoritative_user_confirmed,True,False,,ffec5a0821a6c480242291313be77238c6457f817bfaf26e097ac25f311be36b,person2,unassigned,,2026-10-04T13:33:44.206Z,44b233be34340ff48f45013f0d75c6d0d90eb8ac731b678f4794f1529c2b1e11,/decisions/205,evidence/aef_v2_review_2026-10-04T14-18-12-118Z.json,False,False,False,does_not_override_authoritative_hand_and_label,human_review_export_unchanged_candidate_range,valid_source_range_inclusive_endpoint_allowed,,../../manifest.csv,C:\dev\Haemophilia\processed_data\assisted_elbow_flexion\manual_annotation_audit.csv,101,41347c1ad9bf08b0c65ca613e97e467014bfe3c0dad39cafedfaf9e955ee93c2,C:\dev\Haemophilia\processed_data\assisted_elbow_flexion\sequences\20260825_135423_rep_02_correct_person2.npy,provenance_only_not_canonical_model_input,range_unchanged_hand_and_processing_semantics_not_validated_for_new_training,e209371cf27542fd4945b9df8b59ed47a489afb3d6010955f427d082b885e4ba
rep_83421d321828b69e6d,ffec5a0821a6c480242291313be77238c6457f817bfaf26e097ac25f311be36b,vid_ffec5a0821a6c480,C:\Users\DEVESH SHUKLA\Downloads\hemo\Assisted elbow flexion\Right hand assisted correct\20260825_135423.mp4,Right hand assisted correct,3,370,562,370,562,zero_based_inclusive,6.164044,9.379334,3.2152900000000004,193,person2,inherited_not_independently_verified,Right,Correct,label,human_verified,human_verified,authoritative_user_confirmed,True,False,,ffec5a0821a6c480242291313be77238c6457f817bfaf26e097ac25f311be36b,person2,unassigned,,2026-10-04T13:34:10.993Z,44b233be34340ff48f45013f0d75c6d0d90eb8ac731b678f4794f1529c2b1e11,/decisions/206,evidence/aef_v2_review_2026-10-04T14-18-12-118Z.json,False,False,False,does_not_override_authoritative_hand_and_label,human_review_export_unchanged_candidate_range,valid_source_range_inclusive_endpoint_allowed,,../../manifest.csv,C:\dev\Haemophilia\processed_data\assisted_elbow_flexion\manual_annotation_audit.csv,102,41347c1ad9bf08b0c65ca613e97e467014bfe3c0dad39cafedfaf9e955ee93c2,C:\dev\Haemophilia\processed_data\assisted_elbow_flexion\sequences\20260825_135423_rep_03_correct_person2.npy,provenance_only_not_canonical_model_input,range_unchanged_hand_and_processing_semantics_not_validated_for_new_training,4d1a80a2cf4d1160f065c7217a0cb2e212ccab559d2b804211538003a24c4235
rep_5e045c199c05e4d1f5,ffec5a0821a6c480242291313be77238c6457f817bfaf26e097ac25f311be36b,vid_ffec5a0821a6c480,C:\Users\DEVESH SHUKLA\Downloads\hemo\Assisted elbow flexion\Right hand assisted correct\20260825_135423.mp4,Right hand assisted correct,4,562,780,562,780,zero_based_inclusive,9.362667,13.011123,3.6484559999999995,219,person2,inherited_not_independently_verified,Right,Correct,label,human_verified,human_verified,authoritative_user_confirmed,True,False,,ffec5a0821a6c480242291313be77238c6457f817bfaf26e097ac25f311be36b,person2,unassigned,,2026-10-04T13:34:28.444Z,44b233be34340ff48f45013f0d75c6d0d90eb8ac731b678f4794f1529c2b1e11,/decisions/207,evidence/aef_v2_review_2026-10-04T14-18-12-118Z.json,False,False,False,does_not_override_authoritative_hand_and_label,human_review_export_unchanged_candidate_range,valid_source_range_inclusive_endpoint_allowed,,../../manifest.csv,C:\dev\Haemophilia\processed_data\assisted_elbow_flexion\manual_annotation_audit.csv,103,41347c1ad9bf08b0c65ca613e97e467014bfe3c0dad39cafedfaf9e955ee93c2,C:\dev\Haemophilia\processed_data\assisted_elbow_flexion\sequences\20260825_135423_rep_04_correct_person2.npy,provenance_only_not_canonical_model_input,range_unchanged_hand_and_processing_semantics_not_validated_for_new_training,9371074c2bd4fb96af99d77577c78e38abe19dd4e1a6c6a1103c8f19541070f8
rep_2a229748fc8b8dea38,ffec5a0821a6c480242291313be77238c6457f817bfaf26e097ac25f311be36b,vid_ffec5a0821a6c480,C:\Users\DEVESH SHUKLA\Downloads\hemo\Assisted elbow flexion\Right hand assisted correct\20260825_135423.mp4,Right hand assisted correct,5,780,938,780,938,zero_based_inclusive,12.994467,15.643334,2.648866999999999,159,person2,inherited_not_independently_verified,Right,Correct,label,human_verified,human_verified,authoritative_user_confirmed,True,False,,ffec5a0821a6c480242291313be77238c6457f817bfaf26e097ac25f311be36b,person2,unassigned,,2026-10-04T13:34:43.790Z,44b233be34340ff48f45013f0d75c6d0d90eb8ac731b678f4794f1529c2b1e11,/decisions/208,evidence/aef_v2_review_2026-10-04T14-18-12-118Z.json,False,False,False,does_not_override_authoritative_hand_and_label,human_review_export_unchanged_candidate_range,valid_source_range_inclusive_endpoint_allowed,,../../manifest.csv,C:\dev\Haemophilia\processed_data\assisted_elbow_flexion\manual_annotation_audit.csv,104,41347c1ad9bf08b0c65ca613e97e467014bfe3c0dad39cafedfaf9e955ee93c2,C:\dev\Haemophilia\processed_data\assisted_elbow_flexion\sequences\20260825_135423_rep_05_correct_person2.npy,provenance_only_not_canonical_model_input,range_unchanged_hand_and_processing_semantics_not_validated_for_new_training,ebcb0b638c909169a35fe9c9e270cfc977d8b5b63f9df9eb68a1bca8cb07d28b
rep_ce3bc79cff8137bdbc,ffec5a0821a6c480242291313be77238c6457f817bfaf26e097ac25f311be36b,vid_ffec5a0821a6c480,C:\Users\DEVESH SHUKLA\Downloads\hemo\Assisted elbow flexion\Right hand assisted correct\20260825_135423.mp4,Right hand assisted correct,6,938,1146,938,1146,zero_based_inclusive,15.626678,19.108512,3.481834000000001,209,person2,inherited_not_independently_verified,Right,Correct,label,human_verified,human_verified,authoritative_user_confirmed,True,False,,ffec5a0821a6c480242291313be77238c6457f817bfaf26e097ac25f311be36b,person2,unassigned,,2026-10-04T13:35:05.946Z,44b233be34340ff48f45013f0d75c6d0d90eb8ac731b678f4794f1529c2b1e11,/decisions/209,evidence/aef_v2_review_2026-10-04T14-18-12-118Z.json,False,False,False,does_not_override_authoritative_hand_and_label,human_review_export_unchanged_candidate_range,valid_source_range_inclusive_endpoint_allowed,,../../manifest.csv,C:\dev\Haemophilia\processed_data\assisted_elbow_flexion\manual_annotation_audit.csv,105,41347c1ad9bf08b0c65ca613e97e467014bfe3c0dad39cafedfaf9e955ee93c2,C:\dev\Haemophilia\processed_data\assisted_elbow_flexion\sequences\20260825_135423_rep_06_correct_person2.npy,provenance_only_not_canonical_model_input,range_unchanged_hand_and_processing_semantics_not_validated_for_new_training,78cbf39f3b9a814dbe8aa63c75e47f656ace103b63ecdeb0e53573646e879d84
rep_911557ec2316444144,ffec5a0821a6c480242291313be77238c6457f817bfaf26e097ac25f311be36b,vid_ffec5a0821a6c480,C:\Users\DEVESH SHUKLA\Downloads\hemo\Assisted elbow flexion\Right hand assisted correct\20260825_135423.mp4,Right hand assisted correct,7,1146,1344,1146,1344,zero_based_inclusive,19.091856,22.4071,3.315244,199,person2,inherited_not_independently_verified,Right,Correct,label,human_verified,human_verified,authoritative_user_confirmed,True,False,,ffec5a0821a6c480242291313be77238c6457f817bfaf26e097ac25f311be36b,person2,unassigned,,2026-10-04T13:36:57.121Z,44b233be34340ff48f45013f0d75c6d0d90eb8ac731b678f4794f1529c2b1e11,/decisions/210,evidence/aef_v2_review_2026-10-04T14-18-12-118Z.json,False,False,False,does_not_override_authoritative_hand_and_label,human_review_export_unchanged_candidate_range,valid_source_range_inclusive_endpoint_allowed,,../../manifest.csv,C:\dev\Haemophilia\processed_data\assisted_elbow_flexion\manual_annotation_audit.csv,106,41347c1ad9bf08b0c65ca613e97e467014bfe3c0dad39cafedfaf9e955ee93c2,C:\dev\Haemophilia\processed_data\assisted_elbow_flexion\sequences\20260825_135423_rep_07_correct_person2.npy,provenance_only_not_canonical_model_input,range_unchanged_hand_and_processing_semantics_not_validated_for_new_training,51e0ba678166003e74c77e30abe0dbea9e4f6f15a4264c8332ba0b1ae7c80d03
rep_ed5503be0ec8ad904f,ffec5a0821a6c480242291313be77238c6457f817bfaf26e097ac25f311be36b,vid_ffec5a0821a6c480,C:\Users\DEVESH SHUKLA\Downloads\hemo\Assisted elbow flexion\Right hand assisted correct\20260825_135423.mp4,Right hand assisted correct,8,1344,1534,1344,1534,zero_based_inclusive,22.390444,25.572445000000002,3.182001000000003,191,person2,inherited_not_independently_verified,Right,Correct,label,human_verified,human_verified,authoritative_user_confirmed,True,False,,ffec5a0821a6c480242291313be77238c6457f817bfaf26e097ac25f311be36b,person2,unassigned,,2026-10-04T13:37:26.553Z,44b233be34340ff48f45013f0d75c6d0d90eb8ac731b678f4794f1529c2b1e11,/decisions/211,evidence/aef_v2_review_2026-10-04T14-18-12-118Z.json,False,False,False,does_not_override_authoritative_hand_and_label,human_review_export_unchanged_candidate_range,valid_source_range_inclusive_endpoint_allowed,,../../manifest.csv,C:\dev\Haemophilia\processed_data\assisted_elbow_flexion\manual_annotation_audit.csv,107,41347c1ad9bf08b0c65ca613e97e467014bfe3c0dad39cafedfaf9e955ee93c2,C:\dev\Haemophilia\processed_data\assisted_elbow_flexion\sequences\20260825_135423_rep_08_correct_person2.npy,provenance_only_not_canonical_model_input,range_unchanged_hand_and_processing_semantics_not_validated_for_new_training,d9d2f12c3c8bdc57f92d129acaca027aa3b9fe1fc316594045671d9b72da9e1c
rep_058f4e9eb34097e9af,ffec5a0821a6c480242291313be77238c6457f817bfaf26e097ac25f311be36b,vid_ffec5a0821a6c480,C:\Users\DEVESH SHUKLA\Downloads\hemo\Assisted elbow flexion\Right hand assisted correct\20260825_135423.mp4,Right hand assisted correct,9,1534,1720,1534,1720,zero_based_inclusive,25.555778,28.671112,3.1153340000000007,187,person2,inherited_not_independently_verified,Right,Correct,label,human_verified,human_verified,authoritative_user_confirmed,True,False,,ffec5a0821a6c480242291313be77238c6457f817bfaf26e097ac25f311be36b,person2,unassigned,,2026-10-04T13:37:45.569Z,44b233be34340ff48f45013f0d75c6d0d90eb8ac731b678f4794f1529c2b1e11,/decisions/212,evidence/aef_v2_review_2026-10-04T14-18-12-118Z.json,False,False,False,does_not_override_authoritative_hand_and_label,human_review_export_unchanged_candidate_range,valid_source_range_inclusive_endpoint_allowed,,../../manifest.csv,C:\dev\Haemophilia\processed_data\assisted_elbow_flexion\manual_annotation_audit.csv,108,41347c1ad9bf08b0c65ca613e97e467014bfe3c0dad39cafedfaf9e955ee93c2,C:\dev\Haemophilia\processed_data\assisted_elbow_flexion\sequences\20260825_135423_rep_09_correct_person2.npy,provenance_only_not_canonical_model_input,range_unchanged_hand_and_processing_semantics_not_validated_for_new_training,1303a0bbda26b376b9f333afe8905259719ff9aaa592d47f50d895f44c030683
rep_0950635c9107f00107,ffec5a0821a6c480242291313be77238c6457f817bfaf26e097ac25f311be36b,vid_ffec5a0821a6c480,C:\Users\DEVESH SHUKLA\Downloads\hemo\Assisted elbow flexion\Right hand assisted correct\20260825_135423.mp4,Right hand assisted correct,10,1720,1904,1720,1904,zero_based_inclusive,28.654456,31.736467,3.0820110000000014,185,person2,inherited_not_independently_verified,Right,Correct,label,human_verified,human_verified,authoritative_user_confirmed,True,False,,ffec5a0821a6c480242291313be77238c6457f817bfaf26e097ac25f311be36b,person2,unassigned,,2026-10-04T13:38:04.294Z,44b233be34340ff48f45013f0d75c6d0d90eb8ac731b678f4794f1529c2b1e11,/decisions/213,evidence/aef_v2_review_2026-10-04T14-18-12-118Z.json,False,False,False,does_not_override_authoritative_hand_and_label,human_review_export_unchanged_candidate_range,valid_source_range_inclusive_endpoint_allowed,,../../manifest.csv,C:\dev\Haemophilia\processed_data\assisted_elbow_flexion\manual_annotation_audit.csv,109,41347c1ad9bf08b0c65ca613e97e467014bfe3c0dad39cafedfaf9e955ee93c2,C:\dev\Haemophilia\processed_data\assisted_elbow_flexion\sequences\20260825_135423_rep_10_correct_person2.npy,provenance_only_not_canonical_model_input,range_unchanged_hand_and_processing_semantics_not_validated_for_new_training,80a54ec52ae29a3728a7c6c044fe365f9f5669d19f0c6c546e32cfed93675f9e
rep_e680b771aee91835f2,ffec5a0821a6c480242291313be77238c6457f817bfaf26e097ac25f311be36b,vid_ffec5a0821a6c480,C:\Users\DEVESH SHUKLA\Downloads\hemo\Assisted elbow flexion\Right hand assisted correct\20260825_135423.mp4,Right hand assisted correct,11,1904,2074,1904,2074,zero_based_inclusive,31.719811,34.568588999999996,2.848777999999996,171,person2,inherited_not_independently_verified,Right,Correct,label,human_verified,human_verified,authoritative_user_confirmed,True,False,,ffec5a0821a6c480242291313be77238c6457f817bfaf26e097ac25f311be36b,person2,unassigned,,2026-10-04T13:38:21.769Z,44b233be34340ff48f45013f0d75c6d0d90eb8ac731b678f4794f1529c2b1e11,/decisions/214,evidence/aef_v2_review_2026-10-04T14-18-12-118Z.json,False,False,False,does_not_override_authoritative_hand_and_label,human_review_export_unchanged_candidate_range,valid_source_range_inclusive_endpoint_allowed,,../../manifest.csv,C:\dev\Haemophilia\processed_data\assisted_elbow_flexion\manual_annotation_audit.csv,110,41347c1ad9bf08b0c65ca613e97e467014bfe3c0dad39cafedfaf9e955ee93c2,C:\dev\Haemophilia\processed_data\assisted_elbow_flexion\sequences\20260825_135423_rep_11_correct_person2.npy,provenance_only_not_canonical_model_input,range_unchanged_hand_and_processing_semantics_not_validated_for_new_training,e1aa6c12716796380b2addf0c4ea6aaa17f8a756bc89ff1263a99b5730300bd7
rep_abfde45ee3011ded28,ffec5a0821a6c480242291313be77238c6457f817bfaf26e097ac25f311be36b,vid_ffec5a0821a6c480,C:\Users\DEVESH SHUKLA\Downloads\hemo\Assisted elbow flexion\Right hand assisted correct\20260825_135423.mp4,Right hand assisted correct,12,2074,2270,2074,2270,zero_based_inclusive,34.551933,37.833867,3.2819339999999997,197,person2,inherited_not_independently_verified,Right,Correct,label,human_verified,human_verified,authoritative_user_confirmed,True,False,,ffec5a0821a6c480242291313be77238c6457f817bfaf26e097ac25f311be36b,person2,unassigned,,2026-10-04T13:38:42.276Z,44b233be34340ff48f45013f0d75c6d0d90eb8ac731b678f4794f1529c2b1e11,/decisions/215,evidence/aef_v2_review_2026-10-04T14-18-12-118Z.json,False,False,False,does_not_override_authoritative_hand_and_label,human_review_export_unchanged_candidate_range,valid_source_range_inclusive_endpoint_allowed,,../../manifest.csv,C:\dev\Haemophilia\processed_data\assisted_elbow_flexion\manual_annotation_audit.csv,111,41347c1ad9bf08b0c65ca613e97e467014bfe3c0dad39cafedfaf9e955ee93c2,C:\dev\Haemophilia\processed_data\assisted_elbow_flexion\sequences\20260825_135423_rep_12_correct_person2.npy,provenance_only_not_canonical_model_input,range_unchanged_hand_and_processing_semantics_not_validated_for_new_training,993fcf1e803dd62260c2613da1e8c6dd3d0724fcabab99ecfbee8e5016ec1b5a
rep_c9d185afbd34a49b2a,ffec5a0821a6c480242291313be77238c6457f817bfaf26e097ac25f311be36b,vid_ffec5a0821a6c480,C:\Users\DEVESH SHUKLA\Downloads\hemo\Assisted elbow flexion\Right hand assisted correct\20260825_135423.mp4,Right hand assisted correct,13,2270,2440,2270,2440,zero_based_inclusive,37.817211,40.665988999999996,2.848777999999996,171,person2,inherited_not_independently_verified,Right,Correct,label,human_verified,human_verified,authoritative_user_confirmed,True,False,,ffec5a0821a6c480242291313be77238c6457f817bfaf26e097ac25f311be36b,person2,unassigned,,2026-10-04T13:40:34.090Z,44b233be34340ff48f45013f0d75c6d0d90eb8ac731b678f4794f1529c2b1e11,/decisions/216,evidence/aef_v2_review_2026-10-04T14-18-12-118Z.json,False,False,False,does_not_override_authoritative_hand_and_label,human_review_export_unchanged_candidate_range,valid_source_range_inclusive_endpoint_allowed,,../../manifest.csv,C:\dev\Haemophilia\processed_data\assisted_elbow_flexion\manual_annotation_audit.csv,112,41347c1ad9bf08b0c65ca613e97e467014bfe3c0dad39cafedfaf9e955ee93c2,C:\dev\Haemophilia\processed_data\assisted_elbow_flexion\sequences\20260825_135423_rep_13_correct_person2.npy,provenance_only_not_canonical_model_input,range_unchanged_hand_and_processing_semantics_not_validated_for_new_training,b29dadfdb905bd92de58e41a57a26c9aca90a52aba4f74c6966c6af8dab966c9
rep_e69932267095995434,bbc5006a077ac6b1ae0a4687a5948efb8fc2626ea44d5f6a3498211d6038a9be,vid_bbc5006a077ac6b1,C:\Users\DEVESH SHUKLA\Downloads\hemo\Assisted elbow flexion\Left hand assisted correct\20260825_135508.mp4,Left hand assisted correct,1,4,166,4,166,zero_based_inclusive,0.066633,2.782156,2.715523,163,person2,inherited_not_independently_verified,Left,Correct,label,human_verified,human_verified,authoritative_user_confirmed,True,False,,bbc5006a077ac6b1ae0a4687a5948efb8fc2626ea44d5f6a3498211d6038a9be,person2,unassigned,,2026-10-04T13:40:54.458Z,44b233be34340ff48f45013f0d75c6d0d90eb8ac731b678f4794f1529c2b1e11,/decisions/217,evidence/aef_v2_review_2026-10-04T14-18-12-118Z.json,False,False,False,does_not_override_authoritative_hand_and_label,human_review_export_unchanged_candidate_range,valid_source_range_inclusive_endpoint_allowed,,../../manifest.csv,C:\dev\Haemophilia\processed_data\assisted_elbow_flexion\manual_annotation_audit.csv,38,41347c1ad9bf08b0c65ca613e97e467014bfe3c0dad39cafedfaf9e955ee93c2,C:\dev\Haemophilia\processed_data\assisted_elbow_flexion\sequences\20260825_135508_rep_01_correct_person2.npy,provenance_only_not_canonical_model_input,range_unchanged_hand_and_processing_semantics_not_validated_for_new_training,daee5c7c925999ed3ba102ea3e730f5a6f20697b757fc3a1c8c457cbe7feab2d
rep_dbbca0e9e8f0d1f5a2,bbc5006a077ac6b1ae0a4687a5948efb8fc2626ea44d5f6a3498211d6038a9be,vid_bbc5006a077ac6b1,C:\Users\DEVESH SHUKLA\Downloads\hemo\Assisted elbow flexion\Left hand assisted correct\20260825_135508.mp4,Left hand assisted correct,2,166,332,166,332,zero_based_inclusive,2.765489,5.547634,2.7821450000000003,167,person2,inherited_not_independently_verified,Left,Correct,label,human_verified,human_verified,authoritative_user_confirmed,True,False,,bbc5006a077ac6b1ae0a4687a5948efb8fc2626ea44d5f6a3498211d6038a9be,person2,unassigned,,2026-10-04T13:48:27.684Z,44b233be34340ff48f45013f0d75c6d0d90eb8ac731b678f4794f1529c2b1e11,/decisions/218,evidence/aef_v2_review_2026-10-04T14-18-12-118Z.json,False,False,False,does_not_override_authoritative_hand_and_label,human_review_export_unchanged_candidate_range,valid_source_range_inclusive_endpoint_allowed,,../../manifest.csv,C:\dev\Haemophilia\processed_data\assisted_elbow_flexion\manual_annotation_audit.csv,39,41347c1ad9bf08b0c65ca613e97e467014bfe3c0dad39cafedfaf9e955ee93c2,C:\dev\Haemophilia\processed_data\assisted_elbow_flexion\sequences\20260825_135508_rep_02_correct_person2.npy,provenance_only_not_canonical_model_input,range_unchanged_hand_and_processing_semantics_not_validated_for_new_training,a80b023777087a1ef71c03d2cb4b7391c9367eea2152155e0c913234485696ac
rep_75e0f4a0f4886840c9,bbc5006a077ac6b1ae0a4687a5948efb8fc2626ea44d5f6a3498211d6038a9be,vid_bbc5006a077ac6b1,C:\Users\DEVESH SHUKLA\Downloads\hemo\Assisted elbow flexion\Left hand assisted correct\20260825_135508.mp4,Left hand assisted correct,3,332,514,332,514,zero_based_inclusive,5.530978,8.579666999999999,3.0486889999999987,183,person2,inherited_not_independently_verified,Left,Correct,label,human_verified,human_verified,authoritative_user_confirmed,True,False,,bbc5006a077ac6b1ae0a4687a5948efb8fc2626ea44d5f6a3498211d6038a9be,person2,unassigned,,2026-10-04T13:48:38.973Z,44b233be34340ff48f45013f0d75c6d0d90eb8ac731b678f4794f1529c2b1e11,/decisions/219,evidence/aef_v2_review_2026-10-04T14-18-12-118Z.json,False,False,False,does_not_override_authoritative_hand_and_label,human_review_export_unchanged_candidate_range,valid_source_range_inclusive_endpoint_allowed,,../../manifest.csv,C:\dev\Haemophilia\processed_data\assisted_elbow_flexion\manual_annotation_audit.csv,40,41347c1ad9bf08b0c65ca613e97e467014bfe3c0dad39cafedfaf9e955ee93c2,C:\dev\Haemophilia\processed_data\assisted_elbow_flexion\sequences\20260825_135508_rep_03_correct_person2.npy,provenance_only_not_canonical_model_input,range_unchanged_hand_and_processing_semantics_not_validated_for_new_training,c19d357d84fe76fce624b3ef73cc7156aa882809b50584679729d3165959647f
rep_84528959491488725c,bbc5006a077ac6b1ae0a4687a5948efb8fc2626ea44d5f6a3498211d6038a9be,vid_bbc5006a077ac6b1,C:\Users\DEVESH SHUKLA\Downloads\hemo\Assisted elbow flexion\Left hand assisted correct\20260825_135508.mp4,Left hand assisted correct,4,514,696,514,696,zero_based_inclusive,8.563011,11.611711999999999,3.0487009999999994,183,person2,inherited_not_independently_verified,Left,Correct,label,human_verified,human_verified,authoritative_user_confirmed,True,False,,bbc5006a077ac6b1ae0a4687a5948efb8fc2626ea44d5f6a3498211d6038a9be,person2,unassigned,,2026-10-04T13:48:53.770Z,44b233be34340ff48f45013f0d75c6d0d90eb8ac731b678f4794f1529c2b1e11,/decisions/220,evidence/aef_v2_review_2026-10-04T14-18-12-118Z.json,False,False,False,does_not_override_authoritative_hand_and_label,human_review_export_unchanged_candidate_range,valid_source_range_inclusive_endpoint_allowed,,../../manifest.csv,C:\dev\Haemophilia\processed_data\assisted_elbow_flexion\manual_annotation_audit.csv,41,41347c1ad9bf08b0c65ca613e97e467014bfe3c0dad39cafedfaf9e955ee93c2,C:\dev\Haemophilia\processed_data\assisted_elbow_flexion\sequences\20260825_135508_rep_04_correct_person2.npy,provenance_only_not_canonical_model_input,range_unchanged_hand_and_processing_semantics_not_validated_for_new_training,a92bb6c58106485897eef183df7110b6a7f42894cff40f741fb75dfa90654b80
rep_b0b26366e45af54e18,bbc5006a077ac6b1ae0a4687a5948efb8fc2626ea44d5f6a3498211d6038a9be,vid_bbc5006a077ac6b1,C:\Users\DEVESH SHUKLA\Downloads\hemo\Assisted elbow flexion\Left hand assisted correct\20260825_135508.mp4,Left hand assisted correct,5,696,870,696,1020,zero_based_inclusive,11.595056,14.510477999999999,2.9154219999999995,175,person2,inherited_not_independently_verified,Left,Correct,label,human_verified,human_verified,authoritative_user_confirmed,True,False,,bbc5006a077ac6b1ae0a4687a5948efb8fc2626ea44d5f6a3498211d6038a9be,person2,unassigned,,2026-10-04T13:51:51.171Z,44b233be34340ff48f45013f0d75c6d0d90eb8ac731b678f4794f1529c2b1e11,/decisions/221,evidence/aef_v2_review_2026-10-04T14-18-12-118Z.json,False,False,False,does_not_override_authoritative_hand_and_label,human_review_export_revision,valid_source_range_inclusive_endpoint_allowed,,../../manifest.csv,C:\dev\Haemophilia\processed_data\assisted_elbow_flexion\manual_annotation_audit.csv,42,41347c1ad9bf08b0c65ca613e97e467014bfe3c0dad39cafedfaf9e955ee93c2,C:\dev\Haemophilia\processed_data\assisted_elbow_flexion\sequences\20260825_135508_rep_05_correct_person2.npy,provenance_only_not_canonical_model_input,STALE_range_revised,0b0c83c5f5965dfe153088859c6dddf5d22902e798f849d311c351c06db82780
rep_eea76f3ce16712ba34,bbc5006a077ac6b1ae0a4687a5948efb8fc2626ea44d5f6a3498211d6038a9be,vid_bbc5006a077ac6b1,C:\Users\DEVESH SHUKLA\Downloads\hemo\Assisted elbow flexion\Left hand assisted correct\20260825_135508.mp4,Left hand assisted correct,6,1040,1222,1040,1222,zero_based_inclusive,17.325944,20.374634,3.0486900000000006,183,person2,inherited_not_independently_verified,Left,Correct,label,human_verified,human_verified,authoritative_user_confirmed,True,False,,bbc5006a077ac6b1ae0a4687a5948efb8fc2626ea44d5f6a3498211d6038a9be,person2,unassigned,,2026-10-04T13:52:05.393Z,44b233be34340ff48f45013f0d75c6d0d90eb8ac731b678f4794f1529c2b1e11,/decisions/222,evidence/aef_v2_review_2026-10-04T14-18-12-118Z.json,False,False,False,does_not_override_authoritative_hand_and_label,human_review_export_unchanged_candidate_range,valid_source_range_inclusive_endpoint_allowed,,../../manifest.csv,C:\dev\Haemophilia\processed_data\assisted_elbow_flexion\manual_annotation_audit.csv,43,41347c1ad9bf08b0c65ca613e97e467014bfe3c0dad39cafedfaf9e955ee93c2,C:\dev\Haemophilia\processed_data\assisted_elbow_flexion\sequences\20260825_135508_rep_06_correct_person2.npy,provenance_only_not_canonical_model_input,range_unchanged_hand_and_processing_semantics_not_validated_for_new_training,278e962bb8f4cf21962f35555e1c7e7df401e0a2f72d46a57c8c1d144ea6db43
rep_6f6457b2c6082aad4b,bbc5006a077ac6b1ae0a4687a5948efb8fc2626ea44d5f6a3498211d6038a9be,vid_bbc5006a077ac6b1,C:\Users\DEVESH SHUKLA\Downloads\hemo\Assisted elbow flexion\Left hand assisted correct\20260825_135508.mp4,Left hand assisted correct,7,1222,1374,1222,1374,zero_based_inclusive,20.357978,22.906889,2.5489110000000004,153,person2,inherited_not_independently_verified,Left,Correct,label,human_verified,human_verified,authoritative_user_confirmed,True,False,,bbc5006a077ac6b1ae0a4687a5948efb8fc2626ea44d5f6a3498211d6038a9be,person2,unassigned,,2026-10-04T13:52:25.449Z,44b233be34340ff48f45013f0d75c6d0d90eb8ac731b678f4794f1529c2b1e11,/decisions/223,evidence/aef_v2_review_2026-10-04T14-18-12-118Z.json,False,False,False,does_not_override_authoritative_hand_and_label,human_review_export_unchanged_candidate_range,valid_source_range_inclusive_endpoint_allowed,,../../manifest.csv,C:\dev\Haemophilia\processed_data\assisted_elbow_flexion\manual_annotation_audit.csv,44,41347c1ad9bf08b0c65ca613e97e467014bfe3c0dad39cafedfaf9e955ee93c2,C:\dev\Haemophilia\processed_data\assisted_elbow_flexion\sequences\20260825_135508_rep_07_correct_person2.npy,provenance_only_not_canonical_model_input,range_unchanged_hand_and_processing_semantics_not_validated_for_new_training,3e76481deb82e63bf06b20e1e1a1c1ddc5048d6e3037030f81a4a1a1ecae3d33
rep_96e0f2de75f010a545,bbc5006a077ac6b1ae0a4687a5948efb8fc2626ea44d5f6a3498211d6038a9be,vid_bbc5006a077ac6b1,C:\Users\DEVESH SHUKLA\Downloads\hemo\Assisted elbow flexion\Left hand assisted correct\20260825_135508.mp4,Left hand assisted correct,8,1374,1556,1374,1556,zero_based_inclusive,22.890233,25.938945,3.048712000000002,183,person2,inherited_not_independently_verified,Left,Correct,label,human_verified,human_verified,authoritative_user_confirmed,True,False,,bbc5006a077ac6b1ae0a4687a5948efb8fc2626ea44d5f6a3498211d6038a9be,person2,unassigned,,2026-10-04T13:52:55.135Z,44b233be34340ff48f45013f0d75c6d0d90eb8ac731b678f4794f1529c2b1e11,/decisions/224,evidence/aef_v2_review_2026-10-04T14-18-12-118Z.json,False,False,False,does_not_override_authoritative_hand_and_label,human_review_export_unchanged_candidate_range,valid_source_range_inclusive_endpoint_allowed,,../../manifest.csv,C:\dev\Haemophilia\processed_data\assisted_elbow_flexion\manual_annotation_audit.csv,45,41347c1ad9bf08b0c65ca613e97e467014bfe3c0dad39cafedfaf9e955ee93c2,C:\dev\Haemophilia\processed_data\assisted_elbow_flexion\sequences\20260825_135508_rep_08_correct_person2.npy,provenance_only_not_canonical_model_input,range_unchanged_hand_and_processing_semantics_not_validated_for_new_training,d0f123dae5eeaddec1f4d38ed5e30a21f23cb350406f97dc387dca5026176a29
rep_d4f184058e742c55a8,bbc5006a077ac6b1ae0a4687a5948efb8fc2626ea44d5f6a3498211d6038a9be,vid_bbc5006a077ac6b1,C:\Users\DEVESH SHUKLA\Downloads\hemo\Assisted elbow flexion\Left hand assisted correct\20260825_135508.mp4,Left hand assisted correct,9,1556,1696,1556,1696,zero_based_inclusive,25.922278,28.271289000000003,2.3490110000000044,141,person2,inherited_not_independently_verified,Left,Correct,label,human_verified,human_verified,authoritative_user_confirmed,True,False,,bbc5006a077ac6b1ae0a4687a5948efb8fc2626ea44d5f6a3498211d6038a9be,person2,unassigned,,2026-10-04T13:53:17.683Z,44b233be34340ff48f45013f0d75c6d0d90eb8ac731b678f4794f1529c2b1e11,/decisions/225,evidence/aef_v2_review_2026-10-04T14-18-12-118Z.json,False,False,False,does_not_override_authoritative_hand_and_label,human_review_export_unchanged_candidate_range,valid_source_range_inclusive_endpoint_allowed,,../../manifest.csv,C:\dev\Haemophilia\processed_data\assisted_elbow_flexion\manual_annotation_audit.csv,46,41347c1ad9bf08b0c65ca613e97e467014bfe3c0dad39cafedfaf9e955ee93c2,C:\dev\Haemophilia\processed_data\assisted_elbow_flexion\sequences\20260825_135508_rep_09_correct_person2.npy,provenance_only_not_canonical_model_input,range_unchanged_hand_and_processing_semantics_not_validated_for_new_training,95af5f83c59f1bba1d202201b0dd7e03c3794e13e0e997f382ef955efad3fbab
rep_a7b16cdf5f9c7677ca,bbc5006a077ac6b1ae0a4687a5948efb8fc2626ea44d5f6a3498211d6038a9be,vid_bbc5006a077ac6b1,C:\Users\DEVESH SHUKLA\Downloads\hemo\Assisted elbow flexion\Left hand assisted correct\20260825_135508.mp4,Left hand assisted correct,10,1696,1906,1696,1906,zero_based_inclusive,28.254622,31.769789000000003,3.5151670000000017,211,person2,inherited_not_independently_verified,Left,Correct,label,human_verified,human_verified,authoritative_user_confirmed,True,False,,bbc5006a077ac6b1ae0a4687a5948efb8fc2626ea44d5f6a3498211d6038a9be,person2,unassigned,,2026-10-04T13:53:31.483Z,44b233be34340ff48f45013f0d75c6d0d90eb8ac731b678f4794f1529c2b1e11,/decisions/226,evidence/aef_v2_review_2026-10-04T14-18-12-118Z.json,False,False,False,does_not_override_authoritative_hand_and_label,human_review_export_unchanged_candidate_range,valid_source_range_inclusive_endpoint_allowed,,../../manifest.csv,C:\dev\Haemophilia\processed_data\assisted_elbow_flexion\manual_annotation_audit.csv,47,41347c1ad9bf08b0c65ca613e97e467014bfe3c0dad39cafedfaf9e955ee93c2,C:\dev\Haemophilia\processed_data\assisted_elbow_flexion\sequences\20260825_135508_rep_10_correct_person2.npy,provenance_only_not_canonical_model_input,range_unchanged_hand_and_processing_semantics_not_validated_for_new_training,035ef15e093258b55a5d1ec7ab3eb9e24ab921c0a37c1077e7851a3237584028
rep_aee0a429a21693a253,aa01d8740a74fd7d726fb4246dcbce6ec50b9247f5a92306756e3493cccc1abc,vid_aa01d8740a74fd7d,C:\Users\DEVESH SHUKLA\Downloads\hemo\Assisted elbow flexion\Right hand assisted wrong\20260825_135633.mp4,Right hand assisted wrong,1,14,168,14,168,zero_based_inclusive,0.233233,2.8154559999999997,2.582223,155,person2,inherited_not_independently_verified,Right,Incorrect,label,human_verified,human_verified,authoritative_user_confirmed,True,False,,aa01d8740a74fd7d726fb4246dcbce6ec50b9247f5a92306756e3493cccc1abc,person2,unassigned,,2026-10-04T13:53:54.129Z,44b233be34340ff48f45013f0d75c6d0d90eb8ac731b678f4794f1529c2b1e11,/decisions/227,evidence/aef_v2_review_2026-10-04T14-18-12-118Z.json,False,False,False,does_not_override_authoritative_hand_and_label,human_review_export_unchanged_candidate_range,valid_source_range_no_overlap,,../../manifest.csv,C:\dev\Haemophilia\processed_data\assisted_elbow_flexion\manual_annotation_audit.csv,139,41347c1ad9bf08b0c65ca613e97e467014bfe3c0dad39cafedfaf9e955ee93c2,C:\dev\Haemophilia\processed_data\assisted_elbow_flexion\sequences\20260825_135633_rep_01_incorrect_person2.npy,provenance_only_not_canonical_model_input,range_unchanged_hand_and_processing_semantics_not_validated_for_new_training,28214420f452489342cd3403b05cf6b8284de95ca1f651d15f4dfb781aa91038
rep_4a38d28ad2708bf974,aa01d8740a74fd7d726fb4246dcbce6ec50b9247f5a92306756e3493cccc1abc,vid_aa01d8740a74fd7d,C:\Users\DEVESH SHUKLA\Downloads\hemo\Assisted elbow flexion\Right hand assisted wrong\20260825_135633.mp4,Right hand assisted wrong,2,300,458,168,458,zero_based_inclusive,4.997878,7.646734,2.6488560000000003,159,person2,inherited_not_independently_verified,Right,Incorrect,label,human_verified,human_verified,authoritative_user_confirmed,True,False,,aa01d8740a74fd7d726fb4246dcbce6ec50b9247f5a92306756e3493cccc1abc,person2,unassigned,,2026-10-04T13:55:17.475Z,44b233be34340ff48f45013f0d75c6d0d90eb8ac731b678f4794f1529c2b1e11,/decisions/228,evidence/aef_v2_review_2026-10-04T14-18-12-118Z.json,False,False,False,does_not_override_authoritative_hand_and_label,human_review_export_revision,valid_source_range_inclusive_endpoint_allowed,,../../manifest.csv,C:\dev\Haemophilia\processed_data\assisted_elbow_flexion\manual_annotation_audit.csv,140,41347c1ad9bf08b0c65ca613e97e467014bfe3c0dad39cafedfaf9e955ee93c2,C:\dev\Haemophilia\processed_data\assisted_elbow_flexion\sequences\20260825_135633_rep_02_incorrect_person2.npy,provenance_only_not_canonical_model_input,STALE_range_revised,9686713a6cd1c71dc7b42d7743e39a54f5674bf1bbfd2ba3cb19a5d9a3d0a10a
rep_1c63cefc535235092e,aa01d8740a74fd7d726fb4246dcbce6ec50b9247f5a92306756e3493cccc1abc,vid_aa01d8740a74fd7d,C:\Users\DEVESH SHUKLA\Downloads\hemo\Assisted elbow flexion\Right hand assisted wrong\20260825_135633.mp4,Right hand assisted wrong,3,458,644,458,644,zero_based_inclusive,7.630078,10.745423,3.1153450000000005,187,person2,inherited_not_independently_verified,Right,Incorrect,label,human_verified,human_verified,authoritative_user_confirmed,True,False,,aa01d8740a74fd7d726fb4246dcbce6ec50b9247f5a92306756e3493cccc1abc,person2,unassigned,,2026-10-04T13:55:36.660Z,44b233be34340ff48f45013f0d75c6d0d90eb8ac731b678f4794f1529c2b1e11,/decisions/229,evidence/aef_v2_review_2026-10-04T14-18-12-118Z.json,False,False,False,does_not_override_authoritative_hand_and_label,human_review_export_unchanged_candidate_range,valid_source_range_inclusive_endpoint_allowed,,../../manifest.csv,C:\dev\Haemophilia\processed_data\assisted_elbow_flexion\manual_annotation_audit.csv,141,41347c1ad9bf08b0c65ca613e97e467014bfe3c0dad39cafedfaf9e955ee93c2,C:\dev\Haemophilia\processed_data\assisted_elbow_flexion\sequences\20260825_135633_rep_03_incorrect_person2.npy,provenance_only_not_canonical_model_input,range_unchanged_hand_and_processing_semantics_not_validated_for_new_training,c91bf3e54d028a332c605868d9d889c19b903c62bafc8a5586ee5020e5d5af51
rep_79c5c294b8bda9221b,aa01d8740a74fd7d726fb4246dcbce6ec50b9247f5a92306756e3493cccc1abc,vid_aa01d8740a74fd7d,C:\Users\DEVESH SHUKLA\Downloads\hemo\Assisted elbow flexion\Right hand assisted wrong\20260825_135633.mp4,Right hand assisted wrong,4,644,760,644,760,zero_based_inclusive,10.728756,12.677923,1.9491669999999992,117,person2,inherited_not_independently_verified,Right,Incorrect,label,human_verified,human_verified,authoritative_user_confirmed,True,False,,aa01d8740a74fd7d726fb4246dcbce6ec50b9247f5a92306756e3493cccc1abc,person2,unassigned,,2026-10-04T13:55:52.026Z,44b233be34340ff48f45013f0d75c6d0d90eb8ac731b678f4794f1529c2b1e11,/decisions/230,evidence/aef_v2_review_2026-10-04T14-18-12-118Z.json,False,False,False,does_not_override_authoritative_hand_and_label,human_review_export_unchanged_candidate_range,valid_source_range_inclusive_endpoint_allowed,,../../manifest.csv,C:\dev\Haemophilia\processed_data\assisted_elbow_flexion\manual_annotation_audit.csv,142,41347c1ad9bf08b0c65ca613e97e467014bfe3c0dad39cafedfaf9e955ee93c2,C:\dev\Haemophilia\processed_data\assisted_elbow_flexion\sequences\20260825_135633_rep_04_incorrect_person2.npy,provenance_only_not_canonical_model_input,range_unchanged_hand_and_processing_semantics_not_validated_for_new_training,fde727fbe84e258a5623d632ede516036ed87334e32c743f65244e47a653a26b
rep_cec13eefff34409cdb,aa01d8740a74fd7d726fb4246dcbce6ec50b9247f5a92306756e3493cccc1abc,vid_aa01d8740a74fd7d,C:\Users\DEVESH SHUKLA\Downloads\hemo\Assisted elbow flexion\Right hand assisted wrong\20260825_135633.mp4,Right hand assisted wrong,5,760,938,760,938,zero_based_inclusive,12.661267,15.643334,2.982066999999999,179,person2,inherited_not_independently_verified,Right,Incorrect,label,human_verified,human_verified,authoritative_user_confirmed,True,False,,aa01d8740a74fd7d726fb4246dcbce6ec50b9247f5a92306756e3493cccc1abc,person2,unassigned,,2026-10-04T13:56:10.043Z,44b233be34340ff48f45013f0d75c6d0d90eb8ac731b678f4794f1529c2b1e11,/decisions/231,evidence/aef_v2_review_2026-10-04T14-18-12-118Z.json,False,False,False,does_not_override_authoritative_hand_and_label,human_review_export_unchanged_candidate_range,valid_source_range_inclusive_endpoint_allowed,,../../manifest.csv,C:\dev\Haemophilia\processed_data\assisted_elbow_flexion\manual_annotation_audit.csv,143,41347c1ad9bf08b0c65ca613e97e467014bfe3c0dad39cafedfaf9e955ee93c2,C:\dev\Haemophilia\processed_data\assisted_elbow_flexion\sequences\20260825_135633_rep_05_incorrect_person2.npy,provenance_only_not_canonical_model_input,range_unchanged_hand_and_processing_semantics_not_validated_for_new_training,1fc71ee69d5f036b363d20fd9fc0ad595f315e9022ff78adadf7fce937bf95d5
rep_6e34e000e401e92ab6,aa01d8740a74fd7d726fb4246dcbce6ec50b9247f5a92306756e3493cccc1abc,vid_aa01d8740a74fd7d,C:\Users\DEVESH SHUKLA\Downloads\hemo\Assisted elbow flexion\Right hand assisted wrong\20260825_135633.mp4,Right hand assisted wrong,6,938,1074,938,1074,zero_based_inclusive,15.626678,17.909011,2.2823329999999995,137,person2,inherited_not_independently_verified,Right,Incorrect,label,human_verified,human_verified,authoritative_user_confirmed,True,False,,aa01d8740a74fd7d726fb4246dcbce6ec50b9247f5a92306756e3493cccc1abc,person2,unassigned,,2026-10-04T13:56:26.286Z,44b233be34340ff48f45013f0d75c6d0d90eb8ac731b678f4794f1529c2b1e11,/decisions/232,evidence/aef_v2_review_2026-10-04T14-18-12-118Z.json,False,False,False,does_not_override_authoritative_hand_and_label,human_review_export_unchanged_candidate_range,valid_source_range_inclusive_endpoint_allowed,,../../manifest.csv,C:\dev\Haemophilia\processed_data\assisted_elbow_flexion\manual_annotation_audit.csv,144,41347c1ad9bf08b0c65ca613e97e467014bfe3c0dad39cafedfaf9e955ee93c2,C:\dev\Haemophilia\processed_data\assisted_elbow_flexion\sequences\20260825_135633_rep_06_incorrect_person2.npy,provenance_only_not_canonical_model_input,range_unchanged_hand_and_processing_semantics_not_validated_for_new_training,c93976727835bb8081fceb0f3c7aeab0fb044098a90afaaa8e7a187de853c691
rep_865eff11a82c98aff9,aa01d8740a74fd7d726fb4246dcbce6ec50b9247f5a92306756e3493cccc1abc,vid_aa01d8740a74fd7d,C:\Users\DEVESH SHUKLA\Downloads\hemo\Assisted elbow flexion\Right hand assisted wrong\20260825_135633.mp4,Right hand assisted wrong,7,1074,1216,1074,1216,zero_based_inclusive,17.892367,20.274678,2.3823110000000014,143,person2,inherited_not_independently_verified,Right,Incorrect,label,human_verified,human_verified,authoritative_user_confirmed,True,False,,aa01d8740a74fd7d726fb4246dcbce6ec50b9247f5a92306756e3493cccc1abc,person2,unassigned,,2026-10-04T13:56:38.857Z,44b233be34340ff48f45013f0d75c6d0d90eb8ac731b678f4794f1529c2b1e11,/decisions/233,evidence/aef_v2_review_2026-10-04T14-18-12-118Z.json,False,False,False,does_not_override_authoritative_hand_and_label,human_review_export_unchanged_candidate_range,valid_source_range_inclusive_endpoint_allowed,,../../manifest.csv,C:\dev\Haemophilia\processed_data\assisted_elbow_flexion\manual_annotation_audit.csv,145,41347c1ad9bf08b0c65ca613e97e467014bfe3c0dad39cafedfaf9e955ee93c2,C:\dev\Haemophilia\processed_data\assisted_elbow_flexion\sequences\20260825_135633_rep_07_incorrect_person2.npy,provenance_only_not_canonical_model_input,range_unchanged_hand_and_processing_semantics_not_validated_for_new_training,6642a33aad1f83e422c9e491889c01c4eef1c2e6b276fb6d64b43667cb067d31
rep_834edc610f0edab7bf,aa01d8740a74fd7d726fb4246dcbce6ec50b9247f5a92306756e3493cccc1abc,vid_aa01d8740a74fd7d,C:\Users\DEVESH SHUKLA\Downloads\hemo\Assisted elbow flexion\Right hand assisted wrong\20260825_135633.mp4,Right hand assisted wrong,8,1216,1380,1216,1504,zero_based_inclusive,20.258022,23.006867000000003,2.748845000000003,165,person2,inherited_not_independently_verified,Right,Incorrect,label,human_verified,human_verified,authoritative_user_confirmed,True,False,,aa01d8740a74fd7d726fb4246dcbce6ec50b9247f5a92306756e3493cccc1abc,person2,unassigned,,2026-10-04T13:57:11.963Z,44b233be34340ff48f45013f0d75c6d0d90eb8ac731b678f4794f1529c2b1e11,/decisions/234,evidence/aef_v2_review_2026-10-04T14-18-12-118Z.json,False,False,False,does_not_override_authoritative_hand_and_label,human_review_export_revision,valid_source_range_inclusive_endpoint_allowed,,../../manifest.csv,C:\dev\Haemophilia\processed_data\assisted_elbow_flexion\manual_annotation_audit.csv,146,41347c1ad9bf08b0c65ca613e97e467014bfe3c0dad39cafedfaf9e955ee93c2,C:\dev\Haemophilia\processed_data\assisted_elbow_flexion\sequences\20260825_135633_rep_08_incorrect_person2.npy,provenance_only_not_canonical_model_input,STALE_range_revised,dc6db115b3109eb0dd1114ed7325aa3f5a20f72da08e001fb8955a5ae6f88c29
rep_cddfc02155f1821b8f,33cbe5f84565bf3d8bb4e0c445c46cf78abfc5486aa4d22d79bb160b519c4969,vid_33cbe5f84565bf3d,C:\Users\DEVESH SHUKLA\Downloads\hemo\Assisted elbow flexion\Left hand assisted wrong\20260825_135701.mp4,Left hand assisted wrong,1,150,312,36,312,zero_based_inclusive,2.498944,5.214434,2.71549,163,person2,inherited_not_independently_verified,Left,Incorrect,label,human_verified,human_verified,authoritative_user_confirmed,True,False,,33cbe5f84565bf3d8bb4e0c445c46cf78abfc5486aa4d22d79bb160b519c4969,person2,unassigned,,2026-10-04T13:57:57.512Z,44b233be34340ff48f45013f0d75c6d0d90eb8ac731b678f4794f1529c2b1e11,/decisions/235,evidence/aef_v2_review_2026-10-04T14-18-12-118Z.json,False,False,False,does_not_override_authoritative_hand_and_label,human_review_export_revision,valid_source_range_inclusive_endpoint_allowed,,../../manifest.csv,C:\dev\Haemophilia\processed_data\assisted_elbow_flexion\manual_annotation_audit.csv,68,41347c1ad9bf08b0c65ca613e97e467014bfe3c0dad39cafedfaf9e955ee93c2,C:\dev\Haemophilia\processed_data\assisted_elbow_flexion\sequences\20260825_135701_rep_01_incorrect_person2.npy,provenance_only_not_canonical_model_input,STALE_range_revised,aa9923bb25d8ab3d5cb136c9d8cd9a3a7e1c725d161acc2367abd60d818a7fe4
rep_ee7d1d18c368991ac9,33cbe5f84565bf3d8bb4e0c445c46cf78abfc5486aa4d22d79bb160b519c4969,vid_33cbe5f84565bf3d,C:\Users\DEVESH SHUKLA\Downloads\hemo\Assisted elbow flexion\Left hand assisted wrong\20260825_135701.mp4,Left hand assisted wrong,2,312,458,312,458,zero_based_inclusive,5.197778,7.646734,2.448956000000001,147,person2,inherited_not_independently_verified,Left,Incorrect,label,human_verified,human_verified,authoritative_user_confirmed,True,False,,33cbe5f84565bf3d8bb4e0c445c46cf78abfc5486aa4d22d79bb160b519c4969,person2,unassigned,,2026-10-04T13:58:10.419Z,44b233be34340ff48f45013f0d75c6d0d90eb8ac731b678f4794f1529c2b1e11,/decisions/236,evidence/aef_v2_review_2026-10-04T14-18-12-118Z.json,False,False,False,does_not_override_authoritative_hand_and_label,human_review_export_unchanged_candidate_range,valid_source_range_inclusive_endpoint_allowed,,../../manifest.csv,C:\dev\Haemophilia\processed_data\assisted_elbow_flexion\manual_annotation_audit.csv,69,41347c1ad9bf08b0c65ca613e97e467014bfe3c0dad39cafedfaf9e955ee93c2,C:\dev\Haemophilia\processed_data\assisted_elbow_flexion\sequences\20260825_135701_rep_02_incorrect_person2.npy,provenance_only_not_canonical_model_input,range_unchanged_hand_and_processing_semantics_not_validated_for_new_training,41fc3a89cf61bb6a51e1006f52fe19cf47ab18da0527bc6a20345aaed93ebc14
rep_d5d4d4a1e507d6b680,33cbe5f84565bf3d8bb4e0c445c46cf78abfc5486aa4d22d79bb160b519c4969,vid_33cbe5f84565bf3d,C:\Users\DEVESH SHUKLA\Downloads\hemo\Assisted elbow flexion\Left hand assisted wrong\20260825_135701.mp4,Left hand assisted wrong,3,458,602,458,602,zero_based_inclusive,7.630078,10.045712,2.415634,145,person2,inherited_not_independently_verified,Left,Incorrect,label,human_verified,human_verified,authoritative_user_confirmed,True,False,,33cbe5f84565bf3d8bb4e0c445c46cf78abfc5486aa4d22d79bb160b519c4969,person2,unassigned,,2026-10-04T13:58:50.367Z,44b233be34340ff48f45013f0d75c6d0d90eb8ac731b678f4794f1529c2b1e11,/decisions/237,evidence/aef_v2_review_2026-10-04T14-18-12-118Z.json,False,False,False,does_not_override_authoritative_hand_and_label,human_review_export_unchanged_candidate_range,valid_source_range_inclusive_endpoint_allowed,,../../manifest.csv,C:\dev\Haemophilia\processed_data\assisted_elbow_flexion\manual_annotation_audit.csv,70,41347c1ad9bf08b0c65ca613e97e467014bfe3c0dad39cafedfaf9e955ee93c2,C:\dev\Haemophilia\processed_data\assisted_elbow_flexion\sequences\20260825_135701_rep_03_incorrect_person2.npy,provenance_only_not_canonical_model_input,range_unchanged_hand_and_processing_semantics_not_validated_for_new_training,c3d298b7853e1c9f09ff2e5c307e155ad2cf696215c0e505f808567231549bb1
rep_022ebf6bb664f09d61,33cbe5f84565bf3d8bb4e0c445c46cf78abfc5486aa4d22d79bb160b519c4969,vid_33cbe5f84565bf3d,C:\Users\DEVESH SHUKLA\Downloads\hemo\Assisted elbow flexion\Left hand assisted wrong\20260825_135701.mp4,Left hand assisted wrong,4,602,732,602,732,zero_based_inclusive,10.029056,12.211456,2.1823999999999995,131,person2,inherited_not_independently_verified,Left,Incorrect,label,human_verified,human_verified,authoritative_user_confirmed,True,False,,33cbe5f84565bf3d8bb4e0c445c46cf78abfc5486aa4d22d79bb160b519c4969,person2,unassigned,,2026-10-04T13:59:07.712Z,44b233be34340ff48f45013f0d75c6d0d90eb8ac731b678f4794f1529c2b1e11,/decisions/238,evidence/aef_v2_review_2026-10-04T14-18-12-118Z.json,False,False,False,does_not_override_authoritative_hand_and_label,human_review_export_unchanged_candidate_range,valid_source_range_inclusive_endpoint_allowed,,../../manifest.csv,C:\dev\Haemophilia\processed_data\assisted_elbow_flexion\manual_annotation_audit.csv,71,41347c1ad9bf08b0c65ca613e97e467014bfe3c0dad39cafedfaf9e955ee93c2,C:\dev\Haemophilia\processed_data\assisted_elbow_flexion\sequences\20260825_135701_rep_04_incorrect_person2.npy,provenance_only_not_canonical_model_input,range_unchanged_hand_and_processing_semantics_not_validated_for_new_training,0f9ad609ad1769aba926d33796c52bed08ae2eb70e3576be4c0dd16bb9b67b6c
rep_1469f4f4fb01f19d72,33cbe5f84565bf3d8bb4e0c445c46cf78abfc5486aa4d22d79bb160b519c4969,vid_33cbe5f84565bf3d,C:\Users\DEVESH SHUKLA\Downloads\hemo\Assisted elbow flexion\Left hand assisted wrong\20260825_135701.mp4,Left hand assisted wrong,5,732,884,732,884,zero_based_inclusive,12.1948,14.743723,2.5489229999999985,153,person2,inherited_not_independently_verified,Left,Incorrect,label,human_verified,human_verified,authoritative_user_confirmed,True,False,,33cbe5f84565bf3d8bb4e0c445c46cf78abfc5486aa4d22d79bb160b519c4969,person2,unassigned,,2026-10-04T13:59:22.796Z,44b233be34340ff48f45013f0d75c6d0d90eb8ac731b678f4794f1529c2b1e11,/decisions/239,evidence/aef_v2_review_2026-10-04T14-18-12-118Z.json,False,False,False,does_not_override_authoritative_hand_and_label,human_review_export_unchanged_candidate_range,valid_source_range_inclusive_endpoint_allowed,,../../manifest.csv,C:\dev\Haemophilia\processed_data\assisted_elbow_flexion\manual_annotation_audit.csv,72,41347c1ad9bf08b0c65ca613e97e467014bfe3c0dad39cafedfaf9e955ee93c2,C:\dev\Haemophilia\processed_data\assisted_elbow_flexion\sequences\20260825_135701_rep_05_incorrect_person2.npy,provenance_only_not_canonical_model_input,range_unchanged_hand_and_processing_semantics_not_validated_for_new_training,40c37b26b48a4743c2129d9a2040c4b7dafcb3060df876073cc5b294079d1bf4
rep_19561ede8233796b10,33cbe5f84565bf3d8bb4e0c445c46cf78abfc5486aa4d22d79bb160b519c4969,vid_33cbe5f84565bf3d,C:\Users\DEVESH SHUKLA\Downloads\hemo\Assisted elbow flexion\Left hand assisted wrong\20260825_135701.mp4,Left hand assisted wrong,6,884,1048,884,1048,zero_based_inclusive,14.727056,17.475878,2.7488220000000023,165,person2,inherited_not_independently_verified,Left,Incorrect,label,human_verified,human_verified,authoritative_user_confirmed,True,False,,33cbe5f84565bf3d8bb4e0c445c46cf78abfc5486aa4d22d79bb160b519c4969,person2,unassigned,,2026-10-04T13:59:36.453Z,44b233be34340ff48f45013f0d75c6d0d90eb8ac731b678f4794f1529c2b1e11,/decisions/240,evidence/aef_v2_review_2026-10-04T14-18-12-118Z.json,False,False,False,does_not_override_authoritative_hand_and_label,human_review_export_unchanged_candidate_range,valid_source_range_inclusive_endpoint_allowed,,../../manifest.csv,C:\dev\Haemophilia\processed_data\assisted_elbow_flexion\manual_annotation_audit.csv,73,41347c1ad9bf08b0c65ca613e97e467014bfe3c0dad39cafedfaf9e955ee93c2,C:\dev\Haemophilia\processed_data\assisted_elbow_flexion\sequences\20260825_135701_rep_06_incorrect_person2.npy,provenance_only_not_canonical_model_input,range_unchanged_hand_and_processing_semantics_not_validated_for_new_training,e917bd833945a29cb05d4b77f946c45b0fd2c441a6fa9e35ca3f9cf86d9f7c6f
rep_f4b3097cc669548327,33cbe5f84565bf3d8bb4e0c445c46cf78abfc5486aa4d22d79bb160b519c4969,vid_33cbe5f84565bf3d,C:\Users\DEVESH SHUKLA\Downloads\hemo\Assisted elbow flexion\Left hand assisted wrong\20260825_135701.mp4,Left hand assisted wrong,7,1048,1192,1048,1192,zero_based_inclusive,17.459222,19.874867000000002,2.4156450000000014,145,person2,inherited_not_independently_verified,Left,Incorrect,label,human_verified,human_verified,authoritative_user_confirmed,True,False,,33cbe5f84565bf3d8bb4e0c445c46cf78abfc5486aa4d22d79bb160b519c4969,person2,unassigned,,2026-10-04T13:59:49.043Z,44b233be34340ff48f45013f0d75c6d0d90eb8ac731b678f4794f1529c2b1e11,/decisions/241,evidence/aef_v2_review_2026-10-04T14-18-12-118Z.json,False,False,False,does_not_override_authoritative_hand_and_label,human_review_export_unchanged_candidate_range,valid_source_range_inclusive_endpoint_allowed,,../../manifest.csv,C:\dev\Haemophilia\processed_data\assisted_elbow_flexion\manual_annotation_audit.csv,74,41347c1ad9bf08b0c65ca613e97e467014bfe3c0dad39cafedfaf9e955ee93c2,C:\dev\Haemophilia\processed_data\assisted_elbow_flexion\sequences\20260825_135701_rep_07_incorrect_person2.npy,provenance_only_not_canonical_model_input,range_unchanged_hand_and_processing_semantics_not_validated_for_new_training,f6db8ea5a8cad456a70df251a5c4a1c7c2a970053a55d3732c21afc7fab1a416
rep_e1b6add5088147c3ba,33cbe5f84565bf3d8bb4e0c445c46cf78abfc5486aa4d22d79bb160b519c4969,vid_33cbe5f84565bf3d,C:\Users\DEVESH SHUKLA\Downloads\hemo\Assisted elbow flexion\Left hand assisted wrong\20260825_135701.mp4,Left hand assisted wrong,8,1192,1376,1192,1376,zero_based_inclusive,19.8582,22.940212000000002,3.0820120000000024,185,person2,inherited_not_independently_verified,Left,Incorrect,label,human_verified,human_verified,authoritative_user_confirmed,True,False,,33cbe5f84565bf3d8bb4e0c445c46cf78abfc5486aa4d22d79bb160b519c4969,person2,unassigned,,2026-10-04T14:00:09.683Z,44b233be34340ff48f45013f0d75c6d0d90eb8ac731b678f4794f1529c2b1e11,/decisions/242,evidence/aef_v2_review_2026-10-04T14-18-12-118Z.json,False,False,False,does_not_override_authoritative_hand_and_label,human_review_export_unchanged_candidate_range,valid_source_range_inclusive_endpoint_allowed,,../../manifest.csv,C:\dev\Haemophilia\processed_data\assisted_elbow_flexion\manual_annotation_audit.csv,75,41347c1ad9bf08b0c65ca613e97e467014bfe3c0dad39cafedfaf9e955ee93c2,C:\dev\Haemophilia\processed_data\assisted_elbow_flexion\sequences\20260825_135701_rep_08_incorrect_person2.npy,provenance_only_not_canonical_model_input,range_unchanged_hand_and_processing_semantics_not_validated_for_new_training,e3f66f4c7ada80e3258b2e137106f6b2d2a0daf2ba59f980bbbfbffa9e2cdf9a
rep_d17ae39eb23db00ffb,33cbe5f84565bf3d8bb4e0c445c46cf78abfc5486aa4d22d79bb160b519c4969,vid_33cbe5f84565bf3d,C:\Users\DEVESH SHUKLA\Downloads\hemo\Assisted elbow flexion\Left hand assisted wrong\20260825_135701.mp4,Left hand assisted wrong,9,1376,1524,1376,1524,zero_based_inclusive,22.923556,25.405834000000002,2.482278000000001,149,person2,inherited_not_independently_verified,Left,Incorrect,label,human_verified,human_verified,authoritative_user_confirmed,True,False,,33cbe5f84565bf3d8bb4e0c445c46cf78abfc5486aa4d22d79bb160b519c4969,person2,unassigned,,2026-10-04T14:00:25.114Z,44b233be34340ff48f45013f0d75c6d0d90eb8ac731b678f4794f1529c2b1e11,/decisions/243,evidence/aef_v2_review_2026-10-04T14-18-12-118Z.json,False,False,False,does_not_override_authoritative_hand_and_label,human_review_export_unchanged_candidate_range,valid_source_range_inclusive_endpoint_allowed,,../../manifest.csv,C:\dev\Haemophilia\processed_data\assisted_elbow_flexion\manual_annotation_audit.csv,76,41347c1ad9bf08b0c65ca613e97e467014bfe3c0dad39cafedfaf9e955ee93c2,C:\dev\Haemophilia\processed_data\assisted_elbow_flexion\sequences\20260825_135701_rep_09_incorrect_person2.npy,provenance_only_not_canonical_model_input,range_unchanged_hand_and_processing_semantics_not_validated_for_new_training,b12a0a49ac3bab8baebdf2a0eab2d8abfbb1605aa63fccf1637d80bc1fa85614
rep_b7b00586fe8bd0f1b6,33cbe5f84565bf3d8bb4e0c445c46cf78abfc5486aa4d22d79bb160b519c4969,vid_33cbe5f84565bf3d,C:\Users\DEVESH SHUKLA\Downloads\hemo\Assisted elbow flexion\Left hand assisted wrong\20260825_135701.mp4,Left hand assisted wrong,10,1524,1714,1524,1714,zero_based_inclusive,25.389178,28.571167000000003,3.1819890000000015,191,person2,inherited_not_independently_verified,Left,Correct,label,human_verified,human_verified,authoritative_user_confirmed,True,False,,33cbe5f84565bf3d8bb4e0c445c46cf78abfc5486aa4d22d79bb160b519c4969,person2,unassigned,,2026-10-04T14:00:48.132Z,44b233be34340ff48f45013f0d75c6d0d90eb8ac731b678f4794f1529c2b1e11,/decisions/244,evidence/aef_v2_review_2026-10-04T14-18-12-118Z.json,False,False,False,does_not_override_authoritative_hand_and_label,human_review_export_unchanged_candidate_range,valid_source_range_inclusive_endpoint_allowed,,../../manifest.csv,C:\dev\Haemophilia\processed_data\assisted_elbow_flexion\manual_annotation_audit.csv,77,41347c1ad9bf08b0c65ca613e97e467014bfe3c0dad39cafedfaf9e955ee93c2,C:\dev\Haemophilia\processed_data\assisted_elbow_flexion\sequences\20260825_135701_rep_10_incorrect_person2.npy,provenance_only_not_canonical_model_input,range_unchanged_hand_and_processing_semantics_not_validated_for_new_training,74b4644ae070e6d5e77c8102291a44b9485bba14473eedb73dd4ba84906e668e
rep_ad33ca17f825154427,33cbe5f84565bf3d8bb4e0c445c46cf78abfc5486aa4d22d79bb160b519c4969,vid_33cbe5f84565bf3d,C:\Users\DEVESH SHUKLA\Downloads\hemo\Assisted elbow flexion\Left hand assisted wrong\20260825_135701.mp4,Left hand assisted wrong,11,1714,1868,1714,1868,zero_based_inclusive,28.5545,31.136734,2.5822339999999997,155,person2,inherited_not_independently_verified,Left,Incorrect,label,human_verified,human_verified,authoritative_user_confirmed,True,False,,33cbe5f84565bf3d8bb4e0c445c46cf78abfc5486aa4d22d79bb160b519c4969,person2,unassigned,,2026-10-04T14:01:04.642Z,44b233be34340ff48f45013f0d75c6d0d90eb8ac731b678f4794f1529c2b1e11,/decisions/245,evidence/aef_v2_review_2026-10-04T14-18-12-118Z.json,False,False,False,does_not_override_authoritative_hand_and_label,human_review_export_unchanged_candidate_range,valid_source_range_inclusive_endpoint_allowed,,../../manifest.csv,C:\dev\Haemophilia\processed_data\assisted_elbow_flexion\manual_annotation_audit.csv,78,41347c1ad9bf08b0c65ca613e97e467014bfe3c0dad39cafedfaf9e955ee93c2,C:\dev\Haemophilia\processed_data\assisted_elbow_flexion\sequences\20260825_135701_rep_11_incorrect_person2.npy,provenance_only_not_canonical_model_input,range_unchanged_hand_and_processing_semantics_not_validated_for_new_training,141aa6a3bf937965f05f541c5b6dfda5c53a82a2209a8c418a4e86258fc71fa4
rep_44118ed2737a68ce85,33cbe5f84565bf3d8bb4e0c445c46cf78abfc5486aa4d22d79bb160b519c4969,vid_33cbe5f84565bf3d,C:\Users\DEVESH SHUKLA\Downloads\hemo\Assisted elbow flexion\Left hand assisted wrong\20260825_135701.mp4,Left hand assisted wrong,12,1868,2042,1868,2042,zero_based_inclusive,31.120067,34.035489,2.9154219999999995,175,person2,inherited_not_independently_verified,Left,Correct,label,human_verified,human_verified,authoritative_user_confirmed,True,False,,33cbe5f84565bf3d8bb4e0c445c46cf78abfc5486aa4d22d79bb160b519c4969,person2,unassigned,,2026-10-04T14:01:25.971Z,44b233be34340ff48f45013f0d75c6d0d90eb8ac731b678f4794f1529c2b1e11,/decisions/246,evidence/aef_v2_review_2026-10-04T14-18-12-118Z.json,False,False,False,does_not_override_authoritative_hand_and_label,human_review_export_unchanged_candidate_range,valid_source_range_inclusive_endpoint_allowed,,../../manifest.csv,C:\dev\Haemophilia\processed_data\assisted_elbow_flexion\manual_annotation_audit.csv,79,41347c1ad9bf08b0c65ca613e97e467014bfe3c0dad39cafedfaf9e955ee93c2,C:\dev\Haemophilia\processed_data\assisted_elbow_flexion\sequences\20260825_135701_rep_12_incorrect_person2.npy,provenance_only_not_canonical_model_input,range_unchanged_hand_and_processing_semantics_not_validated_for_new_training,dd1d0aeddd9ca627457eac5cf13ae39d371a2af5c96741222094d47e70bd8729
rep_597f9b9e8bf941e18e,33cbe5f84565bf3d8bb4e0c445c46cf78abfc5486aa4d22d79bb160b519c4969,vid_33cbe5f84565bf3d,C:\Users\DEVESH SHUKLA\Downloads\hemo\Assisted elbow flexion\Left hand assisted wrong\20260825_135701.mp4,Left hand assisted wrong,13,2042,2208,2042,2208,zero_based_inclusive,34.018833,36.800978,2.782145,167,person2,inherited_not_independently_verified,Left,Incorrect,label,human_verified,human_verified,authoritative_user_confirmed,True,False,,33cbe5f84565bf3d8bb4e0c445c46cf78abfc5486aa4d22d79bb160b519c4969,person2,unassigned,,2026-10-04T14:01:38.154Z,44b233be34340ff48f45013f0d75c6d0d90eb8ac731b678f4794f1529c2b1e11,/decisions/247,evidence/aef_v2_review_2026-10-04T14-18-12-118Z.json,False,False,False,does_not_override_authoritative_hand_and_label,human_review_export_unchanged_candidate_range,valid_source_range_inclusive_endpoint_allowed,,../../manifest.csv,C:\dev\Haemophilia\processed_data\assisted_elbow_flexion\manual_annotation_audit.csv,80,41347c1ad9bf08b0c65ca613e97e467014bfe3c0dad39cafedfaf9e955ee93c2,C:\dev\Haemophilia\processed_data\assisted_elbow_flexion\sequences\20260825_135701_rep_13_incorrect_person2.npy,provenance_only_not_canonical_model_input,range_unchanged_hand_and_processing_semantics_not_validated_for_new_training,10bb2018d21378f9b35f6fa7e825457be85a3093a1185b566c7150bd45fe9b26
rep_adb80c25b2c9d425f3,3e2129fa15608b04610513ebfa1a6857a68032b8fe7b2d5eb4a064fd3f4ebcf1,vid_3e2129fa15608b04,C:\Users\DEVESH SHUKLA\Downloads\hemo\Assisted elbow flexion\Right hand assisted correct\VID20260825125257.mp4,Right hand assisted correct,1,8,75,8,75,zero_based_inclusive,0.266622,2.499633,2.2330110000000003,68,person3,inherited_not_independently_verified,Right,Correct,label,human_verified,human_verified,authoritative_user_confirmed,True,False,,3e2129fa15608b04610513ebfa1a6857a68032b8fe7b2d5eb4a064fd3f4ebcf1,person3,unassigned,,2026-10-04T14:03:16.257Z,44b233be34340ff48f45013f0d75c6d0d90eb8ac731b678f4794f1529c2b1e11,/decisions/248,evidence/aef_v2_review_2026-10-04T14-18-12-118Z.json,False,False,False,does_not_override_authoritative_hand_and_label,human_review_export_unchanged_candidate_range,valid_source_range_inclusive_endpoint_allowed,,../../manifest.csv,C:\dev\Haemophilia\processed_data\assisted_elbow_flexion\manual_annotation_audit.csv,113,41347c1ad9bf08b0c65ca613e97e467014bfe3c0dad39cafedfaf9e955ee93c2,C:\dev\Haemophilia\processed_data\assisted_elbow_flexion\sequences\VID20260825125257_rep_01_correct_person3.npy,provenance_only_not_canonical_model_input,range_unchanged_hand_and_processing_semantics_not_validated_for_new_training,51e6e00bf19bea89c441a80914d3066d54e98076cc8f6326475accbb6f3b363c
rep_554e3ad8208e7b637c,3e2129fa15608b04610513ebfa1a6857a68032b8fe7b2d5eb4a064fd3f4ebcf1,vid_3e2129fa15608b04,C:\Users\DEVESH SHUKLA\Downloads\hemo\Assisted elbow flexion\Right hand assisted correct\VID20260825125257.mp4,Right hand assisted correct,2,75,171,75,171,zero_based_inclusive,2.499533,5.7654890000000005,3.2659560000000005,97,person3,inherited_not_independently_verified,Right,Correct,label,human_verified,human_verified,authoritative_user_confirmed,True,False,,3e2129fa15608b04610513ebfa1a6857a68032b8fe7b2d5eb4a064fd3f4ebcf1,person3,unassigned,,2026-10-04T14:03:30.020Z,44b233be34340ff48f45013f0d75c6d0d90eb8ac731b678f4794f1529c2b1e11,/decisions/249,evidence/aef_v2_review_2026-10-04T14-18-12-118Z.json,False,False,False,does_not_override_authoritative_hand_and_label,human_review_export_unchanged_candidate_range,valid_source_range_inclusive_endpoint_allowed,,../../manifest.csv,C:\dev\Haemophilia\processed_data\assisted_elbow_flexion\manual_annotation_audit.csv,114,41347c1ad9bf08b0c65ca613e97e467014bfe3c0dad39cafedfaf9e955ee93c2,C:\dev\Haemophilia\processed_data\assisted_elbow_flexion\sequences\VID20260825125257_rep_02_correct_person3.npy,provenance_only_not_canonical_model_input,range_unchanged_hand_and_processing_semantics_not_validated_for_new_training,aa542a198470afab10958c6383eb1c32e5edbf34a7ff266a6fb98df111f13b7e
rep_da2f0010908c6eb032,3e2129fa15608b04610513ebfa1a6857a68032b8fe7b2d5eb4a064fd3f4ebcf1,vid_3e2129fa15608b04,C:\Users\DEVESH SHUKLA\Downloads\hemo\Assisted elbow flexion\Right hand assisted correct\VID20260825125257.mp4,Right hand assisted correct,3,171,247,171,247,zero_based_inclusive,5.698933,8.298344,2.599411,77,person3,inherited_not_independently_verified,Right,Correct,label,human_verified,human_verified,authoritative_user_confirmed,True,False,,3e2129fa15608b04610513ebfa1a6857a68032b8fe7b2d5eb4a064fd3f4ebcf1,person3,unassigned,,2026-10-04T14:03:41.834Z,44b233be34340ff48f45013f0d75c6d0d90eb8ac731b678f4794f1529c2b1e11,/decisions/250,evidence/aef_v2_review_2026-10-04T14-18-12-118Z.json,False,False,False,does_not_override_authoritative_hand_and_label,human_review_export_unchanged_candidate_range,valid_source_range_inclusive_endpoint_allowed,,../../manifest.csv,C:\dev\Haemophilia\processed_data\assisted_elbow_flexion\manual_annotation_audit.csv,115,41347c1ad9bf08b0c65ca613e97e467014bfe3c0dad39cafedfaf9e955ee93c2,C:\dev\Haemophilia\processed_data\assisted_elbow_flexion\sequences\VID20260825125257_rep_03_correct_person3.npy,provenance_only_not_canonical_model_input,range_unchanged_hand_and_processing_semantics_not_validated_for_new_training,a0d88eb53cb10cd509e0ba89c08f521e33370b0fd987bf5a035a0e17cb5230e0
rep_0d63cb249dcc0744ef,3e2129fa15608b04610513ebfa1a6857a68032b8fe7b2d5eb4a064fd3f4ebcf1,vid_3e2129fa15608b04,C:\Users\DEVESH SHUKLA\Downloads\hemo\Assisted elbow flexion\Right hand assisted correct\VID20260825125257.mp4,Right hand assisted correct,4,247,319,247,319,zero_based_inclusive,8.2318,10.631444,2.3996440000000003,73,person3,inherited_not_independently_verified,Right,Correct,label,human_verified,human_verified,authoritative_user_confirmed,True,False,,3e2129fa15608b04610513ebfa1a6857a68032b8fe7b2d5eb4a064fd3f4ebcf1,person3,unassigned,,2026-10-04T14:03:53.387Z,44b233be34340ff48f45013f0d75c6d0d90eb8ac731b678f4794f1529c2b1e11,/decisions/251,evidence/aef_v2_review_2026-10-04T14-18-12-118Z.json,False,False,False,does_not_override_authoritative_hand_and_label,human_review_export_unchanged_candidate_range,valid_source_range_inclusive_endpoint_allowed,,../../manifest.csv,C:\dev\Haemophilia\processed_data\assisted_elbow_flexion\manual_annotation_audit.csv,116,41347c1ad9bf08b0c65ca613e97e467014bfe3c0dad39cafedfaf9e955ee93c2,C:\dev\Haemophilia\processed_data\assisted_elbow_flexion\sequences\VID20260825125257_rep_04_correct_person3.npy,provenance_only_not_canonical_model_input,range_unchanged_hand_and_processing_semantics_not_validated_for_new_training,f1fe0afb894ad847c06951756ec31f00dc31cfc639f5674e4bf4f9442bc2d9c9
rep_4dfea2f3fd5ac8b257,3e2129fa15608b04610513ebfa1a6857a68032b8fe7b2d5eb4a064fd3f4ebcf1,vid_3e2129fa15608b04,C:\Users\DEVESH SHUKLA\Downloads\hemo\Assisted elbow flexion\Right hand assisted correct\VID20260825125257.mp4,Right hand assisted correct,5,319,397,319,397,zero_based_inclusive,10.631344,13.297412,2.666067999999999,79,person3,inherited_not_independently_verified,Right,Correct,label,human_verified,human_verified,authoritative_user_confirmed,True,False,,3e2129fa15608b04610513ebfa1a6857a68032b8fe7b2d5eb4a064fd3f4ebcf1,person3,unassigned,,2026-10-04T14:04:08.679Z,44b233be34340ff48f45013f0d75c6d0d90eb8ac731b678f4794f1529c2b1e11,/decisions/252,evidence/aef_v2_review_2026-10-04T14-18-12-118Z.json,False,False,False,does_not_override_authoritative_hand_and_label,human_review_export_unchanged_candidate_range,valid_source_range_inclusive_endpoint_allowed,,../../manifest.csv,C:\dev\Haemophilia\processed_data\assisted_elbow_flexion\manual_annotation_audit.csv,117,41347c1ad9bf08b0c65ca613e97e467014bfe3c0dad39cafedfaf9e955ee93c2,C:\dev\Haemophilia\processed_data\assisted_elbow_flexion\sequences\VID20260825125257_rep_05_correct_person3.npy,provenance_only_not_canonical_model_input,range_unchanged_hand_and_processing_semantics_not_validated_for_new_training,458d1a6dc457be1729fd691356b840e4af08df09b391dfa1fbb009d567ac2c0b
rep_78a0d12479541b9d88,3e2129fa15608b04610513ebfa1a6857a68032b8fe7b2d5eb4a064fd3f4ebcf1,vid_3e2129fa15608b04,C:\Users\DEVESH SHUKLA\Downloads\hemo\Assisted elbow flexion\Right hand assisted correct\VID20260825125257.mp4,Right hand assisted correct,6,397,473,397,473,zero_based_inclusive,13.230856,15.763811,2.532955000000001,77,person3,inherited_not_independently_verified,Right,Correct,label,human_verified,human_verified,authoritative_user_confirmed,True,False,,3e2129fa15608b04610513ebfa1a6857a68032b8fe7b2d5eb4a064fd3f4ebcf1,person3,unassigned,,2026-10-04T14:04:20.706Z,44b233be34340ff48f45013f0d75c6d0d90eb8ac731b678f4794f1529c2b1e11,/decisions/253,evidence/aef_v2_review_2026-10-04T14-18-12-118Z.json,False,False,False,does_not_override_authoritative_hand_and_label,human_review_export_unchanged_candidate_range,valid_source_range_inclusive_endpoint_allowed,,../../manifest.csv,C:\dev\Haemophilia\processed_data\assisted_elbow_flexion\manual_annotation_audit.csv,118,41347c1ad9bf08b0c65ca613e97e467014bfe3c0dad39cafedfaf9e955ee93c2,C:\dev\Haemophilia\processed_data\assisted_elbow_flexion\sequences\VID20260825125257_rep_06_correct_person3.npy,provenance_only_not_canonical_model_input,range_unchanged_hand_and_processing_semantics_not_validated_for_new_training,f23ac74d23e26dc89f27c8cc80937eea123648bbbc8785ff5f7bcfa1b3542d9e
rep_b3645da62bbd2d427a,3e2129fa15608b04610513ebfa1a6857a68032b8fe7b2d5eb4a064fd3f4ebcf1,vid_3e2129fa15608b04,C:\Users\DEVESH SHUKLA\Downloads\hemo\Assisted elbow flexion\Right hand assisted correct\VID20260825125257.mp4,Right hand assisted correct,7,473,540,473,540,zero_based_inclusive,15.763711,17.996722,2.2330109999999976,68,person3,inherited_not_independently_verified,Right,Correct,label,human_verified,human_verified,authoritative_user_confirmed,True,False,,3e2129fa15608b04610513ebfa1a6857a68032b8fe7b2d5eb4a064fd3f4ebcf1,person3,unassigned,,2026-10-04T14:04:34.838Z,44b233be34340ff48f45013f0d75c6d0d90eb8ac731b678f4794f1529c2b1e11,/decisions/254,evidence/aef_v2_review_2026-10-04T14-18-12-118Z.json,False,False,False,does_not_override_authoritative_hand_and_label,human_review_export_unchanged_candidate_range,valid_source_range_inclusive_endpoint_allowed,,../../manifest.csv,C:\dev\Haemophilia\processed_data\assisted_elbow_flexion\manual_annotation_audit.csv,119,41347c1ad9bf08b0c65ca613e97e467014bfe3c0dad39cafedfaf9e955ee93c2,C:\dev\Haemophilia\processed_data\assisted_elbow_flexion\sequences\VID20260825125257_rep_07_correct_person3.npy,provenance_only_not_canonical_model_input,range_unchanged_hand_and_processing_semantics_not_validated_for_new_training,6218dffc1366637a7f7e8dab3f12c9c809b2666a0441fb69b135955c308b40ad
rep_7abe4e1b8bc95b4c35,3e2129fa15608b04610513ebfa1a6857a68032b8fe7b2d5eb4a064fd3f4ebcf1,vid_3e2129fa15608b04,C:\Users\DEVESH SHUKLA\Downloads\hemo\Assisted elbow flexion\Right hand assisted correct\VID20260825125257.mp4,Right hand assisted correct,8,540,600,540,625,zero_based_inclusive,17.996622,20.062811999999997,2.066189999999999,61,person3,inherited_not_independently_verified,Right,Correct,label,human_verified,human_verified,authoritative_user_confirmed,True,False,,3e2129fa15608b04610513ebfa1a6857a68032b8fe7b2d5eb4a064fd3f4ebcf1,person3,unassigned,,2026-10-04T14:05:02.632Z,44b233be34340ff48f45013f0d75c6d0d90eb8ac731b678f4794f1529c2b1e11,/decisions/255,evidence/aef_v2_review_2026-10-04T14-18-12-118Z.json,False,False,False,does_not_override_authoritative_hand_and_label,human_review_export_revision,valid_source_range_inclusive_endpoint_allowed,,../../manifest.csv,C:\dev\Haemophilia\processed_data\assisted_elbow_flexion\manual_annotation_audit.csv,120,41347c1ad9bf08b0c65ca613e97e467014bfe3c0dad39cafedfaf9e955ee93c2,C:\dev\Haemophilia\processed_data\assisted_elbow_flexion\sequences\VID20260825125257_rep_08_correct_person3.npy,provenance_only_not_canonical_model_input,STALE_range_revised,6d526acef8bcb5081b61f019774728ea908cebd407597e6c710fd94571c8dd61
rep_6c538cb001cf283488,3e2129fa15608b04610513ebfa1a6857a68032b8fe7b2d5eb4a064fd3f4ebcf1,vid_3e2129fa15608b04,C:\Users\DEVESH SHUKLA\Downloads\hemo\Assisted elbow flexion\Right hand assisted correct\VID20260825125257.mp4,Right hand assisted correct,9,675,753,625,753,zero_based_inclusive,22.495778,25.161856,2.666077999999999,79,person3,inherited_not_independently_verified,Right,Correct,label,human_verified,human_verified,authoritative_user_confirmed,True,False,,3e2129fa15608b04610513ebfa1a6857a68032b8fe7b2d5eb4a064fd3f4ebcf1,person3,unassigned,,2026-10-04T14:05:39.329Z,44b233be34340ff48f45013f0d75c6d0d90eb8ac731b678f4794f1529c2b1e11,/decisions/256,evidence/aef_v2_review_2026-10-04T14-18-12-118Z.json,False,False,False,does_not_override_authoritative_hand_and_label,human_review_export_revision,valid_source_range_inclusive_endpoint_allowed,,../../manifest.csv,C:\dev\Haemophilia\processed_data\assisted_elbow_flexion\manual_annotation_audit.csv,121,41347c1ad9bf08b0c65ca613e97e467014bfe3c0dad39cafedfaf9e955ee93c2,C:\dev\Haemophilia\processed_data\assisted_elbow_flexion\sequences\VID20260825125257_rep_09_correct_person3.npy,provenance_only_not_canonical_model_input,STALE_range_revised,3fd2915cde5e06d1f46ae779d7c8bc483f7882d6c377a3710dd741343cc8f82d
rep_86bf49a3e75df22620,3e2129fa15608b04610513ebfa1a6857a68032b8fe7b2d5eb4a064fd3f4ebcf1,vid_3e2129fa15608b04,C:\Users\DEVESH SHUKLA\Downloads\hemo\Assisted elbow flexion\Right hand assisted correct\VID20260825125257.mp4,Right hand assisted correct,10,753,825,753,895,zero_based_inclusive,25.0953,27.494944,2.3996439999999986,73,person3,inherited_not_independently_verified,Right,Correct,label,human_verified,human_verified,authoritative_user_confirmed,True,False,,3e2129fa15608b04610513ebfa1a6857a68032b8fe7b2d5eb4a064fd3f4ebcf1,person3,unassigned,,2026-10-04T14:06:10.371Z,44b233be34340ff48f45013f0d75c6d0d90eb8ac731b678f4794f1529c2b1e11,/decisions/257,evidence/aef_v2_review_2026-10-04T14-18-12-118Z.json,False,False,False,does_not_override_authoritative_hand_and_label,human_review_export_revision,valid_source_range_inclusive_endpoint_allowed,,../../manifest.csv,C:\dev\Haemophilia\processed_data\assisted_elbow_flexion\manual_annotation_audit.csv,122,41347c1ad9bf08b0c65ca613e97e467014bfe3c0dad39cafedfaf9e955ee93c2,C:\dev\Haemophilia\processed_data\assisted_elbow_flexion\sequences\VID20260825125257_rep_10_correct_person3.npy,provenance_only_not_canonical_model_input,STALE_range_revised,cedd18bf684c6f9cc558e2db60a61284692ffcb65cae48df00a70986342d44ca
rep_4cf117e3f09fd04811,dd4079cefb8f35d359dd29c83372b1c6d83c3d4d3899675e2f40a02a9af5ca45,vid_dd4079cefb8f35d3,C:\Users\DEVESH SHUKLA\Downloads\hemo\Assisted elbow flexion\Left hand assisted correct\VID20260825125333.mp4,Left hand assisted correct,1,2,80,2,80,zero_based_inclusive,0.066656,2.732712,2.6660559999999998,79,person3,inherited_not_independently_verified,Left,Correct,label,human_verified,human_verified,authoritative_user_confirmed,True,False,,dd4079cefb8f35d359dd29c83372b1c6d83c3d4d3899675e2f40a02a9af5ca45,person3,unassigned,,2026-10-04T14:06:29.254Z,44b233be34340ff48f45013f0d75c6d0d90eb8ac731b678f4794f1529c2b1e11,/decisions/258,evidence/aef_v2_review_2026-10-04T14-18-12-118Z.json,False,False,False,does_not_override_authoritative_hand_and_label,human_review_export_unchanged_candidate_range,valid_source_range_inclusive_endpoint_allowed,,../../manifest.csv,C:\dev\Haemophilia\processed_data\assisted_elbow_flexion\manual_annotation_audit.csv,48,41347c1ad9bf08b0c65ca613e97e467014bfe3c0dad39cafedfaf9e955ee93c2,C:\dev\Haemophilia\processed_data\assisted_elbow_flexion\sequences\VID20260825125333_rep_01_correct_person3.npy,provenance_only_not_canonical_model_input,range_unchanged_hand_and_processing_semantics_not_validated_for_new_training,3daf72611d33e73345bc0521db4da26ff224dd1cab8e422e5aa3e681184fdd19
rep_000b3a49ed66a26cd4,dd4079cefb8f35d359dd29c83372b1c6d83c3d4d3899675e2f40a02a9af5ca45,vid_dd4079cefb8f35d3,C:\Users\DEVESH SHUKLA\Downloads\hemo\Assisted elbow flexion\Left hand assisted correct\VID20260825125333.mp4,Left hand assisted correct,2,80,159,80,159,zero_based_inclusive,2.666156,5.365567,2.6994110000000004,80,person3,inherited_not_independently_verified,Left,Correct,label,human_verified,human_verified,authoritative_user_confirmed,True,False,,dd4079cefb8f35d359dd29c83372b1c6d83c3d4d3899675e2f40a02a9af5ca45,person3,unassigned,,2026-10-04T14:06:41.684Z,44b233be34340ff48f45013f0d75c6d0d90eb8ac731b678f4794f1529c2b1e11,/decisions/259,evidence/aef_v2_review_2026-10-04T14-18-12-118Z.json,False,False,False,does_not_override_authoritative_hand_and_label,human_review_export_unchanged_candidate_range,valid_source_range_inclusive_endpoint_allowed,,../../manifest.csv,C:\dev\Haemophilia\processed_data\assisted_elbow_flexion\manual_annotation_audit.csv,49,41347c1ad9bf08b0c65ca613e97e467014bfe3c0dad39cafedfaf9e955ee93c2,C:\dev\Haemophilia\processed_data\assisted_elbow_flexion\sequences\VID20260825125333_rep_02_correct_person3.npy,provenance_only_not_canonical_model_input,range_unchanged_hand_and_processing_semantics_not_validated_for_new_training,652f681bb5b7624611d322e3192be67cd0d1ee64f2ae624cf0338daaa79b9c28
rep_f7b25824c180b3b99e,dd4079cefb8f35d359dd29c83372b1c6d83c3d4d3899675e2f40a02a9af5ca45,vid_dd4079cefb8f35d3,C:\Users\DEVESH SHUKLA\Downloads\hemo\Assisted elbow flexion\Left hand assisted correct\VID20260825125333.mp4,Left hand assisted correct,3,159,244,159,244,zero_based_inclusive,5.299011,8.198467,2.8994560000000007,86,person3,inherited_not_independently_verified,Left,Correct,label,human_verified,human_verified,authoritative_user_confirmed,True,False,,dd4079cefb8f35d359dd29c83372b1c6d83c3d4d3899675e2f40a02a9af5ca45,person3,unassigned,,2026-10-04T14:06:56.181Z,44b233be34340ff48f45013f0d75c6d0d90eb8ac731b678f4794f1529c2b1e11,/decisions/260,evidence/aef_v2_review_2026-10-04T14-18-12-118Z.json,False,False,False,does_not_override_authoritative_hand_and_label,human_review_export_unchanged_candidate_range,valid_source_range_inclusive_endpoint_allowed,,../../manifest.csv,C:\dev\Haemophilia\processed_data\assisted_elbow_flexion\manual_annotation_audit.csv,50,41347c1ad9bf08b0c65ca613e97e467014bfe3c0dad39cafedfaf9e955ee93c2,C:\dev\Haemophilia\processed_data\assisted_elbow_flexion\sequences\VID20260825125333_rep_03_correct_person3.npy,provenance_only_not_canonical_model_input,range_unchanged_hand_and_processing_semantics_not_validated_for_new_training,c0ee8fe62bd75dff4330d5d88c417e7f0485af0dd81a8ae7921405f5695225ec
rep_cc4d004af51869c14f,dd4079cefb8f35d359dd29c83372b1c6d83c3d4d3899675e2f40a02a9af5ca45,vid_dd4079cefb8f35d3,C:\Users\DEVESH SHUKLA\Downloads\hemo\Assisted elbow flexion\Left hand assisted correct\VID20260825125333.mp4,Left hand assisted correct,4,244,328,244,328,zero_based_inclusive,8.131811,10.997845,2.866033999999999,85,person3,inherited_not_independently_verified,Left,Correct,label,human_verified,human_verified,authoritative_user_confirmed,True,False,,dd4079cefb8f35d359dd29c83372b1c6d83c3d4d3899675e2f40a02a9af5ca45,person3,unassigned,,2026-10-04T14:07:10.535Z,44b233be34340ff48f45013f0d75c6d0d90eb8ac731b678f4794f1529c2b1e11,/decisions/261,evidence/aef_v2_review_2026-10-04T14-18-12-118Z.json,False,False,False,does_not_override_authoritative_hand_and_label,human_review_export_unchanged_candidate_range,valid_source_range_inclusive_endpoint_allowed,,../../manifest.csv,C:\dev\Haemophilia\processed_data\assisted_elbow_flexion\manual_annotation_audit.csv,51,41347c1ad9bf08b0c65ca613e97e467014bfe3c0dad39cafedfaf9e955ee93c2,C:\dev\Haemophilia\processed_data\assisted_elbow_flexion\sequences\VID20260825125333_rep_04_correct_person3.npy,provenance_only_not_canonical_model_input,range_unchanged_hand_and_processing_semantics_not_validated_for_new_training,d8fa416a51f47fa68c643c87e8902e709ff62866ad82ca53e92122a818dff878
rep_47c05630bd12f93580,dd4079cefb8f35d359dd29c83372b1c6d83c3d4d3899675e2f40a02a9af5ca45,vid_dd4079cefb8f35d3,C:\Users\DEVESH SHUKLA\Downloads\hemo\Assisted elbow flexion\Left hand assisted correct\VID20260825125333.mp4,Left hand assisted correct,5,328,400,328,487,zero_based_inclusive,10.931289,13.330933,2.3996440000000003,73,person3,inherited_not_independently_verified,Left,Correct,label,human_verified,human_verified,authoritative_user_confirmed,True,False,,dd4079cefb8f35d359dd29c83372b1c6d83c3d4d3899675e2f40a02a9af5ca45,person3,unassigned,,2026-10-04T14:07:47.755Z,44b233be34340ff48f45013f0d75c6d0d90eb8ac731b678f4794f1529c2b1e11,/decisions/262,evidence/aef_v2_review_2026-10-04T14-18-12-118Z.json,False,False,False,does_not_override_authoritative_hand_and_label,human_review_export_revision,valid_source_range_inclusive_endpoint_allowed,,../../manifest.csv,C:\dev\Haemophilia\processed_data\assisted_elbow_flexion\manual_annotation_audit.csv,52,41347c1ad9bf08b0c65ca613e97e467014bfe3c0dad39cafedfaf9e955ee93c2,C:\dev\Haemophilia\processed_data\assisted_elbow_flexion\sequences\VID20260825125333_rep_05_correct_person3.npy,provenance_only_not_canonical_model_input,STALE_range_revised,8a3f5461ad21d9ac8eef14e571861af5614bbf4ad04095ef7e6577d901b2a7f3
rep_f0c351e2ed0c752d12,dd4079cefb8f35d359dd29c83372b1c6d83c3d4d3899675e2f40a02a9af5ca45,vid_dd4079cefb8f35d3,C:\Users\DEVESH SHUKLA\Downloads\hemo\Assisted elbow flexion\Left hand assisted correct\VID20260825125333.mp4,Left hand assisted correct,6,487,565,487,565,zero_based_inclusive,16.230289,18.8299,2.5996109999999994,79,person3,inherited_not_independently_verified,Left,Correct,label,human_verified,human_verified,authoritative_user_confirmed,True,False,,dd4079cefb8f35d359dd29c83372b1c6d83c3d4d3899675e2f40a02a9af5ca45,person3,unassigned,,2026-10-04T14:08:00.010Z,44b233be34340ff48f45013f0d75c6d0d90eb8ac731b678f4794f1529c2b1e11,/decisions/263,evidence/aef_v2_review_2026-10-04T14-18-12-118Z.json,False,False,False,does_not_override_authoritative_hand_and_label,human_review_export_unchanged_candidate_range,valid_source_range_inclusive_endpoint_allowed,,../../manifest.csv,C:\dev\Haemophilia\processed_data\assisted_elbow_flexion\manual_annotation_audit.csv,53,41347c1ad9bf08b0c65ca613e97e467014bfe3c0dad39cafedfaf9e955ee93c2,C:\dev\Haemophilia\processed_data\assisted_elbow_flexion\sequences\VID20260825125333_rep_06_correct_person3.npy,provenance_only_not_canonical_model_input,range_unchanged_hand_and_processing_semantics_not_validated_for_new_training,2bd33dafa39944dfee2b37b58ec33093f8491cb89eee365354127e2aff28f477
rep_55f1cf4d132e297fa8,dd4079cefb8f35d359dd29c83372b1c6d83c3d4d3899675e2f40a02a9af5ca45,vid_dd4079cefb8f35d3,C:\Users\DEVESH SHUKLA\Downloads\hemo\Assisted elbow flexion\Left hand assisted correct\VID20260825125333.mp4,Left hand assisted correct,7,565,634,565,634,zero_based_inclusive,18.8298,21.129466999999998,2.2996669999999995,70,person3,inherited_not_independently_verified,Left,Correct,label,human_verified,human_verified,authoritative_user_confirmed,True,False,,dd4079cefb8f35d359dd29c83372b1c6d83c3d4d3899675e2f40a02a9af5ca45,person3,unassigned,,2026-10-04T14:08:15.060Z,44b233be34340ff48f45013f0d75c6d0d90eb8ac731b678f4794f1529c2b1e11,/decisions/264,evidence/aef_v2_review_2026-10-04T14-18-12-118Z.json,False,False,False,does_not_override_authoritative_hand_and_label,human_review_export_unchanged_candidate_range,valid_source_range_inclusive_endpoint_allowed,,../../manifest.csv,C:\dev\Haemophilia\processed_data\assisted_elbow_flexion\manual_annotation_audit.csv,54,41347c1ad9bf08b0c65ca613e97e467014bfe3c0dad39cafedfaf9e955ee93c2,C:\dev\Haemophilia\processed_data\assisted_elbow_flexion\sequences\VID20260825125333_rep_07_correct_person3.npy,provenance_only_not_canonical_model_input,range_unchanged_hand_and_processing_semantics_not_validated_for_new_training,7cc4e71b7850eaa7ea1d78e21fdac8588eb7034eba1b015de4ad5948dc57f1d3
rep_32b7ca8fa017f2f360,dd4079cefb8f35d359dd29c83372b1c6d83c3d4d3899675e2f40a02a9af5ca45,vid_dd4079cefb8f35d3,C:\Users\DEVESH SHUKLA\Downloads\hemo\Assisted elbow flexion\Left hand assisted correct\VID20260825125333.mp4,Left hand assisted correct,8,634,717,634,717,zero_based_inclusive,21.129367,23.895622,2.766255000000001,84,person3,inherited_not_independently_verified,Left,Correct,label,human_verified,human_verified,authoritative_user_confirmed,True,False,,dd4079cefb8f35d359dd29c83372b1c6d83c3d4d3899675e2f40a02a9af5ca45,person3,unassigned,,2026-10-04T14:08:30.752Z,44b233be34340ff48f45013f0d75c6d0d90eb8ac731b678f4794f1529c2b1e11,/decisions/265,evidence/aef_v2_review_2026-10-04T14-18-12-118Z.json,False,False,False,does_not_override_authoritative_hand_and_label,human_review_export_unchanged_candidate_range,valid_source_range_inclusive_endpoint_allowed,,../../manifest.csv,C:\dev\Haemophilia\processed_data\assisted_elbow_flexion\manual_annotation_audit.csv,55,41347c1ad9bf08b0c65ca613e97e467014bfe3c0dad39cafedfaf9e955ee93c2,C:\dev\Haemophilia\processed_data\assisted_elbow_flexion\sequences\VID20260825125333_rep_08_correct_person3.npy,provenance_only_not_canonical_model_input,range_unchanged_hand_and_processing_semantics_not_validated_for_new_training,8d883d121a8564c1bce0881d2621b9e53331b1d13776b369853b81d896530619
rep_64a8bb8f3fdd8ff2de,dd4079cefb8f35d359dd29c83372b1c6d83c3d4d3899675e2f40a02a9af5ca45,vid_dd4079cefb8f35d3,C:\Users\DEVESH SHUKLA\Downloads\hemo\Assisted elbow flexion\Left hand assisted correct\VID20260825125333.mp4,Left hand assisted correct,9,717,787,717,787,zero_based_inclusive,23.895522,26.294977999999997,2.399455999999997,71,person3,inherited_not_independently_verified,Left,Correct,label,human_verified,human_verified,authoritative_user_confirmed,True,False,,dd4079cefb8f35d359dd29c83372b1c6d83c3d4d3899675e2f40a02a9af5ca45,person3,unassigned,,2026-10-04T14:08:42.799Z,44b233be34340ff48f45013f0d75c6d0d90eb8ac731b678f4794f1529c2b1e11,/decisions/266,evidence/aef_v2_review_2026-10-04T14-18-12-118Z.json,False,False,False,does_not_override_authoritative_hand_and_label,human_review_export_unchanged_candidate_range,valid_source_range_inclusive_endpoint_allowed,,../../manifest.csv,C:\dev\Haemophilia\processed_data\assisted_elbow_flexion\manual_annotation_audit.csv,56,41347c1ad9bf08b0c65ca613e97e467014bfe3c0dad39cafedfaf9e955ee93c2,C:\dev\Haemophilia\processed_data\assisted_elbow_flexion\sequences\VID20260825125333_rep_09_correct_person3.npy,provenance_only_not_canonical_model_input,range_unchanged_hand_and_processing_semantics_not_validated_for_new_training,4000b6c70e602fe9f1ab874be8e76d17cc1ff37440b310bcc2d87dfac66357fd
rep_a311f440abd3b3b9f6,dd4079cefb8f35d359dd29c83372b1c6d83c3d4d3899675e2f40a02a9af5ca45,vid_dd4079cefb8f35d3,C:\Users\DEVESH SHUKLA\Downloads\hemo\Assisted elbow flexion\Left hand assisted correct\VID20260825125333.mp4,Left hand assisted correct,10,787,867,787,867,zero_based_inclusive,26.228422,28.961145,2.732723,81,person3,inherited_not_independently_verified,Left,Correct,label,human_verified,human_verified,authoritative_user_confirmed,True,False,,dd4079cefb8f35d359dd29c83372b1c6d83c3d4d3899675e2f40a02a9af5ca45,person3,unassigned,,2026-10-04T14:08:58.597Z,44b233be34340ff48f45013f0d75c6d0d90eb8ac731b678f4794f1529c2b1e11,/decisions/267,evidence/aef_v2_review_2026-10-04T14-18-12-118Z.json,False,False,False,does_not_override_authoritative_hand_and_label,human_review_export_unchanged_candidate_range,valid_source_range_inclusive_endpoint_allowed,,../../manifest.csv,C:\dev\Haemophilia\processed_data\assisted_elbow_flexion\manual_annotation_audit.csv,57,41347c1ad9bf08b0c65ca613e97e467014bfe3c0dad39cafedfaf9e955ee93c2,C:\dev\Haemophilia\processed_data\assisted_elbow_flexion\sequences\VID20260825125333_rep_10_correct_person3.npy,provenance_only_not_canonical_model_input,range_unchanged_hand_and_processing_semantics_not_validated_for_new_training,3d38f9d209a4dba899fb070554d7d52842c3142d3b96eb889b9909287fc05a5a
rep_709aefa59abbdda681,2f993d44fd54187e29f371cb06d363b77ffa82c336c63e5bdf4afaed4141a97a,vid_2f993d44fd54187e,C:\Users\DEVESH SHUKLA\Downloads\hemo\Assisted elbow flexion\Right hand assisted wrong\VID20260825125647.mp4,Right hand assisted wrong,1,3,105,3,105,zero_based_inclusive,0.099978,3.499444,3.399466,103,person3,inherited_not_independently_verified,Right,Incorrect,label,human_verified,human_verified,authoritative_user_confirmed,True,False,,2f993d44fd54187e29f371cb06d363b77ffa82c336c63e5bdf4afaed4141a97a,person3,unassigned,,2026-10-04T14:09:33.180Z,44b233be34340ff48f45013f0d75c6d0d90eb8ac731b678f4794f1529c2b1e11,/decisions/268,evidence/aef_v2_review_2026-10-04T14-18-12-118Z.json,False,False,False,does_not_override_authoritative_hand_and_label,human_review_export_unchanged_candidate_range,valid_source_range_inclusive_endpoint_allowed,,../../manifest.csv,C:\dev\Haemophilia\processed_data\assisted_elbow_flexion\manual_annotation_audit.csv,147,41347c1ad9bf08b0c65ca613e97e467014bfe3c0dad39cafedfaf9e955ee93c2,C:\dev\Haemophilia\processed_data\assisted_elbow_flexion\sequences\VID20260825125647_rep_01_incorrect_person3.npy,provenance_only_not_canonical_model_input,range_unchanged_hand_and_processing_semantics_not_validated_for_new_training,35ca0350f1db88a2587b80cc5231e3f2a9a819e1435823f91295c6c26c1a4217
rep_c76e4661561c2feeb0,2f993d44fd54187e29f371cb06d363b77ffa82c336c63e5bdf4afaed4141a97a,vid_2f993d44fd54187e,C:\Users\DEVESH SHUKLA\Downloads\hemo\Assisted elbow flexion\Right hand assisted wrong\VID20260825125647.mp4,Right hand assisted wrong,2,105,190,105,190,zero_based_inclusive,3.499344,6.398700000000001,2.899356000000001,86,person3,inherited_not_independently_verified,Right,Incorrect,label,human_verified,human_verified,authoritative_user_confirmed,True,False,,2f993d44fd54187e29f371cb06d363b77ffa82c336c63e5bdf4afaed4141a97a,person3,unassigned,,2026-10-04T14:09:46.833Z,44b233be34340ff48f45013f0d75c6d0d90eb8ac731b678f4794f1529c2b1e11,/decisions/269,evidence/aef_v2_review_2026-10-04T14-18-12-118Z.json,False,False,False,does_not_override_authoritative_hand_and_label,human_review_export_unchanged_candidate_range,valid_source_range_inclusive_endpoint_allowed,,../../manifest.csv,C:\dev\Haemophilia\processed_data\assisted_elbow_flexion\manual_annotation_audit.csv,148,41347c1ad9bf08b0c65ca613e97e467014bfe3c0dad39cafedfaf9e955ee93c2,C:\dev\Haemophilia\processed_data\assisted_elbow_flexion\sequences\VID20260825125647_rep_02_incorrect_person3.npy,provenance_only_not_canonical_model_input,range_unchanged_hand_and_processing_semantics_not_validated_for_new_training,070cb53d57c49abb261a43be719547f2fc604b83b2d9db0775dc5669805650c1
rep_215b169aee5b06c4cb,2f993d44fd54187e29f371cb06d363b77ffa82c336c63e5bdf4afaed4141a97a,vid_2f993d44fd54187e,C:\Users\DEVESH SHUKLA\Downloads\hemo\Assisted elbow flexion\Right hand assisted wrong\VID20260825125647.mp4,Right hand assisted wrong,3,190,268,190,268,zero_based_inclusive,6.332156,8.931756,2.5995999999999997,79,person3,inherited_not_independently_verified,Right,Incorrect,label,human_verified,human_verified,authoritative_user_confirmed,True,False,,2f993d44fd54187e29f371cb06d363b77ffa82c336c63e5bdf4afaed4141a97a,person3,unassigned,,2026-10-04T14:09:57.755Z,44b233be34340ff48f45013f0d75c6d0d90eb8ac731b678f4794f1529c2b1e11,/decisions/270,evidence/aef_v2_review_2026-10-04T14-18-12-118Z.json,False,False,False,does_not_override_authoritative_hand_and_label,human_review_export_unchanged_candidate_range,valid_source_range_inclusive_endpoint_allowed,,../../manifest.csv,C:\dev\Haemophilia\processed_data\assisted_elbow_flexion\manual_annotation_audit.csv,149,41347c1ad9bf08b0c65ca613e97e467014bfe3c0dad39cafedfaf9e955ee93c2,C:\dev\Haemophilia\processed_data\assisted_elbow_flexion\sequences\VID20260825125647_rep_03_incorrect_person3.npy,provenance_only_not_canonical_model_input,range_unchanged_hand_and_processing_semantics_not_validated_for_new_training,b07f3d6db2ad12643b08059ab2a550b70758d572155f5b786e2f2076bb4828a6
rep_e1ba0ca673273d816e,2f993d44fd54187e29f371cb06d363b77ffa82c336c63e5bdf4afaed4141a97a,vid_2f993d44fd54187e,C:\Users\DEVESH SHUKLA\Downloads\hemo\Assisted elbow flexion\Right hand assisted wrong\VID20260825125647.mp4,Right hand assisted wrong,4,268,330,268,371,zero_based_inclusive,8.931656,11.0645,2.1328440000000004,63,person3,inherited_not_independently_verified,Right,Incorrect,label,human_verified,human_verified,authoritative_user_confirmed,True,False,,2f993d44fd54187e29f371cb06d363b77ffa82c336c63e5bdf4afaed4141a97a,person3,unassigned,,2026-10-04T14:10:20.013Z,44b233be34340ff48f45013f0d75c6d0d90eb8ac731b678f4794f1529c2b1e11,/decisions/271,evidence/aef_v2_review_2026-10-04T14-18-12-118Z.json,False,False,False,does_not_override_authoritative_hand_and_label,human_review_export_revision,valid_source_range_inclusive_endpoint_allowed,,../../manifest.csv,C:\dev\Haemophilia\processed_data\assisted_elbow_flexion\manual_annotation_audit.csv,150,41347c1ad9bf08b0c65ca613e97e467014bfe3c0dad39cafedfaf9e955ee93c2,C:\dev\Haemophilia\processed_data\assisted_elbow_flexion\sequences\VID20260825125647_rep_04_incorrect_person3.npy,provenance_only_not_canonical_model_input,STALE_range_revised,aadee2f8e7a50652c05ce7cc3e56fd6ce4eacb9c08db92c84d8d8e08960ea6a0
rep_ebbc42143c6e49093c,2f993d44fd54187e29f371cb06d363b77ffa82c336c63e5bdf4afaed4141a97a,vid_2f993d44fd54187e,C:\Users\DEVESH SHUKLA\Downloads\hemo\Assisted elbow flexion\Right hand assisted wrong\VID20260825125647.mp4,Right hand assisted wrong,5,371,429,371,429,zero_based_inclusive,12.364356,14.297422,1.9330659999999984,59,person3,inherited_not_independently_verified,Right,Incorrect,label,human_verified,human_verified,authoritative_user_confirmed,True,False,,2f993d44fd54187e29f371cb06d363b77ffa82c336c63e5bdf4afaed4141a97a,person3,unassigned,,2026-10-04T14:10:35.525Z,44b233be34340ff48f45013f0d75c6d0d90eb8ac731b678f4794f1529c2b1e11,/decisions/272,evidence/aef_v2_review_2026-10-04T14-18-12-118Z.json,False,False,False,does_not_override_authoritative_hand_and_label,human_review_export_unchanged_candidate_range,valid_source_range_inclusive_endpoint_allowed,,../../manifest.csv,C:\dev\Haemophilia\processed_data\assisted_elbow_flexion\manual_annotation_audit.csv,151,41347c1ad9bf08b0c65ca613e97e467014bfe3c0dad39cafedfaf9e955ee93c2,C:\dev\Haemophilia\processed_data\assisted_elbow_flexion\sequences\VID20260825125647_rep_05_incorrect_person3.npy,provenance_only_not_canonical_model_input,range_unchanged_hand_and_processing_semantics_not_validated_for_new_training,1e7838898d5aa6ffade4d7ae21712968dad261a0fbe9106c559e9581ab55d4e4
rep_195e4e5ecad0f53344,2f993d44fd54187e29f371cb06d363b77ffa82c336c63e5bdf4afaed4141a97a,vid_2f993d44fd54187e,C:\Users\DEVESH SHUKLA\Downloads\hemo\Assisted elbow flexion\Right hand assisted wrong\VID20260825125647.mp4,Right hand assisted wrong,6,429,500,429,542,zero_based_inclusive,14.297322,16.663644,2.366322000000002,72,person3,inherited_not_independently_verified,Right,Incorrect,label,human_verified,human_verified,authoritative_user_confirmed,True,False,,2f993d44fd54187e29f371cb06d363b77ffa82c336c63e5bdf4afaed4141a97a,person3,unassigned,,2026-10-04T14:11:00.130Z,44b233be34340ff48f45013f0d75c6d0d90eb8ac731b678f4794f1529c2b1e11,/decisions/273,evidence/aef_v2_review_2026-10-04T14-18-12-118Z.json,False,False,False,does_not_override_authoritative_hand_and_label,human_review_export_revision,valid_source_range_inclusive_endpoint_allowed,,../../manifest.csv,C:\dev\Haemophilia\processed_data\assisted_elbow_flexion\manual_annotation_audit.csv,152,41347c1ad9bf08b0c65ca613e97e467014bfe3c0dad39cafedfaf9e955ee93c2,C:\dev\Haemophilia\processed_data\assisted_elbow_flexion\sequences\VID20260825125647_rep_06_incorrect_person3.npy,provenance_only_not_canonical_model_input,STALE_range_revised,85d2a74d779938eb7512c769762082c4bc4464ab4367b10f8c34ec44f95571da
rep_aa68b93d455532c686,2f993d44fd54187e29f371cb06d363b77ffa82c336c63e5bdf4afaed4141a97a,vid_2f993d44fd54187e,C:\Users\DEVESH SHUKLA\Downloads\hemo\Assisted elbow flexion\Right hand assisted wrong\VID20260825125647.mp4,Right hand assisted wrong,7,580,680,542,692,zero_based_inclusive,19.329711,22.728977999999998,3.3992669999999983,101,person3,inherited_not_independently_verified,Right,Incorrect,label,human_verified,human_verified,authoritative_user_confirmed,True,False,,2f993d44fd54187e29f371cb06d363b77ffa82c336c63e5bdf4afaed4141a97a,person3,unassigned,,2026-10-04T14:12:08.661Z,44b233be34340ff48f45013f0d75c6d0d90eb8ac731b678f4794f1529c2b1e11,/decisions/274,evidence/aef_v2_review_2026-10-04T14-18-12-118Z.json,False,False,False,does_not_override_authoritative_hand_and_label,human_review_export_revision,valid_source_range_no_overlap,,../../manifest.csv,C:\dev\Haemophilia\processed_data\assisted_elbow_flexion\manual_annotation_audit.csv,153,41347c1ad9bf08b0c65ca613e97e467014bfe3c0dad39cafedfaf9e955ee93c2,C:\dev\Haemophilia\processed_data\assisted_elbow_flexion\sequences\VID20260825125647_rep_07_incorrect_person3.npy,provenance_only_not_canonical_model_input,STALE_range_revised,d7815bb795d1458744c76f4dee7929c982ffa34996adcd4e94e7b6d08b566cf4
rep_b1d4ed63906ea1bec9,d19791ead4037b9addbb1cab23e26addc64e7a9a6d8d7ee378000e63a3890d1b,vid_d19791ead4037b9a,C:\Users\DEVESH SHUKLA\Downloads\hemo\Assisted elbow flexion\Left hand assisted wrong\VID20260825125720.mp4,Left hand assisted wrong,1,13,70,13,42,zero_based_inclusive,0.433256,2.399445,1.966189,58,person3,inherited_not_independently_verified,Left,Incorrect,label,human_verified,human_verified,authoritative_user_confirmed,True,False,,d19791ead4037b9addbb1cab23e26addc64e7a9a6d8d7ee378000e63a3890d1b,person3,unassigned,,2026-10-04T14:13:28.117Z,44b233be34340ff48f45013f0d75c6d0d90eb8ac731b678f4794f1529c2b1e11,/decisions/275,evidence/aef_v2_review_2026-10-04T14-18-12-118Z.json,False,False,False,does_not_override_authoritative_hand_and_label,human_review_export_revision,valid_source_range_inclusive_endpoint_allowed,,../../manifest.csv,C:\dev\Haemophilia\processed_data\assisted_elbow_flexion\manual_annotation_audit.csv,81,41347c1ad9bf08b0c65ca613e97e467014bfe3c0dad39cafedfaf9e955ee93c2,C:\dev\Haemophilia\processed_data\assisted_elbow_flexion\sequences\VID20260825125720_rep_01_incorrect_person3.npy,provenance_only_not_canonical_model_input,STALE_range_revised,0c925ef12d1529cab4f6a4209877a12c96c41c5f44a926f1480705ef0afdfca5
rep_a75ff677dcd98eb2fd,d19791ead4037b9addbb1cab23e26addc64e7a9a6d8d7ee378000e63a3890d1b,vid_d19791ead4037b9a,C:\Users\DEVESH SHUKLA\Downloads\hemo\Assisted elbow flexion\Left hand assisted wrong\VID20260825125720.mp4,Left hand assisted wrong,2,70,150,42,167,zero_based_inclusive,2.332889,4.999167,2.6662779999999997,81,person3,inherited_not_independently_verified,Left,Incorrect,label,human_verified,human_verified,authoritative_user_confirmed,True,False,,d19791ead4037b9addbb1cab23e26addc64e7a9a6d8d7ee378000e63a3890d1b,person3,unassigned,,2026-10-04T14:14:01.003Z,44b233be34340ff48f45013f0d75c6d0d90eb8ac731b678f4794f1529c2b1e11,/decisions/276,evidence/aef_v2_review_2026-10-04T14-18-12-118Z.json,False,False,False,does_not_override_authoritative_hand_and_label,human_review_export_revision,valid_source_range_inclusive_endpoint_allowed,,../../manifest.csv,C:\dev\Haemophilia\processed_data\assisted_elbow_flexion\manual_annotation_audit.csv,82,41347c1ad9bf08b0c65ca613e97e467014bfe3c0dad39cafedfaf9e955ee93c2,C:\dev\Haemophilia\processed_data\assisted_elbow_flexion\sequences\VID20260825125720_rep_02_incorrect_person3.npy,provenance_only_not_canonical_model_input,STALE_range_revised,c9cafd2534696b95ed57762e26be0d8462848630583d998bc5bf03dabc0ac57b
rep_c1831610de7e01f9bd,d19791ead4037b9addbb1cab23e26addc64e7a9a6d8d7ee378000e63a3890d1b,vid_d19791ead4037b9a,C:\Users\DEVESH SHUKLA\Downloads\hemo\Assisted elbow flexion\Left hand assisted wrong\VID20260825125720.mp4,Left hand assisted wrong,3,167,230,167,264,zero_based_inclusive,5.565633,7.731789,2.166156,64,person3,inherited_not_independently_verified,Left,Incorrect,label,human_verified,human_verified,authoritative_user_confirmed,True,False,,d19791ead4037b9addbb1cab23e26addc64e7a9a6d8d7ee378000e63a3890d1b,person3,unassigned,,2026-10-04T14:14:27.715Z,44b233be34340ff48f45013f0d75c6d0d90eb8ac731b678f4794f1529c2b1e11,/decisions/277,evidence/aef_v2_review_2026-10-04T14-18-12-118Z.json,False,False,False,does_not_override_authoritative_hand_and_label,human_review_export_revision,valid_source_range_no_overlap,,../../manifest.csv,C:\dev\Haemophilia\processed_data\assisted_elbow_flexion\manual_annotation_audit.csv,83,41347c1ad9bf08b0c65ca613e97e467014bfe3c0dad39cafedfaf9e955ee93c2,C:\dev\Haemophilia\processed_data\assisted_elbow_flexion\sequences\VID20260825125720_rep_03_incorrect_person3.npy,provenance_only_not_canonical_model_input,STALE_range_revised,c5ea63f4e9772a228d1234281d2dd9c0052e5a20ac005095b4c2240e4069c12d
rep_b257c286eaa1bdf653,d19791ead4037b9addbb1cab23e26addc64e7a9a6d8d7ee378000e63a3890d1b,vid_d19791ead4037b9a,C:\Users\DEVESH SHUKLA\Downloads\hemo\Assisted elbow flexion\Left hand assisted wrong\VID20260825125720.mp4,Left hand assisted wrong,5,360,450,337,480,zero_based_inclusive,11.997756,15.063745,3.065989,91,person3,inherited_not_independently_verified,Left,Incorrect,label,human_verified,human_verified,authoritative_user_confirmed,True,False,,d19791ead4037b9addbb1cab23e26addc64e7a9a6d8d7ee378000e63a3890d1b,person3,unassigned,,2026-10-04T14:15:15.297Z,44b233be34340ff48f45013f0d75c6d0d90eb8ac731b678f4794f1529c2b1e11,/decisions/278,evidence/aef_v2_review_2026-10-04T14-18-12-118Z.json,False,False,False,does_not_override_authoritative_hand_and_label,human_review_export_revision,valid_source_range_inclusive_endpoint_allowed,,../../manifest.csv,C:\dev\Haemophilia\processed_data\assisted_elbow_flexion\manual_annotation_audit.csv,85,41347c1ad9bf08b0c65ca613e97e467014bfe3c0dad39cafedfaf9e955ee93c2,C:\dev\Haemophilia\processed_data\assisted_elbow_flexion\sequences\VID20260825125720_rep_05_incorrect_person3.npy,provenance_only_not_canonical_model_input,STALE_range_revised,bdc79918ee32f1afdbded381251c789d7fce91bc89902818f62817caedf36634
rep_e49bed2fd11cb67f4e,d19791ead4037b9addbb1cab23e26addc64e7a9a6d8d7ee378000e63a3890d1b,vid_d19791ead4037b9a,C:\Users\DEVESH SHUKLA\Downloads\hemo\Assisted elbow flexion\Left hand assisted wrong\VID20260825125720.mp4,Left hand assisted wrong,6,450,520,480,569,zero_based_inclusive,14.997189,17.330178,2.3329889999999995,71,person3,inherited_not_independently_verified,Left,Incorrect,label,human_verified,human_verified,authoritative_user_confirmed,True,False,,d19791ead4037b9addbb1cab23e26addc64e7a9a6d8d7ee378000e63a3890d1b,person3,unassigned,,2026-10-04T14:16:21.363Z,44b233be34340ff48f45013f0d75c6d0d90eb8ac731b678f4794f1529c2b1e11,/decisions/279,evidence/aef_v2_review_2026-10-04T14-18-12-118Z.json,False,False,False,does_not_override_authoritative_hand_and_label,human_review_export_revision,valid_source_range_inclusive_endpoint_allowed,,../../manifest.csv,C:\dev\Haemophilia\processed_data\assisted_elbow_flexion\manual_annotation_audit.csv,86,41347c1ad9bf08b0c65ca613e97e467014bfe3c0dad39cafedfaf9e955ee93c2,C:\dev\Haemophilia\processed_data\assisted_elbow_flexion\sequences\VID20260825125720_rep_06_incorrect_person3.npy,provenance_only_not_canonical_model_input,STALE_range_revised,257804e43e77f4c629e123710ac982bb1df18a2277a07906421ba5b8a354ffa3
