repetition_id,video_id,source_sha256,subject_id,hand,label,active_velocity_p95,opposing_velocity_p95,active_peak_to_p95_ratio,active_max_adjacent_angle_jump,active_median_abs_acceleration,repair_operations,repair_support_max_seconds,repair_channels,repair_operations_detail,feature_qc_status,raw_missing_fraction,repaired_values,remaining_missing_values,phase_minimum_at_endpoint,phase_unavailable,phase_minimum_frame,n_frames,duration_sec
rep_fb0c2f97d90ea5de5a,vid_0c264aade3d23621,0c264aade3d2362157e8484603caa05154f40187f222e5540272f8f0b1764d2f,person1,Right,Correct,134.13268585205068,116.41335983276366,1.963141269110632,6.490043640136719,1742.1191296953084,0,0.0,,[],success,0.0,0,0,False,False,223.0,347,5.780867
rep_02cbaaa878991f7eee,vid_0c264aade3d23621,0c264aade3d2362157e8484603caa05154f40187f222e5540272f8f0b1764d2f,person1,Left,Correct,183.153564453125,120.95687103271484,2.676504638115055,9.603050231933594,2588.3266292316594,0,0.0,,[],success,0.0,0,0,False,False,445.0,201,3.348567
rep_3b3a031e67b667bb2f,vid_0c264aade3d23621,0c264aade3d2362157e8484603caa05154f40187f222e5540272f8f0b1764d2f,person1,Right,Correct,151.7183074951172,122.94103240966797,2.1035066741855157,7.702644348144531,2024.627055375058,0,0.0,,[],success,0.0,0,0,False,False,721.0,261,4.348144999999999
rep_b59965fe88fa0c3f40,vid_0c264aade3d23621,0c264aade3d2362157e8484603caa05154f40187f222e5540272f8f0b1764d2f,person1,Left,Correct,217.29765624999987,113.71026077270507,1.5580134603492481,8.313751220703125,2250.928435308154,0,0.0,,[],success,0.0,0,0,False,False,903.0,179,2.9820670000000025
rep_9988a74422e7c505d0,vid_0c264aade3d23621,0c264aade3d2362157e8484603caa05154f40187f222e5540272f8f0b1764d2f,person1,Right,Correct,156.4261703491211,135.15872955322266,2.8897262368878915,8.472732543945312,1808.1705217842716,0,0.0,,[],success,0.0,0,0,False,False,1132.0,251,4.181543999999999
rep_372c0410acd5099364,vid_0c264aade3d23621,0c264aade3d2362157e8484603caa05154f40187f222e5540272f8f0b1764d2f,person1,Left,Correct,215.65443420410156,137.330078125,2.1722419713285004,8.697166442871094,2974.8165940279137,0,0.0,,[],success,0.0,0,0,False,False,1371.0,216,3.5984680000000004
rep_46b03a163715ea8674,vid_0c264aade3d23621,0c264aade3d2362157e8484603caa05154f40187f222e5540272f8f0b1764d2f,person1,Right,Correct,156.11922454833984,169.78623962402344,2.073355047796596,7.497703552246094,1779.800548212906,0,0.0,,[],success,0.0,0,0,False,False,1614.0,291,4.847945000000003
rep_cea1129ae50e36fb30,vid_0c264aade3d23621,0c264aade3d2362157e8484603caa05154f40187f222e5540272f8f0b1764d2f,person1,Left,Correct,260.3932952880859,124.0349098205566,1.6637716607574453,11.337425231933594,2063.15170283504,0,0.0,,[],success,0.0,0,0,False,False,1862.0,195,3.248611999999998
rep_20614a58d738f0f71c,vid_0c264aade3d23621,0c264aade3d2362157e8484603caa05154f40187f222e5540272f8f0b1764d2f,person1,Right,Correct,144.74927062988283,117.25275115966807,1.9760643578170014,6.624046325683594,2229.578312484075,0,0.0,,[],success,0.0,0,0,False,False,2142.0,295,4.914577999999999
rep_e8c1d21c6f2e4707b3,vid_0c264aade3d23621,0c264aade3d2362157e8484603caa05154f40187f222e5540272f8f0b1764d2f,person1,Left,Correct,195.5478515625,104.08543014526367,3.0871783875430108,13.328842163085938,2111.227947538524,0,0.0,,[],success,0.0,0,0,False,False,2460.0,211,3.515166999999998
rep_5c1dd8ed9aa6c8aa69,vid_0c264aade3d23621,0c264aade3d2362157e8484603caa05154f40187f222e5540272f8f0b1764d2f,person1,Right,Correct,183.24005126953122,154.85726242065428,1.9856217346916687,7.186553955078125,2211.4038352896255,0,0.0,,[],success,0.0,0,0,False,False,2681.0,222,3.6984229999999982
rep_edc2513a7b19ebb4ed,vid_0c264aade3d23621,0c264aade3d2362157e8484603caa05154f40187f222e5540272f8f0b1764d2f,person1,Left,Correct,238.82028198242188,128.71823120117188,2.186438644240111,11.306831359863281,2238.2546712660405,0,0.0,,[],success,0.0,0,0,False,False,2854.0,221,3.681778000000001
rep_6be9256acb543f49b8,vid_0c264aade3d23621,0c264aade3d2362157e8484603caa05154f40187f222e5540272f8f0b1764d2f,person1,Right,Correct,134.3618621826172,123.71290588378906,1.5747802604701426,5.217582702636719,1856.467972257844,0,0.0,,[],success,0.0,0,0,False,False,3123.0,281,4.681345
rep_1c83a3b866cf4e027c,vid_1ac0cd5b45de866a,1ac0cd5b45de866afbfed040696fb5a7ad4876db46a9d228d145e08d8eb87b2d,person1,Right,Correct,126.18763961791991,103.44394226074219,1.9263852983539336,4.321449279785156,1902.9175375489788,0,0.0,,[],success,0.0,0,0,False,False,202.0,327,5.44769
rep_0d7eaf4563fd24294a,vid_1ac0cd5b45de866a,1ac0cd5b45de866afbfed040696fb5a7ad4876db46a9d228d145e08d8eb87b2d,person1,Left,Correct,192.8012924194336,116.94063186645508,1.9896876444722815,9.905364990234375,2336.61864314742,0,0.0,,[],success,0.0,0,0,False,False,418.0,211,3.5151559999999984
rep_cff3c2f757be354140,vid_1ac0cd5b45de866a,1ac0cd5b45de866afbfed040696fb5a7ad4876db46a9d228d145e08d8eb87b2d,person1,Right,Incorrect,148.05290374755856,110.35700759887695,2.3083604022515125,9.030685424804688,2228.235019385789,0,0.0,,[],success,0.0,0,0,False,False,728.0,255,4.2482120000000005
rep_503633f6745e8f6a45,vid_1ac0cd5b45de866a,1ac0cd5b45de866afbfed040696fb5a7ad4876db46a9d228d145e08d8eb87b2d,person1,Left,Incorrect,153.71471405029297,90.23200988769531,2.1066630202611267,7.4790496826171875,1701.7545455872373,0,0.0,,[],success,0.0,0,0,False,False,935.0,251,4.181567000000001
rep_bb9858d2e8e9c3549c,vid_1ac0cd5b45de866a,1ac0cd5b45de866afbfed040696fb5a7ad4876db46a9d228d145e08d8eb87b2d,person1,Right,Correct,145.76528778076172,96.47870330810547,4.228902885444766,10.2672119140625,2054.7318826947285,0,0.0,,[],success,0.0,0,0,False,False,1243.0,183,3.048711000000001
rep_9ff0bc77263dfff528,vid_1ac0cd5b45de866a,1ac0cd5b45de866afbfed040696fb5a7ad4876db46a9d228d145e08d8eb87b2d,person1,Right,Correct,172.58550872802712,142.46143798828123,9.220945031750373,26.504791259765625,2079.9033314714234,0,0.0,,[],success,0.0,0,0,False,False,1607.0,167,2.7821440000000024
rep_35e324ed6452359dd2,vid_1ac0cd5b45de866a,1ac0cd5b45de866afbfed040696fb5a7ad4876db46a9d228d145e08d8eb87b2d,person1,Left,Correct,205.97705078125006,111.44792175292969,2.554368233528746,10.358955383300781,2156.82701773645,0,0.0,,[],success,0.0,0,0,False,False,1885.0,173,2.8821009999999987
rep_d8ea12c9407f1b8ebe,vid_1ac0cd5b45de866a,1ac0cd5b45de866afbfed040696fb5a7ad4876db46a9d228d145e08d8eb87b2d,person1,Left,Correct,165.90748596191406,102.30830383300781,2.3142898319889067,7.423057556152344,1886.585229679189,0,0.0,,[],success,0.0,0,0,False,False,2028.0,201,3.348566999999996
rep_ed4d23c464cf750af7,vid_1ac0cd5b45de866a,1ac0cd5b45de866afbfed040696fb5a7ad4876db46a9d228d145e08d8eb87b2d,person1,Left,Correct,202.1113037109372,103.38384246826168,1.9756992800247515,8.306167602539062,2113.0882447735494,0,0.0,,[],success,0.0,0,0,False,False,2266.0,177,2.9487449999999957
rep_8c17d582de78f254dd,vid_1ac0cd5b45de866a,1ac0cd5b45de866afbfed040696fb5a7ad4876db46a9d228d145e08d8eb87b2d,person1,Right,Incorrect,105.05874633789062,102.68923797607425,2.335899104301589,4.9473419189453125,1745.3720395273635,0,0.0,,[],success,0.0,0,0,False,False,2337.0,77,1.2827780000000004
rep_83f806588a8c338f4b,vid_1ac0cd5b45de866a,1ac0cd5b45de866afbfed040696fb5a7ad4876db46a9d228d145e08d8eb87b2d,person1,Right,Incorrect,128.5095275878906,87.43670196533203,2.2217902055668395,4.7553558349609375,1736.6120028660323,0,0.0,,[],success,0.0,0,0,True,False,2892.0,93,1.5493549999999985
rep_ef9e190c4981e28593,vid_1ac0cd5b45de866a,1ac0cd5b45de866afbfed040696fb5a7ad4876db46a9d228d145e08d8eb87b2d,person1,Right,Incorrect,103.771580505371,82.70869140624997,3.366209050637075,6.5806427001953125,1898.9415278542797,0,0.0,,[],success,0.0,0,0,False,False,3090.0,237,3.948322999999995
rep_5c39730111cd443d20,vid_1ac0cd5b45de866a,1ac0cd5b45de866afbfed040696fb5a7ad4876db46a9d228d145e08d8eb87b2d,person1,Left,Incorrect,206.3350830078125,114.90071487426758,1.7787465753059966,7.559318542480469,2909.900865188084,0,0.0,,[],success,0.0,0,0,False,False,3333.0,191,3.181967
rep_b62f14d196952f28be,vid_1334a563691c2170,1334a563691c21703bad8f2fc71670dcb1bbeea7f93665d5d873d7dbb80349d1,person2,Right,Correct,212.3893814086914,199.7834243774414,1.4176865175787847,6.125732421875,1878.7885991442822,0,0.0,,[],success,0.0,0,0,False,False,70.0,171,2.8488
rep_ebf0037ac696966f6b,vid_1334a563691c2170,1334a563691c21703bad8f2fc71670dcb1bbeea7f93665d5d873d7dbb80349d1,person2,Left,Correct,215.8714080810547,196.18834228515627,1.2088231147425037,6.880729675292969,2508.062501659871,3,0.0666449999999994,active_angle;active_flare,"[{""repetition_id"":""rep_ebf0037ac696966f6b"",""channel"":""active_angle"",""start_frame"":292,""end_frame"":294,""start_index"":116,""end_index"":118,""frames"":3,""support_gap_seconds"":0.066645,""operation"":""linear_internal""},{""repetition_id"":""rep_ebf0037ac696966f6b"",""channel"":""active_angle"",""start_frame"":327,""end_frame"":328,""start_index"":151,""end_index"":152,""frames"":2,""support_gap_seconds"":0.033311,""operation"":""endpoint_hold""},{""repetition_id"":""rep_ebf0037ac696966f6b"",""channel"":""active_flare"",""start_frame"":327,""end_frame"":327,""start_index"":151,""end_index"":151,""frames"":1,""support_gap_seconds"":0.033311,""operation"":""linear_internal""}]",success,0.0065359477124183,6,0,False,False,233.0,153,2.5489
rep_3937e4fb3928cf8769,vid_1334a563691c2170,1334a563691c21703bad8f2fc71670dcb1bbeea7f93665d5d873d7dbb80349d1,person2,Left,Correct,238.80348205566406,211.593896484375,1.6780277599842814,8.429695129394531,2025.6577640804235,7,0.0999549999999995,active_angle;active_flare,"[{""repetition_id"":""rep_3937e4fb3928cf8769"",""channel"":""active_angle"",""start_frame"":328,""end_frame"":328,""start_index"":0,""end_index"":0,""frames"":1,""support_gap_seconds"":0.016667,""operation"":""endpoint_hold""},{""repetition_id"":""rep_3937e4fb3928cf8769"",""channel"":""active_angle"",""start_frame"":330,""end_frame"":332,""start_index"":2,""end_index"":4,""frames"":3,""support_gap_seconds"":0.066633,""operation"":""linear_internal""},{""repetition_id"":""rep_3937e4fb3928cf8769"",""channel"":""active_angle"",""start_frame"":345,""end_frame"":349,""start_index"":17,""end_index"":21,""frames"":5,""support_gap_seconds"":0.099955,""operation"":""linear_internal""},{""repetition_id"":""rep_3937e4fb3928cf8769"",""channel"":""active_angle"",""start_frame"":487,""end_frame"":488,""start_index"":159,""end_index"":160,""frames"":2,""support_gap_seconds"":0.049978,""operation"":""linear_internal""},{""repetition_id"":""rep_3937e4fb3928cf8769"",""channel"":""active_angle"",""start_frame"":493,""end_frame"":496,""start_index"":165,""end_index"":168,""frames"":4,""support_gap_seconds"":0.066633,""operation"":""endpoint_hold""},{""repetition_id"":""rep_3937e4fb3928cf8769"",""channel"":""active_flare"",""start_frame"":330,""end_frame"":331,""start_index"":2,""end_index"":3,""frames"":2,""support_gap_seconds"":0.049978,""operation"":""linear_internal""},{""repetition_id"":""rep_3937e4fb3928cf8769"",""channel"":""active_flare"",""start_frame"":346,""end_frame"":349,""start_index"":18,""end_index"":21,""frames"":4,""support_gap_seconds"":0.0833,""operation"":""linear_internal""}]",success,0.0207100591715976,21,0,False,False,404.0,169,2.815467
rep_4145f06cb4db15ce3f,vid_1334a563691c2170,1334a563691c21703bad8f2fc71670dcb1bbeea7f93665d5d873d7dbb80349d1,person2,Right,Correct,302.76906127929675,195.63647155761714,1.8036606813779792,13.771011352539062,3035.356624568625,1,0.0166559999999993,opposing_angle,"[{""repetition_id"":""rep_4145f06cb4db15ce3f"",""channel"":""opposing_angle"",""start_frame"":496,""end_frame"":496,""start_index"":0,""end_index"":0,""frames"":1,""support_gap_seconds"":0.016656,""operation"":""endpoint_hold""}]",success,0.0011494252873563,1,0,False,False,554.0,145,2.415645
rep_df6be1b0d78003c9ac,vid_1334a563691c2170,1334a563691c21703bad8f2fc71670dcb1bbeea7f93665d5d873d7dbb80349d1,person2,Right,Correct,250.29908752441406,254.0574188232422,2.0417198638274607,9.307365417480469,3027.601113890544,0,0.0,,[],success,0.0,0,0,False,False,741.0,161,2.6821899999999985
rep_4791579acae25fe0bd,vid_1334a563691c2170,1334a563691c21703bad8f2fc71670dcb1bbeea7f93665d5d873d7dbb80349d1,person2,Left,Correct,232.7054443359375,175.85415649414062,1.4414337182103978,9.91845703125,2224.3127701294916,1,0.0499770000000001,active_angle,"[{""repetition_id"":""rep_4791579acae25fe0bd"",""channel"":""active_angle"",""start_frame"":840,""end_frame"":841,""start_index"":60,""end_index"":61,""frames"":2,""support_gap_seconds"":0.049977,""operation"":""linear_internal""}]",success,0.0016583747927031,2,0,False,False,893.0,201,3.348556000000002
rep_ff72086c1823042be9,vid_1334a563691c2170,1334a563691c21703bad8f2fc71670dcb1bbeea7f93665d5d873d7dbb80349d1,person2,Right,Correct,231.8303985595703,185.5838165283203,1.44247272651641,10.189865112304688,2529.6958597215385,0,0.0,,[],success,0.0,0,0,False,False,1068.0,181,3.0154
rep_d348e469e89a781661,vid_1334a563691c2170,1334a563691c21703bad8f2fc71670dcb1bbeea7f93665d5d873d7dbb80349d1,person2,Left,Correct,251.90083618164056,201.2190887451171,1.701965497539182,8.944969177246094,1888.3883212385117,0,0.0,,[],success,0.0,0,0,False,False,1226.0,169,2.8154670000000017
rep_e8d9e0d9e521cb4474,vid_1334a563691c2170,1334a563691c21703bad8f2fc71670dcb1bbeea7f93665d5d873d7dbb80349d1,person2,Left,Correct,216.07867584228515,183.62356719970705,1.5805709569075612,7.1591339111328125,1396.5629363265189,3,0.0666449999999976,active_angle,"[{""repetition_id"":""rep_e8d9e0d9e521cb4474"",""channel"":""active_angle"",""start_frame"":1356,""end_frame"":1356,""start_index"":28,""end_index"":28,""frames"":1,""support_gap_seconds"":0.033322,""operation"":""linear_internal""},{""repetition_id"":""rep_e8d9e0d9e521cb4474"",""channel"":""active_angle"",""start_frame"":1358,""end_frame"":1360,""start_index"":30,""end_index"":32,""frames"":3,""support_gap_seconds"":0.066645,""operation"":""linear_internal""},{""repetition_id"":""rep_e8d9e0d9e521cb4474"",""channel"":""active_angle"",""start_frame"":1437,""end_frame"":1437,""start_index"":109,""end_index"":109,""frames"":1,""support_gap_seconds"":0.033323,""operation"":""linear_internal""}]",success,0.0051124744376278,5,0,False,False,1382.0,163,2.7155120000000004
rep_496c495105f1f840b1,vid_1334a563691c2170,1334a563691c21703bad8f2fc71670dcb1bbeea7f93665d5d873d7dbb80349d1,person2,Right,Correct,298.47783203125005,206.0444122314454,1.3778300944604016,8.668601989746094,2703.04849007775,24,0.0333220000000018,active_angle;active_flare;opposing_angle;opposing_flare;shoulder_depth_ratio;torso_lean,"[{""repetition_id"":""rep_496c495105f1f840b1"",""channel"":""active_angle"",""start_frame"":1512,""end_frame"":1512,""start_index"":4,""end_index"":4,""frames"":1,""support_gap_seconds"":0.033322,""operation"":""linear_internal""},{""repetition_id"":""rep_496c495105f1f840b1"",""channel"":""active_angle"",""start_frame"":1514,""end_frame"":1514,""start_index"":6,""end_index"":6,""frames"":1,""support_gap_seconds"":0.033311,""operation"":""linear_internal""},{""repetition_id"":""rep_496c495105f1f840b1"",""channel"":""active_angle"",""start_frame"":1518,""end_frame"":1518,""start_index"":10,""end_index"":10,""frames"":1,""support_gap_seconds"":0.033322,""operation"":""linear_internal""},{""repetition_id"":""rep_496c495105f1f840b1"",""channel"":""active_angle"",""start_frame"":1522,""end_frame"":1522,""start_index"":14,""end_index"":14,""frames"":1,""support_gap_seconds"":0.033311,""operation"":""linear_internal""},{""repetition_id"":""rep_496c495105f1f840b1"",""channel"":""opposing_angle"",""start_frame"":1512,""end_frame"":1512,""start_index"":4,""end_index"":4,""frames"":1,""support_gap_seconds"":0.033322,""operation"":""linear_internal""},{""repetition_id"":""rep_496c495105f1f840b1"",""channel"":""opposing_angle"",""start_frame"":1514,""end_frame"":1514,""start_index"":6,""end_index"":6,""frames"":1,""support_gap_seconds"":0.033311,""operation"":""linear_internal""},{""repetition_id"":""rep_496c495105f1f840b1"",""channel"":""opposing_angle"",""start_frame"":1518,""end_frame"":1518,""start_index"":10,""end_index"":10,""frames"":1,""support_gap_seconds"":0.033322,""operation"":""linear_internal""},{""repetition_id"":""rep_496c495105f1f840b1"",""channel"":""opposing_angle"",""start_frame"":1522,""end_frame"":1522,""start_index"":14,""end_index"":14,""frames"":1,""support_gap_seconds"":0.033311,""operation"":""linear_internal""},{""repetition_id"":""rep_496c495105f1f840b1"",""channel"":""active_flare"",""start_frame"":1512,""end_frame"":1512,""start_index"":4,""end_index"":4,""frames"":1,""support_gap_seconds"":0.033322,""operation"":""linear_internal""},{""repetition_id"":""rep_496c495105f1f840b1"",""channel"":""active_flare"",""start_frame"":1514,""end_frame"":1514,""start_index"":6,""end_index"":6,""frames"":1,""support_gap_seconds"":0.033311,""operation"":""linear_internal""},{""repetition_id"":""rep_496c495105f1f840b1"",""channel"":""active_flare"",""start_frame"":1518,""end_frame"":1518,""start_index"":10,""end_index"":10,""frames"":1,""support_gap_seconds"":0.033322,""operation"":""linear_internal""},{""repetition_id"":""rep_496c495105f1f840b1"",""channel"":""active_flare"",""start_frame"":1522,""end_frame"":1522,""start_index"":14,""end_index"":14,""frames"":1,""support_gap_seconds"":0.033311,""operation"":""linear_internal""},{""repetition_id"":""rep_496c495105f1f840b1"",""channel"":""opposing_flare"",""start_frame"":1512,""end_frame"":1512,""start_index"":4,""end_index"":4,""frames"":1,""support_gap_seconds"":0.033322,""operation"":""linear_internal""},{""repetition_id"":""rep_496c495105f1f840b1"",""channel"":""opposing_flare"",""start_frame"":1514,""end_frame"":1514,""start_index"":6,""end_index"":6,""frames"":1,""support_gap_seconds"":0.033311,""operation"":""linear_internal""},{""repetition_id"":""rep_496c495105f1f840b1"",""channel"":""opposing_flare"",""start_frame"":1518,""end_frame"":1518,""start_index"":10,""end_index"":10,""frames"":1,""support_gap_seconds"":0.033322,""operation"":""linear_internal""},{""repetition_id"":""rep_496c495105f1f840b1"",""channel"":""opposing_flare"",""start_frame"":1522,""end_frame"":1522,""start_index"":14,""end_index"":14,""frames"":1,""support_gap_seconds"":0.033311,""operation"":""linear_internal""},{""repetition_id"":""rep_496c495105f1f840b1"",""channel"":""torso_lean"",""start_frame"":1512,""end_frame"":1512,""start_index"":4,""end_index"":4,""frames"":1,""support_gap_seconds"":0.033322,""operation"":""linear_internal""},{""repetition_id"":""rep_496c495105f1f840b1"",""channel"":""torso_lean"",""start_frame"":1514,""end_frame"":1514,""start_index"":6,""end_index"":6,""frames"":1,""support_gap_seconds"":0.033311,""operation"":""linear_internal""},{""repetition_id"":""rep_496c495105f1f840b1"",""channel"":""torso_lean"",""start_frame"":1518,""end_frame"":1518,""start_index"":10,""end_index"":10,""frames"":1,""support_gap_seconds"":0.033322,""operation"":""linear_internal""},{""repetition_id"":""rep_496c495105f1f840b1"",""channel"":""torso_lean"",""start_frame"":1522,""end_frame"":1522,""start_index"":14,""end_index"":14,""frames"":1,""support_gap_seconds"":0.033311,""operation"":""linear_internal""},{""repetition_id"":""rep_496c495105f1f840b1"",""channel"":""shoulder_depth_ratio"",""start_frame"":1512,""end_frame"":1512,""start_index"":4,""end_index"":4,""frames"":1,""support_gap_seconds"":0.033322,""operation"":""linear_internal""},{""repetition_id"":""rep_496c495105f1f840b1"",""channel"":""shoulder_depth_ratio"",""start_frame"":1514,""end_frame"":1514,""start_index"":6,""end_index"":6,""frames"":1,""support_gap_seconds"":0.033311,""operation"":""linear_internal""},{""repetition_id"":""rep_496c495105f1f840b1"",""channel"":""shoulder_depth_ratio"",""start_frame"":1518,""end_frame"":1518,""start_index"":10,""end_index"":10,""frames"":1,""support_gap_seconds"":0.033322,""operation"":""linear_internal""},{""repetition_id"":""rep_496c495105f1f840b1"",""channel"":""shoulder_depth_ratio"",""start_frame"":1522,""end_frame"":1522,""start_index"":14,""end_index"":14,""frames"":1,""support_gap_seconds"":0.033311,""operation"":""linear_internal""}]",success,0.0279720279720279,24,0,False,False,1557.0,143,2.3823120000000024
rep_fbee42bcc84ad72a70,vid_1334a563691c2170,1334a563691c21703bad8f2fc71670dcb1bbeea7f93665d5d873d7dbb80349d1,person2,Right,Correct,217.07394409179688,179.23712921142578,1.7535996718158198,10.924468994140625,1881.9508735728432,0,0.0,,[],success,0.0,0,0,False,False,1720.0,151,2.515599999999999
rep_27f29611af9d868d70,vid_1334a563691c2170,1334a563691c21703bad8f2fc71670dcb1bbeea7f93665d5d873d7dbb80349d1,person2,Right,Correct,252.4360687255858,237.91714477539048,1.4855611490141403,8.293197631835938,2472.918214098958,1,0.0333219999999983,active_angle,"[{""repetition_id"":""rep_27f29611af9d868d70"",""channel"":""active_angle"",""start_frame"":1935,""end_frame"":1935,""start_index"":135,""end_index"":135,""frames"":1,""support_gap_seconds"":0.033322,""operation"":""linear_internal""}]",success,0.001010101010101,1,0,False,False,1870.0,165,2.7488339999999987
rep_96581b03de4436e334,vid_769bc27d1c4abfab,769bc27d1c4abfab17064a24193171b531343a6f96e448af24ab306e6eaa56bd,person2,Right,Correct,169.6335815429687,189.31639404296874,1.7438197767001677,8.138320922851562,2221.1209895429183,0,0.0,,[],success,0.0,0,0,False,False,135.0,189,3.148656
rep_f58658b961ff048335,vid_769bc27d1c4abfab,769bc27d1c4abfab17064a24193171b531343a6f96e448af24ab306e6eaa56bd,person2,Left,Correct,233.06817474365238,226.43091735839843,1.3370887868338852,7.1582794189453125,1982.935553590506,0,0.0,,[],success,0.0,0,0,False,False,310.0,183,3.0487000000000006
rep_0da66c37aeaee10dba,vid_769bc27d1c4abfab,769bc27d1c4abfab17064a24193171b531343a6f96e448af24ab306e6eaa56bd,person2,Left,Correct,250.09812927246068,235.40040588378898,1.2994558837409476,7.120170593261719,2417.876423990555,4,0.0499780000000003,active_angle;active_flare,"[{""repetition_id"":""rep_0da66c37aeaee10dba"",""channel"":""active_angle"",""start_frame"":416,""end_frame"":417,""start_index"":18,""end_index"":19,""frames"":2,""support_gap_seconds"":0.049978,""operation"":""linear_internal""},{""repetition_id"":""rep_0da66c37aeaee10dba"",""channel"":""active_angle"",""start_frame"":420,""end_frame"":420,""start_index"":22,""end_index"":22,""frames"":1,""support_gap_seconds"":0.033311,""operation"":""linear_internal""},{""repetition_id"":""rep_0da66c37aeaee10dba"",""channel"":""active_flare"",""start_frame"":416,""end_frame"":417,""start_index"":18,""end_index"":19,""frames"":2,""support_gap_seconds"":0.049978,""operation"":""linear_internal""},{""repetition_id"":""rep_0da66c37aeaee10dba"",""channel"":""active_flare"",""start_frame"":420,""end_frame"":420,""start_index"":22,""end_index"":22,""frames"":1,""support_gap_seconds"":0.033311,""operation"":""linear_internal""}]",success,0.006060606060606,6,0,False,False,479.0,165,2.7488340000000004
rep_c4774628dd2fa04641,vid_769bc27d1c4abfab,769bc27d1c4abfab17064a24193171b531343a6f96e448af24ab306e6eaa56bd,person2,Right,Correct,331.70173339843745,357.76014404296865,2.0087665310197926,13.836929321289062,3339.144434307116,5,0.0499779999999994,active_angle;active_flare;opposing_angle,"[{""repetition_id"":""rep_c4774628dd2fa04641"",""channel"":""active_angle"",""start_frame"":730,""end_frame"":730,""start_index"":168,""end_index"":168,""frames"":1,""support_gap_seconds"":0.033322,""operation"":""linear_internal""},{""repetition_id"":""rep_c4774628dd2fa04641"",""channel"":""active_angle"",""start_frame"":738,""end_frame"":739,""start_index"":176,""end_index"":177,""frames"":2,""support_gap_seconds"":0.049978,""operation"":""linear_internal""},{""repetition_id"":""rep_c4774628dd2fa04641"",""channel"":""opposing_angle"",""start_frame"":571,""end_frame"":572,""start_index"":9,""end_index"":10,""frames"":2,""support_gap_seconds"":0.049977,""operation"":""linear_internal""},{""repetition_id"":""rep_c4774628dd2fa04641"",""channel"":""active_flare"",""start_frame"":730,""end_frame"":730,""start_index"":168,""end_index"":168,""frames"":1,""support_gap_seconds"":0.033322,""operation"":""linear_internal""},{""repetition_id"":""rep_c4774628dd2fa04641"",""channel"":""active_flare"",""start_frame"":738,""end_frame"":739,""start_index"":176,""end_index"":177,""frames"":2,""support_gap_seconds"":0.049978,""operation"":""linear_internal""}]",success,0.006908462867012,8,0,False,False,636.0,193,3.215299999999999
rep_15de4676677de916d0,vid_769bc27d1c4abfab,769bc27d1c4abfab17064a24193171b531343a6f96e448af24ab306e6eaa56bd,person2,Right,Incorrect,257.5550537109375,269.4047546386719,1.617504292875793,8.846839904785156,3195.553302306963,0,0.0,,[],success,0.0,0,0,False,False,820.0,161,2.6821889999999997
rep_506fc27703682724ad,vid_769bc27d1c4abfab,769bc27d1c4abfab17064a24193171b531343a6f96e448af24ab306e6eaa56bd,person2,Right,Incorrect,255.39093017578125,239.51806640625,1.454538067669218,6.1873016357421875,1769.7374769453136,0,0.0,,[],success,0.0,0,0,False,False,1008.0,191,3.181979000000002
rep_50437be04b9a9a36ed,vid_769bc27d1c4abfab,769bc27d1c4abfab17064a24193171b531343a6f96e448af24ab306e6eaa56bd,person2,Left,Incorrect,201.8999786376953,219.44308471679688,1.7334675461997864,11.2005615234375,2072.976599738049,0,0.0,,[],success,0.0,0,0,False,False,1184.0,161,2.682189000000001
rep_a8f87271f827579bc4,vid_769bc27d1c4abfab,769bc27d1c4abfab17064a24193171b531343a6f96e448af24ab306e6eaa56bd,person2,Left,Incorrect,198.77507171630853,199.35512237548826,2.0784498221226166,9.575248718261719,2281.3544269070953,0,0.0,,[],success,0.0,0,0,False,False,1352.0,159,2.6488670000000027
rep_3f57d674d3d25f06bc,vid_769bc27d1c4abfab,769bc27d1c4abfab17064a24193171b531343a6f96e448af24ab306e6eaa56bd,person2,Left,Correct,255.1398162841797,230.02830505371094,1.6973332026381684,7.8649749755859375,3146.8176331053473,0,0.0,,[],success,0.0,0,0,False,False,1487.0,151,2.515599999999999
rep_2a80f26013fc49beb7,vid_769bc27d1c4abfab,769bc27d1c4abfab17064a24193171b531343a6f96e448af24ab306e6eaa56bd,person2,Right,Correct,319.34031372070314,338.1297119140623,1.4578568370918923,18.687820434570312,3540.553460317882,4,0.0499779999999994,active_angle;active_flare,"[{""repetition_id"":""rep_2a80f26013fc49beb7"",""channel"":""active_angle"",""start_frame"":1606,""end_frame"":1607,""start_index"":34,""end_index"":35,""frames"":2,""support_gap_seconds"":0.049978,""operation"":""linear_internal""},{""repetition_id"":""rep_2a80f26013fc49beb7"",""channel"":""active_angle"",""start_frame"":1609,""end_frame"":1609,""start_index"":37,""end_index"":37,""frames"":1,""support_gap_seconds"":0.033311,""operation"":""linear_internal""},{""repetition_id"":""rep_2a80f26013fc49beb7"",""channel"":""active_flare"",""start_frame"":1606,""end_frame"":1607,""start_index"":34,""end_index"":35,""frames"":2,""support_gap_seconds"":0.049978,""operation"":""linear_internal""},{""repetition_id"":""rep_2a80f26013fc49beb7"",""channel"":""active_flare"",""start_frame"":1609,""end_frame"":1609,""start_index"":37,""end_index"":37,""frames"":1,""support_gap_seconds"":0.033311,""operation"":""linear_internal""}]",success,0.0059171597633136,6,0,False,False,1648.0,169,2.815456000000001
rep_830e9ff6471c2e6ac0,vid_769bc27d1c4abfab,769bc27d1c4abfab17064a24193171b531343a6f96e448af24ab306e6eaa56bd,person2,Right,Incorrect,198.63060455322255,150.51824798583982,1.3818792986368087,6.206092834472656,2218.622412988707,2,0.0333109999999976,active_angle;active_flare,"[{""repetition_id"":""rep_830e9ff6471c2e6ac0"",""channel"":""active_angle"",""start_frame"":1799,""end_frame"":1799,""start_index"":59,""end_index"":59,""frames"":1,""support_gap_seconds"":0.033311,""operation"":""linear_internal""},{""repetition_id"":""rep_830e9ff6471c2e6ac0"",""channel"":""active_flare"",""start_frame"":1799,""end_frame"":1799,""start_index"":59,""end_index"":59,""frames"":1,""support_gap_seconds"":0.033311,""operation"":""linear_internal""}]",success,0.0020964360587002,2,0,False,False,1842.0,159,2.6488670000000027
rep_d06e09af4456675bf7,vid_769bc27d1c4abfab,769bc27d1c4abfab17064a24193171b531343a6f96e448af24ab306e6eaa56bd,person2,Right,Incorrect,210.449591064453,206.9444229125976,2.119736099074768,8.575263977050781,2320.7309133905865,0,0.0,,[],success,0.0,0,0,False,False,1984.0,175,2.9154449999999983
rep_2073ececf0915178cc,vid_769bc27d1c4abfab,769bc27d1c4abfab17064a24193171b531343a6f96e448af24ab306e6eaa56bd,person2,Left,Incorrect,183.05012359619138,157.90737152099607,2.0432775976812128,6.9073638916015625,2146.8410761067794,0,0.0,,[],success,0.0,0,0,False,False,2169.0,179,2.9820449999999994
rep_b99bfda2386efa860d,vid_769bc27d1c4abfab,769bc27d1c4abfab17064a24193171b531343a6f96e448af24ab306e6eaa56bd,person2,Left,Correct,193.51535034179688,159.9820098876953,1.5234700985363605,5.764701843261719,1655.9780388353697,0,0.0,,[],success,0.0,0,0,False,False,2283.0,151,2.5155889999999985
rep_ceb27ce1bfcd40e009,vid_d5dd3c73ecfdd074,d5dd3c73ecfdd074e9209c7a26abee875b7b134b366aea3d36923562310edd07,person3,Right,Correct,161.4783447265625,143.63898315429682,1.344070812997522,7.2556304931640625,878.2278382900673,1,0.0666549999999999,active_angle,"[{""repetition_id"":""rep_ceb27ce1bfcd40e009"",""channel"":""active_angle"",""start_frame"":59,""end_frame"":59,""start_index"":57,""end_index"":57,""frames"":1,""support_gap_seconds"":0.066655,""operation"":""linear_internal""}]",success,0.0019607843137254,1,0,False,False,41.0,85,2.866033
rep_ed49f7e3ae23c14632,vid_d5dd3c73ecfdd074,d5dd3c73ecfdd074e9209c7a26abee875b7b134b366aea3d36923562310edd07,person3,Left,Correct,193.19779281616218,125.12424087524415,1.5707444223108296,12.053611755371094,774.1576362907016,0,0.0,,[],success,0.0,0,0,False,False,134.0,92,3.099312
rep_25ebac40f9fffdcd03,vid_d5dd3c73ecfdd074,d5dd3c73ecfdd074e9209c7a26abee875b7b134b366aea3d36923562310edd07,person3,Right,Correct,150.2999771118163,167.82652435302728,1.9503957707137878,10.829780578613281,802.3510670956941,0,0.0,,[],success,0.0,0,0,False,False,207.0,99,3.332623000000001
rep_f31c86caa9c9a81254,vid_d5dd3c73ecfdd074,d5dd3c73ecfdd074e9209c7a26abee875b7b134b366aea3d36923562310edd07,person3,Left,Correct,187.6666397094725,146.33095550537107,2.5830584860497825,21.060714721679688,828.7914852880936,0,0.0,,[],success,0.0,0,0,False,False,301.0,95,3.1992890000000003
rep_374cd3d66f0b6ae7da,vid_d5dd3c73ecfdd074,d5dd3c73ecfdd074e9209c7a26abee875b7b134b366aea3d36923562310edd07,person3,Right,Correct,180.81542663574217,148.3392677307126,1.3344924916707033,9.62115478515625,712.9622597556167,1,0.0666449999999994,active_angle,"[{""repetition_id"":""rep_374cd3d66f0b6ae7da"",""channel"":""active_angle"",""start_frame"":390,""end_frame"":390,""start_index"":21,""end_index"":21,""frames"":1,""support_gap_seconds"":0.066645,""operation"":""linear_internal""}]",success,0.0017006802721088,1,0,False,False,405.0,98,3.299289
rep_9145ce2ee0edd05abc,vid_d5dd3c73ecfdd074,d5dd3c73ecfdd074e9209c7a26abee875b7b134b366aea3d36923562310edd07,person3,Left,Correct,225.9768295288086,127.27617645263672,1.3463914243565034,15.587760925292969,738.0539964038937,0,0.0,,[],success,0.0,0,0,False,False,502.0,91,3.066000999999998
rep_0842956941b20f23e2,vid_d5dd3c73ecfdd074,d5dd3c73ecfdd074e9209c7a26abee875b7b134b366aea3d36923562310edd07,person3,Right,Correct,194.366136932373,134.58871002197262,1.2439583087243478,12.147781372070312,824.4707650064333,0,0.0,,[],success,0.0,0,0,False,False,598.0,100,3.3659329999999983
rep_bb77b1ff42cedb3170,vid_d5dd3c73ecfdd074,d5dd3c73ecfdd074e9209c7a26abee875b7b134b366aea3d36923562310edd07,person3,Left,Correct,207.1743453979492,133.65705718994127,1.5955454845224573,14.456459045410156,554.9265481037468,0,0.0,,[],success,0.0,0,0,False,False,681.0,95,3.1993009999999984
rep_99a949701e9d3cb359,vid_d5dd3c73ecfdd074,d5dd3c73ecfdd074e9209c7a26abee875b7b134b366aea3d36923562310edd07,person3,Right,Correct,182.02243652343734,131.69189453124957,1.41471006039858,9.674247741699219,711.9376144999219,1,0.0666550000000008,active_angle,"[{""repetition_id"":""rep_99a949701e9d3cb359"",""channel"":""active_angle"",""start_frame"":765,""end_frame"":765,""start_index"":16,""end_index"":16,""frames"":1,""support_gap_seconds"":0.066655,""operation"":""linear_internal""}]",success,0.0017182130584192,1,0,False,False,805.0,97,3.1995000000000005
rep_3521755f47891373fb,vid_d5dd3c73ecfdd074,d5dd3c73ecfdd074e9209c7a26abee875b7b134b366aea3d36923562310edd07,person3,Left,Correct,244.66480026245105,148.1206512451171,1.7716525981169433,17.040176391601562,771.3576351009001,0,0.0,,[],success,0.0,0,0,False,False,871.0,98,3.299277
rep_74b1650c1e192f8b21,vid_d5dd3c73ecfdd074,d5dd3c73ecfdd074e9209c7a26abee875b7b134b366aea3d36923562310edd07,person3,Right,Correct,197.02345123291016,159.51944732666018,1.873093289829224,15.513008117675781,1091.7121505084153,0,0.0,,[],success,0.0,0,0,False,False,981.0,87,2.866222000000004
rep_931a64113a41501185,vid_d5dd3c73ecfdd074,d5dd3c73ecfdd074e9209c7a26abee875b7b134b366aea3d36923562310edd07,person3,Left,Correct,287.6544860839842,134.1728607177734,1.455888247549387,18.912689208984375,994.6104996176009,0,0.0,,[],success,0.0,0,0,False,False,1074.0,89,2.9328780000000023
rep_0e7a579eafe33e64d5,vid_e2fbdd20b335321f,e2fbdd20b335321fb0ad7d976851d8f2edd53434be2f118544c1084dce97e339,person3,Right,Correct,135.0927551269531,126.39299011230467,2.2011968953803582,12.990028381347656,999.0301941995098,0,0.0,,[],success,0.0,0,0,False,False,38.0,89,2.999344
rep_3bd189643926330002,vid_e2fbdd20b335321f,e2fbdd20b335321fb0ad7d976851d8f2edd53434be2f118544c1084dce97e339,person3,Left,Correct,198.65047454833982,122.41160087585446,1.665173807869146,15.568328857421875,806.1423134842498,0,0.0,,[],success,0.0,0,0,False,False,112.0,102,3.366134
rep_a688119e8807169567,vid_e2fbdd20b335321f,e2fbdd20b335321fb0ad7d976851d8f2edd53434be2f118544c1084dce97e339,person3,Right,Correct,179.54193725585924,130.7420867919922,1.4733098494089194,12.828437805175781,1110.736079222011,0,0.0,,[],success,0.0,0,0,False,False,229.0,97,3.265956
rep_e586c2d87bca5883fe,vid_e2fbdd20b335321f,e2fbdd20b335321fb0ad7d976851d8f2edd53434be2f118544c1084dce97e339,person3,Left,Correct,204.50817108154297,126.27739143371582,1.3507837164261762,12.22088623046875,876.4665631855839,0,0.0,,[],success,0.0,0,0,False,False,351.0,96,3.1661659999999987
rep_4401202746b68b5331,vid_e2fbdd20b335321f,e2fbdd20b335321fb0ad7d976851d8f2edd53434be2f118544c1084dce97e339,person3,Right,Incorrect,138.04427337646487,114.83857803344728,2.2461477973126502,11.458633422851562,657.8763613886254,0,0.0,,[],success,0.0,0,0,False,False,420.0,87,2.932690000000001
rep_44b1272fd8a9d6b943,vid_e2fbdd20b335321f,e2fbdd20b335321fb0ad7d976851d8f2edd53434be2f118544c1084dce97e339,person3,Left,Incorrect,121.083430480957,120.1113403320312,1.1692504743064234,6.263023376464844,798.0630131774296,0,0.0,,[],success,0.0,0,0,False,False,521.0,109,3.6658779999999993
rep_39093c9edb2675b1e2,vid_e2fbdd20b335321f,e2fbdd20b335321fb0ad7d976851d8f2edd53434be2f118544c1084dce97e339,person3,Right,Incorrect,108.64082145690918,88.74521255493164,1.5245646791444785,9.558616638183594,936.5407946987481,0,0.0,,[],success,0.0,0,0,False,False,602.0,76,2.566088999999998
rep_4dc2ae4ad47611b5cf,vid_e2fbdd20b335321f,e2fbdd20b335321fb0ad7d976851d8f2edd53434be2f118544c1084dce97e339,person3,Left,Incorrect,116.30427398681636,72.90642356872553,1.1779804899082569,7.472175598144531,744.3151078196208,0,0.0,,[],success,0.0,0,0,False,False,683.0,112,3.6994000000000007
rep_6d5a12d97b49f35b0b,vid_6dbe8779159bce47,6dbe8779159bce47abbba2f683d04520514a6f18d7ce789ee88a57ab64cc4b5b,person4,Right,Incorrect,113.43414459228498,143.68710937499995,6.892095435684937,13.030242919921875,2064.109624459492,0,0.0,,[],success,0.0,0,0,False,False,114.0,203,3.3818900000000003
rep_c39bf43c73a524fc03,vid_6dbe8779159bce47,6dbe8779159bce47abbba2f683d04520514a6f18d7ce789ee88a57ab64cc4b5b,person4,Left,Correct,217.2091232299805,143.07463378906252,1.6185249261133656,6.7116851806640625,2999.764438835863,1,0.0333109999999994,active_angle,"[{""repetition_id"":""rep_c39bf43c73a524fc03"",""channel"":""active_angle"",""start_frame"":399,""end_frame"":399,""start_index"":141,""end_index"":141,""frames"":1,""support_gap_seconds"":0.033311,""operation"":""linear_internal""}]",success,0.0011655011655011,1,0,False,False,288.0,143,2.3823219999999994
rep_3e2b0d854af171fe50,vid_6dbe8779159bce47,6dbe8779159bce47abbba2f683d04520514a6f18d7ce789ee88a57ab64cc4b5b,person4,Right,Incorrect,92.03172149658202,144.0888092041015,1.4556070308757472,3.6336822509765625,2096.8019893831097,0,0.0,,[],success,0.0,0,0,False,False,464.0,135,2.2823670000000007
rep_f70d7f024f22be7f97,vid_6dbe8779159bce47,6dbe8779159bce47abbba2f683d04520514a6f18d7ce789ee88a57ab64cc4b5b,person4,Left,Correct,199.2599548339843,157.87893829345697,1.8800299607149276,8.239494323730469,2783.8669836223344,0,0.0,,[],success,0.0,0,0,False,False,610.0,167,2.782144999999998
rep_cde7ca96475dc38287,vid_6dbe8779159bce47,6dbe8779159bce47abbba2f683d04520514a6f18d7ce789ee88a57ab64cc4b5b,person4,Right,Incorrect,137.05145263671875,159.1040802001953,1.765699964060672,4.5242462158203125,1980.3893200961909,0,0.0,,[],success,0.0,0,0,False,False,773.0,141,2.3490009999999995
rep_52ea159192f8fc5a18,vid_6dbe8779159bce47,6dbe8779159bce47abbba2f683d04520514a6f18d7ce789ee88a57ab64cc4b5b,person4,Left,Incorrect,172.38827514648435,157.20881042480462,2.3186490839943716,6.6933135986328125,2244.327100939215,0,0.0,,[],success,0.0,0,0,False,False,1705.0,165,2.748834000000002
rep_ffb088c184f9250a80,vid_6dbe8779159bce47,6dbe8779159bce47abbba2f683d04520514a6f18d7ce789ee88a57ab64cc4b5b,person4,Left,Incorrect,129.62968444824224,98.10645294189456,1.4474958303959626,4.083251953125,1886.330834174336,0,0.0,,[],success,0.0,0,0,False,False,1844.0,153,2.548911999999998
rep_ecc384666d3fc61013,vid_6dbe8779159bce47,6dbe8779159bce47abbba2f683d04520514a6f18d7ce789ee88a57ab64cc4b5b,person4,Left,Incorrect,221.22006835937495,141.3935882568358,1.368777517129679,6.293182373046875,2227.165233917847,0,0.0,,[],success,0.0,0,0,False,False,2013.0,113,1.8825219999999945
rep_1f4a610c3defe53722,vid_03222b4845d8ef2c,03222b4845d8ef2c3f4e08e3875534163998d9d4d2f61daa16335188ceda6f89,person4,Left,Incorrect,203.86601867675785,177.9501739501954,1.6562650344520649,6.7539520263671875,2301.1434360739513,0,0.0,,[],success,0.0,0,0,False,False,653.0,163,2.715523000000001
rep_3175004fbb9db3a0f3,vid_03222b4845d8ef2c,03222b4845d8ef2c3f4e08e3875534163998d9d4d2f61daa16335188ceda6f89,person4,Right,Incorrect,120.44854354858398,158.2070541381836,2.1881958442701714,5.542839050292969,2414.811928608887,0,0.0,,[],success,0.0,0,0,False,False,816.0,151,2.5155889999999985
rep_52a2c5c414944694f1,vid_03222b4845d8ef2c,03222b4845d8ef2c3f4e08e3875534163998d9d4d2f61daa16335188ceda6f89,person4,Left,Incorrect,345.97524414062474,182.54466552734368,1.208347405354515,9.916961669921875,4530.712734512085,0,0.0,,[],success,0.0,0,0,False,False,989.0,145,2.4156340000000025
rep_6d548704cfd01f491a,vid_03222b4845d8ef2c,03222b4845d8ef2c3f4e08e3875534163998d9d4d2f61daa16335188ceda6f89,person4,Right,Incorrect,124.93995666503906,167.2806396484375,1.9306131546342145,4.572776794433594,2047.3379042827619,0,0.0,,[],success,0.0,0,0,False,False,1132.0,151,2.515611
rep_ac1e97d62d5c2b56a0,vid_03222b4845d8ef2c,03222b4845d8ef2c3f4e08e3875534163998d9d4d2f61daa16335188ceda6f89,person4,Left,Incorrect,273.2673156738281,179.98460083007808,1.2223056148986657,9.212409973144531,2451.6701042675845,0,0.0,,[],success,0.0,0,0,False,False,1294.0,149,2.482267000000004
rep_29323d0780eb56b21d,vid_03222b4845d8ef2c,03222b4845d8ef2c3f4e08e3875534163998d9d4d2f61daa16335188ceda6f89,person4,Right,Incorrect,178.17385559082024,207.40574493408204,1.5063987812142197,6.946571350097656,2424.724767429151,0,0.0,,[],success,0.0,0,0,False,False,1393.0,139,2.315679
rep_59893c3e996fee9c34,vid_03222b4845d8ef2c,03222b4845d8ef2c3f4e08e3875534163998d9d4d2f61daa16335188ceda6f89,person4,Left,Incorrect,236.55725402832024,156.51111450195305,1.5080984047478456,6.426239013671875,4093.036711560083,0,0.0,,[],success,0.0,0,0,False,False,1574.0,109,1.8159000000000027
rep_2b168be9071d57530d,vid_03222b4845d8ef2c,03222b4845d8ef2c3f4e08e3875534163998d9d4d2f61daa16335188ceda6f89,person4,Left,Incorrect,264.56151733398434,177.2250335693359,2.2966096867746626,14.659759521484375,3338.589333892218,0,0.0,,[],success,0.0,0,0,False,False,1855.0,135,2.2490340000000018
rep_6ccabad19ce4f7ab3f,vid_03222b4845d8ef2c,03222b4845d8ef2c3f4e08e3875534163998d9d4d2f61daa16335188ceda6f89,person4,Left,Incorrect,197.74703979492188,158.61702728271484,1.4983236300643155,6.625236511230469,2819.8781905289234,0,0.0,,[],success,0.0,0,0,False,False,2104.0,151,2.5155889999999985
rep_db11ea7c1113500c85,vid_03222b4845d8ef2c,03222b4845d8ef2c3f4e08e3875534163998d9d4d2f61daa16335188ceda6f89,person4,Right,Incorrect,117.63879776000977,173.5171127319336,1.4950477985090296,4.559684753417969,1922.9124880802794,0,0.0,,[],success,0.0,0,0,False,False,2259.0,151,2.5156009999999966
rep_07b241628c6745b2c2,vid_762b204cd565ac52,762b204cd565ac52dfc6deaac7575e22d59eb82b30d82af9880cc5067213a65e,person4,Right,Correct,146.02000427246094,143.89953613281247,3.321258736158073,8.077178955078125,1520.2497988232994,0,0.0,,[],success,0.0,0,0,False,False,361.0,269,4.481411
rep_45d0e83c2ac0045b55,vid_762b204cd565ac52,762b204cd565ac52dfc6deaac7575e22d59eb82b30d82af9880cc5067213a65e,person4,Left,Correct,178.08530578613278,160.73073425292966,1.5555105970109535,6.433891296386719,2785.7814762392445,0,0.0,,[],success,0.0,0,0,False,False,529.0,137,2.282355999999999
rep_74c3a7e79d3520b0b8,vid_762b204cd565ac52,762b204cd565ac52dfc6deaac7575e22d59eb82b30d82af9880cc5067213a65e,person4,Left,Correct,185.3203948974608,187.160220336914,1.8615575949637357,7.323402404785156,2453.412440849463,0,0.0,,[],success,0.0,0,0,False,False,794.0,165,2.7488340000000004
rep_497a451e0b4ab0dff3,vid_762b204cd565ac52,762b204cd565ac52dfc6deaac7575e22d59eb82b30d82af9880cc5067213a65e,person4,Left,Correct,233.80951690673828,184.7271499633789,1.6724706331660035,9.112327575683594,3071.4199661717266,0,0.0,,[],success,0.0,0,0,False,False,1090.0,111,1.8492120000000012
rep_210c60fdf8d5448ec9,vid_762b204cd565ac52,762b204cd565ac52dfc6deaac7575e22d59eb82b30d82af9880cc5067213a65e,person4,Left,Correct,189.76473999023435,182.80681762695312,4.872040527412145,15.398239135742188,2830.6365214131633,0,0.0,,[],success,0.0,0,0,False,False,1368.0,127,2.1157670000000017
rep_7600ddc1c7518532b0,vid_762b204cd565ac52,762b204cd565ac52dfc6deaac7575e22d59eb82b30d82af9880cc5067213a65e,person4,Left,Correct,205.57351684570312,162.69882202148438,2.070964884973545,8.511772155761719,2942.040992643827,0,0.0,,[],success,0.0,0,0,False,False,1664.0,121,2.0158120000000004
rep_2b1b56fcdf686f87e9,vid_762b204cd565ac52,762b204cd565ac52dfc6deaac7575e22d59eb82b30d82af9880cc5067213a65e,person4,Left,Correct,230.83700103759773,134.64226379394538,1.498981728327797,10.168655395507812,2256.5730624646067,0,0.0,,[],success,0.0,0,0,False,False,1941.0,143,2.382332999999999
rep_5fefb43622c2eda5a6,vid_762b204cd565ac52,762b204cd565ac52dfc6deaac7575e22d59eb82b30d82af9880cc5067213a65e,person4,Left,Correct,204.85428771972633,163.05927124023435,2.0418262176724373,6.9714202880859375,2282.7639050210646,1,0.0333220000000054,active_angle,"[{""repetition_id"":""rep_5fefb43622c2eda5a6"",""channel"":""active_angle"",""start_frame"":2255,""end_frame"":2255,""start_index"":129,""end_index"":129,""frames"":1,""support_gap_seconds"":0.033322,""operation"":""linear_internal""}]",success,0.0010615711252653,1,0,False,False,2196.0,157,2.615555999999998
rep_3bd69e41cd57266903,vid_762b204cd565ac52,762b204cd565ac52dfc6deaac7575e22d59eb82b30d82af9880cc5067213a65e,person4,Right,Correct,161.55363159179666,205.41353759765624,1.8187346100319013,5.8405914306640625,2551.9740335248407,0,0.0,,[],success,0.0,0,0,False,False,2337.0,145,2.415644999999998
rep_d761ba3d8f066eef71,vid_a098f327a26fe877,a098f327a26fe8774c684ebae4a490737007ec44cf4386fa077d0dc67d26da8b,person4,Right,Correct,175.74559326171865,183.58094177246076,2.996011204772859,8.775772094726562,1839.7200970061456,1,0.049989,opposing_angle,"[{""repetition_id"":""rep_d761ba3d8f066eef71"",""channel"":""opposing_angle"",""start_frame"":140,""end_frame"":141,""start_index"":126,""end_index"":127,""frames"":2,""support_gap_seconds"":0.049989,""operation"":""linear_internal""}]",success,0.0024330900243309,2,0,False,False,58.0,137,2.282378
rep_2b4256b8b20205abf2,vid_a098f327a26fe877,a098f327a26fe8774c684ebae4a490737007ec44cf4386fa077d0dc67d26da8b,person4,Right,Correct,170.2564102172851,202.61086883544905,2.0861115196150157,5.953590393066406,1985.9989113810489,1,0.0999660000000002,opposing_angle,"[{""repetition_id"":""rep_2b4256b8b20205abf2"",""channel"":""opposing_angle"",""start_frame"":284,""end_frame"":288,""start_index"":4,""end_index"":8,""frames"":5,""support_gap_seconds"":0.099966,""operation"":""linear_internal""}]",success,0.0070028011204481,5,0,False,False,328.0,119,1.982489
rep_20525de896af3c2e51,vid_a098f327a26fe877,a098f327a26fe8774c684ebae4a490737007ec44cf4386fa077d0dc67d26da8b,person4,Left,Correct,228.12836151123045,189.1953552246093,1.64217708077303,6.8670806884765625,2734.2152207859185,0,0.0,,[],success,0.0,0,0,False,False,471.0,123,2.049123
rep_f5ef6c0161f1b2bb87,vid_a098f327a26fe877,a098f327a26fe8774c684ebae4a490737007ec44cf4386fa077d0dc67d26da8b,person4,Left,Correct,227.82131652832032,174.7078063964844,1.7833166955759505,6.814048767089844,3518.3816776036983,0,0.0,,[],success,0.0,0,0,False,False,718.0,153,2.548911999999998
rep_8cafe422282d959530,vid_a098f327a26fe877,a098f327a26fe8774c684ebae4a490737007ec44cf4386fa077d0dc67d26da8b,person4,Left,Correct,239.59117126464844,196.5243408203125,1.3817894162387394,6.24267578125,2211.4550063175407,1,0.0333219999999983,active_angle,"[{""repetition_id"":""rep_8cafe422282d959530"",""channel"":""active_angle"",""start_frame"":1049,""end_frame"":1049,""start_index"":139,""end_index"":139,""frames"":1,""support_gap_seconds"":0.033322,""operation"":""linear_internal""}]",success,0.0009861932938856,1,0,False,False,990.0,169,2.8154670000000017
rep_9b959c53711117bcab,vid_a098f327a26fe877,a098f327a26fe8774c684ebae4a490737007ec44cf4386fa077d0dc67d26da8b,person4,Right,Correct,171.21656494140623,184.65489959716797,1.5506871458779483,7.863639831542969,2591.0138439681077,0,0.0,,[],success,0.0,0,0,False,False,1135.0,107,1.7825780000000009
rep_2d5fa419c6ca6c569a,vid_a098f327a26fe877,a098f327a26fe8774c684ebae4a490737007ec44cf4386fa077d0dc67d26da8b,person4,Right,Correct,188.3562042236328,196.35590820312476,1.207567766598881,5.12408447265625,2630.818561039022,0,0.0,,[],success,0.0,0,0,False,False,1391.0,165,2.7488230000000016
rep_73da4dbfe62e87e2ac,vid_a098f327a26fe877,a098f327a26fe8774c684ebae4a490737007ec44cf4386fa077d0dc67d26da8b,person4,Left,Correct,242.948974609375,156.56405639648438,1.2860179285090527,8.334381103515625,2054.6646073107604,0,0.0,,[],success,0.0,0,0,False,False,1549.0,151,2.5155889999999985
rep_89410eaac0367f3a17,vid_a098f327a26fe877,a098f327a26fe8774c684ebae4a490737007ec44cf4386fa077d0dc67d26da8b,person4,Right,Correct,175.68989562988278,158.24285888671875,2.0251054085139564,7.122001647949219,2181.36430564655,0,0.0,,[],success,0.0,0,0,False,False,1673.0,137,2.282356000000004
rep_a9e0a6a7f11f1efc53,vid_a098f327a26fe877,a098f327a26fe8774c684ebae4a490737007ec44cf4386fa077d0dc67d26da8b,person4,Right,Correct,168.68224334716797,178.28934478759766,2.2931284936592244,7.132072448730469,2448.7941054398425,0,0.0,,[],success,0.0,0,0,False,False,1939.0,151,2.515599999999996
rep_b652806afe1fe9072b,vid_a098f327a26fe877,a098f327a26fe8774c684ebae4a490737007ec44cf4386fa077d0dc67d26da8b,person4,Left,Correct,168.6291564941404,181.37706604003904,1.8192791488667708,6.162811279296875,1810.6041413753,0,0.0,,[],success,0.0,0,0,False,False,2080.0,185,3.0820229999999995
rep_36e091bfd9c6523606,vid_c63ebda7f39171bc,c63ebda7f39171bc5a2e686eb158743667393b6c138ec80830dc8b643869caf5,person4,Right,Correct,212.06903381347655,191.87124481201172,2.5630159488349973,9.052597045898438,1781.0636796381639,2,0.0499779999999999,opposing_angle,"[{""repetition_id"":""rep_36e091bfd9c6523606"",""channel"":""opposing_angle"",""start_frame"":19,""end_frame"":19,""start_index"":1,""end_index"":1,""frames"":1,""support_gap_seconds"":0.033322,""operation"":""linear_internal""},{""repetition_id"":""rep_36e091bfd9c6523606"",""channel"":""opposing_angle"",""start_frame"":24,""end_frame"":25,""start_index"":6,""end_index"":7,""frames"":2,""support_gap_seconds"":0.049978,""operation"":""linear_internal""}]",success,0.0027322404371584,3,0,False,False,99.0,183,3.0487
rep_946de87b024761fafe,vid_c63ebda7f39171bc,c63ebda7f39171bc5a2e686eb158743667393b6c138ec80830dc8b643869caf5,person4,Left,Correct,236.10901641845703,160.76958465576172,1.6408087030327478,8.492019653320312,2951.3791580313227,1,0.033322,active_angle,"[{""repetition_id"":""rep_946de87b024761fafe"",""channel"":""active_angle"",""start_frame"":326,""end_frame"":326,""start_index"":126,""end_index"":126,""frames"":1,""support_gap_seconds"":0.033322,""operation"":""linear_internal""}]",success,0.0012722646310432,1,0,False,False,254.0,131,2.182412
rep_35e3d2cee2f75e3e22,vid_c63ebda7f39171bc,c63ebda7f39171bc5a2e686eb158743667393b6c138ec80830dc8b643869caf5,person4,Right,Correct,164.64653778076172,172.50502014160156,1.60173500667337,6.9862823486328125,1943.7705743996282,0,0.0,,[],success,0.0,0,0,False,False,412.0,151,2.5155889999999994
rep_2adad38065a30e32ca,vid_c63ebda7f39171bc,c63ebda7f39171bc5a2e686eb158743667393b6c138ec80830dc8b643869caf5,person4,Right,Correct,181.2984924316406,172.72072143554684,1.580325273292824,5.98046875,2408.9269766766442,0,0.0,,[],success,0.0,0,0,False,False,683.0,145,2.415645
rep_ff671892c1724ab31e,vid_c63ebda7f39171bc,c63ebda7f39171bc5a2e686eb158743667393b6c138ec80830dc8b643869caf5,person4,Left,Correct,241.24090576171875,197.5103302001953,1.394052383673992,6.441535949707031,2605.468393562974,0,0.0,,[],success,0.0,0,0,False,False,812.0,111,1.8492110000000004
rep_bd8591da4c0c8237a0,vid_c63ebda7f39171bc,c63ebda7f39171bc5a2e686eb158743667393b6c138ec80830dc8b643869caf5,person4,Left,Correct,210.84700775146484,162.86959075927734,2.7994460441814972,11.015838623046875,2623.622786092439,0,0.0,,[],success,0.0,0,0,False,False,1068.0,151,2.515589000000002
rep_ad037e7a08fb6f68f3,vid_c63ebda7f39171bc,c63ebda7f39171bc5a2e686eb158743667393b6c138ec80830dc8b643869caf5,person4,Right,Correct,137.82453613281248,179.61361236572264,1.8201125698878697,4.404136657714844,1788.4069496131124,0,0.0,,[],success,0.0,0,0,False,False,1222.0,135,2.2490340000000018
rep_192fcfc43111194ede,vid_c63ebda7f39171bc,c63ebda7f39171bc5a2e686eb158743667393b6c138ec80830dc8b643869caf5,person4,Left,Correct,198.14769897460937,153.48652954101559,1.6627882273567645,8.485435485839844,1781.7774206028475,0,0.0,,[],success,0.0,0,0,False,False,1345.0,137,2.2823780000000014
rep_41d7f4014c8377557d,vid_c63ebda7f39171bc,c63ebda7f39171bc5a2e686eb158743667393b6c138ec80830dc8b643869caf5,person4,Left,Correct,200.13387451171866,154.7176788330078,1.4775493296204874,6.8978271484375,2742.687441117146,0,0.0,,[],success,0.0,0,0,False,False,1614.0,147,2.448955999999999
rep_d5a43d3ea2a3e2ae47,vid_c63ebda7f39171bc,c63ebda7f39171bc5a2e686eb158743667393b6c138ec80830dc8b643869caf5,person4,Right,Correct,151.0367126464843,165.48688354492185,1.2955227249169616,4.602409362792969,1936.0154036942945,0,0.0,,[],success,0.0,0,0,False,False,1756.0,159,2.648856000000002
rep_3a308bcf386c6a7ee0,vid_c63ebda7f39171bc,c63ebda7f39171bc5a2e686eb158743667393b6c138ec80830dc8b643869caf5,person4,Left,Correct,192.84600219726553,169.6240966796873,1.6087662543693588,6.5455169677734375,2471.3602025237265,0,0.0,,[],success,0.0,0,0,False,False,1939.0,165,2.748833000000001
rep_2bca3e223f0ea212b4,vid_c63ebda7f39171bc,c63ebda7f39171bc5a2e686eb158743667393b6c138ec80830dc8b643869caf5,person4,Right,Correct,178.49685058593738,192.01638488769524,1.4178369039358771,6.6575469970703125,2564.022909782265,0,0.0,,[],success,0.0,0,0,False,False,2074.0,129,2.149089999999994
rep_6ba25eaa22a69f22ea,vid_4d1daeb09e2c1b0e,4d1daeb09e2c1b0e8d3930e205897ae84d6a3ce8235a0f45b0b791a77cf200c3,person4,Right,Correct,185.2737396240234,193.78002319335937,1.5177516495128796,6.105194091796875,1971.4760312191177,0,0.0,,[],success,0.0,0,0,False,False,93.0,159,2.648878
rep_c47dfb83a60baa7049,vid_4d1daeb09e2c1b0e,4d1daeb09e2c1b0e8d3930e205897ae84d6a3ce8235a0f45b0b791a77cf200c3,person4,Right,Correct,194.57163085937498,187.05395355224599,1.396199257834782,7.3125152587890625,2149.346001734574,0,0.0,,[],success,0.0,0,0,False,False,392.0,167,2.7821560000000005
rep_f6ac69e13453320ef3,vid_4d1daeb09e2c1b0e,4d1daeb09e2c1b0e8d3930e205897ae84d6a3ce8235a0f45b0b791a77cf200c3,person4,Left,Correct,204.59130096435547,172.48007202148438,1.4326871403921608,8.091453552246094,2991.1926310903436,0,0.0,,[],success,0.0,0,0,False,False,564.0,171,2.848788999999999
rep_4fc424027655115822,vid_4d1daeb09e2c1b0e,4d1daeb09e2c1b0e8d3930e205897ae84d6a3ce8235a0f45b0b791a77cf200c3,person4,Right,Correct,170.17719116210935,178.37450637817372,1.2173778149648782,5.958763122558594,1895.1496633627523,0,0.0,,[],success,0.0,0,0,False,False,677.0,124,2.065778999999999
rep_11a1d40991198961f0,vid_4d1daeb09e2c1b0e,4d1daeb09e2c1b0e8d3930e205897ae84d6a3ce8235a0f45b0b791a77cf200c3,person4,Right,Correct,197.74722290039057,205.90755462646484,2.1268907081890585,7.9687652587890625,2390.2612835092477,0,0.0,,[],success,0.0,0,0,False,False,939.0,115,1.9158560000000036
rep_63276acd130a1a16ce,vid_4d1daeb09e2c1b0e,4d1daeb09e2c1b0e8d3930e205897ae84d6a3ce8235a0f45b0b791a77cf200c3,person4,Left,Correct,230.37532653808591,204.05467529296868,1.3290008567694425,8.345069885253906,2705.9846378596276,0,0.0,,[],success,0.0,0,0,False,False,1096.0,127,2.115756000000001
rep_b2360b4774599f8408,vid_4d1daeb09e2c1b0e,4d1daeb09e2c1b0e8d3930e205897ae84d6a3ce8235a0f45b0b791a77cf200c3,person4,Left,Correct,239.697314453125,206.08567962646478,2.097719322118696,8.380462646484375,2596.2828979857964,0,0.0,,[],success,0.0,0,0,False,False,1342.0,127,2.115756000000001
rep_d8f0afe79b91d46b4e,vid_4d1daeb09e2c1b0e,4d1daeb09e2c1b0e8d3930e205897ae84d6a3ce8235a0f45b0b791a77cf200c3,person4,Right,Correct,153.90565032958983,175.49823303222655,1.4294810020030317,4.596549987792969,2080.200750222763,0,0.0,,[],success,0.0,0,0,False,False,1499.0,119,1.9825000000000017
rep_0def6e3c339b9e5a3a,vid_4d1daeb09e2c1b0e,4d1daeb09e2c1b0e8d3930e205897ae84d6a3ce8235a0f45b0b791a77cf200c3,person4,Left,Correct,215.19024658203125,181.9337005615234,2.0476789280470107,8.716346740722656,2540.434337564501,0,0.0,,[],success,0.0,0,0,False,False,1659.0,149,2.4822789999999983
rep_3b63838c9199bc61e4,vid_4d1daeb09e2c1b0e,4d1daeb09e2c1b0e8d3930e205897ae84d6a3ce8235a0f45b0b791a77cf200c3,person4,Left,Correct,209.02603454589828,158.75912780761715,1.5738042639893743,6.865669250488281,2452.0698129616426,0,0.0,,[],success,0.0,0,0,False,False,1918.0,177,2.948743999999998
rep_02baf361a41927f7e1,vid_a7e0a74bb2cacc23,a7e0a74bb2cacc238320858de25d30ce6495e8cd04b46aea3b3d024289aca5db,person5,Left,Incorrect,278.97957153320306,274.3964660644531,1.9468393867832325,10.199333190917969,2982.0300582020946,0,0.0,,[],success,0.0,0,0,False,False,86.0,159,2.648878
rep_443563c8a2fba0febe,vid_a7e0a74bb2cacc23,a7e0a74bb2cacc238320858de25d30ce6495e8cd04b46aea3b3d024289aca5db,person5,Right,Incorrect,774.8884521484365,238.01141967773435,2.3101835064403042,43.415504455566406,6024.55087390204,1,0.033322,active_angle,"[{""repetition_id"":""rep_443563c8a2fba0febe"",""channel"":""active_angle"",""start_frame"":378,""end_frame"":378,""start_index"":36,""end_index"":36,""frames"":1,""support_gap_seconds"":0.033322,""operation"":""linear_internal""}]",success,0.0015290519877675,1,0,False,False,390.0,109,1.8159
rep_826841f39e9298f126,vid_a7e0a74bb2cacc23,a7e0a74bb2cacc238320858de25d30ce6495e8cd04b46aea3b3d024289aca5db,person5,Right,Incorrect,599.7644653320312,233.71653747558594,2.442475129346125,33.66438293457031,3689.005738443623,4,0.1332779999999989,active_angle,"[{""repetition_id"":""rep_826841f39e9298f126"",""channel"":""active_angle"",""start_frame"":664,""end_frame"":664,""start_index"":64,""end_index"":64,""frames"":1,""support_gap_seconds"":0.033311,""operation"":""linear_internal""},{""repetition_id"":""rep_826841f39e9298f126"",""channel"":""active_angle"",""start_frame"":667,""end_frame"":673,""start_index"":67,""end_index"":73,""frames"":7,""support_gap_seconds"":0.133278,""operation"":""linear_internal""},{""repetition_id"":""rep_826841f39e9298f126"",""channel"":""active_angle"",""start_frame"":681,""end_frame"":682,""start_index"":81,""end_index"":82,""frames"":2,""support_gap_seconds"":0.049978,""operation"":""linear_internal""},{""repetition_id"":""rep_826841f39e9298f126"",""channel"":""active_angle"",""start_frame"":685,""end_frame"":685,""start_index"":85,""end_index"":85,""frames"":1,""support_gap_seconds"":0.033323,""operation"":""linear_internal""}]",success,0.0107212475633528,11,0,False,False,701.0,171,2.848801
rep_cd3eab9efb5a4c93d3,vid_a7e0a74bb2cacc23,a7e0a74bb2cacc238320858de25d30ce6495e8cd04b46aea3b3d024289aca5db,person5,Right,Incorrect,515.678930664062,271.58875122070293,5.086983563130167,65.8019790649414,5256.5177911522205,2,0.1499229999999993,active_angle,"[{""repetition_id"":""rep_cd3eab9efb5a4c93d3"",""channel"":""active_angle"",""start_frame"":786,""end_frame"":787,""start_index"":38,""end_index"":39,""frames"":2,""support_gap_seconds"":0.049977,""operation"":""linear_internal""},{""repetition_id"":""rep_cd3eab9efb5a4c93d3"",""channel"":""active_angle"",""start_frame"":851,""end_frame"":858,""start_index"":103,""end_index"":110,""frames"":8,""support_gap_seconds"":0.149923,""operation"":""linear_internal""}]",success,0.0094161958568738,10,0,False,False,837.0,177,2.948755
rep_3138501c806e115527,vid_a7e0a74bb2cacc23,a7e0a74bb2cacc238320858de25d30ce6495e8cd04b46aea3b3d024289aca5db,person5,Right,Incorrect,617.9378051757812,250.16249084472656,2.0332335304796096,27.693328857421875,3409.2839043299377,1,0.4664670000000015,active_angle,"[{""repetition_id"":""rep_3138501c806e115527"",""channel"":""active_angle"",""start_frame"":1010,""end_frame"":1036,""start_index"":86,""end_index"":112,""frames"":27,""support_gap_seconds"":0.466467,""operation"":""linear_internal""}]",success,0.0279503105590062,27,0,False,False,1005.0,161,2.6821900000000003
rep_9b8cb4166cbacaada7,vid_a7e0a74bb2cacc23,a7e0a74bb2cacc238320858de25d30ce6495e8cd04b46aea3b3d024289aca5db,person5,Right,Incorrect,520.2925415039061,245.3497009277343,3.5801990340048007,36.22845458984375,4270.151504533918,0,0.0,,[],success,0.0,0,0,False,False,1218.0,197,3.281933000000002
rep_fd1259ada4de072a01,vid_a7e0a74bb2cacc23,a7e0a74bb2cacc238320858de25d30ce6495e8cd04b46aea3b3d024289aca5db,person5,Left,Incorrect,344.79271850585934,252.2789779663085,1.582687592938742,12.285774230957031,4503.834019271869,0,0.0,,[],success,0.0,0,0,False,False,1474.0,139,2.315679
rep_dd74432211f9ffa5e1,vid_a7e0a74bb2cacc23,a7e0a74bb2cacc238320858de25d30ce6495e8cd04b46aea3b3d024289aca5db,person5,Left,Incorrect,346.42969970703103,246.5172149658202,2.029417445065406,18.279136657714844,4598.209262687669,0,0.0,,[],success,0.0,0,0,False,False,1594.0,137,2.2823670000000043
rep_91609c5df4bead6c69,vid_a7e0a74bb2cacc23,a7e0a74bb2cacc238320858de25d30ce6495e8cd04b46aea3b3d024289aca5db,person5,Left,Incorrect,419.2290100097655,289.4565063476562,1.5880341868147247,13.446685791015625,4782.836141240646,0,0.0,,[],success,0.0,0,0,False,False,1739.0,157,2.615555999999998
rep_a37330b43adea50a3e,vid_a7e0a74bb2cacc23,a7e0a74bb2cacc238320858de25d30ce6495e8cd04b46aea3b3d024289aca5db,person5,Left,Incorrect,344.1083679199219,248.66285705566406,1.3514087719097536,10.527084350585938,3695.525298664478,0,0.0,,[],success,0.0,0,0,False,False,1879.0,141,2.3489999999999966
rep_4ad73d552251012434,vid_a7e0a74bb2cacc23,a7e0a74bb2cacc238320858de25d30ce6495e8cd04b46aea3b3d024289aca5db,person5,Left,Incorrect,375.1651916503906,214.79811096191406,1.459813478974472,15.03302001953125,4070.193421444591,0,0.0,,[],success,0.0,0,0,False,False,2067.0,141,2.349000000000004
rep_fa168bf284d8c96c8f,vid_ac42199741c9c0c1,ac42199741c9c0c13105fcb9fddaa253e6440d9eb036a6fdc179c8b8090134ba,person5,Left,Incorrect,375.571044921875,169.12916564941406,1.6819366537544715,13.512687683105469,3722.428600135152,0,0.0,,[],success,0.0,0,0,False,False,48.0,111,1.8492
rep_acba12d05fb8cb1071,vid_ac42199741c9c0c1,ac42199741c9c0c13105fcb9fddaa253e6440d9eb036a6fdc179c8b8090134ba,person5,Left,Incorrect,,134.02102966308593,,18.198928833007812,3032.72598433237,2,0.049989,active_flare,"[{""repetition_id"":""rep_acba12d05fb8cb1071"",""channel"":""active_flare"",""start_frame"":187,""end_frame"":187,""start_index"":67,""end_index"":67,""frames"":1,""support_gap_seconds"":0.0333,""operation"":""linear_internal""},{""repetition_id"":""rep_acba12d05fb8cb1071"",""channel"":""active_flare"",""start_frame"":189,""end_frame"":190,""start_index"":69,""end_index"":70,""frames"":2,""support_gap_seconds"":0.049989,""operation"":""linear_internal""}]",partial_requires_fold_imputation,0.0402298850574712,3,32,False,True,,145,2.415656
rep_fa63fb414a09fba399,vid_ac42199741c9c0c1,ac42199741c9c0c13105fcb9fddaa253e6440d9eb036a6fdc179c8b8090134ba,person5,Left,Incorrect,252.59341430664077,140.54956970214843,1.9897222187655126,13.301597595214844,2607.1644580757156,0,0.0,,[],success,0.0,0,0,False,False,359.0,153,2.5489120000000005
rep_8c2b0e419612f75982,vid_ac42199741c9c0c1,ac42199741c9c0c13105fcb9fddaa253e6440d9eb036a6fdc179c8b8090134ba,person5,Left,Incorrect,308.3026062011718,114.87570953369138,1.8989329707602505,13.586471557617188,3870.025476831366,1,0.0666340000000005,active_angle,"[{""repetition_id"":""rep_8c2b0e419612f75982"",""channel"":""active_angle"",""start_frame"":475,""end_frame"":477,""start_index"":59,""end_index"":61,""frames"":3,""support_gap_seconds"":0.066634,""operation"":""linear_internal""}]",success,0.0028248587570621,3,0,False,False,459.0,177,2.948733999999999
rep_60375464ef15bd70a9,vid_ac42199741c9c0c1,ac42199741c9c0c13105fcb9fddaa253e6440d9eb036a6fdc179c8b8090134ba,person5,Right,Incorrect,246.8742446899414,160.173828125,2.1002464869833557,11.320426940917969,2908.728980995279,0,0.0,,[],success,0.0,0,0,False,False,791.0,151,2.5155890000000003
rep_8e0838c69b44e0e484,vid_ac42199741c9c0c1,ac42199741c9c0c13105fcb9fddaa253e6440d9eb036a6fdc179c8b8090134ba,person5,Right,Incorrect,179.86572570800774,123.1325576782226,1.4166054487972966,7.9472198486328125,2343.80996995179,2,0.033322,active_angle,"[{""repetition_id"":""rep_8e0838c69b44e0e484"",""channel"":""active_angle"",""start_frame"":879,""end_frame"":879,""start_index"":35,""end_index"":35,""frames"":1,""support_gap_seconds"":0.033311,""operation"":""linear_internal""},{""repetition_id"":""rep_8e0838c69b44e0e484"",""channel"":""active_angle"",""start_frame"":882,""end_frame"":882,""start_index"":38,""end_index"":38,""frames"":1,""support_gap_seconds"":0.033322,""operation"":""linear_internal""}]",success,0.0025062656641604,2,0,False,False,948.0,133,2.2157220000000013
rep_a9527922a989ef766d,vid_ac42199741c9c0c1,ac42199741c9c0c13105fcb9fddaa253e6440d9eb036a6fdc179c8b8090134ba,person5,Right,Incorrect,155.73115539550778,148.82723083496094,1.3105865110483574,5.957633972167969,2038.340860987146,0,0.0,,[],success,0.0,0,0,False,False,1033.0,125,2.082445
rep_7b675a687f7d9e628c,vid_ac42199741c9c0c1,ac42199741c9c0c13105fcb9fddaa253e6440d9eb036a6fdc179c8b8090134ba,person5,Right,Incorrect,184.93582305908183,177.9633209228512,1.4308679601352632,6.098625183105469,2251.963647102205,0,0.0,,[],success,0.0,0,0,False,False,1310.0,155,2.5822340000000032
rep_88e19ee5be79751d7e,vid_8c19cbd3c181b15a,8c19cbd3c181b15a570e9ee6a8a3ea6e41697c1947c4fede3395219d1cb4954e,person5,Left,Correct,305.6953491210936,186.55458068847642,2.5577278172365996,16.284889221191406,3012.8786845253703,0,0.0,,[],success,0.0,0,0,False,False,73.0,113,1.882522
rep_e0083818482a4934d7,vid_8c19cbd3c181b15a,8c19cbd3c181b15a570e9ee6a8a3ea6e41697c1947c4fede3395219d1cb4954e,person5,Left,Correct,236.78712310791005,140.06996154785153,2.228209030666931,13.5228271484375,2888.7106227622207,0,0.0,,[],success,0.0,0,0,False,False,333.0,155,2.582233
rep_a1e37a6d86f9be1dbb,vid_8c19cbd3c181b15a,8c19cbd3c181b15a570e9ee6a8a3ea6e41697c1947c4fede3395219d1cb4954e,person5,Left,Correct,375.3534790039062,186.87658386230464,1.6968264972369633,16.10633087158203,2608.358930595343,0,0.0,,[],success,0.0,0,0,False,False,571.0,117,1.949178
rep_051c9c524e3b73459a,vid_8c19cbd3c181b15a,8c19cbd3c181b15a570e9ee6a8a3ea6e41697c1947c4fede3395219d1cb4954e,person5,Right,Correct,193.58084716796873,178.8324752807617,1.747811991605827,8.289459228515625,2111.271672404864,0,0.0,,[],success,0.0,0,0,False,False,727.0,159,2.648878
rep_d70a06a71c2b8e94b3,vid_8c19cbd3c181b15a,8c19cbd3c181b15a570e9ee6a8a3ea6e41697c1947c4fede3395219d1cb4954e,person5,Right,Correct,202.3346862792969,135.84544982910157,1.8784855981875392,8.702613830566406,1691.0603717282388,1,0.0666329999999995,active_angle,"[{""repetition_id"":""rep_d70a06a71c2b8e94b3"",""channel"":""active_angle"",""start_frame"":822,""end_frame"":824,""start_index"":24,""end_index"":26,""frames"":3,""support_gap_seconds"":0.066633,""operation"":""linear_internal""}]",success,0.0030674846625766,3,0,False,False,854.0,163,2.715501000000001
rep_fd22cdda358387a39d,vid_8c19cbd3c181b15a,8c19cbd3c181b15a570e9ee6a8a3ea6e41697c1947c4fede3395219d1cb4954e,person5,Right,Correct,233.64810485839854,147.00474548339855,1.6219377308094234,9.1978759765625,2011.8474283103023,0,0.0,,[],success,0.0,0,0,False,False,1037.0,153,2.548922000000001
rep_7d900f8fa9436f8bcc,vid_8c19cbd3c181b15a,8c19cbd3c181b15a570e9ee6a8a3ea6e41697c1947c4fede3395219d1cb4954e,person5,Right,Correct,243.0701446533203,189.35268859863274,1.6853877737040128,10.695396423339844,2347.453866314215,0,0.0,,[],success,0.0,0,0,False,False,1137.0,109,1.8158900000000031
rep_8c67fa02a8495509fc,vid_fd3e2ae78827f629,fd3e2ae78827f6293b40641acd30e299663ba0b53240de5b6740936f2861e952,person5,Left,Correct,374.5829528808578,171.18659362792968,2.0337982975891356,19.284942626953125,2879.1875691961554,0,0.0,,[],success,0.0,0,0,False,False,56.0,97,1.615979
rep_82d242d849eeae0237,vid_fd3e2ae78827f629,fd3e2ae78827f6293b40641acd30e299663ba0b53240de5b6740936f2861e952,person5,Left,Correct,645.9398803710938,163.45209503173828,2.201745068708265,30.546653747558594,3153.3079588383903,0,0.0,,[],success,0.0,0,0,False,False,282.0,111,1.849222
rep_010c51d0b4570e895d,vid_fd3e2ae78827f629,fd3e2ae78827f6293b40641acd30e299663ba0b53240de5b6740936f2861e952,person5,Left,Correct,254.51399841308574,245.52994689941394,1.3936527432348929,7.608390808105469,2513.9260373604484,0,0.0,,[],success,0.0,0,0,False,False,567.0,133,2.215712
rep_6d4759beadb7cb7930,vid_fd3e2ae78827f629,fd3e2ae78827f6293b40641acd30e299663ba0b53240de5b6740936f2861e952,person5,Right,Correct,249.92347106933593,197.32367553710938,2.3573732403411625,11.969818115234375,2194.1560309230927,1,0.033322,active_angle,"[{""repetition_id"":""rep_6d4759beadb7cb7930"",""channel"":""active_angle"",""start_frame"":646,""end_frame"":646,""start_index"":30,""end_index"":30,""frames"":1,""support_gap_seconds"":0.033322,""operation"":""linear_internal""}]",success,0.0012345679012345,1,0,False,False,672.0,135,2.249044999999999
rep_725cbf72d2ac96e8be,vid_fd3e2ae78827f629,fd3e2ae78827f6293b40641acd30e299663ba0b53240de5b6740936f2861e952,person5,Right,Correct,268.1484161376954,183.08703155517577,1.5640750069710567,9.316841125488281,2327.1032930221754,0,0.0,,[],success,0.0,0,0,False,False,957.0,143,2.3823230000000013
rep_b69516d1c1792753ff,vid_fd3e2ae78827f629,fd3e2ae78827f6293b40641acd30e299663ba0b53240de5b6740936f2861e952,person5,Right,Correct,257.9628219604491,190.09818267822266,1.6421401785056502,11.29986572265625,2273.469448408412,0,0.0,,[],success,0.0,0,0,False,False,1048.0,139,2.315678000000002
rep_c64a4599869d796b40,vid_4a4b044fd46cca10,4a4b044fd46cca1000f792aa35bef133cdfd810f8dc903addb3b724ec7c216e3,person5,Left,Correct,311.5550079345703,158.7807388305664,2.375966894812629,18.18791961669922,2724.7723412277787,0,0.0,,[],success,0.0,0,0,False,False,95.0,131,2.1824
rep_dcdc4f2da30a32a6af,vid_4a4b044fd46cca10,4a4b044fd46cca1000f792aa35bef133cdfd810f8dc903addb3b724ec7c216e3,person5,Left,Correct,225.88558807373045,136.23953857421873,1.7777782851605688,13.243202209472656,2474.3641430807666,0,0.0,,[],success,0.0,0,0,False,False,218.0,179,2.982056
rep_a947b4bae2f945e240,vid_4a4b044fd46cca10,4a4b044fd46cca1000f792aa35bef133cdfd810f8dc903addb3b724ec7c216e3,person5,Left,Correct,222.74947357177734,143.1326675415039,3.946604729879578,18.226425170898438,2205.3359473137148,0,0.0,,[],success,0.0,0,0,False,False,408.0,151,2.5156
rep_e29f489f8bd9080007,vid_4a4b044fd46cca10,4a4b044fd46cca1000f792aa35bef133cdfd810f8dc903addb3b724ec7c216e3,person5,Left,Correct,361.98317871093747,172.73385620117185,2.4177926152931803,15.283111572265625,2660.2384577525436,0,0.0,,[],success,0.0,0,0,False,False,547.0,145,2.4156449999999987
rep_7b14ee7f1080746461,vid_4a4b044fd46cca10,4a4b044fd46cca1000f792aa35bef133cdfd810f8dc903addb3b724ec7c216e3,person5,Right,Correct,289.9903289794921,209.93212127685544,1.5071287598818033,8.215278625488281,1722.6300860580945,5,0.0666340000000005,active_angle,"[{""repetition_id"":""rep_7b14ee7f1080746461"",""channel"":""active_angle"",""start_frame"":792,""end_frame"":793,""start_index"":30,""end_index"":31,""frames"":2,""support_gap_seconds"":0.049978,""operation"":""linear_internal""},{""repetition_id"":""rep_7b14ee7f1080746461"",""channel"":""active_angle"",""start_frame"":866,""end_frame"":866,""start_index"":104,""end_index"":104,""frames"":1,""support_gap_seconds"":0.033322,""operation"":""linear_internal""},{""repetition_id"":""rep_7b14ee7f1080746461"",""channel"":""active_angle"",""start_frame"":868,""end_frame"":869,""start_index"":106,""end_index"":107,""frames"":2,""support_gap_seconds"":0.049978,""operation"":""linear_internal""},{""repetition_id"":""rep_7b14ee7f1080746461"",""channel"":""active_angle"",""start_frame"":871,""end_frame"":873,""start_index"":109,""end_index"":111,""frames"":3,""support_gap_seconds"":0.066634,""operation"":""linear_internal""},{""repetition_id"":""rep_7b14ee7f1080746461"",""channel"":""active_angle"",""start_frame"":875,""end_frame"":875,""start_index"":113,""end_index"":113,""frames"":1,""support_gap_seconds"":0.033322,""operation"":""linear_internal""}]",success,0.0107913669064748,9,0,False,False,829.0,139,2.315688999999999
rep_e8bb0f69d30c556400,vid_4a4b044fd46cca10,4a4b044fd46cca1000f792aa35bef133cdfd810f8dc903addb3b724ec7c216e3,person5,Right,Correct,225.6786117553711,198.1770248413086,1.3666183606186948,6.719482421875,2146.8222087586314,0,0.0,,[],success,0.0,0,0,False,False,957.0,151,2.5155890000000003
rep_c5eb98de0ecf39c224,vid_4a4b044fd46cca10,4a4b044fd46cca1000f792aa35bef133cdfd810f8dc903addb3b724ec7c216e3,person5,Right,Correct,304.4595153808594,190.99058227539055,2.0866537014364934,10.573959350585938,2911.0030704201527,0,0.0,,[],success,0.0,0,0,False,False,1239.0,113,1.8825220000000016
rep_ebc5faa71293b08f88,vid_cccf82e3e7e7a94a,cccf82e3e7e7a94a53ac45e56881ae02d72c3a271212fd4f19e88e0626012211,person1,Right,Correct,231.84355468749948,145.28050537109374,2.1227083998503886,8.197021484375,2813.086799239595,0,0.0,,[],success,0.0,0,0,False,False,145.0,233,3.881678
rep_8e15f367084c47cc58,vid_cccf82e3e7e7a94a,cccf82e3e7e7a94a53ac45e56881ae02d72c3a271212fd4f19e88e0626012211,person1,Right,Correct,155.32250823974613,151.70794982910158,1.8196020383063096,9.094261169433594,2081.168868168825,0,0.0,,[],success,0.0,0,0,False,False,547.0,295,4.914566999999999
rep_d869da055595c4deef,vid_cccf82e3e7e7a94a,cccf82e3e7e7a94a53ac45e56881ae02d72c3a271212fd4f19e88e0626012211,person1,Right,Correct,198.1903350830075,140.28124847412093,2.8525019529045887,9.416275024414062,1897.708127549664,0,0.0,,[],success,0.0,0,0,False,False,806.0,223,3.715079
rep_d6c78d6a173b7fff30,vid_cccf82e3e7e7a94a,cccf82e3e7e7a94a53ac45e56881ae02d72c3a271212fd4f19e88e0626012211,person1,Right,Correct,165.8714218139648,133.63351745605468,3.03547911722402,8.380241394042969,1970.8260872222813,0,0.0,,[],success,0.0,0,0,False,False,1134.0,235,3.914989000000002
rep_9c84c6e808098ddddd,vid_cccf82e3e7e7a94a,cccf82e3e7e7a94a53ac45e56881ae02d72c3a271212fd4f19e88e0626012211,person1,Right,Correct,179.72630004882808,162.29948120117157,1.808704893444035,6.505958557128906,1901.9179002385365,0,0.0,,[],success,0.0,0,0,False,False,1407.0,245,4.081611000000002
rep_f8dd7411e8827b9d89,vid_cccf82e3e7e7a94a,cccf82e3e7e7a94a53ac45e56881ae02d72c3a271212fd4f19e88e0626012211,person1,Right,Correct,187.80766601562487,123.60647888183584,1.9973170326503322,8.346107482910156,1980.1947496475475,0,0.0,,[],success,0.0,0,0,False,False,2045.0,205,3.415222999999997
rep_167d453a980a90ffb1,vid_cccf82e3e7e7a94a,cccf82e3e7e7a94a53ac45e56881ae02d72c3a271212fd4f19e88e0626012211,person1,Right,Correct,174.4614624023437,124.84939880371084,1.9543799791811904,5.9585418701171875,1334.3122116945383,0,0.0,,[],success,0.0,0,0,False,False,2286.0,237,3.948310999999997
rep_0223c41078f59ba0c7,vid_cccf82e3e7e7a94a,cccf82e3e7e7a94a53ac45e56881ae02d72c3a271212fd4f19e88e0626012211,person1,Right,Correct,194.61823272705078,150.46601104736328,1.8688382191054835,6.7888946533203125,2028.0382816076644,0,0.0,,[],success,0.0,0,0,False,False,2558.0,191,3.1819789999999983
rep_6e23e4f49a60e42831,vid_871bc1a5b112709b,871bc1a5b112709b54bcc14e881b0f944c0e580f2f3b3db8767ecd6da43b1d5b,person1,Left,Correct,227.64482727050773,112.93074035644527,2.193111766704686,8.315017700195312,2218.0785355774224,0,0.0,,[],success,0.0,0,0,False,False,115.0,197,3.281933
rep_e2c3d0e2d2b5678e36,vid_871bc1a5b112709b,871bc1a5b112709b54bcc14e881b0f944c0e580f2f3b3db8767ecd6da43b1d5b,person1,Left,Correct,186.42196350097623,126.82251281738277,1.847727237866271,8.854446411132812,2371.51452689134,0,0.0,,[],success,0.0,0,0,False,False,345.0,245,4.08159
rep_d0ff18f99d0f27f12c,vid_871bc1a5b112709b,871bc1a5b112709b54bcc14e881b0f944c0e580f2f3b3db8767ecd6da43b1d5b,person1,Left,Correct,176.9880798339844,95.83801422119139,2.347452267551867,7.849517822265625,2302.146494764341,0,0.0,,[],success,0.0,0,0,False,False,585.0,289,4.814610999999999
rep_f90d8c60da13e3f372,vid_871bc1a5b112709b,871bc1a5b112709b54bcc14e881b0f944c0e580f2f3b3db8767ecd6da43b1d5b,person1,Left,Correct,207.22372436523435,123.13176269531247,1.751510056909062,7.878776550292969,2606.273769484191,0,0.0,,[],success,0.0,0,0,False,False,901.0,189,3.148656000000001
rep_7a9e2557829a90b7e0,vid_871bc1a5b112709b,871bc1a5b112709b54bcc14e881b0f944c0e580f2f3b3db8767ecd6da43b1d5b,person1,Left,Correct,176.73264465332028,106.48078689575188,1.6142847549443033,6.3230743408203125,2045.4577427979077,0,0.0,,[],success,0.0,0,0,False,False,1165.0,287,4.781312000000003
rep_d0b67e69c0399de83d,vid_871bc1a5b112709b,871bc1a5b112709b54bcc14e881b0f944c0e580f2f3b3db8767ecd6da43b1d5b,person1,Left,Correct,217.8441040039062,102.6019515991211,1.5363548790137553,8.285179138183594,2506.9644324462506,0,0.0,,[],success,0.0,0,0,False,False,1336.0,189,3.148645000000002
rep_9210747dded1234c01,vid_871bc1a5b112709b,871bc1a5b112709b54bcc14e881b0f944c0e580f2f3b3db8767ecd6da43b1d5b,person1,Left,Correct,164.49867248535153,104.78609771728513,1.8950793486624338,8.168472290039062,2478.981093239685,0,0.0,,[],success,0.0,0,0,False,False,1654.0,273,4.548055999999999
rep_c3ae4bbb70cbada492,vid_871bc1a5b112709b,871bc1a5b112709b54bcc14e881b0f944c0e580f2f3b3db8767ecd6da43b1d5b,person1,Left,Correct,186.6061218261718,114.43786468505857,1.9220231463493596,7.64215087890625,2002.2394366549952,0,0.0,,[],success,0.0,0,0,False,False,1930.0,237,3.9483229999999994
rep_f3526932ce290edab5,vid_871bc1a5b112709b,871bc1a5b112709b54bcc14e881b0f944c0e580f2f3b3db8767ecd6da43b1d5b,person1,Left,Correct,194.68141937255862,114.98738784790041,2.6888621331667637,10.680061340332031,1918.5149534464545,0,0.0,,[],success,0.0,0,0,False,False,2144.0,275,4.581367
rep_d16b4c22ff4fca8332,vid_871bc1a5b112709b,871bc1a5b112709b54bcc14e881b0f944c0e580f2f3b3db8767ecd6da43b1d5b,person1,Left,Correct,268.77288818359375,155.50205993652344,1.6952340995668291,10.912872314453125,2692.0906104256155,0,0.0,,[],success,0.0,0,0,False,False,2317.0,151,2.5155889999999985
rep_2a706f670399059ddc,vid_0c264aade3d23621,0c264aade3d2362157e8484603caa05154f40187f222e5540272f8f0b1764d2f,person1,Left,Correct,294.7406799316406,136.1706573486327,1.6788304933952283,8.9180908203125,2007.5533502721391,0,0.0,,[],success,0.0,0,0,False,False,3379.0,159,2.648866999999996
rep_d7af2020d057934d50,vid_5ecd6a78f9f6d143,5ecd6a78f9f6d143ddf980bf4c33c734eff0879442f9a19a8749de04f5f9018d,person1,Right,Incorrect,102.32485961914055,90.1053512573242,1.7299374795144988,3.6609268188476562,1477.7877881889726,0,0.0,,[],success,0.0,0,0,False,False,240.0,277,4.614701
rep_abd2c8c804430edc55,vid_5ecd6a78f9f6d143,5ecd6a78f9f6d143ddf980bf4c33c734eff0879442f9a19a8749de04f5f9018d,person1,Right,Incorrect,111.36410522460938,83.80203247070312,2.0845927261995096,4.977386474609375,1966.8583306650512,0,0.0,,[],success,0.0,0,0,False,False,520.0,321,5.347710999999999
rep_9aae73a476f0e1ecb0,vid_5ecd6a78f9f6d143,5ecd6a78f9f6d143ddf980bf4c33c734eff0879442f9a19a8749de04f5f9018d,person1,Right,Incorrect,141.26359252929655,86.9190902709961,2.529344067631772,7.108833312988281,1585.5010005294816,0,0.0,,[],success,0.0,0,0,False,False,800.0,297,4.947889
rep_a614111ef20922f016,vid_5ecd6a78f9f6d143,5ecd6a78f9f6d143ddf980bf4c33c734eff0879442f9a19a8749de04f5f9018d,person1,Right,Incorrect,116.3044319152832,103.0294303894043,2.6315223220656674,7.5379486083984375,1519.687204478158,0,0.0,,[],success,0.0,0,0,False,False,1472.0,331,5.514323000000001
rep_c39d5255ec18bcee57,vid_5ecd6a78f9f6d143,5ecd6a78f9f6d143ddf980bf4c33c734eff0879442f9a19a8749de04f5f9018d,person1,Right,Incorrect,141.59471893310547,91.7085952758789,1.92006779638003,5.7363739013671875,1998.0774953609991,0,0.0,,[],success,0.0,0,0,False,False,1793.0,251,4.181545
rep_b5df2f9774dcb2df9c,vid_5ecd6a78f9f6d143,5ecd6a78f9f6d143ddf980bf4c33c734eff0879442f9a19a8749de04f5f9018d,person1,Right,Incorrect,127.8383674621582,94.90490341186523,6.231110644015597,13.275718688964844,2141.268685001247,1,0.0333219999999983,active_angle,"[{""repetition_id"":""rep_b5df2f9774dcb2df9c"",""channel"":""active_angle"",""start_frame"":1903,""end_frame"":1903,""start_index"":3,""end_index"":3,""frames"":1,""support_gap_seconds"":0.033322,""operation"":""linear_internal""}]",success,0.0006640106241699,1,0,False,False,2003.0,251,4.181555999999997
rep_723e60d2b4c013afb1,vid_5ecd6a78f9f6d143,5ecd6a78f9f6d143ddf980bf4c33c734eff0879442f9a19a8749de04f5f9018d,person1,Right,Incorrect,194.68516845703118,172.72019042968745,2.823214237680541,9.154769897460938,2558.4407883092267,0,0.0,,[],success,0.0,0,0,True,False,2186.0,215,3.581789000000001
rep_35b4b0fac466afddb0,vid_5ecd6a78f9f6d143,5ecd6a78f9f6d143ddf980bf4c33c734eff0879442f9a19a8749de04f5f9018d,person1,Right,Incorrect,157.7092056274414,206.80374908447266,1.8165900957856418,8.746231079101562,2299.5354933825247,0,0.0,,[],success,0.0,0,0,False,False,2537.0,231,3.848367000000003
rep_27863e57422bec0cd1,vid_e61ec8fb945f06ad,e61ec8fb945f06ad3ef037f07f62253ccfe72e9b2c78303874976ee3e879c5d0,person1,Left,Incorrect,155.46456909179688,105.78479385375977,4.205048306300637,10.895164489746094,2265.5031698487937,0,0.0,,[],success,0.0,0,0,False,False,338.0,331,5.514311000000001
rep_2f16162b29e51e2f78,vid_e61ec8fb945f06ad,e61ec8fb945f06ad3ef037f07f62253ccfe72e9b2c78303874976ee3e879c5d0,person1,Left,Incorrect,156.169546508789,71.3565979003906,4.287560800104946,11.151962280273438,1931.5649083800727,0,0.0,,[],success,0.0,0,0,False,False,751.0,277,4.614688999999999
rep_6d7e4cbc3b8ce62f45,vid_e61ec8fb945f06ad,e61ec8fb945f06ad3ef037f07f62253ccfe72e9b2c78303874976ee3e879c5d0,person1,Left,Incorrect,140.4531005859373,75.45159149169922,1.7203753320682476,6.641326904296875,1874.979402996873,0,0.0,,[],success,0.0,0,0,False,False,1009.0,303,5.047845000000002
rep_b1d03d4854933c563f,vid_e61ec8fb945f06ad,e61ec8fb945f06ad3ef037f07f62253ccfe72e9b2c78303874976ee3e879c5d0,person1,Left,Incorrect,165.1064910888672,100.21588134765625,2.0391683538317693,7.911674499511719,2678.2758186834553,0,0.0,,[],success,0.0,0,0,False,False,1322.0,201,3.348566999999999
rep_7501569b908e793d35,vid_e61ec8fb945f06ad,e61ec8fb945f06ad3ef037f07f62253ccfe72e9b2c78303874976ee3e879c5d0,person1,Left,Incorrect,172.95245361328114,107.31623535156247,2.7231282376494246,7.8496856689453125,1964.5093856733956,0,0.0,,[],success,0.0,0,0,False,False,1771.0,313,5.214455999999998
rep_7e51865d23f0a47ccb,vid_e61ec8fb945f06ad,e61ec8fb945f06ad3ef037f07f62253ccfe72e9b2c78303874976ee3e879c5d0,person1,Left,Incorrect,144.4381378173828,93.23619842529295,3.7103603632821818,10.472686767578125,2021.1941122924054,0,0.0,,[],success,0.0,0,0,False,False,2616.0,269,4.481411000000001
rep_66de1799390f52427b,vid_ffec5a0821a6c480,ffec5a0821a6c480242291313be77238c6457f817bfaf26e097ac25f311be36b,person2,Right,Correct,205.31821594238264,234.7617858886718,2.1293523432009445,12.739395141601562,2239.0312521440687,0,0.0,,[],success,0.0,0,0,False,False,152.0,185,3.082012
rep_553468c167c3d10264,vid_ffec5a0821a6c480,ffec5a0821a6c480242291313be77238c6457f817bfaf26e097ac25f311be36b,person2,Right,Correct,217.6647460937497,243.22572326660142,2.580195855599682,10.741653442382812,2097.664517238692,4,0.0333229999999997,active_angle;active_flare,"[{""repetition_id"":""rep_553468c167c3d10264"",""channel"":""active_angle"",""start_frame"":235,""end_frame"":235,""start_index"":29,""end_index"":29,""frames"":1,""support_gap_seconds"":0.033323,""operation"":""linear_internal""},{""repetition_id"":""rep_553468c167c3d10264"",""channel"":""active_angle"",""start_frame"":246,""end_frame"":246,""start_index"":40,""end_index"":40,""frames"":1,""support_gap_seconds"":0.033322,""operation"":""linear_internal""},{""repetition_id"":""rep_553468c167c3d10264"",""channel"":""active_flare"",""start_frame"":235,""end_frame"":235,""start_index"":29,""end_index"":29,""frames"":1,""support_gap_seconds"":0.033323,""operation"":""linear_internal""},{""repetition_id"":""rep_553468c167c3d10264"",""channel"":""active_flare"",""start_frame"":246,""end_frame"":246,""start_index"":40,""end_index"":40,""frames"":1,""support_gap_seconds"":0.033322,""operation"":""linear_internal""}]",success,0.004040404040404,4,0,False,False,284.0,165,2.748844
rep_83421d321828b69e6d,vid_ffec5a0821a6c480,ffec5a0821a6c480242291313be77238c6457f817bfaf26e097ac25f311be36b,person2,Right,Correct,227.42294006347635,215.6891021728511,1.6178241661392956,10.020927429199219,2342.2461069420388,2,0.0499780000000003,active_angle;active_flare,"[{""repetition_id"":""rep_83421d321828b69e6d"",""channel"":""active_angle"",""start_frame"":382,""end_frame"":383,""start_index"":12,""end_index"":13,""frames"":2,""support_gap_seconds"":0.049978,""operation"":""linear_internal""},{""repetition_id"":""rep_83421d321828b69e6d"",""channel"":""active_flare"",""start_frame"":383,""end_frame"":383,""start_index"":13,""end_index"":13,""frames"":1,""support_gap_seconds"":0.033322,""operation"":""linear_internal""}]",success,0.0025906735751295,3,0,False,False,460.0,193,3.2152900000000004
rep_5e045c199c05e4d1f5,vid_ffec5a0821a6c480,ffec5a0821a6c480242291313be77238c6457f817bfaf26e097ac25f311be36b,person2,Right,Correct,193.5609008789062,170.31139221191404,1.4583586778148965,7.2022857666015625,1812.1371962779617,0,0.0,,[],success,0.0,0,0,False,False,656.0,219,3.648456
rep_2a229748fc8b8dea38,vid_ffec5a0821a6c480,ffec5a0821a6c480242291313be77238c6457f817bfaf26e097ac25f311be36b,person2,Right,Correct,209.5043975830078,209.3564987182617,1.5557578461923334,7.989349365234375,2017.7450788283675,0,0.0,,[],success,0.0,0,0,False,False,875.0,159,2.648866999999999
rep_ce3bc79cff8137bdbc,vid_ffec5a0821a6c480,ffec5a0821a6c480242291313be77238c6457f817bfaf26e097ac25f311be36b,person2,Right,Correct,185.85632324218747,197.73775024414053,1.7894140364589322,6.073814392089844,1950.9567888436945,0,0.0,,[],success,0.0,0,0,False,False,1062.0,209,3.481834000000001
rep_911557ec2316444144,vid_ffec5a0821a6c480,ffec5a0821a6c480242291313be77238c6457f817bfaf26e097ac25f311be36b,person2,Right,Correct,207.20490722656248,192.13854370117187,1.7743978429414102,7.6201934814453125,2043.9333377752032,0,0.0,,[],success,0.0,0,0,False,False,1223.0,199,3.315244
rep_ed5503be0ec8ad904f,vid_ffec5a0821a6c480,ffec5a0821a6c480242291313be77238c6457f817bfaf26e097ac25f311be36b,person2,Right,Correct,205.34967803955078,343.8948974609375,2.011990893159961,13.102508544921875,2002.1082688580295,2,0.1665890000000018,active_angle;active_flare,"[{""repetition_id"":""rep_ed5503be0ec8ad904f"",""channel"":""active_angle"",""start_frame"":1488,""end_frame"":1496,""start_index"":144,""end_index"":152,""frames"":9,""support_gap_seconds"":0.166589,""operation"":""linear_internal""},{""repetition_id"":""rep_ed5503be0ec8ad904f"",""channel"":""active_flare"",""start_frame"":1488,""end_frame"":1496,""start_index"":144,""end_index"":152,""frames"":9,""support_gap_seconds"":0.166589,""operation"":""linear_internal""}]",success,0.0157068062827225,18,0,False,False,1452.0,191,3.182001000000003
rep_058f4e9eb34097e9af,vid_ffec5a0821a6c480,ffec5a0821a6c480242291313be77238c6457f817bfaf26e097ac25f311be36b,person2,Right,Correct,177.21933898925778,183.16848144531224,1.8218032325919449,6.810615539550781,1783.0467236120344,0,0.0,,[],success,0.0,0,0,False,False,1637.0,187,3.1153340000000007
rep_0950635c9107f00107,vid_ffec5a0821a6c480,ffec5a0821a6c480242291313be77238c6457f817bfaf26e097ac25f311be36b,person2,Right,Correct,167.9130920410156,158.87094726562498,1.79831045759676,5.398139953613281,1885.7838834810002,0,0.0,,[],success,0.0,0,0,False,False,1827.0,185,3.0820110000000014
rep_e680b771aee91835f2,vid_ffec5a0821a6c480,ffec5a0821a6c480242291313be77238c6457f817bfaf26e097ac25f311be36b,person2,Right,Correct,170.95850372314453,172.7154312133789,1.8004155950009177,5.848121643066406,1689.7252250529386,0,0.0,,[],success,0.0,0,0,False,False,2002.0,171,2.848777999999996
rep_abfde45ee3011ded28,vid_ffec5a0821a6c480,ffec5a0821a6c480242291313be77238c6457f817bfaf26e097ac25f311be36b,person2,Right,Correct,179.12067260742182,169.8803344726562,1.9311754869666822,7.020904541015625,1681.9841539721383,0,0.0,,[],success,0.0,0,0,False,False,2153.0,197,3.281934
rep_c9d185afbd34a49b2a,vid_ffec5a0821a6c480,ffec5a0821a6c480242291313be77238c6457f817bfaf26e097ac25f311be36b,person2,Right,Correct,225.93893432617188,180.2122039794922,1.3659253708381378,6.728996276855469,2081.9415631113443,0,0.0,,[],success,0.0,0,0,False,False,2345.0,171,2.848777999999996
rep_e69932267095995434,vid_bbc5006a077ac6b1,bbc5006a077ac6b1ae0a4687a5948efb8fc2626ea44d5f6a3498211d6038a9be,person2,Left,Correct,203.59316406250002,202.83255615234376,1.8318641434117708,7.639320373535156,1974.0919787418893,1,0.0666329999999999,active_angle,"[{""repetition_id"":""rep_e69932267095995434"",""channel"":""active_angle"",""start_frame"":130,""end_frame"":132,""start_index"":126,""end_index"":128,""frames"":3,""support_gap_seconds"":0.066633,""operation"":""linear_internal""}]",success,0.0030674846625766,3,0,False,False,80.0,163,2.715523
rep_dbbca0e9e8f0d1f5a2,vid_bbc5006a077ac6b1,bbc5006a077ac6b1ae0a4687a5948efb8fc2626ea44d5f6a3498211d6038a9be,person2,Left,Correct,247.5498596191406,241.9998641967771,2.0419257148840733,9.410560607910156,2047.036292838743,6,0.1999110000000001,active_angle;active_flare;opposing_angle,"[{""repetition_id"":""rep_dbbca0e9e8f0d1f5a2"",""channel"":""active_angle"",""start_frame"":185,""end_frame"":195,""start_index"":19,""end_index"":29,""frames"":11,""support_gap_seconds"":0.199911,""operation"":""linear_internal""},{""repetition_id"":""rep_dbbca0e9e8f0d1f5a2"",""channel"":""active_angle"",""start_frame"":200,""end_frame"":204,""start_index"":34,""end_index"":38,""frames"":5,""support_gap_seconds"":0.099955,""operation"":""linear_internal""},{""repetition_id"":""rep_dbbca0e9e8f0d1f5a2"",""channel"":""active_angle"",""start_frame"":307,""end_frame"":308,""start_index"":141,""end_index"":142,""frames"":2,""support_gap_seconds"":0.049978,""operation"":""linear_internal""},{""repetition_id"":""rep_dbbca0e9e8f0d1f5a2"",""channel"":""opposing_angle"",""start_frame"":203,""end_frame"":203,""start_index"":37,""end_index"":37,""frames"":1,""support_gap_seconds"":0.033311,""operation"":""linear_internal""},{""repetition_id"":""rep_dbbca0e9e8f0d1f5a2"",""channel"":""active_flare"",""start_frame"":186,""end_frame"":195,""start_index"":20,""end_index"":29,""frames"":10,""support_gap_seconds"":0.183256,""operation"":""linear_internal""},{""repetition_id"":""rep_dbbca0e9e8f0d1f5a2"",""channel"":""active_flare"",""start_frame"":201,""end_frame"":204,""start_index"":35,""end_index"":38,""frames"":4,""support_gap_seconds"":0.0833,""operation"":""linear_internal""}]",success,0.0329341317365269,33,0,False,False,246.0,167,2.7821450000000003
rep_75e0f4a0f4886840c9,vid_bbc5006a077ac6b1,bbc5006a077ac6b1ae0a4687a5948efb8fc2626ea44d5f6a3498211d6038a9be,person2,Left,Correct,189.55239257812508,202.59559631347662,1.704100660658989,7.741798400878906,1995.4673952613894,0,0.0,,[],success,0.0,0,0,False,False,462.0,183,3.0486889999999987
rep_84528959491488725c,vid_bbc5006a077ac6b1,bbc5006a077ac6b1ae0a4687a5948efb8fc2626ea44d5f6a3498211d6038a9be,person2,Left,Correct,210.19083099365238,161.99932250976562,1.585872004115145,7.321014404296875,1688.2148995726345,0,0.0,,[],success,0.0,0,0,False,False,617.0,183,3.0487009999999994
rep_b0b26366e45af54e18,vid_bbc5006a077ac6b1,bbc5006a077ac6b1ae0a4687a5948efb8fc2626ea44d5f6a3498211d6038a9be,person2,Left,Correct,207.2689163208004,226.58430175781248,1.8098131554565595,10.08123779296875,1721.4199903311135,0,0.0,,[],success,0.0,0,0,False,False,794.0,175,2.9154219999999995
rep_eea76f3ce16712ba34,vid_bbc5006a077ac6b1,bbc5006a077ac6b1ae0a4687a5948efb8fc2626ea44d5f6a3498211d6038a9be,person2,Left,Correct,257.8187774658204,164.59849243164064,1.5187145597082226,6.5260162353515625,1927.6245755717428,0,0.0,,[],success,0.0,0,0,False,False,1137.0,183,3.048690000000001
rep_6f6457b2c6082aad4b,vid_bbc5006a077ac6b1,bbc5006a077ac6b1ae0a4687a5948efb8fc2626ea44d5f6a3498211d6038a9be,person2,Left,Correct,217.7335754394532,192.61419982910158,1.554718578111929,6.751708984375,1929.6858387513075,0,0.0,,[],success,0.0,0,0,False,False,1294.0,153,2.5489110000000004
rep_96e0f2de75f010a545,vid_bbc5006a077ac6b1,bbc5006a077ac6b1ae0a4687a5948efb8fc2626ea44d5f6a3498211d6038a9be,person2,Left,Correct,227.1825866699219,213.5835845947267,1.968062357349275,9.149078369140625,1942.7687224339315,3,0.0666339999999969,active_angle;active_flare,"[{""repetition_id"":""rep_96e0f2de75f010a545"",""channel"":""active_angle"",""start_frame"":1520,""end_frame"":1521,""start_index"":146,""end_index"":147,""frames"":2,""support_gap_seconds"":0.049978,""operation"":""linear_internal""},{""repetition_id"":""rep_96e0f2de75f010a545"",""channel"":""active_angle"",""start_frame"":1553,""end_frame"":1556,""start_index"":179,""end_index"":182,""frames"":4,""support_gap_seconds"":0.066634,""operation"":""endpoint_hold""},{""repetition_id"":""rep_96e0f2de75f010a545"",""channel"":""active_flare"",""start_frame"":1554,""end_frame"":1556,""start_index"":180,""end_index"":182,""frames"":3,""support_gap_seconds"":0.049978,""operation"":""endpoint_hold""}]",success,0.0081967213114754,9,0,False,False,1499.0,183,3.048712000000002
rep_d4f184058e742c55a8,vid_bbc5006a077ac6b1,bbc5006a077ac6b1ae0a4687a5948efb8fc2626ea44d5f6a3498211d6038a9be,person2,Left,Correct,,243.9335479736328,,7.895149230957031,2320.505958044656,0,0.0,,[],partial_requires_fold_imputation,0.0460992907801418,0,39,False,True,,141,2.3490110000000044
rep_a7b16cdf5f9c7677ca,vid_bbc5006a077ac6b1,bbc5006a077ac6b1ae0a4687a5948efb8fc2626ea44d5f6a3498211d6038a9be,person2,Left,Correct,236.2230987548828,167.95440673828125,1.7000611777561012,9.878509521484375,1712.9243327027425,0,0.0,,[],success,0.0,0,0,False,False,1801.0,211,3.5151670000000017
rep_aee0a429a21693a253,vid_aa01d8740a74fd7d,aa01d8740a74fd7d726fb4246dcbce6ec50b9247f5a92306756e3493cccc1abc,person2,Right,Incorrect,198.86846160888624,201.4357223510742,1.7472161433359794,6.778129577636719,2328.4718221560056,0,0.0,,[],success,0.0,0,0,False,False,142.0,155,2.582223
rep_4a38d28ad2708bf974,vid_aa01d8740a74fd7d,aa01d8740a74fd7d726fb4246dcbce6ec50b9247f5a92306756e3493cccc1abc,person2,Right,Incorrect,164.98237762451157,157.01880798339843,2.2274033451078736,6.177162170410156,2408.3429637950203,0,0.0,,[],success,0.0,0,0,False,False,400.0,159,2.6488560000000003
rep_1c63cefc535235092e,vid_aa01d8740a74fd7d,aa01d8740a74fd7d726fb4246dcbce6ec50b9247f5a92306756e3493cccc1abc,person2,Right,Incorrect,167.56958465576167,114.35132904052732,2.211315165455466,7.7204437255859375,2191.13326830107,0,0.0,,[],success,0.0,0,0,False,False,555.0,187,3.1153450000000005
rep_79c5c294b8bda9221b,vid_aa01d8740a74fd7d,aa01d8740a74fd7d726fb4246dcbce6ec50b9247f5a92306756e3493cccc1abc,person2,Right,Incorrect,190.0581573486328,158.8269317626953,1.6344229094272824,5.970024108886719,2089.0482802221413,8,0.0666440000000001,active_angle;active_flare,"[{""repetition_id"":""rep_79c5c294b8bda9221b"",""channel"":""active_angle"",""start_frame"":674,""end_frame"":676,""start_index"":30,""end_index"":32,""frames"":3,""support_gap_seconds"":0.066644,""operation"":""linear_internal""},{""repetition_id"":""rep_79c5c294b8bda9221b"",""channel"":""active_angle"",""start_frame"":678,""end_frame"":679,""start_index"":34,""end_index"":35,""frames"":2,""support_gap_seconds"":0.049978,""operation"":""linear_internal""},{""repetition_id"":""rep_79c5c294b8bda9221b"",""channel"":""active_angle"",""start_frame"":681,""end_frame"":681,""start_index"":37,""end_index"":37,""frames"":1,""support_gap_seconds"":0.033322,""operation"":""linear_internal""},{""repetition_id"":""rep_79c5c294b8bda9221b"",""channel"":""active_angle"",""start_frame"":742,""end_frame"":742,""start_index"":98,""end_index"":98,""frames"":1,""support_gap_seconds"":0.033323,""operation"":""linear_internal""},{""repetition_id"":""rep_79c5c294b8bda9221b"",""channel"":""active_flare"",""start_frame"":674,""end_frame"":676,""start_index"":30,""end_index"":32,""frames"":3,""support_gap_seconds"":0.066644,""operation"":""linear_internal""},{""repetition_id"":""rep_79c5c294b8bda9221b"",""channel"":""active_flare"",""start_frame"":678,""end_frame"":679,""start_index"":34,""end_index"":35,""frames"":2,""support_gap_seconds"":0.049978,""operation"":""linear_internal""},{""repetition_id"":""rep_79c5c294b8bda9221b"",""channel"":""active_flare"",""start_frame"":681,""end_frame"":681,""start_index"":37,""end_index"":37,""frames"":1,""support_gap_seconds"":0.033322,""operation"":""linear_internal""},{""repetition_id"":""rep_79c5c294b8bda9221b"",""channel"":""active_flare"",""start_frame"":742,""end_frame"":742,""start_index"":98,""end_index"":98,""frames"":1,""support_gap_seconds"":0.033323,""operation"":""linear_internal""}]",success,0.0199430199430199,14,0,False,False,706.0,117,1.9491669999999992
rep_cec13eefff34409cdb,vid_aa01d8740a74fd7d,aa01d8740a74fd7d726fb4246dcbce6ec50b9247f5a92306756e3493cccc1abc,person2,Right,Incorrect,190.23791351318357,197.0316329956054,1.7063029636440206,5.636199951171875,2574.4076172678933,0,0.0,,[],success,0.0,0,0,False,False,864.0,179,2.982066999999999
rep_6e34e000e401e92ab6,vid_aa01d8740a74fd7d,aa01d8740a74fd7d726fb4246dcbce6ec50b9247f5a92306756e3493cccc1abc,person2,Right,Incorrect,223.10960693359343,280.46755981445295,2.6748855496475716,11.579788208007812,1872.7413439305983,0,0.0,,[],success,0.0,0,0,False,False,992.0,137,2.2823329999999995
rep_865eff11a82c98aff9,vid_aa01d8740a74fd7d,aa01d8740a74fd7d726fb4246dcbce6ec50b9247f5a92306756e3493cccc1abc,person2,Right,Incorrect,246.04739074707035,346.1155517578126,2.7410719199347184,18.145156860351562,2571.7815908530156,0,0.0,,[],success,0.0,0,0,False,False,1157.0,143,2.3823110000000014
rep_834edc610f0edab7bf,vid_aa01d8740a74fd7d,aa01d8740a74fd7d726fb4246dcbce6ec50b9247f5a92306756e3493cccc1abc,person2,Right,Incorrect,223.33328247070307,278.9821350097656,1.831945762508054,8.76177978515625,1601.3700073593723,0,0.0,,[],success,0.0,0,0,False,False,1291.0,165,2.748845000000003
rep_cddfc02155f1821b8f,vid_33cbe5f84565bf3d,33cbe5f84565bf3d8bb4e0c445c46cf78abfc5486aa4d22d79bb160b519c4969,person2,Left,Incorrect,266.44512939453125,236.8701843261719,1.9552090661255677,12.094482421875,2113.4628991371424,0,0.0,,[],success,0.0,0,0,False,False,210.0,163,2.71549
rep_ee7d1d18c368991ac9,vid_33cbe5f84565bf3d,33cbe5f84565bf3d8bb4e0c445c46cf78abfc5486aa4d22d79bb160b519c4969,person2,Left,Incorrect,226.60094451904288,152.5841232299804,1.3065637198752547,5.8665313720703125,2809.942656723926,0,0.0,,[],success,0.0,0,0,False,False,387.0,147,2.448956000000001
rep_d5d4d4a1e507d6b680,vid_33cbe5f84565bf3d,33cbe5f84565bf3d8bb4e0c445c46cf78abfc5486aa4d22d79bb160b519c4969,person2,Left,Incorrect,204.1708801269531,162.64163513183573,1.3381147736398258,5.191413879394531,2398.5545908588683,0,0.0,,[],success,0.0,0,0,False,False,516.0,145,2.415634
rep_022ebf6bb664f09d61,vid_33cbe5f84565bf3d,33cbe5f84565bf3d8bb4e0c445c46cf78abfc5486aa4d22d79bb160b519c4969,person2,Left,Incorrect,201.99842834472656,200.7822494506836,1.378248306091273,6.4065399169921875,2823.2702414471664,6,0.0999560000000006,active_angle;active_flare;opposing_angle,"[{""repetition_id"":""rep_022ebf6bb664f09d61"",""channel"":""active_angle"",""start_frame"":619,""end_frame"":619,""start_index"":17,""end_index"":17,""frames"":1,""support_gap_seconds"":0.033322,""operation"":""linear_internal""},{""repetition_id"":""rep_022ebf6bb664f09d61"",""channel"":""active_angle"",""start_frame"":621,""end_frame"":621,""start_index"":19,""end_index"":19,""frames"":1,""support_gap_seconds"":0.033323,""operation"":""linear_internal""},{""repetition_id"":""rep_022ebf6bb664f09d61"",""channel"":""active_angle"",""start_frame"":705,""end_frame"":709,""start_index"":103,""end_index"":107,""frames"":5,""support_gap_seconds"":0.099956,""operation"":""linear_internal""},{""repetition_id"":""rep_022ebf6bb664f09d61"",""channel"":""opposing_angle"",""start_frame"":707,""end_frame"":708,""start_index"":105,""end_index"":106,""frames"":2,""support_gap_seconds"":0.049978,""operation"":""linear_internal""},{""repetition_id"":""rep_022ebf6bb664f09d61"",""channel"":""active_flare"",""start_frame"":621,""end_frame"":621,""start_index"":19,""end_index"":19,""frames"":1,""support_gap_seconds"":0.033323,""operation"":""linear_internal""},{""repetition_id"":""rep_022ebf6bb664f09d61"",""channel"":""active_flare"",""start_frame"":705,""end_frame"":709,""start_index"":103,""end_index"":107,""frames"":5,""support_gap_seconds"":0.099956,""operation"":""linear_internal""}]",success,0.0190839694656488,15,0,False,False,680.0,131,2.1823999999999995
rep_1469f4f4fb01f19d72,vid_33cbe5f84565bf3d,33cbe5f84565bf3d8bb4e0c445c46cf78abfc5486aa4d22d79bb160b519c4969,person2,Left,Incorrect,240.0843933105469,201.5429931640625,1.894305100590366,13.334945678710938,2764.773409737595,4,0.0832890000000006,active_angle;active_flare,"[{""repetition_id"":""rep_1469f4f4fb01f19d72"",""channel"":""active_angle"",""start_frame"":762,""end_frame"":765,""start_index"":30,""end_index"":33,""frames"":4,""support_gap_seconds"":0.083289,""operation"":""linear_internal""},{""repetition_id"":""rep_1469f4f4fb01f19d72"",""channel"":""active_angle"",""start_frame"":767,""end_frame"":767,""start_index"":35,""end_index"":35,""frames"":1,""support_gap_seconds"":0.033322,""operation"":""linear_internal""},{""repetition_id"":""rep_1469f4f4fb01f19d72"",""channel"":""active_angle"",""start_frame"":855,""end_frame"":855,""start_index"":123,""end_index"":123,""frames"":1,""support_gap_seconds"":0.033311,""operation"":""linear_internal""},{""repetition_id"":""rep_1469f4f4fb01f19d72"",""channel"":""active_flare"",""start_frame"":763,""end_frame"":763,""start_index"":31,""end_index"":31,""frames"":1,""support_gap_seconds"":0.033322,""operation"":""linear_internal""}]",success,0.0076252723311546,7,0,False,False,841.0,153,2.5489229999999985
rep_19561ede8233796b10,vid_33cbe5f84565bf3d,33cbe5f84565bf3d8bb4e0c445c46cf78abfc5486aa4d22d79bb160b519c4969,person2,Left,Incorrect,217.70081787109368,185.89981994628906,1.4220012323616216,8.080116271972656,1967.7381549789789,0,0.0,,[],success,0.0,0,0,False,False,936.0,165,2.7488220000000023
rep_f4b3097cc669548327,vid_33cbe5f84565bf3d,33cbe5f84565bf3d8bb4e0c445c46cf78abfc5486aa4d22d79bb160b519c4969,person2,Left,Incorrect,222.02093811035155,175.55974426269526,1.516987595403282,7.3317413330078125,2474.9583212331036,0,0.0,,[],success,0.0,0,0,False,False,1105.0,145,2.4156450000000014
rep_e1b6add5088147c3ba,vid_33cbe5f84565bf3d,33cbe5f84565bf3d8bb4e0c445c46cf78abfc5486aa4d22d79bb160b519c4969,person2,Left,Incorrect,152.5559143066406,132.98504028320312,1.4453630902892012,4.6864166259765625,1468.5650014827102,2,0.0833000000000012,active_angle,"[{""repetition_id"":""rep_e1b6add5088147c3ba"",""channel"":""active_angle"",""start_frame"":1241,""end_frame"":1244,""start_index"":49,""end_index"":52,""frames"":4,""support_gap_seconds"":0.0833,""operation"":""linear_internal""},{""repetition_id"":""rep_e1b6add5088147c3ba"",""channel"":""active_angle"",""start_frame"":1315,""end_frame"":1315,""start_index"":123,""end_index"":123,""frames"":1,""support_gap_seconds"":0.033322,""operation"":""linear_internal""}]",success,0.0045045045045045,5,0,False,False,1262.0,185,3.0820120000000024
rep_d17ae39eb23db00ffb,vid_33cbe5f84565bf3d,33cbe5f84565bf3d8bb4e0c445c46cf78abfc5486aa4d22d79bb160b519c4969,person2,Left,Incorrect,179.02435913085938,126.85812072753905,2.100786288364283,6.880027770996094,2142.2453808447967,0,0.0,,[],success,0.0,0,0,False,False,1469.0,149,2.482278000000001
rep_b7b00586fe8bd0f1b6,vid_33cbe5f84565bf3d,33cbe5f84565bf3d8bb4e0c445c46cf78abfc5486aa4d22d79bb160b519c4969,person2,Left,Correct,198.29814910888672,124.98833084106445,1.4268464470947722,6.32818603515625,1414.0379302265796,0,0.0,,[],success,0.0,0,0,False,False,1625.0,191,3.181989000000001
rep_ad33ca17f825154427,vid_33cbe5f84565bf3d,33cbe5f84565bf3d8bb4e0c445c46cf78abfc5486aa4d22d79bb160b519c4969,person2,Left,Incorrect,132.63224945068353,122.53121185302733,1.580008212202428,4.720893859863281,1239.8942872195548,0,0.0,,[],success,0.0,0,0,False,False,1786.0,155,2.582234
rep_44118ed2737a68ce85,vid_33cbe5f84565bf3d,33cbe5f84565bf3d8bb4e0c445c46cf78abfc5486aa4d22d79bb160b519c4969,person2,Left,Correct,186.54729614257792,158.17554016113274,1.5332984730454489,6.5106201171875,1773.1465530786832,3,0.0499779999999994,active_angle;active_flare,"[{""repetition_id"":""rep_44118ed2737a68ce85"",""channel"":""active_angle"",""start_frame"":1897,""end_frame"":1898,""start_index"":29,""end_index"":30,""frames"":2,""support_gap_seconds"":0.049978,""operation"":""linear_internal""},{""repetition_id"":""rep_44118ed2737a68ce85"",""channel"":""active_angle"",""start_frame"":1903,""end_frame"":1903,""start_index"":35,""end_index"":35,""frames"":1,""support_gap_seconds"":0.033322,""operation"":""linear_internal""},{""repetition_id"":""rep_44118ed2737a68ce85"",""channel"":""active_flare"",""start_frame"":1897,""end_frame"":1897,""start_index"":29,""end_index"":29,""frames"":1,""support_gap_seconds"":0.033311,""operation"":""linear_internal""}]",success,0.0038095238095238,4,0,False,False,1947.0,175,2.9154219999999995
rep_597f9b9e8bf941e18e,vid_33cbe5f84565bf3d,33cbe5f84565bf3d8bb4e0c445c46cf78abfc5486aa4d22d79bb160b519c4969,person2,Left,Incorrect,159.67395172119132,138.6013305664061,1.2939807559389913,4.6468505859375,2249.4146358532607,0,0.0,,[],success,0.0,0,0,False,False,2131.0,167,2.782145
rep_adb80c25b2c9d425f3,vid_3e2129fa15608b04,3e2129fa15608b04610513ebfa1a6857a68032b8fe7b2d5eb4a064fd3f4ebcf1,person3,Right,Correct,225.86403732299803,139.65358428955076,1.4212142578789446,10.85040283203125,1057.4314948644824,0,0.0,,[],success,0.0,0,0,False,False,31.0,68,2.2330110000000003
rep_554e3ad8208e7b637c,vid_3e2129fa15608b04,3e2129fa15608b04610513ebfa1a6857a68032b8fe7b2d5eb4a064fd3f4ebcf1,person3,Right,Correct,193.27713623046864,124.44849700927732,1.5412967939710225,12.039085388183594,817.4395212397557,0,0.0,,[],success,0.0,0,0,False,False,134.0,97,3.2659560000000005
rep_da2f0010908c6eb032,vid_3e2129fa15608b04,3e2129fa15608b04610513ebfa1a6857a68032b8fe7b2d5eb4a064fd3f4ebcf1,person3,Right,Correct,215.4947631835938,118.47887878417974,1.3524645858620108,13.740455627441406,1041.6680366219034,0,0.0,,[],success,0.0,0,0,False,False,213.0,77,2.599411
rep_0d63cb249dcc0744ef,vid_3e2129fa15608b04,3e2129fa15608b04610513ebfa1a6857a68032b8fe7b2d5eb4a064fd3f4ebcf1,person3,Right,Correct,213.8670776367187,179.16724853515612,1.3111305251241285,10.772064208984375,1057.9535231082625,0,0.0,,[],success,0.0,0,0,False,False,271.0,73,2.3996440000000003
rep_4dfea2f3fd5ac8b257,vid_3e2129fa15608b04,3e2129fa15608b04610513ebfa1a6857a68032b8fe7b2d5eb4a064fd3f4ebcf1,person3,Right,Correct,256.687353515625,168.73595123291008,1.309695656631774,14.680854797363281,1149.4525890878067,0,0.0,,[],success,0.0,0,0,False,False,372.0,79,2.666067999999999
rep_78a0d12479541b9d88,vid_3e2129fa15608b04,3e2129fa15608b04610513ebfa1a6857a68032b8fe7b2d5eb4a064fd3f4ebcf1,person3,Right,Correct,230.26890258789066,146.12862548828133,1.4467962778210988,16.690231323242188,817.2622381707095,0,0.0,,[],success,0.0,0,0,False,False,444.0,77,2.532955000000001
rep_b3645da62bbd2d427a,vid_3e2129fa15608b04,3e2129fa15608b04610513ebfa1a6857a68032b8fe7b2d5eb4a064fd3f4ebcf1,person3,Right,Correct,253.185782623291,161.72112731933592,1.429917534420664,14.323707580566406,1786.1086426001964,0,0.0,,[],success,0.0,0,0,False,False,515.0,68,2.2330109999999976
rep_7abe4e1b8bc95b4c35,vid_3e2129fa15608b04,3e2129fa15608b04610513ebfa1a6857a68032b8fe7b2d5eb4a064fd3f4ebcf1,person3,Right,Correct,257.2569580078125,183.24427795410156,1.2957802300316639,11.862663269042969,1439.5056282296896,0,0.0,,[],success,0.0,0,0,False,False,562.0,61,2.066189999999999
rep_6c538cb001cf283488,vid_3e2129fa15608b04,3e2129fa15608b04610513ebfa1a6857a68032b8fe7b2d5eb4a064fd3f4ebcf1,person3,Right,Correct,270.6259460449218,143.13028106689444,1.3283863736854091,21.16070556640625,966.5626956409731,0,0.0,,[],success,0.0,0,0,False,False,700.0,79,2.666077999999999
rep_86bf49a3e75df22620,vid_3e2129fa15608b04,3e2129fa15608b04610513ebfa1a6857a68032b8fe7b2d5eb4a064fd3f4ebcf1,person3,Right,Correct,242.8192321777341,144.12156982421848,1.3089027127651394,13.443344116210938,1139.0505746849803,0,0.0,,[],success,0.0,0,0,False,False,783.0,73,2.3996439999999986
rep_4cf117e3f09fd04811,vid_dd4079cefb8f35d3,dd4079cefb8f35d359dd29c83372b1c6d83c3d4d3899675e2f40a02a9af5ca45,person3,Left,Correct,223.38658447265612,111.2088752746582,1.583697038917687,12.076988220214844,907.7599217706395,0,0.0,,[],success,0.0,0,0,False,False,42.0,79,2.666056
rep_000b3a49ed66a26cd4,vid_dd4079cefb8f35d3,dd4079cefb8f35d359dd29c83372b1c6d83c3d4d3899675e2f40a02a9af5ca45,person3,Left,Correct,211.43077926635735,117.59293365478513,1.3306153404261871,11.570945739746094,480.9120603387996,0,0.0,,[],success,0.0,0,0,False,False,101.0,80,2.6994110000000004
rep_f7b25824c180b3b99e,vid_dd4079cefb8f35d3,dd4079cefb8f35d359dd29c83372b1c6d83c3d4d3899675e2f40a02a9af5ca45,person3,Left,Correct,214.15289688110352,112.60467338562012,1.200493554406671,13.580329895019531,549.6274909082479,0,0.0,,[],success,0.0,0,0,False,False,187.0,86,2.8994560000000007
rep_cc4d004af51869c14f,vid_dd4079cefb8f35d3,dd4079cefb8f35d359dd29c83372b1c6d83c3d4d3899675e2f40a02a9af5ca45,person3,Left,Correct,196.151220703125,103.64183197021484,1.3149689757259886,9.520683288574219,627.6066922367859,0,0.0,,[],success,0.0,0,0,False,False,288.0,85,2.866033999999999
rep_47c05630bd12f93580,vid_dd4079cefb8f35d3,dd4079cefb8f35d359dd29c83372b1c6d83c3d4d3899675e2f40a02a9af5ca45,person3,Left,Correct,199.81525573730434,105.25508728027329,1.6881525526593097,11.573837280273438,806.1688035931696,0,0.0,,[],success,0.0,0,0,False,False,370.0,73,2.3996440000000003
rep_f0c351e2ed0c752d12,vid_dd4079cefb8f35d3,dd4079cefb8f35d359dd29c83372b1c6d83c3d4d3899675e2f40a02a9af5ca45,person3,Left,Correct,238.92496185302727,105.55857009887687,1.2696508790421024,12.372276306152344,630.1016883188901,0,0.0,,[],success,0.0,0,0,False,False,510.0,79,2.5996109999999994
rep_55f1cf4d132e297fa8,vid_dd4079cefb8f35d3,dd4079cefb8f35d359dd29c83372b1c6d83c3d4d3899675e2f40a02a9af5ca45,person3,Left,Correct,240.35675430297843,127.23742256164547,1.3109461308621673,10.874565124511719,643.9765928573645,0,0.0,,[],success,0.0,0,0,False,False,587.0,70,2.2996669999999995
rep_32b7ca8fa017f2f360,vid_dd4079cefb8f35d3,dd4079cefb8f35d359dd29c83372b1c6d83c3d4d3899675e2f40a02a9af5ca45,person3,Left,Correct,192.69429931640622,106.23686981201169,1.2727138585324766,12.515060424804688,525.4569685292694,0,0.0,,[],success,0.0,0,0,False,False,666.0,84,2.766255000000001
rep_64a8bb8f3fdd8ff2de,vid_dd4079cefb8f35d3,dd4079cefb8f35d359dd29c83372b1c6d83c3d4d3899675e2f40a02a9af5ca45,person3,Left,Correct,200.64871978759766,97.69088363647461,1.479516380374646,11.939903259277344,755.8600671456172,0,0.0,,[],success,0.0,0,0,False,False,760.0,71,2.399455999999997
rep_a311f440abd3b3b9f6,vid_dd4079cefb8f35d3,dd4079cefb8f35d359dd29c83372b1c6d83c3d4d3899675e2f40a02a9af5ca45,person3,Left,Correct,216.37913513183594,120.72264099121094,1.4491813229926498,11.97955322265625,576.8697096627996,0,0.0,,[],success,0.0,0,0,False,False,834.0,81,2.732723
rep_709aefa59abbdda681,vid_2f993d44fd54187e,2f993d44fd54187e29f371cb06d363b77ffa82c336c63e5bdf4afaed4141a97a,person3,Right,Incorrect,130.8360145568846,102.15934677124022,1.5530883512839802,7.6338958740234375,667.3886158351713,0,0.0,,[],success,0.0,0,0,False,False,60.0,103,3.399466
rep_c76e4661561c2feeb0,vid_2f993d44fd54187e,2f993d44fd54187e29f371cb06d363b77ffa82c336c63e5bdf4afaed4141a97a,person3,Right,Incorrect,119.77608299255371,88.3124942779541,1.2300616828820754,8.461746215820312,506.32991279046485,0,0.0,,[],success,0.0,0,0,False,False,149.0,86,2.899356000000001
rep_215b169aee5b06c4cb,vid_2f993d44fd54187e,2f993d44fd54187e29f371cb06d363b77ffa82c336c63e5bdf4afaed4141a97a,person3,Right,Incorrect,105.33787841796865,80.24773788452148,1.4053362685341395,6.389312744140625,944.5563691209434,0,0.0,,[],success,0.0,0,0,False,False,225.0,79,2.5996
rep_e1ba0ca673273d816e,vid_2f993d44fd54187e,2f993d44fd54187e29f371cb06d363b77ffa82c336c63e5bdf4afaed4141a97a,person3,Right,Incorrect,106.45727920532227,73.34032669067382,1.35833955306845,8.247962951660156,761.3870241605116,0,0.0,,[],success,0.0,0,0,False,False,307.0,63,2.1328440000000004
rep_ebbc42143c6e49093c,vid_2f993d44fd54187e,2f993d44fd54187e29f371cb06d363b77ffa82c336c63e5bdf4afaed4141a97a,person3,Right,Incorrect,118.2085693359375,110.09864044189452,2.05980397259462,8.113456726074219,928.5109444422988,0,0.0,,[],success,0.0,0,0,False,False,383.0,59,1.9330659999999984
rep_195e4e5ecad0f53344,vid_2f993d44fd54187e,2f993d44fd54187e29f371cb06d363b77ffa82c336c63e5bdf4afaed4141a97a,person3,Right,Incorrect,106.40732269287112,79.96983184814458,1.612425380658002,6.410308837890625,731.2802820244023,0,0.0,,[],success,0.0,0,0,False,False,462.0,72,2.366322000000002
rep_aa68b93d455532c686,vid_2f993d44fd54187e,2f993d44fd54187e29f371cb06d363b77ffa82c336c63e5bdf4afaed4141a97a,person3,Right,Incorrect,102.37449645996094,82.86760711669922,2.24169548896555,12.496650695800781,697.3077738444613,0,0.0,,[],success,0.0,0,0,False,False,639.0,101,3.3992669999999983
rep_b1d4ed63906ea1bec9,vid_d19791ead4037b9a,d19791ead4037b9addbb1cab23e26addc64e7a9a6d8d7ee378000e63a3890d1b,person3,Left,Incorrect,122.70103721618652,77.61305770874023,1.822197145264499,7.744926452636719,1162.5046647329832,0,0.0,,[],success,0.0,0,0,False,False,48.0,58,1.966189
rep_a75ff677dcd98eb2fd,vid_d19791ead4037b9a,d19791ead4037b9addbb1cab23e26addc64e7a9a6d8d7ee378000e63a3890d1b,person3,Left,Incorrect,120.98280334472656,65.26454162597656,1.2892710798918716,6.273338317871094,864.4151985172196,0,0.0,,[],success,0.0,0,0,False,False,99.0,81,2.666278
rep_c1831610de7e01f9bd,vid_d19791ead4037b9a,d19791ead4037b9addbb1cab23e26addc64e7a9a6d8d7ee378000e63a3890d1b,person3,Left,Incorrect,115.67468032836912,54.952602577209426,1.3001041300633625,6.870079040527344,657.9326524008505,0,0.0,,[],success,0.0,0,0,False,False,194.0,64,2.166156
rep_b257c286eaa1bdf653,vid_d19791ead4037b9a,d19791ead4037b9addbb1cab23e26addc64e7a9a6d8d7ee378000e63a3890d1b,person3,Left,Incorrect,91.69352722167969,52.955759048461914,1.3439637910167148,5.482025146484375,791.2233295655919,0,0.0,,[],success,0.0,0,0,False,False,386.0,91,3.065989
rep_e49bed2fd11cb67f4e,vid_d19791ead4037b9a,d19791ead4037b9addbb1cab23e26addc64e7a9a6d8d7ee378000e63a3890d1b,person3,Left,Incorrect,119.74250793457031,101.90586471557617,1.6542781758903695,12.957275390625,1128.9865437332505,0,0.0,,[],success,0.0,0,0,False,False,490.0,71,2.3329889999999995
