video_id,feature,mean,std,min,p25,median,p75,p95,max,global_robust_median_shift
vid_03222b4845d8ef2c,active_min_angle,87.76907348632812,9.991611821629368,66.00143432617188,81.2744197845459,90.49065780639648,95.27931785583496,98.95376091003418,100.8556900024414,0.4426863455500286
vid_03222b4845d8ef2c,active_max_angle,142.60069274902344,9.120559422984673,130.31436157226562,134.41542053222656,143.6584243774414,149.44122314453125,154.88464889526367,159.0404815673828,-0.9243653907508693
vid_03222b4845d8ef2c,active_rom,54.83161926269531,16.262261796012787,34.381736755371094,37.52270317077637,60.91777420043945,66.25090980529785,75.85393753051757,80.67832946777344,-0.2825742788746512
vid_03222b4845d8ef2c,opposing_min_angle,79.62297058105469,8.25133753823366,67.46766662597656,72.50268173217773,77.25234603881836,88.88422584533691,89.56234436035156,89.67259216308594,-1.4001093018394486
vid_03222b4845d8ef2c,opposing_max_angle,139.40566711425782,9.157912767374048,126.5361328125,131.30991744995117,138.53005981445312,145.79314422607422,152.59533233642577,155.2877655029297,-0.9281061779346843
vid_03222b4845d8ef2c,opposing_rom,59.78269653320312,6.368635500867383,52.3179931640625,56.18472862243652,58.49662399291992,60.70292663574219,71.27262725830077,75.42283630371094,-0.05010005439586233
vid_03222b4845d8ef2c,duration,2.4056427000000005,0.23038518761024895,1.8159000000000027,2.34066775,2.498928000000001,2.515597999999997,2.6255626000000003,2.715523000000001,-0.4301719378861721
vid_03222b4845d8ef2c,active_peak_abs_velocity,329.94180755615236,112.51031090365362,175.87562561035156,264.7739715576172,315.1526184082031,351.9777526855469,522.3032287597654,607.5945434570312,-0.2387872715099857
vid_03222b4845d8ef2c,active_mean_abs_velocity,73.44772457170954,22.56101341293443,47.288407352133845,52.701016492231304,67.06147181472483,90.80563029423254,107.23014080862467,117.9932851117627,0.16740854623600593
vid_03222b4845d8ef2c,opposing_peak_abs_velocity,321.08142852783203,103.42535137793251,205.93545532226562,256.4283981323242,301.7689971923828,348.6818084716797,494.61515197753886,587.5403442382812,0.39334133238762864
vid_03222b4845d8ef2c,opposing_mean_abs_velocity,65.158194180057,5.012638917403912,60.233717438301056,61.675003492515636,63.668358420427914,66.13013135591906,74.13317401298386,77.74467790301398,0.42526107997599705
vid_03222b4845d8ef2c,active_mean_flare,0.0838242292629537,0.04693115672250183,0.033445362304687344,0.047308670383243115,0.05513539774435551,0.1221613446446691,0.15863030526853464,0.16695918047911967,-0.6840986950226648
vid_03222b4845d8ef2c,active_max_flare,0.18754063695669174,0.08206882506437496,0.07799495756626129,0.11317659914493561,0.16481195390224457,0.27533747255802155,0.2899692043662071,0.29160547256469727,-0.2622910463116088
vid_03222b4845d8ef2c,opposing_mean_flare,0.13096671836187207,0.068904396999673,0.042969916376250125,0.056210785597311005,0.14974461829411884,0.19521131996840876,0.21520703139939643,0.21909936032304955,1.3144011479606055
vid_03222b4845d8ef2c,opposing_max_flare,0.2441601425409317,0.10137721771746476,0.1012495681643486,0.13305363059043884,0.28440047800540924,0.3323695957660675,0.3640900284051895,0.36629000306129456,1.254369726032269
vid_03222b4845d8ef2c,mean_angle_asymmetry,12.039674502695483,2.024722376953059,9.135212936235181,10.44344157310004,11.991399529289332,13.222550442217944,15.176161517299155,15.272939094871997,0.9792350160145896
vid_03222b4845d8ef2c,max_angle_asymmetry,26.747225189208983,3.395884632092191,22.40948486328125,23.27212905883789,27.074169158935547,29.298059463500977,31.386706161499024,31.689987182617188,0.5352013030622854
vid_03222b4845d8ef2c,mean_flare_asymmetry,0.12890587891442745,0.03387557379821476,0.07750761122045033,0.1101440990595723,0.11691539269559018,0.16000409713836677,0.17930141124272211,0.1856539982176253,0.8715169629540961
vid_03222b4845d8ef2c,max_flare_asymmetry,0.27222000509500505,0.02983294670924725,0.23498386144638062,0.24680758267641068,0.261369451880455,0.2978295236825943,0.31692051291465756,0.32831501960754395,1.2259567181136577
vid_03222b4845d8ef2c,mean_torso_lean,4.989900532363516,1.3048701693829323,2.8774208767122977,4.220072080392348,4.764835510412569,5.362460901648785,7.248585115646936,7.792987417093492,-0.3182859860786466
vid_03222b4845d8ef2c,max_torso_lean,13.710934734344482,5.934818855034078,5.327627182006836,9.42440938949585,13.712576866149902,15.25264859199524,23.569744205474844,27.86286735534668,-0.563823221648345
vid_03222b4845d8ef2c,range_torso_lean,12.444810920953751,6.017640334894495,5.043034106492996,8.404450416564941,10.317851833999157,14.996224854141474,22.68283461034297,26.9142404794693,-0.9787148234180371
vid_03222b4845d8ef2c,mean_shoulder_depth_ratio,0.282671632513245,0.1100054553524216,0.12747592292235044,0.18447761717193795,0.2669836054895129,0.36555359149752936,0.4426988493557117,0.4491654521134876,1.0741744941792328
vid_03222b4845d8ef2c,max_shoulder_depth_ratio,0.5305095583200454,0.15609885986996558,0.2763214409351349,0.41236092895269394,0.5694230496883392,0.6478865742683411,0.7200257182121276,0.7741387486457825,2.075496596849532
vid_03222b4845d8ef2c,range_shoulder_depth_ratio,0.48882964689400976,0.12513876432624607,0.27189616672694683,0.39869386694044806,0.5381930842704605,0.584755165502429,0.6314364366699009,0.6593413576483727,3.5213684866776456
vid_03222b4845d8ef2c,flexion_duration,1.1178568999999998,0.274398506816437,0.649722999999998,0.8996110000000002,1.124516999999999,1.345263999999999,1.4752063500000012,1.4827110000000019,-0.3459014552956987
vid_03222b4845d8ef2c,extension_duration,1.2711243000000003,0.422910440288969,0.4331440000000022,1.0287217500000017,1.3744219999999991,1.5993220000000004,1.74092395,1.8158890000000003,-0.1311342210483818
vid_03222b4845d8ef2c,flexion_fraction,0.4782527942185156,0.15078225727991867,0.28260830796386055,0.35999804716653067,0.4499976656790167,0.5796272026761904,0.7164770768509917,0.7592618632495057,-0.12742431534693593
vid_03222b4845d8ef2c,active_start_angle,138.23546142578124,11.211565119571649,122.92755126953125,128.13120651245117,138.29940032958984,146.93658828735352,154.45578384399414,158.26072692871094,-0.992160844836412
vid_03222b4845d8ef2c,active_end_angle,133.52915649414064,11.194747046825242,116.13091278076172,127.36865234375,132.32677459716797,143.8779182434082,148.47892150878906,148.84786987304688,-1.5700144993235834
vid_03222b4845d8ef2c,flexion_excursion,50.46638793945313,17.26292717960274,28.377883911132812,30.445398330688477,57.34108352661133,63.78320121765137,71.56066284179687,72.87237548828125,-0.2891840274673527
vid_03222b4845d8ef2c,extension_excursion,45.7600830078125,18.663045836042997,20.419960021972656,29.830854415893555,48.94964599609375,54.56759262084961,74.56633377075194,79.79139709472656,-0.6289593831778448
vid_03222b4845d8ef2c,flexion_net_speed,46.18854455542214,15.284370861492148,22.413230250428338,37.565883007672866,44.353996261503674,54.40135513229112,71.0870940049176,72.9455182499432,-0.15544325887758054
vid_03222b4845d8ef2c,extension_net_speed,46.32552534935409,35.179952134871186,15.381360854468145,18.25892055351151,31.08843335868015,65.34305809795431,108.58485919850152,123.0156377846568,-0.6263985314091643
vid_0c264aade3d23621,active_min_angle,89.1964830671038,6.871525055355341,79.36898040771484,82.13216018676758,90.73223495483398,95.57062530517578,97.57889747619629,98.1189193725586,0.46591625949032006
vid_0c264aade3d23621,active_max_angle,145.50835963657923,3.8625391547467176,140.45167541503906,142.3206024169922,144.85401153564453,147.19536590576172,152.01185684204103,152.4705047607422,-0.7782205027502526
vid_0c264aade3d23621,active_rom,56.311876569475444,9.471795909105976,42.33275604248047,47.103763580322266,56.7132568359375,62.79282188415527,70.5345386505127,71.63309478759766,-0.5365585642848772
vid_0c264aade3d23621,opposing_min_angle,92.48168836321149,3.9084094614320937,84.6432876586914,90.6028995513916,93.33781051635742,95.59501838684082,96.9593635559082,97.89128875732422,0.8183122854542151
vid_0c264aade3d23621,opposing_max_angle,142.91635131835938,10.787992126141093,123.33860778808594,132.30751419067383,147.9550323486328,152.81120681762695,154.2921890258789,155.05384826660156,-0.10254506823130652
vid_0c264aade3d23621,opposing_rom,50.43466295514788,10.609432382607036,30.0352783203125,41.54744529724121,51.15644836425781,57.29328155517578,66.30152816772461,69.23877716064453,-0.5981170685939952
vid_0c264aade3d23621,duration,3.9625980714285705,0.8351630378242212,2.6488669999999956,3.390217,3.6901005,4.598045,5.217779149999998,5.780867,1.6203293043649143
vid_0c264aade3d23621,active_peak_abs_velocity,397.9128755841936,109.08440508712542,211.5904083251953,320.2779998779297,398.5402069091797,484.7719268798828,550.6997161865235,603.6911010742188,0.5128616342425464
vid_0c264aade3d23621,active_mean_abs_velocity,57.491975047846225,8.481488161652186,42.83234166799936,52.644475861311236,58.937684495803865,63.02712015413997,69.23399782197401,70.96710584389804,-0.46467282244145497
vid_0c264aade3d23621,opposing_peak_abs_velocity,272.2790996006557,125.74681256253277,180.08583068847656,204.6426010131836,234.51404571533203,259.3427047729492,532.7599639892577,653.2779541015625,-0.2753260223965348
vid_0c264aade3d23621,opposing_mean_abs_velocity,42.66459983391811,4.274104668080584,36.54893018887173,39.52030399758034,41.521058922529825,45.98389093981761,48.91875640776437,49.94283323759417,-0.8854805534867788
vid_0c264aade3d23621,active_mean_flare,0.0982532669399683,0.032955835465921186,0.05573375455441598,0.07005384269534004,0.08230517162180137,0.13205702754074206,0.14613056154612697,0.14686755872923735,-0.21794009662651326
vid_0c264aade3d23621,active_max_flare,0.17951199199472154,0.05756422903345521,0.118255615234375,0.12252348102629185,0.16458464413881302,0.22783878445625305,0.2583875171840191,0.2805706560611725,-0.26500260847743307
vid_0c264aade3d23621,opposing_mean_flare,0.0672768022981957,0.03705619766430964,0.02530067752528426,0.03173009905041719,0.06109711228711835,0.10029379862781007,0.12121652311574746,0.12316748579593217,-0.4272105451419165
vid_0c264aade3d23621,opposing_max_flare,0.1631998350577695,0.06010499102503825,0.07590647041797638,0.116114417091012,0.1366627886891365,0.22357185557484627,0.25238853618502616,0.2586815357208252,-0.5490365661223336
vid_0c264aade3d23621,mean_angle_asymmetry,9.544264766013303,2.139360946938004,5.486716272320154,8.223554573338557,9.149417000932019,11.062835337991093,12.839643130523468,13.79420471031328,0.071027503082319
vid_0c264aade3d23621,max_angle_asymmetry,31.852458953857422,6.44487855655299,25.251922607421875,26.179553985595703,31.209068298339844,34.20440864562988,43.41415290832519,48.50780487060547,1.1553619596489229
vid_0c264aade3d23621,mean_flare_asymmetry,0.07516040442507564,0.028781696679634913,0.02854816072209853,0.05480049579693786,0.06579560997068883,0.09453834345544464,0.1184265086791538,0.12306349465837393,-0.3910899242801322
vid_0c264aade3d23621,max_flare_asymmetry,0.19992970249482564,0.04513880971111481,0.10103374719619751,0.1890755221247673,0.21386059373617172,0.2253500074148178,0.2500006765127182,0.26164764165878296,0.3661026725032922
vid_0c264aade3d23621,mean_torso_lean,4.797071664872904,1.511865214668358,2.9265553004205502,3.3442778863267426,4.581712748167487,6.272426299681845,6.87117834144407,6.8753842775543195,-0.3414476128917511
vid_0c264aade3d23621,max_torso_lean,14.930958373206002,7.528762090237835,5.943035125732422,8.300801515579224,12.063374519348145,21.762994289398193,25.35135097503662,29.262680053710938,-0.6886195393928058
vid_0c264aade3d23621,range_torso_lean,14.282289876735636,7.3292681189764854,5.899667035788298,8.054955899715424,10.805462747812271,20.860318252816796,24.770495180040598,27.80274987220764,-0.9260473215191322
vid_0c264aade3d23621,mean_shoulder_depth_ratio,0.13136241284994712,0.05771010219803439,0.04920201166965738,0.07607579826099853,0.13564353456854703,0.1842369808331652,0.2011527449448607,0.2027280629631448,-0.2913120228149661
vid_0c264aade3d23621,max_shoulder_depth_ratio,0.21477354796869413,0.045993452756831095,0.11595063656568527,0.17648600786924362,0.22806605696678162,0.24642381072044373,0.2719988077878952,0.2746211290359497,-0.26541626561751935
vid_0c264aade3d23621,range_shoulder_depth_ratio,0.1745850158952505,0.047023894225123125,0.09477473795413971,0.14592683501541615,0.16903895942959934,0.1905681869830005,0.2560422996180932,0.2741960779821966,-0.342364927119913
vid_0c264aade3d23621,flexion_duration,1.9003801428571425,0.698552858218419,0.8662889999999983,1.2536359999999984,1.9491665000000005,2.2532055000000017,2.8904357999999997,3.648445,1.3662733240936082
vid_0c264aade3d23621,extension_duration,2.045557214285715,0.5303169069733117,1.232810999999998,1.79090025,2.1157665000000003,2.415639000000004,2.858783250000001,3.032043999999999,1.536372357613774
vid_0c264aade3d23621,flexion_fraction,0.4751174107451548,0.11731610807643902,0.26803952418744703,0.38543321015732734,0.48150007339419154,0.5548083205704915,0.6537571685297535,0.6651577897243348,0.0937964757340113
vid_0c264aade3d23621,active_start_angle,136.79717254638672,10.843515800369618,118.54515075683594,128.39830589294434,138.83190155029297,145.92678833007812,150.61473922729493,151.0020751953125,-0.9375774954158703
vid_0c264aade3d23621,active_end_angle,137.95801435198103,7.009968897411808,126.61801147460938,130.72137069702148,140.8545684814453,143.36300659179688,146.25428771972656,148.94688415527344,-0.6717882568584362
vid_0c264aade3d23621,flexion_excursion,47.60068947928293,16.22783564664223,23.27404022216797,33.392045974731445,47.94571304321289,62.389360427856445,66.97760963439941,71.63309478759766,-0.8423312772442212
vid_0c264aade3d23621,extension_excursion,48.76153128487723,13.406706853895875,29.97974395751953,35.770071029663086,50.367801666259766,61.62908363342285,64.80273971557617,67.125,-0.5509543806475712
vid_0c264aade3d23621,flexion_net_speed,30.979200311658065,20.012552460572433,10.96975285593064,14.187593906830603,21.785693579584915,49.89491825670673,62.96988039512703,72.00373689040367,-1.1520889820441433
vid_0c264aade3d23621,extension_net_speed,26.346318311955518,11.909644902024109,10.206826785032693,16.84477458960848,25.50646165081186,31.161284487198277,47.91364118811306,51.55071772568324,-0.9078934457279213
vid_1334a563691c2170,active_min_angle,76.72667376200359,4.4947824621014,70.7908706665039,72.62924575805664,76.89021682739258,81.28744888305664,82.93700675964355,83.22999572753906,-0.8651239152123295
vid_1334a563691c2170,active_max_angle,168.0945192972819,6.133578810448899,156.09063720703125,165.54500198364258,170.28998565673828,171.36938095092773,174.84586563110352,177.19451904296875,2.330994549961338
vid_1334a563691c2170,active_rom,91.36784553527832,7.557592099043975,78.32750701904297,86.85772895812988,90.32260131835938,98.08643531799316,102.33124923706055,104.22846221923828,1.4936971348695975
vid_1334a563691c2170,opposing_min_angle,80.837220509847,3.148042634719389,75.31341552734375,78.40217399597168,80.86865615844727,84.0036506652832,84.60706253051758,84.95308685302734,-0.9013670711170771
vid_1334a563691c2170,opposing_max_angle,169.6473642985026,6.815649766029065,159.57455444335938,163.4806900024414,170.07239532470703,176.13800048828125,178.31865768432618,178.59861755371094,1.8347799113400474
vid_1334a563691c2170,opposing_rom,88.8101437886556,8.64583463227922,75.25060272216797,84.13329696655273,90.16043853759766,94.57427787780762,101.00508499145508,102.01824951171875,2.313918190227598
vid_1334a563691c2170,duration,2.737723583333333,0.25713039746545563,2.3823120000000024,2.540575,2.7321729999999995,2.8238002500000015,3.1653202000000005,3.348556000000002,-0.02866068552864046
vid_1334a563691c2170,active_peak_abs_velocity,385.5765431722005,78.59907345314014,260.9503479003906,335.1743621826172,377.8350067138672,415.6204376220703,526.8140335083008,546.0926513671875,0.32622665234699133
vid_1334a563691c2170,active_mean_abs_velocity,80.53495089107459,10.074137076111997,66.9372222695815,73.80858334185527,78.58132848444782,84.30690648615193,98.88413546855445,102.22017633468879,1.063725311423533
vid_1334a563691c2170,opposing_peak_abs_velocity,352.85236104329425,61.291763629378025,252.21011352539062,306.5643081665039,348.00819396972656,399.6321563720703,440.6807418823242,454.7335205078125,0.8530642333401502
vid_1334a563691c2170,opposing_mean_abs_velocity,76.43644724156458,11.338777994821486,65.16331399455308,67.3831832335245,73.62894669788103,80.51929298363594,98.26304350126185,101.66993605589599,1.0147576797884548
vid_1334a563691c2170,active_mean_flare,0.08398677760676083,0.029960474269967532,0.0332194530240053,0.05410699151686525,0.08841869285449258,0.10183788513141173,0.12618937495883847,0.1392182955508173,-0.11304888546107257
vid_1334a563691c2170,active_max_flare,0.646494559943676,0.4665088803626503,0.1550985872745514,0.3236457332968712,0.5731191039085388,0.7315601408481598,1.5674410462379456,1.6576907634735107,4.608376202110355
vid_1334a563691c2170,opposing_mean_flare,0.09001678410953222,0.027432054065071772,0.05358072359963023,0.07425379741070741,0.0845083328121076,0.09708321169777845,0.1401045038816484,0.15439852460075706,0.03273759387175381
vid_1334a563691c2170,opposing_max_flare,0.7737111492703358,0.7724485965688037,0.11790195852518082,0.21140462160110474,0.44964973628520966,0.8919600993394852,2.357183003425598,2.364882707595825,3.2715364594153686
vid_1334a563691c2170,mean_angle_asymmetry,8.137931406528802,1.0526289434181253,5.485659143219091,7.678771834497379,8.164021395710986,8.787568814014595,9.459967067800799,9.731554102827483,-0.24387369104622753
vid_1334a563691c2170,max_angle_asymmetry,20.433791478474934,2.9344205068011,14.837287902832031,19.196393966674805,20.762950897216797,22.245941162109375,24.231867599487302,25.442726135253906,-0.4113681606883955
vid_1334a563691c2170,mean_flare_asymmetry,0.06665100637939472,0.02000155151605414,0.0483444213457665,0.052749364510975276,0.06006479777974552,0.07048403035815054,0.10256771591366344,0.11993320536788,-0.5326351843738576
vid_1334a563691c2170,max_flare_asymmetry,0.4417634444932143,0.41597196011310605,0.13391800224781036,0.1993013210594654,0.25371576845645905,0.48914311826229095,1.211435210704803,1.6442880630493164,1.0874341159505532
vid_1334a563691c2170,mean_torso_lean,22.8019967815441,2.8800570278439426,18.163010240319522,20.879483881058917,23.30053196243786,24.76070534299331,26.556559094785733,28.022590860225527,2.0261352026331005
vid_1334a563691c2170,max_torso_lean,37.523110707600914,4.356814648747149,32.710365295410156,33.23597240447998,36.67703056335449,40.98751354217529,44.02409000396728,46.423099517822266,1.1739133671832238
vid_1334a563691c2170,range_torso_lean,25.508943557739258,4.577857836241322,20.83773899078369,21.963090896606445,22.95008420944214,29.13167095184326,33.41035099029541,33.914581298828125,0.3857093594173014
vid_1334a563691c2170,mean_shoulder_depth_ratio,0.16971438791689764,0.0995388705830552,0.04787029300276949,0.08551449328056064,0.12725112715131853,0.24381883867744078,0.3237694893965808,0.3318209932898795,-0.3785642916236492
vid_1334a563691c2170,max_shoulder_depth_ratio,0.772169042378664,0.33637342934035974,0.18059983849525452,0.7240675762295723,0.9793755114078522,0.9839514642953873,0.9907972842454911,0.9953418970108032,4.886814399329791
vid_1334a563691c2170,range_shoulder_depth_ratio,0.7139902327944583,0.31677155996264716,0.14789067953824997,0.6199292716992204,0.8523902156230179,0.9555239281617105,0.9793546677217819,0.9805584033019841,6.809897242653348
vid_1334a563691c2170,flexion_duration,1.2022629999999999,0.31076715187285586,0.8163219999999995,0.9620809999999992,1.132844500000001,1.3161115,1.7725709499999995,1.8825219999999998,-0.32861152123842036
vid_1334a563691c2170,extension_duration,1.5187999999999997,0.20694584099710722,0.9829229999999995,1.445216750000001,1.5410114999999998,1.6118107499999998,1.7809173499999995,1.799244999999999,0.24357563002091162
vid_1334a563691c2170,flexion_fraction,0.43804283101258146,0.08555800312901059,0.33333049262354136,0.3761016942821539,0.41480023680240585,0.47222473292462785,0.5948110136642538,0.6312472472682773,-0.3745928216560107
vid_1334a563691c2170,active_start_angle,159.69620259602866,7.359844991419196,146.77142333984375,155.52710342407227,157.8726806640625,163.30179595947266,171.9178169250488,175.38291931152344,1.014172959228927
vid_1334a563691c2170,active_end_angle,162.23003260294595,5.945302391591459,151.5476531982422,158.93045806884766,161.84496307373047,166.5521125793457,170.8964401245117,170.98085021972656,1.5391145297638231
vid_1334a563691c2170,flexion_excursion,82.96952883402507,9.36588332184853,65.7497329711914,76.34682083129883,85.30440521240234,87.96819496154785,95.44595909118651,102.41686248779297,1.3571410974920872
vid_1334a563691c2170,extension_excursion,85.50335884094238,7.833938310693165,73.7845230102539,79.03458023071289,84.8155746459961,88.8152847290039,99.50035400390625,99.6823501586914,1.343829580644958
vid_1334a563691c2170,flexion_net_speed,73.4425746773213,19.073990889412933,34.926408812853936,65.65986718793587,73.86698235408835,79.9133485595111,105.39946923494688,105.99471406091942,1.1478887542389675
vid_1334a563691c2170,extension_net_speed,57.8162516734726,12.155115448983361,41.78243603639,50.08770852545085,56.06914710313802,62.52006773156268,76.16227558650459,90.02302572495351,0.6333613246297709
vid_1ac0cd5b45de866a,active_min_angle,92.50180464524489,10.541501161586167,73.4043960571289,87.12438201904297,91.57366180419922,94.68705749511719,108.70757141113279,119.01090240478516,0.5468273614891166
vid_1ac0cd5b45de866a,active_max_angle,142.18972660945013,7.657888819696402,124.51252746582031,138.07518005371094,141.142333984375,148.92579650878906,152.12049865722656,155.1272735595703,-1.2319245228234843
vid_1ac0cd5b45de866a,active_rom,49.68792196420523,15.555756052584588,17.09880828857422,37.70033264160156,51.11206817626953,62.12859344482422,69.03098602294921,74.26746368408203,-0.874912238641065
vid_1ac0cd5b45de866a,opposing_min_angle,94.72714233398438,7.1477224729454845,86.36262512207031,90.57101440429688,92.75376892089844,95.44593048095703,108.76259307861328,112.76891326904297,0.7377643792962781
vid_1ac0cd5b45de866a,opposing_max_angle,135.43162184495193,9.789414777427627,121.18805694580078,128.22421264648438,132.96092224121094,147.0215606689453,149.8397979736328,150.10040283203125,-1.4159233443384227
vid_1ac0cd5b45de866a,opposing_rom,40.704479510967545,11.404710236986883,23.005653381347656,32.908050537109375,38.41938781738281,43.54454040527344,59.01978454589843,60.658935546875,-1.5490651444551635
vid_1ac0cd5b45de866a,duration,3.2588704615384603,1.0565923426980222,1.2827780000000004,2.8821009999999987,3.181967,3.948322999999995,4.728003199999998,5.44769,0.7456210878980359
vid_1ac0cd5b45de866a,active_peak_abs_velocity,465.90665846604566,339.76529544451586,243.0860137939453,323.8251037597656,367.017822265625,399.3111572265625,1006.4169433593736,1591.4014892578125,0.22872143604313663
vid_1ac0cd5b45de866a,active_mean_abs_velocity,54.01123317412092,8.885697793039963,41.96418927882813,45.766664357936484,54.2972942565579,62.800269018415065,65.01197441774914,67.44984800299403,-0.8257241521320641
vid_1ac0cd5b45de866a,opposing_peak_abs_velocity,229.88114635760968,87.23992288335943,116.26740264892578,151.512939453125,230.29788208007812,261.833740234375,378.6432250976561,433.2162170410156,-0.31724428898370804
vid_1ac0cd5b45de866a,opposing_mean_abs_velocity,38.57518985209744,4.483828263320093,30.232586008671237,35.503828444185274,38.57296703905366,42.67620478194208,44.88191252420429,45.13830767030024,-1.0599572101695782
vid_1ac0cd5b45de866a,active_mean_flare,0.09741427970717674,0.06029710715544707,0.02249502269927783,0.042824458308090146,0.11054923063986168,0.15224184997412793,0.17717215370355496,0.21079823258530025,0.2666502803219934
vid_1ac0cd5b45de866a,active_max_flare,0.1702933001976747,0.06496593121330348,0.09143217653036118,0.1032988578081131,0.17648327350616455,0.22970901429653168,0.2546222954988479,0.2853791415691376,-0.12306469639390118
vid_1ac0cd5b45de866a,opposing_mean_flare,0.06678009003721089,0.0318332477642333,0.0285174388485067,0.04462977449921124,0.04933896740479047,0.09271062498977839,0.11327354347745969,0.131079280605661,-0.6582167351484199
vid_1ac0cd5b45de866a,opposing_max_flare,0.15262126292173678,0.06335690327675775,0.07261428982019424,0.09808117896318436,0.157608762383461,0.17421118915081024,0.2596860498189925,0.3034824728965759,-0.2933529898428655
vid_1ac0cd5b45de866a,mean_angle_asymmetry,10.946835978342243,2.7313784738419686,6.956155925034689,9.301809595342153,10.384671750076036,12.511663495524873,15.384159083963503,17.40484707394448,0.46577575799376336
vid_1ac0cd5b45de866a,max_angle_asymmetry,31.36254413311298,7.1718592232549545,23.114273071289062,25.137741088867188,27.577186584472656,39.70093536376953,42.727946472167964,43.496925354003906,0.6106448885956814
vid_1ac0cd5b45de866a,mean_flare_asymmetry,0.08877144284463992,0.037176446209877874,0.04016236191184872,0.05868370823946521,0.08482700999366223,0.10761207546627032,0.14794233392750047,0.182280793733646,0.07896639172629003
vid_1ac0cd5b45de866a,max_flare_asymmetry,0.1932073040650441,0.03621440107004957,0.140276238322258,0.16219475865364075,0.19137899577617645,0.21979843080043793,0.24522101581096642,0.2737436890602112,-0.04078761517695903
vid_1ac0cd5b45de866a,mean_torso_lean,3.7137186334826753,1.2540853467431983,2.0691083558732366,2.7552610363432293,3.4436059913731722,4.286224876206479,5.907149395213088,6.694217789824683,-0.48539697042199154
vid_1ac0cd5b45de866a,max_torso_lean,15.644413691300612,7.438952160363653,6.452662467956543,8.082664489746094,17.4974365234375,22.250825881958008,26.147751617431634,28.376129150390625,-0.2774201921322636
vid_1ac0cd5b45de866a,range_torso_lean,15.083077932779606,7.472794662961033,5.958608448505402,7.601696789264679,16.41351854801178,21.352816462516785,25.968608115613456,28.012654781341553,-0.3203137722094152
vid_1ac0cd5b45de866a,mean_shoulder_depth_ratio,0.11763447856578672,0.056281576424025564,0.04314069750658862,0.07030176245801273,0.11425540774480468,0.1808691337485905,0.1872584280884911,0.19286461054463938,-0.5136752254293184
vid_1ac0cd5b45de866a,max_shoulder_depth_ratio,0.19720472796605185,0.04581307085642896,0.11505184322595596,0.1641005277633667,0.21090053021907806,0.23214571177959442,0.25486182570457455,0.26165008544921875,-0.3831317459255452
vid_1ac0cd5b45de866a,range_shoulder_depth_ratio,0.15197267683806087,0.032062768340703686,0.10455600917339325,0.12821877608075738,0.16229529479824123,0.16886019706726074,0.20532532762736083,0.20620214706286788,-0.4129471598901835
vid_1ac0cd5b45de866a,flexion_duration,1.517301,0.9528506005641095,0.0,1.1994889999999998,1.5493330000000007,1.9158670000000004,3.038707,3.2986,0.5361208354848686
vid_1ac0cd5b45de866a,extension_duration,1.7249066923076921,0.5594278734408216,0.8996220000000008,1.3660999999999994,1.6492890000000031,2.1657439999999966,2.4789353999999992,2.7488220000000005,0.4871242684354367
vid_1ac0cd5b45de866a,flexion_fraction,0.42510247816524227,0.22156002291779758,0.0,0.34285808203515794,0.4600031213234413,0.6073625539792411,0.6835699108176656,0.6931805276033567,-0.05716254891951707
vid_1ac0cd5b45de866a,active_start_angle,131.33336287278397,17.647280106431175,93.99751281738281,125.16596984863281,135.24710083007812,147.0215606689453,150.485009765625,155.1272735595703,-1.305032860224479
vid_1ac0cd5b45de866a,active_end_angle,134.40191063514123,9.622222146796073,122.34397888183594,128.69061279296875,129.5902099609375,147.30923461914062,148.82933654785157,149.58909606933594,-1.8582548348453178
vid_1ac0cd5b45de866a,flexion_excursion,38.83155822753906,21.415455992001185,0.0,24.791122436523438,40.56004333496094,59.40277862548828,65.95588073730467,74.26746368408203,-1.2771585034934367
vid_1ac0cd5b45de866a,extension_excursion,41.90010598989633,17.352701865223775,7.7600555419921875,28.346466064453125,38.78925323486328,59.32184600830078,64.34876708984373,68.72928619384766,-1.1878271293086882
vid_1ac0cd5b45de866a,flexion_net_speed,145.90512900408402,417.5572718346961,0.0,15.49507917791473,29.72487397800467,31.817501645346365,673.7101340015473,1591.4014566055532,-0.8014844061904075
vid_1ac0cd5b45de866a,extension_net_speed,26.862125620761397,17.24545411027865,7.8949727309921,18.190224563730215,20.377056537728645,29.895153261053416,64.10072392793177,68.28247977540317,-1.1665657444030015
vid_2f993d44fd54187e,active_min_angle,85.70549774169922,4.480853422463737,81.51592254638672,82.44496154785156,83.85770416259766,88.09805297851562,92.94687271118164,93.47882843017578,-0.19513450510569091
vid_2f993d44fd54187e,active_max_angle,145.25050354003906,3.50746940203359,138.34068298339844,143.82819366455078,146.15081787109375,147.16236114501953,149.34581298828124,150.28091430664062,-0.6197028946006699
vid_2f993d44fd54187e,active_rom,59.545005798339844,5.844484544957111,51.019752502441406,54.942813873291016,59.30010223388672,64.1591682434082,67.49825134277343,68.29122161865234,-0.3802937607637979
vid_2f993d44fd54187e,opposing_min_angle,89.08525739397321,4.495126266701019,84.38385772705078,85.96798706054688,86.58113098144531,91.52434158325195,96.42560424804687,97.64715576171875,-0.11353296897436878
vid_2f993d44fd54187e,opposing_max_angle,125.99917384556362,8.961795362736504,119.9843521118164,121.09012222290039,122.46727752685547,124.94440078735352,140.96274337768554,147.47354125976562,-2.3350925985510336
vid_2f993d44fd54187e,opposing_rom,36.9139164515904,11.194128458602213,22.89215087890625,30.529766082763672,35.600494384765625,38.97641372680664,54.59337158203124,60.89241027832031,-1.7595235367930002
vid_2f993d44fd54187e,duration,2.6757029999999995,0.5405172501666474,1.9330659999999984,2.249583000000001,2.5995999999999997,3.1493114999999996,3.3994062999999994,3.399466,-0.2568737287183995
vid_2f993d44fd54187e,active_peak_abs_velocity,183.96070425851005,38.39867720845441,144.60513305664062,147.68355560302734,171.57386779785156,216.3461685180664,239.28827056884765,243.48648071289062,-1.5329943918456765
vid_2f993d44fd54187e,active_mean_abs_velocity,47.70646067080002,3.360206904299426,44.33649572525892,44.96728114797345,46.923995500847006,49.52586914377649,53.10113228386925,53.69843288599438,-1.3994128254338403
vid_2f993d44fd54187e,opposing_peak_abs_velocity,139.36248997279577,24.0096637272175,108.16376495361328,116.56463241577148,140.9232940673828,160.264892578125,170.1316131591797,172.79132080078125,-1.2058311965479154
vid_2f993d44fd54187e,opposing_mean_abs_velocity,31.96762913368653,3.0133594942848156,28.289038875312105,29.665703571473486,30.458436579611842,34.438758370995274,36.353611170670796,36.81700459594424,-1.5401987362392302
vid_2f993d44fd54187e,active_mean_flare,0.18834786218139882,0.04908293067892571,0.1429134956700498,0.15364155920072045,0.16833323270625336,0.20220229883708013,0.2694711245089597,0.29550059081788754,1.2580648402845251
vid_2f993d44fd54187e,active_max_flare,0.26968551533562796,0.08267102177816352,0.19537849724292755,0.21190515160560608,0.24082599580287933,0.2893819063901901,0.40926588773727407,0.44901999831199646,0.6444751082852166
vid_2f993d44fd54187e,opposing_mean_flare,0.03871465474509595,0.013974947769609985,0.022013808807069265,0.026335964447633108,0.037312995663379665,0.04831089926083361,0.05922974294293295,0.06238205132828927,-0.8944847809083036
vid_2f993d44fd54187e,opposing_max_flare,0.09687843120523862,0.03964530353453255,0.050218015909194946,0.06699038483202457,0.09018126875162125,0.12166885659098625,0.15732360333204268,0.16043125092983246,-1.1164277708458235
vid_2f993d44fd54187e,mean_angle_asymmetry,10.824498484365423,1.79483216558372,8.647335540648214,9.487628065676272,10.313785433750594,12.004799923243432,13.556981590647515,13.82551243831974,0.4431227386987884
vid_2f993d44fd54187e,max_angle_asymmetry,24.8232421875,2.141206582924116,22.31634521484375,22.844501495361328,25.042160034179688,26.28546905517578,27.905358123779298,28.144248962402344,0.23043640541591093
vid_2f993d44fd54187e,mean_flare_asymmetry,0.1496332075201708,0.03630936484126051,0.11881688044607501,0.1283469975343235,0.13102023745144073,0.15389139966818016,0.21024138213696883,0.2331185403386728,1.2198923507749735
vid_2f993d44fd54187e,max_flare_asymmetry,0.24685827323368617,0.0713399062856457,0.16303040087223053,0.1950947269797325,0.23168355226516724,0.27856920659542084,0.3598392307758331,0.38596609234809875,0.688677105872338
vid_2f993d44fd54187e,mean_torso_lean,11.401227027005051,2.011546546455034,8.80155119331971,9.874068067886876,10.897653092690774,12.861102951230745,14.352608053858024,14.639042864789634,0.4574014839665365
vid_2f993d44fd54187e,max_torso_lean,23.185944420950754,1.1381755275333945,21.122596740722656,22.507585525512695,23.599201202392578,23.991989135742188,24.46791305541992,24.580663681030273,0.18430469272101993
vid_2f993d44fd54187e,range_torso_lean,22.09209039381572,1.318340907658742,19.55617618560791,21.489369928836823,22.511217176914215,23.165336966514587,23.24308955669403,23.267825603485107,0.3383067488229658
vid_2f993d44fd54187e,mean_shoulder_depth_ratio,0.12177891092339872,0.011651701749287013,0.10767568699386913,0.11223281047473407,0.11681199115218466,0.1316101346593132,0.13780319435368543,0.14027880804964257,-0.4870955217039477
vid_2f993d44fd54187e,max_shoulder_depth_ratio,0.18460470012256078,0.0229533062942897,0.15406759083271027,0.1629815623164177,0.19664987921714783,0.19828227162361145,0.21296970844268798,0.21898776292800903,-0.48085797664658564
vid_2f993d44fd54187e,range_shoulder_depth_ratio,0.1309449350727456,0.03161122705661824,0.07570212334394455,0.12118002958595753,0.12592259794473648,0.14201505668461323,0.1771423505619168,0.18859965167939663,-0.7936401949291355
vid_2f993d44fd54187e,flexion_duration,1.3283204285714283,0.49188402249974644,0.39992199999999833,1.1331164999999999,1.2997549999999993,1.6830220000000002,1.9462954999999997,1.9662889999999997,0.01793564639492654
vid_2f993d44fd54187e,extension_duration,1.3188031428571434,0.24022824279090924,0.7665330000000008,1.3164170000000013,1.366422,1.4663945,1.5230474,1.5330440000000003,-0.14912862530887844
vid_2f993d44fd54187e,flexion_fraction,0.48798549592086626,0.12944340441103502,0.2068955170447895,0.45675296097053336,0.5176481884431441,0.5744099400002155,0.6173193305353462,0.6290289640166323,0.3476410288080397
vid_2f993d44fd54187e,active_start_angle,138.55001504080636,14.824608628844665,104.03160858154297,138.4983673095703,145.2748260498047,146.6330108642578,149.331201171875,150.28091430664062,-0.27715384646600266
vid_2f993d44fd54187e,active_end_angle,136.7146224975586,11.065464047211707,116.94983673095703,129.47916412353516,142.5533447265625,145.71282196044922,146.82588806152344,147.11520385742188,-0.4928574074327798
vid_2f993d44fd54187e,flexion_excursion,52.844517299107146,14.941811868875048,20.173904418945312,50.308837890625,53.569183349609375,63.629817962646484,67.48363952636718,68.29122161865234,-0.5112525678222221
vid_2f993d44fd54187e,extension_excursion,51.009124755859375,11.745850820837127,32.459373474121094,41.289634704589844,54.44517517089844,61.227272033691406,64.71552886962891,65.1255111694336,-0.326680320163804
vid_2f993d44fd54187e,flexion_net_speed,42.189907354570906,7.711204540844173,26.213420043983,40.285396808430946,44.734916333220916,46.6828118720035,49.54321320766968,50.44459774392356,-0.13862133098623536
vid_2f993d44fd54187e,extension_net_speed,38.7907719985115,5.462946655463371,30.175159839566973,35.320475554364194,38.286990173775074,42.885375831880204,45.69060250960041,46.66155120374964,-0.2633803650813919
vid_33cbe5f84565bf3d,active_min_angle,92.81015014648438,6.909714952995847,81.95263671875,87.91958618164062,92.67787170410156,96.899169921875,104.2837921142578,107.21349334716797,0.6530075242762666
vid_33cbe5f84565bf3d,active_max_angle,162.91459421011118,5.241082514615757,158.0314178466797,159.44741821289062,160.8230743408203,165.13919067382812,173.33995361328124,175.7356414794922,1.1737884989562763
vid_33cbe5f84565bf3d,active_rom,70.1044440636268,9.69579805340325,51.410438537597656,64.9719467163086,69.32235717773438,77.85340881347656,84.36896209716797,87.81605529785156,0.2251253728574469
vid_33cbe5f84565bf3d,opposing_min_angle,94.39310983511118,16.456387923629354,65.29365539550781,83.90619659423828,91.63406372070312,103.64865112304688,117.6699234008789,117.8027114868164,0.5833406017928833
vid_33cbe5f84565bf3d,opposing_max_angle,157.6597642164964,5.175782529229311,151.8429412841797,153.27255249023438,156.47964477539062,159.9194793701172,166.95952758789062,170.88832092285156,0.6441508472531738
vid_33cbe5f84565bf3d,opposing_rom,63.266654381385216,18.54959186110882,35.375518798828125,53.51996612548828,64.8455810546875,71.58187103271484,92.02131347656247,105.59466552734375,0.42391264888003954
vid_33cbe5f84565bf3d,duration,2.6539961538461543,0.2750192341317933,2.1823999999999995,2.448956000000001,2.5822339999999997,2.782145,3.122002800000002,3.1819890000000015,-0.28676780751297576
vid_33cbe5f84565bf3d,active_peak_abs_velocity,311.6568357027494,89.08015544476817,206.61502075195312,273.2040710449219,286.0326843261719,336.8030090332031,481.25822753906243,520.9559326171875,-0.5012719767498827
vid_33cbe5f84565bf3d,active_mean_abs_velocity,67.56688747469545,12.573189532528547,50.58425111830472,53.56479668373034,67.01538944041013,80.94638039549466,84.14563386489678,84.51931299459706,0.16382304983078896
vid_33cbe5f84565bf3d,opposing_peak_abs_velocity,315.32159189077527,172.07745077096277,153.60108947753906,213.3597412109375,256.3702697753906,340.42236328125,625.4656555175776,831.5783081054688,-0.058025389404534986
vid_33cbe5f84565bf3d,opposing_mean_abs_velocity,65.15795290715442,15.312257942311627,47.682273339184526,51.29965755586888,60.848423702543485,79.5367667980923,89.28824793258663,97.32930260790033,0.2583691372933679
vid_33cbe5f84565bf3d,active_mean_flare,0.045986985118360815,0.017592373685089657,0.021984924208327736,0.03510898974188647,0.04080440114674667,0.0487216010683455,0.077816731455877,0.08995861747300725,-0.929979184043112
vid_33cbe5f84565bf3d,active_max_flare,0.13377566635608673,0.04658401953601487,0.07054150104522705,0.09504552185535431,0.13987034559249878,0.17549549043178558,0.2029740691184997,0.2290583997964859,-0.5598177359994461
vid_33cbe5f84565bf3d,opposing_mean_flare,0.10318895883933327,0.0365981789305053,0.04367656234501725,0.06910047569696695,0.10500435627509956,0.1316187922049518,0.1556106783601179,0.1668860910123989,0.43541236424184787
vid_33cbe5f84565bf3d,opposing_max_flare,0.22691105019587737,0.09748908217764278,0.10846355557441711,0.1853061467409134,0.19613708555698395,0.2400008887052536,0.3786646306514737,0.5061432123184204,0.1769550321578825
vid_33cbe5f84565bf3d,mean_angle_asymmetry,10.933191774640589,2.5115826793151204,6.9970436339415425,8.621398547946072,10.986388937360463,13.436549896102832,14.212488863569757,14.257601862229075,0.6580654940140838
vid_33cbe5f84565bf3d,max_angle_asymmetry,23.593288128192608,3.4639558162710715,18.529449462890625,21.758758544921875,23.342010498046875,24.12848663330078,29.70556945800781,32.176055908203125,-0.0245555102455414
vid_33cbe5f84565bf3d,mean_flare_asymmetry,0.06747825518484765,0.03003119394546982,0.029462841567956335,0.0397816702495419,0.06411512224680427,0.09240548723500275,0.1119109270401777,0.11884331490362048,-0.4325962699840557
vid_33cbe5f84565bf3d,max_flare_asymmetry,0.17178160467973122,0.09561990120732938,0.09351427853107452,0.11635363101959229,0.15368682146072388,0.17698189616203308,0.3201906979084011,0.4806385636329651,-0.7229713139424672
vid_33cbe5f84565bf3d,mean_torso_lean,20.816635797653063,2.471593466595635,16.67935890930054,19.005860108153158,21.030151572539292,23.168909506114687,24.130898776920777,24.460193477386007,1.738974269333923
vid_33cbe5f84565bf3d,max_torso_lean,37.46020302405724,2.935769178794369,32.738155364990234,35.52532196044922,37.195167541503906,39.06730651855469,41.77487869262695,44.51994323730469,1.2131211618396438
vid_33cbe5f84565bf3d,range_torso_lean,29.169775034372623,5.3592037832053245,18.93823528289795,24.819334030151367,28.870444774627686,33.09027576446533,36.676877254247664,37.02707892656326,1.0251753608460932
vid_33cbe5f84565bf3d,mean_shoulder_depth_ratio,0.29120696577841837,0.11265152744448459,0.1311927834180655,0.15307494698775528,0.29513849220523,0.38957938693921024,0.44893328614401307,0.4678801438795257,1.3668888038962208
vid_33cbe5f84565bf3d,max_shoulder_depth_ratio,0.52226123213768,0.1828271285829718,0.32586991786956787,0.390278697013855,0.47701457142829895,0.5622395277023315,0.8800831556320188,0.9977226257324219,1.4417899496375732
vid_33cbe5f84565bf3d,range_shoulder_depth_ratio,0.3893291669329091,0.18000085146014913,0.21060311794281006,0.2685949057340622,0.3301750123500824,0.4065219312906265,0.7806046053767204,0.8051702380180359,1.3441576116833938
vid_33cbe5f84565bf3d,flexion_duration,1.2725316153846151,0.28306412539769044,0.8663000000000007,0.9995670000000003,1.2494780000000008,1.4826890000000006,1.7359221999999979,1.8158889999999985,-0.08645174653183034
vid_33cbe5f84565bf3d,extension_duration,1.3648051538461545,0.3542734263602807,0.716367,1.1828219999999998,1.432723000000001,1.5826660000000032,1.8791952,1.8991889999999998,2.2493005388700717e-06
vid_33cbe5f84565bf3d,flexion_fraction,0.4857643719840951,0.11146043372474261,0.31707443837599925,0.39583064121471717,0.46752939993381587,0.5361399014785448,0.663868434372351,0.7171032470650676,-0.0043104201826822735
vid_33cbe5f84565bf3d,active_start_angle,159.30192683293268,5.547474990136343,152.5381622314453,155.5454559326172,157.63955688476562,161.15223693847656,169.74165039062498,171.74282836914062,0.9902769075226105
vid_33cbe5f84565bf3d,active_end_angle,158.5493422288161,4.885243666037598,152.5381622314453,155.5454559326172,157.63955688476562,160.8230743408203,166.86178588867188,171.74282836914062,1.096162196439028
vid_33cbe5f84565bf3d,flexion_excursion,66.49177668644832,10.326524962797379,45.324668884277344,58.65901184082031,69.21829986572266,72.12376403808594,80.03690643310547,80.48794555664062,0.4100805267716953
vid_33cbe5f84565bf3d,extension_excursion,65.73919208233173,7.974418487249004,51.410438537597656,61.398529052734375,64.9719467163086,69.15108489990234,78.94144897460936,83.8232421875,0.2523399230364404
vid_33cbe5f84565bf3d,flexion_net_speed,55.434043932249935,16.646596535297466,30.569235277443433,41.199277300418494,50.30069607596531,72.89290405188211,79.16166401091158,80.52281193420811,0.10717077198558102
vid_33cbe5f84565bf3d,extension_net_speed,52.08502194273777,17.228789880102063,30.879647055002,43.38667687760262,48.56147883702185,52.82732263390451,84.17976824521988,97.95037862475148,0.25475488484344283
vid_3e2129fa15608b04,active_min_angle,76.38851470947266,3.088820561885267,72.9159164428711,74.29585456848145,75.71192169189453,77.58713912963867,81.47076454162597,84.1042251586914,-0.9784280698930242
vid_3e2129fa15608b04,active_max_angle,149.2192642211914,0.8688047770119802,147.9810333251953,148.42169952392578,149.2955322265625,149.9732894897461,150.37513732910156,150.37513732910156,-0.23530270752887913
vid_3e2129fa15608b04,active_rom,72.83074951171875,3.0542336565015544,65.98853302001953,71.12030029296875,73.4383773803711,75.16800689697266,75.99617042541504,76.29462432861328,0.47376376800998404
vid_3e2129fa15608b04,opposing_min_angle,83.59805831909179,3.2634413667185806,77.5697021484375,82.10802459716797,85.07464218139648,85.94027137756348,86.8654541015625,87.4881591796875,-0.3212998805056514
vid_3e2129fa15608b04,opposing_max_angle,137.5436981201172,2.4516600800643173,132.9346466064453,136.59406661987305,137.5404281616211,139.13282012939453,140.81162643432617,141.77584838867188,-1.0147909298049675
vid_3e2129fa15608b04,opposing_rom,53.94563980102539,4.417776843639237,47.940711975097656,51.27191925048828,52.12562561035156,56.36123085021973,61.108702087402335,64.20614624023438,-0.5257583611866258
vid_3e2129fa15608b04,duration,2.5061967999999997,0.3167544276094026,2.066189999999999,2.2746692499999996,2.4662995000000008,2.6494037499999994,2.996010899999999,3.2659560000000005,-0.4863391007301686
vid_3e2129fa15608b04,active_peak_abs_velocity,323.2795654296875,25.902273063443126,280.40765380859375,302.8797607421875,327.0766906738281,335.4738540649414,360.89225311279296,362.0347900390625,-0.13130465890911663
vid_3e2129fa15608b04,active_mean_abs_velocity,74.49810367355104,10.433888375547603,55.82697096383388,69.75469885863491,73.54188306644656,76.80883883549667,92.06747383958847,93.6651555369419,0.6716249975998705
vid_3e2129fa15608b04,opposing_peak_abs_velocity,207.9515869140625,24.516617670344324,160.98745727539062,204.2041893005371,209.89281463623047,223.93829727172852,238.98858337402342,245.30885314941406,-0.5201171209792205
vid_3e2129fa15608b04,opposing_mean_abs_velocity,49.7181959182587,4.2409538719952655,42.03928527116186,46.75159265966537,49.740859744032846,52.83890327433822,55.6663749375413,56.6330318888959,-0.3990088210510451
vid_3e2129fa15608b04,active_mean_flare,0.1177592947581639,0.007312152907494665,0.10647248784224966,0.11300161627324892,0.11893188235611202,0.12268056623508877,0.1273088777091897,0.12962980096829518,0.4104735301037725
vid_3e2129fa15608b04,active_max_flare,0.22002339810132981,0.014596502104654858,0.1977233737707138,0.20763267949223518,0.22345515340566635,0.2324628345668316,0.23748674020171165,0.2398383468389511,0.4372595522012718
vid_3e2129fa15608b04,opposing_mean_flare,0.028015462928063693,0.007696637980655352,0.01779941309819535,0.02190276378101654,0.026997222294312992,0.03426342909575436,0.03981687722572812,0.04117181453688791,-1.0971534439335595
vid_3e2129fa15608b04,opposing_max_flare,0.06812014319002628,0.018233262414736908,0.04019464552402496,0.05504933465272188,0.06218714825809002,0.08287552930414677,0.09642557278275489,0.10081321746110916,-1.458146754505382
vid_3e2129fa15608b04,mean_angle_asymmetry,8.857828839961781,0.7499384726547621,7.851383340013098,8.170038746607794,8.784053694190348,9.606070230808664,9.821905761594184,9.844386405336703,-0.045731026156198396
vid_3e2129fa15608b04,max_angle_asymmetry,20.813037872314453,1.2955539176473025,19.032554626464844,19.861373901367188,20.824405670166016,21.67399024963379,22.78673973083496,22.934165954589844,-0.40215104775343263
vid_3e2129fa15608b04,mean_flare_asymmetry,0.0922337151611128,0.011010214814869853,0.0748696742238802,0.08477321738858233,0.08826409854293164,0.10077780235478839,0.1088122054521694,0.11183038829669685,0.1638589996956021
vid_3e2129fa15608b04,max_flare_asymmetry,0.2086548164486885,0.016862325698462886,0.18179798126220703,0.19380426779389381,0.21204964816570282,0.21944783627986908,0.2311553411185741,0.23978157341480255,0.3333267032215462
vid_3e2129fa15608b04,mean_torso_lean,11.41515187630046,2.551566617113287,8.045497713547743,9.973764064342333,10.825511185217394,11.971115503407864,15.917183127869542,17.633810396524055,0.4482768731426365
vid_3e2129fa15608b04,max_torso_lean,26.959679794311523,2.3812998076517085,24.10064125061035,24.96590232849121,25.775338172912598,29.07002305984497,30.483583450317383,30.483583450317383,0.3489745292363141
vid_3e2129fa15608b04,range_torso_lean,25.060203367471694,2.68751929269222,22.038451671600342,23.254404306411743,24.13531482219696,26.59431791305542,29.689016792178155,29.832676470279694,0.5137276907949899
vid_3e2129fa15608b04,mean_shoulder_depth_ratio,0.08743042276942517,0.008622657010212394,0.07577779340052013,0.08125922724315988,0.08681015038402509,0.0911749151592222,0.10112150648919646,0.10791862907172456,-0.7990118223931776
vid_3e2129fa15608b04,max_shoulder_depth_ratio,0.1522460550069809,0.013211279093961548,0.13144844770431519,0.14200124889612198,0.15156186372041702,0.16338015720248222,0.17082801833748817,0.1721246987581253,-0.7900566093680336
vid_3e2129fa15608b04,range_shoulder_depth_ratio,0.13755582223384408,0.021452367495379987,0.1006162241101265,0.12095398269593716,0.14266471398150316,0.1537481505656615,0.16461428784532472,0.1646473528817296,-0.6184096643836151
vid_3e2129fa15608b04,flexion_duration,1.2231044999999998,0.4309524113505459,0.7332000000000001,0.8081775000000002,1.1997724999999986,1.5247190000000006,1.8763153,1.9663,-0.18965256517895107
vid_3e2129fa15608b04,extension_duration,1.2497655,0.30003904859409597,0.8331659999999985,1.0081417500000003,1.2497670000000003,1.4497250000000004,1.6913542000000001,1.7663440000000001,-0.41152077893493627
vid_3e2129fa15608b04,flexion_fraction,0.4872454145124145,0.13633941568894348,0.32051200182187345,0.34912956686419677,0.4846476947983855,0.617463605107022,0.6558092372751725,0.6794867652082396,0.11590016073976682
vid_3e2129fa15608b04,active_start_angle,148.0619125366211,1.6176608111602522,144.05960083007812,147.88689804077148,147.97985076904297,149.07043075561523,150.03302307128905,150.37513732910156,0.00012121639005364143
vid_3e2129fa15608b04,active_end_angle,147.5307373046875,2.530710203548803,140.90013122558594,147.51669311523438,147.97985076904297,149.07043075561523,150.03302307128905,150.37513732910156,0.07871247317118793
vid_3e2129fa15608b04,flexion_excursion,71.67339782714843,2.92932689392791,65.51065826416016,69.76596450805664,72.21623229980469,73.26846504211426,75.68716506958008,76.19611358642578,0.5865821435902712
vid_3e2129fa15608b04,extension_excursion,71.14222259521485,4.28486276502514,63.09815979003906,69.77812576293945,72.41799926757812,74.63201904296875,75.41125144958497,75.63139343261719,0.6619066302191123
vid_3e2129fa15608b04,flexion_net_speed,66.3593376642362,22.399840840126092,33.31671579319542,46.35352665708414,62.91016926852995,90.24574003594401,93.50987121532539,94.90188457116491,0.6640215775546469
vid_3e2129fa15608b04,extension_net_speed,60.69350933743632,16.866530311712893,40.96286309251712,49.856725778251665,51.700686263242076,70.68901613141719,89.52324043348607,89.64069278978462,0.41306291141890084
vid_4a4b044fd46cca10,active_min_angle,86.30051531110492,5.053344253156935,80.68527221679688,81.82572555541992,84.26922607421875,91.08503341674805,93.21978530883788,93.32759094238281,-0.15556280449852253
vid_4a4b044fd46cca10,active_max_angle,154.73774937220983,3.5859102583053297,149.5082550048828,151.36676025390625,156.5226593017578,157.88256072998047,158.4320281982422,158.6346893310547,0.6481190235626807
vid_4a4b044fd46cca10,active_rom,68.43723406110492,8.346656035817052,57.45696258544922,59.643577575683594,74.06705474853516,75.56438446044922,77.01347961425782,77.12069702148438,0.5117405815807482
vid_4a4b044fd46cca10,opposing_min_angle,87.65368107386998,2.7310225035031057,84.591796875,85.7422866821289,87.3561782836914,88.46529769897461,92.01381607055664,93.2126235961914,-0.006642573059640316
vid_4a4b044fd46cca10,opposing_max_angle,147.80990600585938,4.9907923054396734,141.85340881347656,144.8802032470703,146.0955047607422,149.3476333618164,155.9978775024414,158.26475524902344,-0.2654265677174632
vid_4a4b044fd46cca10,opposing_rom,60.1562249319894,6.4390627385227575,52.386512756347656,55.983802795410156,59.44140625,61.81254577636719,70.57676620483397,73.67295837402344,0.02043732478763393
vid_4a4b044fd46cca10,duration,2.4013572857142855,0.3135025221396442,1.8825220000000016,2.2490444999999992,2.4156449999999987,2.5155945,2.8421191999999995,2.9820559999999996,-0.5735364757330436
vid_4a4b044fd46cca10,active_peak_abs_velocity,610.9848763602121,215.3567507974592,308.4165344238281,419.3136291503906,635.3015747070312,807.7223205566406,877.9329650878906,879.1041259765625,2.647009248160459
vid_4a4b044fd46cca10,active_mean_abs_velocity,81.71320977763587,13.77033102395119,68.02534319556767,69.68681599770802,78.98174186180864,88.26480592031646,103.34346722853525,109.08213955002586,1.0948799718870728
vid_4a4b044fd46cca10,opposing_peak_abs_velocity,351.2538103376116,64.45357030281096,271.3193664550781,293.1162109375,340.4162902832031,410.6374816894531,436.3326171875,439.53363037109375,0.7775834242048408
vid_4a4b044fd46cca10,opposing_mean_abs_velocity,59.647711968983096,6.947145500186302,45.25824377853703,57.932547922209466,62.01685920127357,62.77308572063082,67.22763265517258,68.8476135173905,0.32752055028377397
vid_4a4b044fd46cca10,active_mean_flare,0.10399472177012622,0.024632444978355063,0.05793539699095873,0.08804902825824269,0.11861570542864798,0.12392452071473219,0.1269240267984599,0.12746485202532704,0.4050488035669725
vid_4a4b044fd46cca10,active_max_flare,0.1718247937304633,0.02931070757948057,0.11576072871685028,0.15500706434249878,0.1823004186153412,0.19665081799030304,0.20114387273788453,0.201396644115448,-0.05367238190186282
vid_4a4b044fd46cca10,opposing_mean_flare,0.0644318661112302,0.023215222723454266,0.04103610400178656,0.04243829754587126,0.05371116006837422,0.08729902584343877,0.09541288107580044,0.0968011519298306,-0.5723185276253208
vid_4a4b044fd46cca10,opposing_max_flare,0.13646624237298965,0.021182736667351855,0.09888399392366409,0.12883444875478745,0.1328582912683487,0.1498902663588524,0.16517824232578276,0.16607198119163513,-0.5954773532964632
vid_4a4b044fd46cca10,mean_angle_asymmetry,9.061591148586194,1.1248867676912946,7.8224532063385945,8.320977604003705,8.959269585053974,9.255548978650705,10.89023700503255,11.49636208340198,0.010262417462698759
vid_4a4b044fd46cca10,max_angle_asymmetry,23.205945696149552,4.705334584389967,17.044769287109375,18.887351989746094,24.756134033203125,25.98809814453125,29.735272216796872,30.889816284179688,0.18753763894393594
vid_4a4b044fd46cca10,mean_flare_asymmetry,0.060856103202317054,0.022129967891950982,0.028516110299663458,0.04126659931869816,0.06544131594311814,0.08148622299077209,0.08525413406882011,0.08652965155449731,-0.3998406281265082
vid_4a4b044fd46cca10,max_flare_asymmetry,0.1439061462879181,0.02825839744431617,0.11115802079439163,0.11822738870978355,0.13411621749401093,0.1721627041697502,0.179544922709465,0.18128859996795654,-1.0771760591861976
vid_4a4b044fd46cca10,mean_torso_lean,3.5555454267872943,1.5732807878983868,2.2532456852971086,2.3713219775059144,2.8488981427277023,4.211388505041334,6.2022531303344834,6.6212531943917545,-0.5606164629868515
vid_4a4b044fd46cca10,max_torso_lean,11.727617059435163,5.72650256221782,6.210138320922852,7.125169277191162,7.355254650115967,16.573899269104004,20.07370853424072,21.129789352416992,-1.0448863275884062
vid_4a4b044fd46cca10,range_torso_lean,11.261527687311172,5.586531591877844,5.946297854185104,6.6931862980127335,6.978577941656113,16.09525626897812,19.284606343507765,20.328932881355286,-1.3393942280085311
vid_4a4b044fd46cca10,mean_shoulder_depth_ratio,0.2223063867851793,0.12245195445786404,0.024712397005144094,0.12064895993388,0.2938963197579042,0.3246292398073616,0.3436253551483025,0.3469795912507238,1.353974468486537
vid_4a4b044fd46cca10,max_shoulder_depth_ratio,0.32925276458263397,0.11516316493329071,0.10086451470851898,0.27226825058460236,0.3800010085105896,0.42118291556835175,0.43677289187908175,0.437001496553421,0.7765031615826223
vid_4a4b044fd46cca10,range_shoulder_depth_ratio,0.22801219773620168,0.06488080364014033,0.10074444349447731,0.201314706413541,0.2530164122581482,0.26752372086048126,0.2948006751947105,0.3046476738527417,0.5365809349618039
vid_4a4b044fd46cca10,flexion_duration,1.13047,0.1667002271615557,0.8496330000000007,1.032889,1.1661669999999997,1.2328114999999997,1.3410957000000003,1.3660890000000006,-0.259425831941091
vid_4a4b044fd46cca10,extension_duration,1.2542265714285712,0.29273847877383036,0.8829660000000001,1.0745384999999996,1.1828329999999987,1.3827439999999998,1.7242585999999995,1.7992219999999999,-0.5620754607814668
vid_4a4b044fd46cca10,flexion_fraction,0.4780216184656371,0.07107545055959988,0.3799977830538073,0.42430760874760715,0.48550601081677375,0.5198643515309974,0.5786132058704673,0.5923036148316698,0.12192755236970358
vid_4a4b044fd46cca10,active_start_angle,151.40941074916296,4.3627113796163774,145.5716552734375,147.88410186767578,150.32688903808594,155.1965789794922,157.4209762573242,157.80596923828125,0.24070134083258116
vid_4a4b044fd46cca10,active_end_angle,152.39269365583147,4.921350758284642,143.5867462158203,149.12366485595703,153.87049865722656,156.61915588378906,157.47887420654297,157.80596923828125,0.6991700721808972
vid_4a4b044fd46cca10,flexion_excursion,65.10889543805804,9.00932627888641,54.494537353515625,55.673831939697266,67.87128448486328,72.46404266357422,76.58253173828125,77.12069702148438,0.33077573994651505
vid_4a4b044fd46cca10,extension_excursion,66.09217834472656,9.578230892685708,50.2591552734375,58.038631439208984,72.67465209960938,73.80189895629883,75.44138259887696,76.03038024902344,0.6760237015908721
vid_4a4b044fd46cca10,flexion_net_speed,58.03557523045793,6.239374651479941,50.502045146931025,51.92945321929125,57.387498542543824,64.65062513308618,65.05185224214566,65.19932621897578,0.4201332250680838
vid_4a4b044fd46cca10,extension_net_speed,55.74928612737495,15.7639853734322,32.43899048464222,44.9757507885557,56.53916236281368,63.715484642686505,78.19308210486705,83.8843791816844,0.6570638641937764
vid_4d1daeb09e2c1b0e,active_min_angle,89.60242233276367,4.308799358313009,82.1649169921875,86.02579689025879,90.78090286254883,93.00490951538086,95.04281616210938,95.47306823730469,0.47059613635442815
vid_4d1daeb09e2c1b0e,active_max_angle,150.00788269042968,4.383618452342983,142.08349609375,146.88738632202148,150.42040252685547,152.11375045776367,156.40211334228516,158.2287139892578,-0.09780203020594143
vid_4d1daeb09e2c1b0e,active_rom,60.405460357666016,7.857888580226577,48.694305419921875,54.34636306762695,59.031925201416016,68.12008285522461,71.34541778564453,72.33285522460938,-0.3964936586475767
vid_4d1daeb09e2c1b0e,opposing_min_angle,84.92306594848633,2.319260006922675,80.18294525146484,84.02118301391602,85.69194030761719,86.29713439941406,87.51420059204102,87.761962890625,-0.2361654107540234
vid_4d1daeb09e2c1b0e,opposing_max_angle,150.08845977783204,3.6596075878356817,144.66018676757812,147.20888137817383,150.0118865966797,153.1070785522461,155.09525985717772,156.2655029296875,0.0776208547310862
vid_4d1daeb09e2c1b0e,opposing_rom,65.1653938293457,3.1487496403065673,59.69792175292969,62.87438774108887,66.25333786010742,67.0313663482666,69.1416072845459,70.4031982421875,0.5290156764167177
vid_4d1daeb09e2c1b0e,duration,2.3906493000000006,0.37395255472614325,1.9158560000000033,2.0782732499999996,2.2990174999999997,2.7488365000000003,2.9037642499999983,2.948743999999998,-0.7743007089827507
vid_4d1daeb09e2c1b0e,active_peak_abs_velocity,327.2330780029297,92.26980812423264,207.16993713378906,274.0454559326172,299.6421661376953,397.6815643310547,474.8379684448241,502.81768798828125,-0.37859722028572634
vid_4d1daeb09e2c1b0e,active_mean_abs_velocity,67.37440197585948,7.358673512278184,56.95853588488435,64.01013310025998,67.09146267347857,68.4030773342518,78.75452969685915,86.482787730224,0.16974202227429785
vid_4d1daeb09e2c1b0e,opposing_peak_abs_velocity,300.04851989746095,70.50937922222603,228.93856811523438,254.93452072143555,288.8632507324219,300.0077590942383,422.9343215942381,491.0419616699219,0.2650288266557372
vid_4d1daeb09e2c1b0e,opposing_mean_abs_velocity,69.39223467343368,5.904575195635925,60.21676817906123,65.82466962038711,69.57108344278443,74.99620164721682,76.30377007666903,77.19491239080365,0.7746015238716267
vid_4d1daeb09e2c1b0e,active_mean_flare,0.10212801018513396,0.05499073895683488,0.03331495044155222,0.047569111524974096,0.10604546046389757,0.15549160391845077,0.16465320931224886,0.16564257135280333,0.1893779702101809
vid_4d1daeb09e2c1b0e,active_max_flare,0.17918342500925064,0.0687971568059959,0.09306929260492325,0.12411505728960037,0.1756603717803955,0.22582048922777176,0.27486297339200966,0.30791032314300537,-0.1328810331499717
vid_4d1daeb09e2c1b0e,opposing_mean_flare,0.10318430173853155,0.07281237003505442,0.025634838924715624,0.03225811591965966,0.10131087254212341,0.17229077566794135,0.1835389056698472,0.18514895452630772,0.3628483999817904
vid_4d1daeb09e2c1b0e,opposing_max_flare,0.16967737823724746,0.07849769963128746,0.06292473524808884,0.0927051417529583,0.18651167303323746,0.24792733415961266,0.25110784322023394,0.2511686086654663,0.05945942497569977
vid_4d1daeb09e2c1b0e,mean_angle_asymmetry,6.659710293787235,1.5443912150765968,4.204971326434189,6.105828573769246,6.868426512704254,7.263132754035069,8.894594600536369,9.79754233119272,-0.6579047396971295
vid_4d1daeb09e2c1b0e,max_angle_asymmetry,20.193083190917967,5.247722073769205,12.950958251953125,14.545585632324219,21.01711654663086,24.769733428955078,26.556557846069335,27.033889770507812,-0.3732478751123119
vid_4d1daeb09e2c1b0e,mean_flare_asymmetry,0.1269190679027339,0.010140454797081649,0.11056285643033098,0.11938425183923082,0.123746737717303,0.13780620606539173,0.13937974438540632,0.14000773320946644,1.0402442699519472
vid_4d1daeb09e2c1b0e,max_flare_asymmetry,0.22162884324789048,0.018760280731362666,0.19153478741645813,0.21072723343968391,0.2195693925023079,0.22825779393315315,0.25342748537659643,0.2568843364715576,0.46942516658913064
vid_4d1daeb09e2c1b0e,mean_torso_lean,6.5686612012290455,1.1711862556998978,4.966828600361377,5.980033078532737,6.265537538200448,7.156789017156981,8.469553856759712,8.751505876433901,-0.12847506416402027
vid_4d1daeb09e2c1b0e,max_torso_lean,17.75553693771362,2.4427794469516995,14.230354309082031,16.05107617378235,17.5136775970459,19.660878658294678,21.437154960632324,21.6081485748291,-0.2761912185096663
vid_4d1daeb09e2c1b0e,range_torso_lean,15.813440173864365,2.6824401155108526,11.359718322753906,13.96684805303812,15.519191443920135,17.38518448919058,19.93803271651268,20.570128798484802,-0.41691122956460774
vid_4d1daeb09e2c1b0e,mean_shoulder_depth_ratio,0.11448554411416804,0.0584417406766007,0.04783223677742113,0.05542905798109662,0.10691049603039704,0.17246412213529216,0.1867504925144317,0.1945321439824604,-0.5900371296388233
vid_4d1daeb09e2c1b0e,max_shoulder_depth_ratio,0.22614481002092363,0.04976030074003755,0.145069882273674,0.18342389911413193,0.23344317078590393,0.2665548026561737,0.2861805081367493,0.28879791498184204,-0.22854180524166243
vid_4d1daeb09e2c1b0e,range_shoulder_depth_ratio,0.18494917219686613,0.023719749873298605,0.1450234615658701,0.17002369463443756,0.17809169155952986,0.20011584568419494,0.2215798801684286,0.23321742564439774,-0.2476149534289792
vid_4d1daeb09e2c1b0e,flexion_duration,1.121187799999999,0.4145559977790206,0.5664219999999993,0.6997025000000004,1.2244724999999974,1.4160724999999994,1.6701169499999977,1.7825669999999967,-0.1383693023492109
vid_4d1daeb09e2c1b0e,extension_duration,1.252800000000001,0.35251676998888953,0.6830560000000006,0.9745912500000027,1.3161050000000003,1.5160197500000003,1.6851069000000005,1.7825669999999998,-0.2623066802058165
vid_4d1daeb09e2c1b0e,flexion_fraction,0.46690488712298145,0.14933077822453383,0.2698404077938161,0.3276166377727353,0.4919937771180985,0.5484264914230979,0.6904890149832753,0.7229681910008134,0.16748688886562535
vid_4d1daeb09e2c1b0e,active_start_angle,145.4753677368164,11.313869959727874,114.47802734375,143.85935974121094,148.16321563720703,151.14297103881836,156.013094329834,158.2287139892578,0.018916795219403437
vid_4d1daeb09e2c1b0e,active_end_angle,144.0846923828125,3.330395732736538,138.3385772705078,142.0503807067871,144.33731079101562,146.81259536743164,148.29386520385742,148.72360229492188,-0.30495357714515825
vid_4d1daeb09e2c1b0e,flexion_excursion,55.872945404052736,13.638561039528762,22.625961303710938,51.73841857910156,55.9391975402832,66.94524002075195,70.94720458984375,72.33285522460938,-0.3717192908939892
vid_4d1daeb09e2c1b0e,extension_excursion,54.482270050048825,5.503636630471738,48.15861511230469,50.74417495727539,52.369140625,57.72569274902344,63.94039268493652,66.55868530273438,-0.4408716486706284
vid_4d1daeb09e2c1b0e,flexion_net_speed,60.0323992300854,31.241766030960857,15.792157723423147,38.85211396823451,47.30046090896582,83.68471691495839,108.44287623293164,122.26508079099499,-0.02532353163254737
vid_4d1daeb09e2c1b0e,extension_net_speed,47.509381832053485,15.381468868885086,29.41977412678423,37.94610890231098,41.89122444966965,52.59211879487569,75.55671319305125,79.00477198460273,-0.08162136095610427
vid_5ecd6a78f9f6d143,active_min_angle,97.11912155151367,3.5293947693689067,88.433349609375,96.86043167114258,97.82061004638672,99.1250991821289,100.34303550720215,100.51713562011719,1.147530163861231
vid_5ecd6a78f9f6d143,active_max_angle,142.71294784545898,5.726904150492075,135.09609985351562,138.3048324584961,140.5181427001953,148.79101943969727,150.48691024780274,150.9867401123047,-1.308223740903496
vid_5ecd6a78f9f6d143,active_rom,45.59382629394531,8.067271244172378,37.314239501953125,38.34174156188965,42.260982513427734,53.0374870300293,57.66074752807617,60.10179138183594,-1.4095839910189654
vid_5ecd6a78f9f6d143,opposing_min_angle,87.44595623016357,6.296677281520238,75.48677062988281,84.53719902038574,89.9110107421875,92.59399795532227,93.20767478942871,93.35005187988281,0.34570631221876513
vid_5ecd6a78f9f6d143,opposing_max_angle,138.8475694656372,16.01492933173907,117.8780746459961,128.24353790283203,131.82461547851562,150.9642105102539,163.90503616333007,169.42662048339844,-1.5154558011781862
vid_5ecd6a78f9f6d143,opposing_rom,51.40161323547363,20.707623908000187,27.052703857421875,38.59659767150879,40.55198287963867,62.73433494567871,86.03225593566894,90.2690658569336,-1.3898457418638177
vid_5ecd6a78f9f6d143,duration,4.527235125000001,0.6543937196627951,3.5817890000000006,4.098250500000001,4.3981284999999986,5.0478445,5.4560088,5.514323000000001,2.839138749301354
vid_5ecd6a78f9f6d143,active_peak_abs_velocity,372.1379680633545,190.81988302668225,177.01560974121094,261.9407958984375,296.2753448486328,405.38765716552734,710.1470367431639,796.5750122070312,-0.40894547214527643
vid_5ecd6a78f9f6d143,active_mean_abs_velocity,47.49183900149164,8.348043753593249,36.471661953061584,42.40328346234837,46.20055463015554,50.56147296602573,60.90518733785567,64.97763331628377,-1.4557010414779568
vid_5ecd6a78f9f6d143,opposing_peak_abs_velocity,250.5455207824707,116.03941223639868,139.8290557861328,163.02251815795898,211.29348754882812,297.8369903564453,442.83728637695305,507.1470947265625,-0.506191242946224
vid_5ecd6a78f9f6d143,opposing_mean_abs_velocity,39.47052916834309,11.892426314271228,29.728404131921515,31.90782987979296,33.80825541043811,40.94558960543649,60.82325366582056,64.32703342767628,-1.3419467097771194
vid_5ecd6a78f9f6d143,active_mean_flare,0.13612804624929015,0.0213870017518738,0.09370623323573145,0.13173848452499642,0.1430011016971195,0.1476048924350642,0.15877451985704985,0.16426943960061755,0.8234351396888852
vid_5ecd6a78f9f6d143,active_max_flare,0.22622055001556873,0.03566632665560481,0.19729919731616974,0.20009489730000496,0.21930023282766342,0.22767740488052368,0.28698859661817544,0.3136395215988159,0.38769579712433677
vid_5ecd6a78f9f6d143,opposing_mean_flare,0.0493300860790208,0.006708726094070183,0.03880806549621738,0.0440631580347,0.04956062243903639,0.053092221409213596,0.05920080385498269,0.0607546378992191,-0.6538619933528951
vid_5ecd6a78f9f6d143,opposing_max_flare,0.1325690932571888,0.023060050356070675,0.10059615969657898,0.1173479463905096,0.12743821367621422,0.14313475042581558,0.16981031596660612,0.1796150505542755,-0.6616392249140454
vid_5ecd6a78f9f6d143,mean_angle_asymmetry,15.87507896308585,8.07642019130365,7.872096720026084,8.597855018581459,14.368313036618124,18.373150858981337,29.369192449672855,30.298155204612947,1.73882121452439
vid_5ecd6a78f9f6d143,max_angle_asymmetry,41.28674507141113,17.615618478933964,19.376968383789062,31.767589569091797,34.36629104614258,46.68573570251465,70.93367652893066,72.52529907226562,1.6288887051041199
vid_5ecd6a78f9f6d143,mean_flare_asymmetry,0.09152513006671575,0.021103191010710207,0.05811433319752888,0.08110257112705807,0.0937651851744757,0.10816130561305945,0.1167494895165993,0.12103954664441727,0.29973027101218164
vid_5ecd6a78f9f6d143,max_flare_asymmetry,0.19057289883494377,0.022006692826926157,0.164941668510437,0.1721113696694374,0.1923590824007988,0.1957881562411785,0.22543584033846853,0.2379179298877716,-0.023049208442981643
vid_5ecd6a78f9f6d143,mean_torso_lean,3.862797443569389,1.1470353609791655,2.621203303342249,2.780634270518211,3.537647799342634,4.889598030216855,5.514047080561415,5.617777396676153,-0.4735024291082079
vid_5ecd6a78f9f6d143,max_torso_lean,19.833763122558594,8.474343381511513,5.847482681274414,15.37937879562378,20.95275115966797,27.72285032272339,29.049434852600097,29.622087478637695,-0.015954069381264587
vid_5ecd6a78f9f6d143,range_torso_lean,19.532475031912327,8.542023243647444,5.445358157157898,15.180032905191183,20.505977645516396,27.44682325795293,28.912646674364805,29.447891354560852,0.12171816592645762
vid_5ecd6a78f9f6d143,mean_shoulder_depth_ratio,0.10073577398964113,0.035310591488768396,0.045691616987169656,0.08623526034640097,0.0891038464008981,0.1167940099125953,0.1555075685792983,0.1763226411349126,-0.775165246377484
vid_5ecd6a78f9f6d143,max_shoulder_depth_ratio,0.19053734187036753,0.07712170162091683,0.1204056665301323,0.15113427117466927,0.174581378698349,0.1875922828912735,0.3165413916110991,0.3850781321525574,-0.6321964223832341
vid_5ecd6a78f9f6d143,range_shoulder_depth_ratio,0.1889773632340166,0.07736386844902929,0.12039093727253203,0.14973690241458826,0.17212991451378912,0.1855210664216429,0.31560213864868264,0.38471988690434955,-0.31001359840462417
vid_5ecd6a78f9f6d143,flexion_duration,2.6051417499999987,1.415351455572321,0.0,1.5660052499999972,3.0403724999999984,3.9483169999999994,3.9983,3.9983000000000004,3.631884826093284
vid_5ecd6a78f9f6d143,extension_duration,1.9054305000000016,0.9202405221702925,0.6663780000000004,1.2327967499999994,1.7909000000000006,2.515586500000003,3.2677653000000038,3.565133000000003,0.8056499661521149
vid_5ecd6a78f9f6d143,flexion_fraction,0.5479145936544774,0.27472472883864113,0.0,0.38182771748407046,0.6320612059977959,0.7652045365849947,0.8395822578571044,0.8550732769701137,1.151088767858354
vid_5ecd6a78f9f6d143,active_start_angle,126.52780818939209,18.770861613053928,95.39844512939453,120.37944793701172,131.87468719482422,138.4858055114746,146.73895797729492,150.9867401123047,-1.6507177613794535
vid_5ecd6a78f9f6d143,active_end_angle,134.97970008850098,6.6264806133253735,128.2571563720703,130.43695068359375,133.45765686035156,136.22824478149414,146.4376724243164,148.53514099121094,-1.4508995043185229
vid_5ecd6a78f9f6d143,flexion_excursion,29.408686637878418,16.313716185909172,0.0,25.260290145874023,33.570308685302734,38.33596992492676,47.95341682434081,53.12738037109375,-1.6886752717741917
vid_5ecd6a78f9f6d143,extension_excursion,37.860578536987305,9.64013882006389,29.430259704589844,32.63571548461914,33.823848724365234,38.4158935546875,55.1630989074707,60.10179138183594,-1.4609469281809024
vid_5ecd6a78f9f6d143,flexion_net_speed,10.133502127766183,5.522310111313169,0.0,7.442271082475081,9.893222947319405,13.664691026943046,17.6595750333416,19.5651803941446,-1.677276018064686
vid_5ecd6a78f9f6d143,extension_net_speed,24.013226306347846,10.247113507765704,12.900287718600705,15.203354492900594,22.83137463487902,28.083903988962273,40.75536824348178,45.71408435966052,-1.042796205855455
vid_6dbe8779159bce47,active_min_angle,98.73268127441406,6.7112804824179015,90.63131713867188,93.50686073303223,96.25826644897461,106.27964401245117,107.67711486816407,108.01045227050781,0.9972961390464282
vid_6dbe8779159bce47,active_max_angle,146.23350143432617,4.956405270611698,135.80882263183594,143.25160598754883,148.02598571777344,150.42945098876953,150.90538787841797,151.14010620117188,-0.39048815851465274
vid_6dbe8779159bce47,active_rom,47.50082015991211,10.637523451980101,29.788650512695312,39.03129959106445,50.70601272583008,57.15589904785156,58.6122631072998,59.04582977294922,-0.8994410238680012
vid_6dbe8779159bce47,opposing_min_angle,90.9577579498291,9.842762924442598,76.78665924072266,84.33647727966309,92.14088821411133,94.28804397583008,105.67573165893553,110.68511199951172,0.6532391365051335
vid_6dbe8779159bce47,opposing_max_angle,144.2079563140869,6.8094020611643575,132.15281677246094,140.59175491333008,143.2532196044922,148.82869720458984,153.92358627319337,156.03648376464844,-0.51439069776428
vid_6dbe8779159bce47,opposing_rom,53.25019836425781,11.621268573905928,30.23345184326172,48.689247131347656,58.12005615234375,62.63394737243652,63.26855354309082,63.507568359375,-0.07821458381253875
vid_6dbe8779159bce47,duration,2.544749124999999,0.41396235574277807,1.8825219999999945,2.3323424999999998,2.4656169999999986,2.757161750000001,3.1719792499999993,3.3818900000000003,-0.48751396591370905
vid_6dbe8779159bce47,active_peak_abs_velocity,346.75914764404297,185.8671261452159,133.96202087402344,228.40341567993164,327.1797180175781,380.8879928588867,648.0670883178709,781.7989501953125,-0.1303759788551135
vid_6dbe8779159bce47,active_mean_abs_velocity,56.22619076798621,10.036703248359329,38.94408930511435,48.79070751425569,56.864140711076885,64.84349730682439,68.93925191654745,70.1273086267456,-0.6260074736342878
vid_6dbe8779159bce47,opposing_peak_abs_velocity,289.2007064819336,128.09005917118836,171.5137939453125,199.5041046142578,237.77685546875,340.44104766845703,503.3937896728514,585.7708740234375,-0.24288626414726408
vid_6dbe8779159bce47,opposing_mean_abs_velocity,55.73815917954292,8.613378346319639,37.206714300116225,52.00361213263704,58.26713059678437,61.587874442389705,64.63115043121114,66.1023509752976,0.10560069966917764
vid_6dbe8779159bce47,active_mean_flare,0.09708085984346168,0.06506100658506603,0.0322362050178818,0.04562238725391187,0.05806603663775475,0.16558528276547638,0.19115380946881216,0.19739045264756025,-0.6338169913502504
vid_6dbe8779159bce47,active_max_flare,0.18870765902101994,0.06164793479351372,0.12462754547595978,0.13966652378439903,0.1561940237879753,0.24810504913330078,0.28061511367559433,0.28533896803855896,-0.36509372795975914
vid_6dbe8779159bce47,opposing_mean_flare,0.1364882055047835,0.05748051521949937,0.061010725531257484,0.06958844056692944,0.15947719190685578,0.18381811744041537,0.20048928955082082,0.20692535371403517,1.505611987062894
vid_6dbe8779159bce47,opposing_max_flare,0.21631794702261686,0.06969623660494546,0.11548621207475662,0.14060930535197258,0.23993152379989624,0.2769946902990341,0.2933066964149475,0.299704372882843,0.7115455341087272
vid_6dbe8779159bce47,mean_angle_asymmetry,11.796633177948513,1.681304170616417,9.124422909280826,10.300785712574696,12.291086481456826,12.733371556007992,13.99158264805262,14.645956061368961,1.075005464555529
vid_6dbe8779159bce47,max_angle_asymmetry,25.92428207397461,5.673410354098406,15.663665771484375,21.124374389648438,29.442428588867188,30.458654403686523,30.728556060791014,30.829978942871094,0.8903977113706858
vid_6dbe8779159bce47,mean_flare_asymmetry,0.1258030612607585,0.022068514295397402,0.09916714415919443,0.10532898343863763,0.12202484593295916,0.14122303173370693,0.15924194760764762,0.16082586112460995,0.9977152858659968
vid_6dbe8779159bce47,max_flare_asymmetry,0.24119701981544495,0.02656953875720922,0.19288888573646545,0.22034161910414696,0.24686778336763382,0.2631342485547066,0.27247038632631304,0.27442821860313416,0.9634936990913793
vid_6dbe8779159bce47,mean_torso_lean,7.526590029420049,1.761371095166147,4.199128829168628,6.838430553976118,7.6514998890254535,8.45760279114479,9.898955543966775,10.290056763873594,0.04682342059703423
vid_6dbe8779159bce47,max_torso_lean,18.211073398590088,3.097721491573673,14.008864402770996,16.66862988471985,18.38119602203369,19.37126111984253,22.722459030151366,24.2166748046875,-0.21054548060254905
vid_6dbe8779159bce47,range_torso_lean,14.89601443707943,3.7585739627237134,9.823712825775146,12.39203655719757,14.593373775482178,15.418760150671005,21.184683030843733,22.997398376464844,-0.5169100245652959
vid_6dbe8779159bce47,mean_shoulder_depth_ratio,0.1268527543465262,0.06591359166432947,0.05019261581179635,0.06872166631226678,0.11808217965264298,0.18032903472812378,0.21586901127707536,0.23051955926820775,-0.47388991537790415
vid_6dbe8779159bce47,max_shoulder_depth_ratio,0.2520264722406864,0.05798884271313455,0.16331760585308075,0.21122075989842415,0.25519634783267975,0.29286549985408783,0.33062773644924165,0.3336266577243805,-0.07936574313047119
vid_6dbe8779159bce47,range_shoulder_depth_ratio,0.209090403493974,0.051820531940846355,0.15306596457958221,0.17574466938822297,0.1934313252568245,0.22677518118871376,0.29645975960957,0.32491795120586175,-0.08706343501589842
vid_6dbe8779159bce47,flexion_duration,1.0183156249999994,0.24234328507250708,0.4997889999999998,0.9246059999999997,1.091199999999998,1.216145000000001,1.2486378499999997,1.2661339999999992,-0.4150757252430102
vid_6dbe8779159bce47,extension_duration,1.5097733750000002,0.47016641782908564,0.7830000000000013,1.1536745000000002,1.5076884999999995,1.765916500000001,2.2123888,2.3989780000000005,0.16862218837433665
vid_6dbe8779159bce47,flexion_fraction,0.4130271800189088,0.11938475336572375,0.21126876066036676,0.3086232126074768,0.4514773559203672,0.4943280855240322,0.5597302673447528,0.5803557168628387,-0.11703341923810837
vid_6dbe8779159bce47,active_start_angle,143.67633056640625,4.79637759480113,133.43568420410156,141.95336532592773,143.53280639648438,147.19329071044922,149.4352249145508,150.41610717773438,-0.4557173196334088
vid_6dbe8779159bce47,active_end_angle,138.421724319458,10.555242584539851,118.59158325195312,131.2878761291504,140.92523956298828,147.90876388549805,149.72390441894532,150.41610717773438,-0.6643445239438398
vid_6dbe8779159bce47,flexion_excursion,44.94364929199219,9.474758838126846,27.415512084960938,38.87227249145508,48.294403076171875,52.06541633605957,55.12049179077148,55.629539489746094,-0.8218023440747757
vid_6dbe8779159bce47,extension_excursion,39.689043045043945,17.006751767764303,10.581130981445312,25.00823211669922,44.66697311401367,56.2382755279541,57.282593917846675,57.80706787109375,-0.8645258418049736
vid_6dbe8779159bce47,flexion_net_speed,49.16498341016836,23.568046571478682,24.933755650085338,37.704991039822524,42.5598313929084,49.88940760002181,90.51083657290306,102.76773321779295,-0.23467592285517788
vid_6dbe8779159bce47,extension_net_speed,28.473544536538196,14.23790769742793,8.705253974215138,19.33772817049806,28.9842395817428,37.19916903632332,48.48843390592608,54.37556202231992,-0.7325115462985292
vid_762b204cd565ac52,active_min_angle,88.64864942762587,1.58269711305994,86.60589599609375,87.50697326660156,88.51538848876953,89.92082214355469,91.06730346679687,91.21133422851562,0.25274563073426615
vid_762b204cd565ac52,active_max_angle,151.204833984375,3.4183783349509964,146.70559692382812,150.17498779296875,151.4091033935547,151.45460510253906,156.69415893554688,159.12350463867188,0.02305371539024966
vid_762b204cd565ac52,active_rom,62.55618455674913,3.371718249796063,58.577354431152344,59.32373046875,62.70777893066406,64.84870910644531,67.73887634277344,69.20268249511719,-0.17444460955150515
vid_762b204cd565ac52,opposing_min_angle,82.88132222493489,3.3961781542477727,76.12802124023438,81.98786163330078,82.6570816040039,83.53926086425781,87.97521362304687,89.58282470703125,-0.6547169590716256
vid_762b204cd565ac52,opposing_max_angle,143.09356350368924,7.674224395627339,130.6331024169922,137.21763610839844,143.75323486328125,147.06204223632812,154.69475402832032,158.6214141845703,-0.47059288823035045
vid_762b204cd565ac52,opposing_rom,60.21224127875434,4.893013577220575,53.16175079345703,56.44429016113281,61.68303680419922,63.240966796875,67.27922973632812,69.03858947753906,0.18779730980633996
vid_762b204cd565ac52,duration,2.5452139999999996,0.7346042461138134,1.8492120000000014,2.1157670000000017,2.382332999999999,2.615555999999998,3.7883801999999993,4.481411,-0.6308802251747636
vid_762b204cd565ac52,active_peak_abs_velocity,434.0450507269965,184.19447820210513,277.0135803222656,344.9845886230469,391.03955078125,425.73553466796875,748.7129882812499,924.54150390625,0.44525133308941556
vid_762b204cd565ac52,active_mean_abs_velocity,66.7363281720869,10.369438715128078,44.93525730749372,62.38484726793522,68.44332737886721,75.01049457488813,78.05356687974593,78.74139015094639,0.2749255357888169
vid_762b204cd565ac52,opposing_peak_abs_velocity,323.1567857530382,49.05427522680027,233.4693603515625,286.3526611328125,343.93511962890625,357.9049377441406,382.2021789550781,392.6921081542969,0.8125686001488169
vid_762b204cd565ac52,opposing_mean_abs_velocity,63.741630900936165,6.228337396372494,48.31582323639798,62.151577387391356,65.36121637491266,66.40017615935513,70.39745831266389,72.22495541613605,0.5254493399799931
vid_762b204cd565ac52,active_mean_flare,0.07957450921919813,0.03905579276833985,0.04983522880140171,0.05388055058246488,0.06165531568631644,0.07152156406796252,0.1522827943914283,0.1568181900944431,-0.5722348339838572
vid_762b204cd565ac52,active_max_flare,0.13848725209633508,0.05293319366144966,0.09722800552845001,0.10465600341558456,0.11175772547721863,0.14936424791812897,0.23609122037887573,0.25390541553497314,-0.8951712022826418
vid_762b204cd565ac52,opposing_mean_flare,0.13686339437664496,0.057187177553745215,0.027978924896093795,0.12635959894566665,0.16081290390322114,0.18018831652627745,0.18795868628202786,0.19117126410341592,1.531854029690732
vid_762b204cd565ac52,opposing_max_flare,0.19917544970909754,0.05899625701755084,0.09153302013874054,0.19045618176460266,0.22491900622844696,0.237282857298851,0.25102040767669676,0.25497952103614807,0.528290544980837
vid_762b204cd565ac52,mean_angle_asymmetry,9.08306809049369,2.1907074207754773,5.253755880879439,8.674620212500242,10.176742781535959,10.296965370606248,11.438360194666283,12.036014652985434,0.39932825189543825
vid_762b204cd565ac52,max_angle_asymmetry,23.24510955810547,5.2487805291372975,13.450973510742188,21.369308471679688,24.649070739746094,25.377410888671875,30.27267150878906,32.45530700683594,0.17148006652725883
vid_762b204cd565ac52,mean_flare_asymmetry,0.10916184470167428,0.016528208320025987,0.07592507017365972,0.10707860669376887,0.1116769596790331,0.1175007758922837,0.12973624216655238,0.13720507022206738,0.7421329700562096
vid_762b204cd565ac52,max_flare_asymmetry,0.19864411486519706,0.03246567741165046,0.1446031630039215,0.174857497215271,0.1921352744102478,0.2188059240579605,0.24398379921913146,0.25023385882377625,-0.027099867912227505
vid_762b204cd565ac52,mean_torso_lean,5.270970774454376,1.5350020261232549,3.477255489964449,4.33491950352372,4.726227540295091,6.102810007257014,7.8339004236550585,8.983749245232435,-0.32316917692236996
vid_762b204cd565ac52,max_torso_lean,19.641790495978462,5.850684009087773,8.996564865112305,14.688539505004883,19.88861846923828,25.993879318237305,26.88520736694336,27.472946166992188,-0.09647774897380554
vid_762b204cd565ac52,range_torso_lean,18.409989510973293,6.129236819286117,8.48313444852829,13.843130350112915,17.937461614608765,25.431014120578766,26.325775223970414,26.641303777694702,-0.15571065919422616
vid_762b204cd565ac52,mean_shoulder_depth_ratio,0.15301904088879167,0.04107380232505221,0.06774855416110591,0.16360636142481966,0.16916199615312158,0.18044314341370402,0.182343828619514,0.1832435233774419,0.05716507974169505
vid_762b204cd565ac52,max_shoulder_depth_ratio,0.25439860423405963,0.021338949873298433,0.21028928458690643,0.2465115189552307,0.26187247037887573,0.26634061336517334,0.2776532292366028,0.2785989046096802,-0.03358311241534686
vid_762b204cd565ac52,range_shoulder_depth_ratio,0.1773461091005528,0.03334385121198092,0.13907401263713837,0.14574402570724487,0.16336467117071152,0.20917589170858264,0.22601459425932263,0.22781355351617094,-0.4017545849080666
vid_762b204cd565ac52,flexion_duration,1.2476161111111113,0.5729433300464934,0.7330110000000012,0.9162779999999984,1.082878,1.3827439999999989,2.2090531999999996,2.748822,-0.4323542399502576
vid_762b204cd565ac52,extension_duration,1.2809369999999998,0.35544118951741577,0.5997559999999993,0.999566999999999,1.3660889999999988,1.4827000000000012,1.7459263999999997,1.7659219999999998,-0.1498776423862245
vid_762b204cd565ac52,flexion_fraction,0.48513212681689094,0.11633529016097766,0.3492025153637279,0.38194514497423426,0.4545503657187017,0.5845051668325107,0.6662658022833987,0.6999953980579807,-0.0954536827070623
vid_762b204cd565ac52,active_start_angle,147.62768724229602,9.162314625833318,126.20700073242188,147.09274291992188,151.4091033935547,151.45460510253906,156.69415893554688,159.12350463867188,0.35163232467986455
vid_762b204cd565ac52,active_end_angle,140.25774976942273,6.342697587889958,125.38090515136719,139.36935424804688,140.5450897216797,141.90232849121094,148.49412231445314,150.17498779296875,-0.7043854264522705
vid_762b204cd565ac52,flexion_excursion,58.979037814670136,9.662142543611312,35.355743408203125,58.577354431152344,62.70777893066406,64.84870910644531,67.73887634277344,69.20268249511719,0.02677720135139162
vid_762b204cd565ac52,extension_excursion,51.609100341796875,6.9380201728269055,34.16957092285156,50.66802978515625,52.029701232910156,54.35087585449219,59.194009399414064,59.32373046875,-0.45954235682761313
vid_762b204cd565ac52,flexion_net_speed,54.285131369706555,20.685882347976555,21.915099412570523,42.363123203682235,47.03005386474313,64.89842527585034,87.78552228132571,94.40879126659365,-0.03726505988733145
vid_762b204cd565ac52,extension_net_speed,45.77622961431373,21.239282958017352,19.913114861041525,35.13537039261524,40.01060934022388,52.93370301296547,80.50483293447502,98.37238442868471,-0.17645946061070902
vid_769bc27d1c4abfab,active_min_angle,83.4545429774693,8.367171859229021,69.62786865234375,79.01199722290039,80.17877197265625,89.57289695739746,97.55782012939453,98.50508880615234,-0.5488984215906022
vid_769bc27d1c4abfab,active_max_angle,164.22357722691126,7.195698502580327,155.13446044921875,156.90151977539062,163.87146759033203,169.46864700317383,175.0597366333008,175.1175994873047,1.5464146910118088
vid_769bc27d1c4abfab,active_rom,80.76903424944196,12.883115192653188,58.87323760986328,72.6279468536377,79.7230339050293,93.44723701477051,95.69750518798828,96.73080444335938,0.8534040116061969
vid_769bc27d1c4abfab,opposing_min_angle,84.11321912493024,12.231954987152562,68.89141845703125,75.9176082611084,81.56085968017578,87.03185653686523,109.76862411499023,111.41696166992188,-0.8059020481736943
vid_769bc27d1c4abfab,opposing_max_angle,163.7451618739537,8.601992325837204,149.4593505859375,156.87224197387695,164.5191879272461,169.1505126953125,176.71011352539062,178.03994750976562,1.3483581159623832
vid_769bc27d1c4abfab,opposing_rom,79.63194274902344,15.845907266113088,44.74974060058594,69.96123504638672,82.86314392089844,85.85770988464355,103.50884742736817,108.1170425415039,1.7691026694719294
vid_769bc27d1c4abfab,duration,2.8392654285714287,0.23371974880298538,2.5155889999999985,2.657197500000002,2.7821450000000008,3.0320362500000004,3.193641350000001,3.215299999999999,0.05736182429069633
vid_769bc27d1c4abfab,active_peak_abs_velocity,388.4269496372768,97.14066073378771,274.4835205078125,314.9725036621094,372.7490234375,428.9420623779297,535.8180679321289,666.3113403320312,0.2803820148766044
vid_769bc27d1c4abfab,active_mean_abs_velocity,77.86399721140943,16.14479093285361,61.69405657385206,65.65080010757174,69.85296782239286,88.34506230915193,108.57314052329855,110.94595031791953,0.3846043624133845
vid_769bc27d1c4abfab,opposing_peak_abs_velocity,380.9700437273298,117.83931839298042,221.7294464111328,292.8573455810547,337.0986328125,431.8717803955078,585.7303009033203,602.1641845703125,0.7445983547594788
vid_769bc27d1c4abfab,opposing_mean_abs_velocity,75.88725716285481,14.478104926639249,48.86242744887923,63.86918115360872,76.54303471123077,86.72836927739996,97.9906533673703,99.21829139469818,1.187221888485088
vid_769bc27d1c4abfab,active_mean_flare,0.08682871619266319,0.04497991995132713,0.025305832959855758,0.049444001871942575,0.08791712249386628,0.10193480952822487,0.158250497214581,0.1933978148224781,-0.12165445344854484
vid_769bc27d1c4abfab,active_max_flare,0.6457783978964601,0.6910811963552708,0.08652055263519287,0.18989809229969978,0.4041646271944046,0.7033865377306938,2.118989199399948,2.405636787414551,2.5929301434431995
vid_769bc27d1c4abfab,opposing_mean_flare,0.10964458959936543,0.04241327671341396,0.0685726577638452,0.07757949197844893,0.10032205376782677,0.1180350356981124,0.1992915306362938,0.21488484197662636,0.34342158903982956
vid_769bc27d1c4abfab,opposing_max_flare,0.5540784065212522,0.40036403738436155,0.15092554688453674,0.18821274489164352,0.4916303902864456,0.6836590617895126,1.2342309474945068,1.4339354038238525,3.783986436973365
vid_769bc27d1c4abfab,mean_angle_asymmetry,9.278148973570186,3.5444647432369507,4.664457314186727,7.931365900687838,8.727035929115438,10.490258784273948,14.876548092165347,19.65754536585147,-0.06395209616452535
vid_769bc27d1c4abfab,max_angle_asymmetry,28.66990770612444,17.231507999174763,14.813278198242188,19.302770614624023,20.347740173339844,31.538049697875977,59.09684295654296,78.77975463867188,-0.4736423169519607
vid_769bc27d1c4abfab,mean_flare_asymmetry,0.0750901359586731,0.023393148878533495,0.04703634822845398,0.060657127390732875,0.07205947301141816,0.08283480215646494,0.11099423154153622,0.14320447591857338,-0.23637884777815255
vid_769bc27d1c4abfab,max_flare_asymmetry,0.4347397748913084,0.47499911734616695,0.12261022627353668,0.19832460954785347,0.22978348284959793,0.45913682132959366,1.3117819786071774,1.9647109508514404,0.6542881005850286
vid_769bc27d1c4abfab,mean_torso_lean,20.37729472446198,3.289274598477299,14.647676793488545,18.86476700074655,19.7714342263643,22.0447288635658,26.154405297587772,26.53983000820547,1.5797699133169016
vid_769bc27d1c4abfab,max_torso_lean,33.82182257516043,4.271545105013504,24.092126846313477,31.636972427368164,33.67871284484863,37.04413604736328,39.559377098083495,40.98854446411133,0.9470285271130305
vid_769bc27d1c4abfab,range_torso_lean,25.52373946564538,5.233496205058665,18.452398777008057,21.553751468658447,24.067925453186035,29.88695615530014,33.58554441332817,35.58962881565094,0.5064488756171385
vid_769bc27d1c4abfab,mean_shoulder_depth_ratio,0.19706002843267686,0.08547657063641717,0.09331787794593688,0.1376516292099574,0.15689086376503772,0.24705877593646675,0.35213920275703353,0.3581629624436384,-0.070412632883893
vid_769bc27d1c4abfab,max_shoulder_depth_ratio,0.7098241831575122,0.2636431817906013,0.26497286558151245,0.4390677586197853,0.7861815690994263,0.9663302153348923,0.9918162077665329,0.9970195889472961,3.5619545190770703
vid_769bc27d1c4abfab,range_shoulder_depth_ratio,0.6602403185991405,0.26285536437722995,0.2636533858021721,0.4036535394843668,0.7096838739234954,0.8941689425264485,0.9855749709240627,0.9958771986421198,5.316268366034534
vid_769bc27d1c4abfab,flexion_duration,1.3601333571428567,0.30326422876278575,0.5497669999999957,1.2411334999999997,1.3910725000000013,1.5659999999999998,1.7284359500000002,1.782566,0.20753319106922283
vid_769bc27d1c4abfab,extension_duration,1.462471357142858,0.25963569065426156,0.9329220000000014,1.349422250000003,1.4410495,1.5576747499999994,1.9549994500000034,1.965833,0.018731050184916883
vid_769bc27d1c4abfab,flexion_fraction,0.4799735772307305,0.09706040093810278,0.22000069629717783,0.4380982592502247,0.49449432014244515,0.5378278201979595,0.595897518434746,0.6455747658527372,0.185046565922038
vid_769bc27d1c4abfab,active_start_angle,155.99232918875558,8.004668236907278,136.3767852783203,152.0835723876953,154.60323333740234,161.7107048034668,167.8463478088379,168.375732421875,0.679042486462107
vid_769bc27d1c4abfab,active_end_angle,156.20685250418526,8.031312288878535,136.3767852783203,152.58165740966797,154.73983001708984,161.43215560913086,168.22680053710937,168.375732421875,0.7907361033752924
vid_769bc27d1c4abfab,flexion_excursion,72.53778621128627,10.945494616822915,52.24773406982422,62.7956657409668,75.00924301147461,81.41254615783691,85.45054244995117,86.21598052978516,0.7510191071445517
vid_769bc27d1c4abfab,extension_excursion,72.75230952671596,13.34678395980317,44.12300109863281,68.37890815734863,74.68029403686523,84.16869354248047,87.78767471313476,89.19400787353516,0.7863431169285068
vid_769bc27d1c4abfab,flexion_net_speed,57.28481173351958,18.784027197458702,35.280379602363745,43.611874050213196,51.96068199907208,66.63588676692713,87.42113499192564,103.9332871774764,0.18047791847766267
vid_769bc27d1c4abfab,extension_net_speed,50.66234366746149,10.062929175695144,32.697703978912955,42.6367275219719,54.11235819573581,57.175515012910296,64.78346215011412,65.30055020569692,0.5346818338232086
vid_871bc1a5b112709b,active_min_angle,86.16938247680665,1.9127620110126333,83.07671356201172,84.58439064025879,85.89282989501953,87.4360237121582,89.02144584655761,89.10868072509766,0.0005619667154580356
vid_871bc1a5b112709b,active_max_angle,148.22787780761718,1.873178308286414,145.42599487304688,146.47151947021484,148.45079803466797,149.47605514526367,150.81295471191407,151.76626586914062,-0.3385604106730471
vid_871bc1a5b112709b,active_rom,62.058495330810544,2.671173532109028,58.20844268798828,59.54193115234375,62.94658279418945,64.3361759185791,65.33736610412598,65.42414093017578,-0.1600190706911413
vid_871bc1a5b112709b,opposing_min_angle,87.19780654907227,1.5071300027952816,84.82508850097656,86.6038818359375,87.18204498291016,88.10090255737305,89.3662883758545,89.9863052368164,-0.03065811044491365
vid_871bc1a5b112709b,opposing_max_angle,133.52643814086915,8.600130874972189,122.378173828125,124.33633995056152,136.4971466064453,141.74424743652344,142.78328628540038,143.2707977294922,-1.1061750346711094
vid_871bc1a5b112709b,opposing_rom,46.32863159179688,9.1805206040662,32.39586639404297,37.73245811462402,49.827842712402344,54.25038528442383,56.44437675476074,56.49833679199219,-0.6973106763781878
vid_871bc1a5b112709b,duration,3.8850082,0.7718922830303204,2.5155889999999985,3.1819752500000007,4.014956499999999,4.57303925,4.799626450000001,4.814610999999999,2.1795410319297455
vid_871bc1a5b112709b,active_peak_abs_velocity,389.1619445800781,76.57339997652917,285.29681396484375,337.12862396240234,360.807861328125,445.59249114990234,512.5720703124999,523.4714965820312,0.1727453558212799
vid_871bc1a5b112709b,active_mean_abs_velocity,60.20500398034109,6.593020838465796,53.26673865220844,54.67926970431509,57.43000010529699,65.4677651243031,70.9891422812078,71.6835482946915,-0.5819800802109515
vid_871bc1a5b112709b,opposing_peak_abs_velocity,177.32227935791016,13.336371896851347,155.93814086914062,168.6204605102539,176.34305572509766,182.51824951171875,198.38801422119138,207.97975158691406,-0.853678116148603
vid_871bc1a5b112709b,opposing_mean_abs_velocity,43.90083582971754,3.930836865807013,38.68814433183643,41.361258991443016,42.62755557370703,45.23464646438875,50.928004707259085,51.761614219087015,-0.8199948617380965
vid_871bc1a5b112709b,active_mean_flare,0.05653055230527489,0.008168601018129653,0.04440131302851583,0.0501572527673636,0.057658260642385994,0.06424468611443357,0.06580308925293281,0.06588316040120792,-0.6408133059798136
vid_871bc1a5b112709b,active_max_flare,0.11788905188441276,0.012513164746575297,0.10102836787700653,0.10917915403842926,0.11519591882824898,0.1213978435844183,0.13979704231023787,0.1399455964565277,-0.8541572358401057
vid_871bc1a5b112709b,opposing_mean_flare,0.1286992996291105,0.02307254580333691,0.09374538344548251,0.1120306022832472,0.12548050944175915,0.14591283833765048,0.16227933586614157,0.16498389562677993,0.8376967531788179
vid_871bc1a5b112709b,opposing_max_flare,0.23754654824733734,0.046160151395099644,0.14946608245372772,0.21030135452747345,0.24040120840072632,0.28101444989442825,0.2917645528912544,0.29500260949134827,0.7172788860271518
vid_871bc1a5b112709b,mean_angle_asymmetry,7.426856089531479,1.2639046957315325,5.552039379224515,6.3545791093370125,7.359126137869756,8.230618856540376,9.386183800717397,9.790257298321322,-0.5010926967934205
vid_871bc1a5b112709b,max_angle_asymmetry,25.25638198852539,2.8604697239014616,20.77417755126953,23.484130859375,25.209285736083984,27.74824333190918,29.037630081176758,29.565505981445312,0.2555022610828047
vid_871bc1a5b112709b,mean_flare_asymmetry,0.08432690091556763,0.02686490193423,0.05075605260237256,0.054546997327941625,0.09093580963428527,0.10766999900799502,0.11785913929213208,0.12122071287627795,0.22984755920878566
vid_871bc1a5b112709b,max_flare_asymmetry,0.2249523177742958,0.04855196597090955,0.14011384546756744,0.20089805126190186,0.23273269087076187,0.2629418410360813,0.28334974944591523,0.2854536473751068,0.7076652716515889
vid_871bc1a5b112709b,mean_torso_lean,5.535811532411223,0.5950730889211518,4.714876569430861,5.042220007575221,5.460691865040905,5.956179262177997,6.429435564890643,6.7051328911404156,-0.23027308695112902
vid_871bc1a5b112709b,max_torso_lean,10.741515827178954,2.157976262542354,8.865707397460938,9.313568353652954,9.699718475341797,11.240010261535645,14.803338813781735,15.671248435974121,-0.8674790779318262
vid_871bc1a5b112709b,range_torso_lean,9.749566081166268,1.9433169951449951,7.870894968509674,8.641076974570751,8.79084062576294,10.200838640332222,13.38385356068611,14.257937788963318,-1.1436493304833444
vid_871bc1a5b112709b,mean_shoulder_depth_ratio,0.1787683565651435,0.014670055156168453,0.15646116647141384,0.1686384783679262,0.17663600403140317,0.18567766040041275,0.20241148681664015,0.20855846031235278,0.1348691415267934
vid_871bc1a5b112709b,max_shoulder_depth_ratio,0.24425151199102402,0.0166036647681725,0.21854957938194275,0.23503119498491287,0.24347372353076935,0.25054775178432465,0.2694120466709137,0.28389066457748413,-0.15975560651491585
vid_871bc1a5b112709b,range_shoulder_depth_ratio,0.15430470630526544,0.017356155420228978,0.10937806963920593,0.14878912083804607,0.15738998726010323,0.16361811570823193,0.17334891185164453,0.17360050976276398,-0.46428831894733125
vid_871bc1a5b112709b,flexion_duration,2.0491245000000005,0.9484575484188262,0.6497220000000041,1.24113525,1.8825280000000002,3.0237084999999997,3.266113250000002,3.348578,1.2279154410944255
vid_871bc1a5b112709b,extension_duration,1.8192255,0.6666254020868475,0.7663439999999966,1.4202307500000009,1.8075609999999998,2.1865717500000015,2.82213325,3.181978000000001,0.843125562325134
vid_871bc1a5b112709b,flexion_fraction,0.5120181672516391,0.19080184679174436,0.25999976790094165,0.3380629320268994,0.5135358268989277,0.6790915004928559,0.7590549425787327,0.8050842047406364,0.31876260522062033
vid_871bc1a5b112709b,active_start_angle,141.9024887084961,3.6780909020063235,134.28720092773438,139.63922119140625,142.9722900390625,143.74618911743164,146.6931137084961,147.70741271972656,-0.5131723244363825
vid_871bc1a5b112709b,active_end_angle,144.13455810546876,3.015342344440063,138.2105712890625,142.76662063598633,143.9377670288086,146.18387985229492,148.31274337768554,148.80801391601562,-0.34703722704308515
vid_871bc1a5b112709b,flexion_excursion,55.733106231689455,3.339883481397355,50.0689697265625,53.354814529418945,55.437286376953125,58.89492225646973,60.19571495056152,60.53026580810547,-0.4012690335165833
vid_871bc1a5b112709b,extension_excursion,57.96517562866211,3.7141611891271373,51.033424377441406,56.348623275756836,57.48652267456055,59.11606025695801,64.09152870178222,64.58435821533203,-0.15939239493142673
vid_871bc1a5b112709b,flexion_net_speed,36.06194344874264,21.603304837909295,16.334974566040376,19.950996482342717,28.715733853677897,46.99541528225639,72.88065180472582,88.59934157416501,-0.8460493521307968
vid_871bc1a5b112709b,extension_net_speed,37.058023014104435,15.810011620242749,17.326719338126704,27.956116953043953,33.54363777185779,39.501244697744305,65.51090228256695,75.23299968441914,-0.5025842965666144
vid_8c19cbd3c181b15a,active_min_angle,89.86723109654018,5.530152018976202,81.26313781738281,85.42410278320312,91.38521575927734,93.71459579467773,96.89240493774413,98.14486694335938,0.528706502648629
vid_8c19cbd3c181b15a,active_max_angle,152.53737095424108,4.761478707134981,148.2657928466797,148.59871673583984,148.75856018066406,156.67686462402344,159.4596694946289,160.1860809326172,-0.30094051483456485
vid_8c19cbd3c181b15a,active_rom,62.670139857700896,9.868434499850112,50.12092590332031,54.929439544677734,57.28270721435547,73.36164093017578,74.59139404296874,74.70518493652344,-0.5021595037267809
vid_8c19cbd3c181b15a,opposing_min_angle,90.64625767299107,1.8677430165933435,88.4400634765625,88.95251083374023,91.17111206054688,91.44827651977539,93.36740951538086,94.11105346679688,0.5194927745698554
vid_8c19cbd3c181b15a,opposing_max_angle,147.6574249267578,3.7330813153919187,142.20669555664062,144.64679718017578,147.56448364257812,150.7620391845703,152.43722839355468,153.01312255859375,-0.13675437992897593
vid_8c19cbd3c181b15a,opposing_rom,57.01116725376674,3.4024632263920433,51.03558349609375,55.41078567504883,56.86717224121094,58.850215911865234,61.52800903320312,62.653411865234375,-0.17175481157423186
vid_8c19cbd3c181b15a,duration,2.3061605714285727,0.3717593976223471,1.8158900000000031,1.9158499999999998,2.548922000000001,2.6155554999999997,2.695514100000001,2.7155010000000015,-0.34411155695469436
vid_8c19cbd3c181b15a,active_peak_abs_velocity,493.3517543247768,152.11830047848773,338.3429260253906,379.5227355957031,409.6674499511719,582.2604675292969,738.3927673339842,781.885498046875,0.6131616933629508
vid_8c19cbd3c181b15a,active_mean_abs_velocity,78.14924948214072,18.176014496643415,58.62602233279975,61.926204831747896,75.51085160324628,90.29468282036137,105.87502789441804,108.46609713472041,0.8248230416604987
vid_8c19cbd3c181b15a,opposing_peak_abs_velocity,333.5487147739955,100.54447610322687,255.3416748046875,282.1805114746094,305.11285400390625,318.134765625,500.38601684570295,573.7559204101562,0.4265868829357001
vid_8c19cbd3c181b15a,opposing_mean_abs_velocity,60.401633579707436,8.1415959994547,48.04891784162187,55.03933561047877,57.798069104420435,67.28503562973978,71.39943524070583,72.31570563147257,0.07784027557079307
vid_8c19cbd3c181b15a,active_mean_flare,0.09924683073349302,0.02906389210082954,0.06043216944421911,0.07680740273451135,0.08570842047493257,0.129663755598887,0.13455387513214917,0.13564490854850267,-0.15954970580011418
vid_8c19cbd3c181b15a,active_max_flare,0.1543957335608346,0.025929326425367483,0.11684378981590271,0.1352383717894554,0.15449681878089905,0.17472656071186066,0.18917496651411056,0.1894996613264084,-0.38533956700934885
vid_8c19cbd3c181b15a,opposing_mean_flare,0.08712316809088834,0.01282159578410411,0.06604876788052386,0.07958753452603556,0.08371032187967482,0.09793745741678533,0.1039968755636345,0.10505310299037791,0.017059485893862057
vid_8c19cbd3c181b15a,opposing_max_flare,0.1796566950423377,0.03603331554394564,0.13297723233699799,0.153517946600914,0.18032029271125793,0.20378586649894714,0.2287450060248375,0.22969171404838562,-0.016117594547579155
vid_8c19cbd3c181b15a,mean_angle_asymmetry,8.59133800989519,1.168392786067381,6.836706506580748,7.888189776342108,8.37320342602048,9.433402673584661,10.214909438757294,10.28627123681158,-0.17702574613387143
vid_8c19cbd3c181b15a,max_angle_asymmetry,23.222489493233816,3.5948376416565897,19.401527404785156,20.358936309814453,21.110755920410156,25.86553955078125,28.49885864257812,29.59619140625,-0.3592036497110373
vid_8c19cbd3c181b15a,mean_flare_asymmetry,0.048718342788992404,0.010205289158751494,0.031611579173425455,0.04273857327538662,0.05178489616707566,0.05374928677946576,0.06172912803035504,0.06465620407274095,-0.7371403728649327
vid_8c19cbd3c181b15a,max_flare_asymmetry,0.12841410615614482,0.013562181296710885,0.10269047319889069,0.12316318973898888,0.13484781980514526,0.13695790618658066,0.13991063833236694,0.14111825823783875,-1.0639349241309985
vid_8c19cbd3c181b15a,mean_torso_lean,3.725806141820502,1.3093603675831782,2.224389746790728,2.419687328067016,3.882550694341248,4.722496062514853,5.543637321353303,5.689335770447797,-0.4298786215444828
vid_8c19cbd3c181b15a,max_torso_lean,11.287390300205775,4.691757290644044,5.41673469543457,6.336000919342041,13.369791030883789,15.11180830001831,16.809562397003173,17.329587936401367,-0.5897620702675753
vid_8c19cbd3c181b15a,range_torso_lean,10.687141269312374,4.428023094186165,4.792447090148926,6.210975005757064,12.36599051952362,14.60474407672882,15.742138302326202,16.020113110542297,-0.7574926459537658
vid_8c19cbd3c181b15a,mean_shoulder_depth_ratio,0.1927636023352617,0.09563530185722947,0.08544008097886771,0.11001545407524754,0.1484045288674548,0.28075947797743295,0.3243447381416912,0.33395074239514827,-0.1586414255142845
vid_8c19cbd3c181b15a,max_shoulder_depth_ratio,0.31570551437991007,0.09746143132752469,0.1341148465871811,0.2809576541185379,0.28335434198379517,0.3876495510339737,0.4381182253360748,0.45525500178337097,0.11373242709914759
vid_8c19cbd3c181b15a,range_shoulder_depth_ratio,0.23595347548169748,0.05163328383334386,0.1333208540454507,0.21418456733226776,0.26280735433101654,0.2746117068454623,0.2774070964194834,0.27795357163995504,0.6390573465576537
vid_8c19cbd3c181b15a,flexion_duration,1.056690428571429,0.3505693267744652,0.4164890000000021,0.8579669999999995,1.0828659999999999,1.3660830000000006,1.4493776999999997,1.4493779999999994,-0.43237915489576223
vid_8c19cbd3c181b15a,extension_duration,1.2328078571428571,0.2757640089436872,0.7830000000000001,1.13285,1.1828330000000005,1.316105499999999,1.6509612000000002,1.765911000000001,-0.5620754607814628
vid_8c19cbd3c181b15a,flexion_fraction,0.45497628897493836,0.12188987575421273,0.23148128592501122,0.3754256614286634,0.506579708599648,0.5577829942898712,0.5757293815720392,0.58035571686284,0.26991433917909924
vid_8c19cbd3c181b15a,active_start_angle,149.54994201660156,4.470025951892972,145.35557556152344,146.1548614501953,147.47610473632812,152.48663330078125,156.54047088623048,156.73492431640625,-0.051514619649119145
vid_8c19cbd3c181b15a,active_end_angle,147.87420000348772,3.925954626880733,140.9309539794922,145.62904357910156,147.47610473632812,151.39866638183594,152.54571228027345,152.65692138671875,0.02565327494684872
vid_8c19cbd3c181b15a,flexion_excursion,59.68271092006138,9.157288405891514,47.75764465332031,52.16679763793945,56.09088897705078,69.1714096069336,71.0936508178711,71.2540283203125,-0.3627885413071632
vid_8c19cbd3c181b15a,extension_excursion,58.00696890694754,9.313101175097723,42.78608703613281,52.97471237182617,53.970359802246094,65.97456359863281,70.05132293701172,71.39378356933594,-0.35279732185290846
vid_8c19cbd3c181b15a,flexion_net_speed,64.80974082768175,26.372787379843086,36.17911801641971,44.624442400625185,60.123105146827974,76.72491827481218,107.56746288821176,114.66724127964982,0.5409411857221369
vid_8c19cbd3c181b15a,extension_net_speed,50.916890378324425,19.494624943767278,30.562332870821955,36.45772153696721,45.23555831213663,58.262549087556245,81.81176974060111,91.17980021626555,0.08703104778711007
vid_a098f327a26fe877,active_min_angle,86.25817732377486,3.7253739334509617,78.17103576660156,86.01720809936523,87.19540405273438,89.06956100463867,89.67959976196289,89.81651306152344,0.12581671775575293
vid_a098f327a26fe877,active_max_angle,150.04744096235797,5.230144366917629,142.63128662109375,146.9314193725586,148.56069946289062,152.71515655517578,158.83444213867188,160.72569274902344,-0.32512639893370465
vid_a098f327a26fe877,active_rom,63.789263638583094,8.493381211836176,53.51087188720703,59.541683197021484,61.26737976074219,65.82752227783203,79.95742416381836,81.14269256591797,-0.26145548907998717
vid_a098f327a26fe877,opposing_min_angle,84.915883844549,1.9583775260570324,80.11583709716797,84.27019500732422,85.26068878173828,86.3387336730957,87.02716064453125,87.21843719482422,-0.2956413242968982
vid_a098f327a26fe877,opposing_max_angle,151.38169167258522,4.8817211308571835,141.484619140625,149.12313842773438,151.3311309814453,152.6419219970703,159.38778686523438,161.3444061279297,0.19317735681184814
vid_a098f327a26fe877,opposing_rom,66.46580782803622,6.031123614394888,54.26618194580078,63.5339241027832,65.48465728759766,70.03628158569336,75.59801483154297,78.35823059082031,0.4716260370497787
vid_a098f327a26fe877,duration,2.418667090909091,0.37060474650506364,1.7825780000000009,2.1657395000000017,2.5155889999999985,2.6488674999999997,2.9487450000000006,3.0820229999999995,-0.40149145609437453
vid_a098f327a26fe877,active_peak_abs_velocity,349.85963301225144,75.16545407730261,227.452880859375,309.61012268066406,355.1738586425781,380.71861267089844,466.4066619873047,526.5357666015625,0.1219609161975277
vid_a098f327a26fe877,active_mean_abs_velocity,68.08062607844347,7.051005547887525,55.42277355601868,61.59311274610383,71.64791857991312,73.50065904016185,76.84282173318252,77.4243464841127,0.524262736886038
vid_a098f327a26fe877,opposing_peak_abs_velocity,366.2271894975142,209.80444030785316,229.0489959716797,254.94879150390625,280.66845703125,341.3214111328125,765.0040588378906,965.7608642578125,0.18355391801597243
vid_a098f327a26fe877,opposing_mean_abs_velocity,68.3972901120049,6.957792112698359,56.33260790278421,63.586378937777056,69.23025749658854,74.44762555462688,76.92793486174713,77.58295099260866,0.7544304525640076
vid_a098f327a26fe877,active_mean_flare,0.11617376090622704,0.06580698957658782,0.038499666287153574,0.04352553350967933,0.1540306586825241,0.17082141456719319,0.19631000609920501,0.20168677260500661,1.0126720044651052
vid_a098f327a26fe877,active_max_flare,0.18209266391667453,0.06666026117707297,0.08163770288228989,0.10974965617060661,0.21921992301940918,0.23817016184329987,0.25138456374406815,0.260443776845932,0.3867377870753211
vid_a098f327a26fe877,opposing_mean_flare,0.10246685750404168,0.06972471180497163,0.03310121863088169,0.03784282935410124,0.047357108695679266,0.1798238141049529,0.1880104802570149,0.18867731516864128,-0.6971532879894279
vid_a098f327a26fe877,opposing_max_flare,0.16868490319360385,0.07645563900707116,0.08053501695394516,0.09588788822293282,0.14018739759922028,0.24377824366092682,0.26530520617961884,0.2709084749221802,-0.5060123255561917
vid_a098f327a26fe877,mean_angle_asymmetry,6.084062791084086,1.3755808535776923,3.5601631564650082,5.160004186748395,6.222567998418413,6.697350552934667,8.27619566383649,8.541885564828211,-0.8643006443562334
vid_a098f327a26fe877,max_angle_asymmetry,20.302364696155895,6.502402775297046,12.776260375976562,14.153167724609375,21.801589965820312,22.909156799316406,30.968910217285156,34.18544006347656,-0.2555909421818065
vid_a098f327a26fe877,mean_flare_asymmetry,0.13435100285795248,0.01601290555814145,0.11158143124847139,0.12584275453919153,0.12844025441770573,0.14454952195255466,0.15982785349733963,0.1653475711983404,1.1561693814331169
vid_a098f327a26fe877,max_flare_asymmetry,0.2195654267614538,0.014392894140627537,0.18795885145664215,0.2150777280330658,0.22220055758953094,0.22739144414663315,0.23857001960277557,0.2454187422990799,0.5170461373572889
vid_a098f327a26fe877,mean_torso_lean,7.081301360317091,1.1600561496474013,5.533355289335003,5.777616176190547,7.289529354471292,8.008279392677839,8.680065897172376,8.745477617009996,0.0010408737639817083
vid_a098f327a26fe877,max_torso_lean,17.35798133503307,3.5570236197723006,11.65786075592041,15.41814374923706,15.749126434326172,19.719542503356934,23.20383071899414,24.963825225830078,-0.40971606341797834
vid_a098f327a26fe877,range_torso_lean,15.244386178526012,3.7131238978642886,8.588271617889404,13.230279982089996,15.356927156448364,16.260222531855106,21.0744449198246,24.007645428180695,-0.4344376105918778
vid_a098f327a26fe877,mean_shoulder_depth_ratio,0.11703643988995914,0.05055582227904127,0.06021812997316167,0.06990920761898045,0.08507346298971061,0.16366354154808882,0.18839968738920837,0.18916381826306602,-0.8170674181039278
vid_a098f327a26fe877,max_shoulder_depth_ratio,0.23997772146355023,0.03511049867749027,0.1880083680152893,0.21723155677318573,0.23997414112091064,0.25824058055877686,0.29749739170074463,0.3070896863937378,-0.18375458017351032
vid_a098f327a26fe877,range_shoulder_depth_ratio,0.2108133035451994,0.03539972665180596,0.14649789035320282,0.19164814188843593,0.20901624497491866,0.2253565156042896,0.2636863708321471,0.2876420384272933,0.0760553574183224
vid_a098f327a26fe877,flexion_duration,1.0601527272727271,0.27164309315553625,0.6997,0.8246440000000002,0.9829229999999995,1.2744505,1.4660449999999994,1.5160230000000006,-0.6398853547740205
vid_a098f327a26fe877,extension_duration,1.3418543636363636,0.4117322667094312,0.8163109999999989,1.1245219999999998,1.282777000000003,1.499372,2.0074834999999993,2.365667000000002,-0.33727136835504784
vid_a098f327a26fe877,flexion_fraction,0.44788596764944183,0.11056157764868838,0.22825978096586788,0.3733874902540121,0.4605249232305108,0.5463093882233865,0.58251384636467,0.5983590385477352,-0.05349827564513299
vid_a098f327a26fe877,active_start_angle,144.30784884366122,14.408800861423215,103.19476318359375,141.90283203125,148.45550537109375,152.71515655517578,157.4893035888672,160.0152130126953,0.048877576634532835
vid_a098f327a26fe877,active_end_angle,141.23187949440697,5.720119894004242,127.63789367675781,139.0309600830078,142.88101196289062,145.35861206054688,146.8916015625,147.11813354492188,-0.4583444590126044
vid_a098f327a26fe877,flexion_excursion,58.04967151988637,16.817408424476685,13.378250122070312,53.63230514526367,60.531890869140625,65.82752227783203,78.61228561401367,80.43221282958984,-0.1013270069052962
vid_a098f327a26fe877,extension_excursion,54.9737021706321,7.547386595570043,40.44248962402344,51.367671966552734,55.943878173828125,59.47148895263672,65.30534744262695,65.7548828125,-0.24424484851916192
vid_a098f327a26fe877,flexion_net_speed,59.193745287020306,20.7232189488333,8.824569364759181,50.32330942763146,57.61921792018757,78.55687147157593,80.26185615395461,81.43932984795987,0.4303662554363129
vid_a098f327a26fe877,extension_net_speed,44.63656915734194,13.988129419964396,24.521002621732563,34.768843623157565,44.851916322088556,52.58828504251923,67.04184815168051,68.5316311134921,0.06768425157074184
vid_a7e0a74bb2cacc23,active_min_angle,73.35556897250089,13.123329219961537,45.91056442260742,68.78453063964844,77.87222290039062,82.1335220336914,88.81708145141602,91.33479309082031,-0.7706947992461312
vid_a7e0a74bb2cacc23,active_max_angle,158.0761982310902,2.0605196049019674,154.26954650878906,156.69396209716797,157.93630981445312,159.70862579345703,160.69007110595703,160.92001342773438,0.8209193036864412
vid_a7e0a74bb2cacc23,active_rom,84.72062925858931,12.251284741540726,69.58522033691406,75.23709869384766,80.0640869140625,89.63903045654297,106.84613990783691,108.35898208618164,0.8740061633579393
vid_a7e0a74bb2cacc23,opposing_min_angle,98.44469451904297,11.080508255383522,84.02957916259766,87.8467025756836,105.60287475585938,107.14803314208984,111.89400100708008,112.92249298095703,2.5098446199073527
vid_a7e0a74bb2cacc23,opposing_max_angle,144.98072537508878,2.8847615199244023,138.3872833251953,144.3917465209961,145.33810424804688,146.94874572753906,148.0188446044922,148.57595825195312,-0.33176950988340254
vid_a7e0a74bb2cacc23,opposing_rom,46.53603085604581,10.82423642166831,32.137611389160156,38.03080368041992,39.7352294921875,56.68149185180664,61.853729248046875,62.36845397949219,-1.4508244943311868
vid_a7e0a74bb2cacc23,duration,2.558005363636364,0.37671978586073596,1.8159,2.332339499999998,2.615555999999998,2.7654955,3.1153440000000012,3.281933000000002,-0.2294068439293745
vid_a7e0a74bb2cacc23,active_peak_abs_velocity,1133.4352361505682,687.2502922598069,465.03106689453125,546.6851806640625,703.0504760742188,1627.5221557617188,2243.0005493164062,2623.250244140625,3.2576923065629257
vid_a7e0a74bb2cacc23,active_mean_abs_velocity,147.74296557589443,36.15265905900305,93.75285613661381,125.34842886638788,135.51485856757472,169.00638745381147,202.36140922257445,233.9994785301512,5.493509377134666
vid_a7e0a74bb2cacc23,opposing_peak_abs_velocity,436.36118386008525,77.11675586367849,325.419921875,377.0204772949219,416.5772705078125,483.32130432128906,561.6502380371094,600.2603759765625,1.534796983446438
vid_a7e0a74bb2cacc23,opposing_mean_abs_velocity,92.20249382951573,11.168306047509677,77.96688617240147,81.59719417583437,93.07595458403723,100.43823262519183,108.16596754317021,112.08144918569734,2.1656881977544495
vid_a7e0a74bb2cacc23,active_mean_flare,0.10355874791542811,0.020523493735075383,0.06706423536804898,0.0972720296916145,0.10291420525776948,0.11256740831975359,0.13543393161224074,0.13571240765033976,0.13565424233915088
vid_a7e0a74bb2cacc23,active_max_flare,0.22998179766264829,0.06639341089166165,0.16078457236289978,0.17964080721139908,0.18763622641563416,0.2795264720916748,0.34316326677799225,0.35321396589279175,0.009978093717681862
vid_a7e0a74bb2cacc23,opposing_mean_flare,0.12438742291144406,0.020932159282313227,0.09919063332243906,0.10806598848739346,0.11274856203121181,0.13944874720400985,0.15838844991000137,0.1650350260051354,0.5875587686491174
vid_a7e0a74bb2cacc23,opposing_max_flare,0.24818490852009167,0.041140336945751955,0.19583606719970703,0.21121931076049805,0.248839870095253,0.27070166170597076,0.3171904534101486,0.3264976441860199,0.8202880481962882
vid_a7e0a74bb2cacc23,mean_angle_asymmetry,25.861403376650753,3.1144906170408846,21.063446183998497,23.632624413930266,24.953909198017126,29.04669399537876,30.36859374322806,30.937159132698273,5.121642138552551
vid_a7e0a74bb2cacc23,max_angle_asymmetry,56.0445556640625,13.336399757561693,42.475486755371094,47.37091827392578,51.851829528808594,57.411827087402344,81.70594024658203,89.84844970703125,4.251405642178264
vid_a7e0a74bb2cacc23,mean_flare_asymmetry,0.06126735836218957,0.010921515615590823,0.039909434904542344,0.05170586925430376,0.06470794260892201,0.0703324650254529,0.07385905620539816,0.07450047910102686,-0.41795420712297965
vid_a7e0a74bb2cacc23,max_flare_asymmetry,0.16086028448560022,0.0215086056909453,0.11582658439874649,0.15256353467702866,0.1636679470539093,0.17044400423765182,0.19266165792942047,0.1950569748878479,-0.5423247659875285
vid_a7e0a74bb2cacc23,mean_torso_lean,2.80517418291964,1.0333033840956212,1.4235505556453751,1.9610782603588701,2.4985869820474753,3.7335586974682275,4.365609366450444,4.460721959665342,-0.6049243156681138
vid_a7e0a74bb2cacc23,max_torso_lean,9.324154702099888,5.4374522795067115,3.0773861408233643,4.055211424827576,10.190043449401855,13.57212781906128,17.45987319946289,17.676925659179688,-0.8303758374595405
vid_a7e0a74bb2cacc23,range_torso_lean,9.056919319385832,5.335429266835523,3.0325086899101734,3.9067882522940636,9.184216618537903,13.345041062682867,17.07324030250311,17.14246253669262,-1.101160267462906
vid_a7e0a74bb2cacc23,mean_shoulder_depth_ratio,0.204576150658653,0.11013714026626029,0.0568053980482987,0.09355864250416672,0.27243170195060545,0.3024654906244939,0.32744417366149936,0.32851336476001297,1.1308160218466141
vid_a7e0a74bb2cacc23,max_shoulder_depth_ratio,0.35868499224836176,0.11537702395955242,0.18443679809570312,0.2592303603887558,0.41689974069595337,0.46847517788410187,0.48509731888771057,0.48925405740737915,1.0295424097104668
vid_a7e0a74bb2cacc23,range_shoulder_depth_ratio,0.2601293542876109,0.0410455971990903,0.1835741371032782,0.24022509902715683,0.2638277373916935,0.28942663222551346,0.31481512635946274,0.3194800913333893,0.6497371354618416
vid_a7e0a74bb2cacc23,flexion_duration,1.453924,0.36898515820016387,0.7996659999999993,1.2744549999999997,1.432722,1.5909834999999992,2.057455000000001,2.2323769999999996,0.29400777630109737
vid_a7e0a74bb2cacc23,extension_duration,1.0874183636363637,0.2615932007561878,0.44981100000000396,1.0162335000000011,1.1495230000000003,1.2494724999999978,1.3827439999999998,1.4493880000000008,-0.6369996615211143
vid_a7e0a74bb2cacc23,flexion_fraction,0.568246025721445,0.1029045319654824,0.44444827323642866,0.5059656683879269,0.5294116608553653,0.6231425674214666,0.7454068195663648,0.8071420853870601,0.4302481963750102
vid_a7e0a74bb2cacc23,active_start_angle,152.28561540083453,5.318137589272828,142.2316436767578,148.29244232177734,154.58799743652344,155.72669982910156,159.49346160888672,159.67721557617188,0.6774807501334804
vid_a7e0a74bb2cacc23,active_end_angle,152.91857494007456,4.214530545679565,146.41445922851562,149.24437713623047,154.2386016845703,155.26111602783203,159.1564712524414,159.67721557617188,0.7379420926562773
vid_a7e0a74bb2cacc23,flexion_excursion,78.93004642833363,13.01088036201101,61.62700653076172,70.17584228515625,76.54667663574219,80.20397186279297,104.11096382141113,105.33329772949219,0.8415346629154278
vid_a7e0a74bb2cacc23,extension_excursion,79.56300596757369,10.609256837965308,67.30093383789062,72.27977752685547,77.67274475097656,81.58866882324219,99.30088996887207,104.2807502746582,0.9509414966667815
vid_a7e0a74bb2cacc23,flexion_net_speed,57.933906067375915,17.523511552385997,34.2893143208975,44.62453930543751,59.21588205067419,65.99692430962486,84.55872751231934,98.9175645626972,0.5008770288609297
vid_a7e0a74bb2cacc23,extension_net_speed,78.25672378997545,24.28803846764024,58.90895454239212,63.1554818719282,71.94812588117064,82.70127193812516,117.57289628100304,149.62047134883326,1.434127076324821
vid_aa01d8740a74fd7d,active_min_angle,90.36368656158447,9.172220073731262,76.46891784667969,84.54896545410156,89.44000625610352,93.58853340148926,104.9126438140869,109.21949005126953,0.34165632159122766
vid_aa01d8740a74fd7d,active_max_angle,160.48035621643066,6.8883114629096935,154.2256622314453,155.25217056274414,155.90727996826172,167.45306396484375,170.6055908203125,170.6055908203125,0.5728969511653446
vid_aa01d8740a74fd7d,active_rom,70.11666965484619,13.584812212552738,46.19023895263672,61.948747634887695,69.52200698852539,80.0894889831543,88.5500331878662,89.93330383300781,0.23718571418322226
vid_aa01d8740a74fd7d,opposing_min_angle,93.08737754821777,8.592246301874,81.3670425415039,86.74885177612305,92.67345428466797,99.52530288696289,105.24721488952636,106.76976776123047,0.7266878124344321
vid_aa01d8740a74fd7d,opposing_max_angle,162.89737510681152,11.123411880864177,150.11280822753906,154.2331657409668,157.82603454589844,175.42694473266602,178.0511848449707,178.5672607421875,0.7620850936398609
vid_aa01d8740a74fd7d,opposing_rom,69.80999755859375,18.005885565028063,48.255348205566406,54.87592697143555,63.824066162109375,87.97769927978516,94.77754173278808,95.72571563720703,0.34764641633873095
vid_aa01d8740a74fd7d,duration,2.586393375,0.3547563814704177,1.9491669999999992,2.357316500000001,2.6155395,2.807150500000002,3.0686977,3.1153450000000005,-0.2294352472634783
vid_aa01d8740a74fd7d,active_peak_abs_velocity,425.1371612548828,126.20657061936177,310.6354064941406,341.7505187988281,369.01573181152344,456.04901123046875,647.2592681884765,674.43359375,0.24673042935932435
vid_aa01d8740a74fd7d,active_mean_abs_velocity,70.97131693440039,10.389830004957442,59.12792885079246,64.42381815513032,67.7342239871771,74.78223414680294,88.01566494989335,94.8876398222235,0.21975286511717185
vid_aa01d8740a74fd7d,opposing_peak_abs_velocity,389.9922103881836,162.05029170284612,204.1742706298828,239.56377029418945,350.08038330078125,518.0713119506836,632.4808990478515,644.4954223632812,0.8736665135913093
vid_aa01d8740a74fd7d,opposing_mean_abs_velocity,70.96179712435605,19.371988936823833,47.33449399917912,58.47010875386687,62.86461566187832,80.83055943255683,103.41058884203768,109.51398754538702,0.3776932446141662
vid_aa01d8740a74fd7d,active_mean_flare,0.11827581632885029,0.018374364155781676,0.08077391553177796,0.10864149640447816,0.12383470573146688,0.1327297769232073,0.13718893169379062,0.1389077820819253,0.4945924956552872
vid_aa01d8740a74fd7d,active_max_flare,0.5696912351995707,0.6717388577429044,0.16430005431175232,0.20276306197047234,0.2254651039838791,0.47689784318208694,1.7963431775569911,2.171041965484619,0.4612361111522886
vid_aa01d8740a74fd7d,opposing_mean_flare,0.09005904872989773,0.03844504184215399,0.034516237080574025,0.059853078802018636,0.09109831639862725,0.11753719762413692,0.14406657914805454,0.15693844889742975,0.1622075923929754
vid_aa01d8740a74fd7d,opposing_max_flare,0.7014574967324734,1.1218068737977354,0.09148980677127838,0.16352934762835503,0.24349120259284973,0.411464661359787,2.6468103080987917,3.608283519744873,0.7549978661640827
vid_aa01d8740a74fd7d,mean_angle_asymmetry,6.143987168992284,1.6500565724048197,3.8199166442936416,5.010904583366817,5.852979083955249,7.1044300890072325,8.65963768842618,9.460519617256189,-0.9824095438525098
vid_aa01d8740a74fd7d,max_angle_asymmetry,18.009292602539062,5.051607262193301,10.982131958007812,14.627523422241211,18.156246185302734,20.655933380126953,25.385102081298825,26.137680053710938,-0.8023270816116764
vid_aa01d8740a74fd7d,mean_flare_asymmetry,0.06787208901369535,0.013515536763166596,0.04049284816124876,0.06416050711561415,0.06752682621540847,0.07845706215347564,0.08399940859177733,0.08587461335475899,-0.3483306354615975
vid_aa01d8740a74fd7d,max_flare_asymmetry,0.42919913679361343,0.4350066486896938,0.15717053413391113,0.1967679262161255,0.2036202773451805,0.3665713034570217,1.2258935302495952,1.437241554260254,0.18076507818808443
vid_aa01d8740a74fd7d,mean_torso_lean,21.178896097697187,2.3958384451223953,17.14224253650139,19.644307942160463,21.352265744519734,23.20171605093205,24.142932333640715,24.210945472593604,1.7797157268739645
vid_aa01d8740a74fd7d,max_torso_lean,33.92687797546387,2.245672358911652,29.324241638183594,33.33855438232422,34.27511978149414,35.61028003692627,36.34914379119873,36.57601547241211,0.992159065348652
vid_aa01d8740a74fd7d,range_torso_lean,25.67486946284771,4.56312636039658,20.589723587036133,21.688299417495728,25.14690637588501,28.056936621665955,32.79742807745933,35.10715663433075,0.6229910369702177
vid_aa01d8740a74fd7d,mean_shoulder_depth_ratio,0.15360195211882655,0.106458368423517,0.04630899625000582,0.05725501234290563,0.12306678917059294,0.2178035149587648,0.3262114433811048,0.35554664700434274,-0.4220670631324733
vid_aa01d8740a74fd7d,max_shoulder_depth_ratio,0.396115081384778,0.14390677197989288,0.1289762705564499,0.30699528753757477,0.41644854843616486,0.5219221860170364,0.5628797322511673,0.580933153629303,1.026448283072065
vid_aa01d8740a74fd7d,range_shoulder_depth_ratio,0.356034443344015,0.14212750759163803,0.12697333027608693,0.23832799680531025,0.37871539779007435,0.4290425355948173,0.5570682043849956,0.5781277385540307,1.8522031583069327
vid_aa01d8740a74fd7d,flexion_duration,1.4639582499999995,0.37746481075020455,0.8996109999999984,1.1953304999999999,1.499360999999999,1.6826052499999995,1.9924882499999996,2.1324340000000004,0.43236669742300693
vid_aa01d8740a74fd7d,extension_duration,1.1057778750000007,0.33495345279733973,0.43313299999999977,0.9495977500000004,1.107866500000001,1.3952335000000016,1.4827000000000012,1.4827000000000012,-0.7306976491557955
vid_aa01d8740a74fd7d,flexion_fraction,0.5679026361092154,0.12184397052742794,0.3970584665415237,0.5054590667060234,0.5593729057846564,0.596608251879497,0.761781732018453,0.8311745512785284,0.6406464099006081
vid_aa01d8740a74fd7d,active_start_angle,153.62175750732422,7.594750016673073,143.15200805664062,148.5458641052246,154.17668914794922,155.00204467773438,165.2870391845703,170.6055908203125,0.6353201255903715
vid_aa01d8740a74fd7d,active_end_angle,154.09996223449707,7.268319845159351,145.4508056640625,148.5458641052246,154.2200164794922,155.63388061523438,165.6008514404297,170.6055908203125,0.7359845267078851
vid_aa01d8740a74fd7d,flexion_excursion,63.258070945739746,13.680449046877662,33.932518005371094,61.41351127624512,62.941429138183594,68.37519454956055,81.20293922424315,85.9811019897461,0.04053322831462791
vid_aa01d8740a74fd7d,extension_excursion,63.7362756729126,10.939308821941143,46.19023895263672,56.6525936126709,60.95106887817383,72.4392204284668,79.23828773498535,79.83741760253906,0.031173380790125098
vid_aa01d8740a74fd7d,flexion_net_speed,46.81122242647174,16.597625363443193,20.368342516537833,35.010237446639174,47.25933224903998,60.866971333341596,66.83969286218333,69.34794823872585,-0.027139826973512478
vid_aa01d8740a74fd7d,extension_net_speed,64.4743655652829,27.211087910238394,38.21384499140079,52.335304924312936,57.20554113374298,63.5349274619214,109.48408014619297,133.28123316905192,0.6906688777702819
vid_ac42199741c9c0c1,active_min_angle,103.59066227504185,5.664348625828524,95.44739532470703,99.57851791381836,104.89813995361328,106.49784469604492,111.24853439331055,112.6363754272461,1.8281012018013014
vid_ac42199741c9c0c1,active_max_angle,143.9274662562779,6.59259489152685,134.16419982910156,139.11200714111328,144.1899871826172,148.0411148071289,153.455891418457,154.8318328857422,-0.8593887923534232
vid_ac42199741c9c0c1,active_rom,40.33680398123605,9.491191380177117,26.505165100097656,35.13838577270508,38.71680450439453,44.17974853515625,55.17580337524413,58.4993896484375,-1.623678842092928
vid_ac42199741c9c0c1,opposing_min_angle,106.24363994598389,7.546941577636535,97.09830474853516,102.65429496765137,103.6819953918457,108.22653198242188,118.64247894287108,124.12730407714844,2.2449271688965258
vid_ac42199741c9c0c1,opposing_max_angle,147.8970241546631,5.940799605350881,137.13711547851562,144.03850555419922,149.46014404296875,153.05654525756836,154.34120483398436,154.90756225585938,0.029292099049272234
vid_ac42199741c9c0c1,opposing_rom,41.6533842086792,5.480128646667111,30.780258178710938,39.334938049316406,42.29726791381836,45.052310943603516,48.52907943725586,50.04695129394531,-1.2595428796787382
vid_ac42199741c9c0c1,duration,2.3948115000000003,0.31781751437814126,1.8492,2.182402750000001,2.4656225,2.557242500000001,2.8204590000000005,2.948733999999999,-0.4875044981356711
vid_ac42199741c9c0c1,active_peak_abs_velocity,423.10526384626115,163.3081820730917,204.09915161132812,259.70875549316406,502.5907287597656,551.9713745117188,617.8144897460937,631.6867065429688,1.4507645319988105
vid_ac42199741c9c0c1,active_mean_abs_velocity,74.5290173288178,20.24061629810257,52.76277576054298,54.83120301529087,72.96955501065808,89.82149239946071,103.88252577833366,106.66539970102036,0.6270943019238863
vid_ac42199741c9c0c1,opposing_peak_abs_velocity,254.36709594726562,79.45277201670551,164.13827514648438,205.24908447265625,212.67091369628906,306.32776641845703,384.91806488037105,408.0010070800781,-0.4924964906907335
vid_ac42199741c9c0c1,opposing_mean_abs_velocity,50.411992264107724,5.95420881051597,38.55141052855086,48.37024092996404,51.46352119893875,53.08583886059099,57.888780586965254,57.986335487410514,-0.29705670316321775
vid_ac42199741c9c0c1,active_mean_flare,0.12275504645288908,0.020785280074517663,0.0877446852694474,0.10795022447898463,0.12250172734171164,0.1418216768832814,0.14915936006150443,0.15108935124231837,0.47172225239660176
vid_ac42199741c9c0c1,active_max_flare,0.24171458557248116,0.03821924967706881,0.17790251970291138,0.20664428547024727,0.25190893560647964,0.27282247692346573,0.2867402613162994,0.2881031930446625,0.7766827169856668
vid_ac42199741c9c0c1,opposing_mean_flare,0.09992356139297508,0.020959814321938653,0.07687837880539951,0.08176010176373077,0.09547206305625656,0.11295038296311388,0.13164528313127463,0.1360221280397326,0.24813633043320563
vid_ac42199741c9c0c1,opposing_max_flare,0.2212359607219696,0.0402769482935246,0.16933606564998627,0.2003617137670517,0.21123621612787247,0.23309879750013351,0.2887653782963753,0.30353066325187683,0.3612672899414148
vid_ac42199741c9c0c1,mean_angle_asymmetry,7.006419259791038,4.074997876539253,2.6089261394107828,5.001385231219141,6.087663324621443,6.991349353428063,13.591895905433866,16.362876185210627,-0.9074119010404551
vid_ac42199741c9c0c1,max_angle_asymmetry,22.034241812569753,10.234436907274725,11.984588623046875,15.616867065429688,19.504959106445312,23.438026428222656,38.9188133239746,44.640357971191406,-0.6000443505162902
vid_ac42199741c9c0c1,mean_flare_asymmetry,0.08127447012149082,0.02943021243429877,0.04138447753111262,0.05718725570296142,0.07717031591941159,0.09779832072531217,0.12643856779693105,0.1270509372650824,-0.11014620140852394
vid_ac42199741c9c0c1,max_flare_asymmetry,0.20035820920020342,0.04021918896710938,0.12429577857255936,0.1740088053047657,0.2054358571767807,0.2334153987467289,0.24786326959729194,0.25484979152679443,0.21362492210579936
vid_ac42199741c9c0c1,mean_torso_lean,3.545975768772417,0.9840838446616139,2.5966881919912708,2.989217735437123,3.1580790795278686,3.5862357766197643,5.305464463447915,5.822910867905548,-0.521510819384188
vid_ac42199741c9c0c1,max_torso_lean,8.866047739982605,3.625277308672013,5.728811264038086,6.711611986160278,8.025268077850342,8.514589786529541,15.079967260360714,17.978763580322266,-0.9941859336781339
vid_ac42199741c9c0c1,range_torso_lean,8.090956616215408,3.7455350872048823,3.8265793323516846,5.646051317453384,7.9142222329974174,8.342687724158168,14.267723688483233,16.874401569366455,-1.2383340464273527
vid_ac42199741c9c0c1,mean_shoulder_depth_ratio,0.3627476744415907,0.06834580685322135,0.28690906435657754,0.2945919000346243,0.34760008744617577,0.4353847806701492,0.4528749249686131,0.45963437433155646,1.9123095613178105
vid_ac42199741c9c0c1,max_shoulder_depth_ratio,0.4852393642067909,0.07064690510977245,0.3725866377353668,0.4334729239344597,0.48305991291999817,0.5425327569246292,0.5814353555440902,0.5998145937919617,1.4832468934168612
vid_ac42199741c9c0c1,range_shoulder_depth_ratio,0.2864648402101011,0.10217353837248715,0.19487343728542328,0.205527875572443,0.2417377382516861,0.3308724940288812,0.4587532411358552,0.4722065509413369,0.4185332505674238
vid_ac42199741c9c0c1,flexion_duration,1.189968285714286,0.4048427928802255,0.6330560000000001,0.8329775000000001,1.1995000000000005,1.5493335,1.6876134999999999,1.7325999999999997,-0.1902183420664413
vid_ac42199741c9c0c1,extension_duration,1.1852047142857143,0.49463895930573554,0.4664660000000005,0.9662500000000005,1.116177999999998,1.282783000000001,1.9608294999999996,2.2157229999999997,-0.7120025877794106
vid_ac42199741c9c0c1,flexion_fraction,0.505219018745955,0.16971640205899385,0.24431648816982363,0.4025667697726932,0.4675359704518824,0.6158335938297967,0.7390149991919154,0.7878799453949993,-0.004264279734700372
vid_ac42199741c9c0c1,active_start_angle,141.35822582244873,7.6110720538549606,127.32369232177734,137.2511863708496,142.61683654785156,146.09394073486328,151.11773147583008,153.5657501220703,-0.5496076251628287
vid_ac42199741c9c0c1,active_end_angle,140.24001502990723,5.879025192617617,128.3317108154297,137.69683074951172,142.47056579589844,143.96649169921875,146.34859161376954,146.5714111328125,-0.5015764511684346
vid_ac42199741c9c0c1,flexion_excursion,37.02282278878348,10.702439945011712,22.338241577148438,29.830394744873047,38.40497589111328,40.76122283935547,52.99637222290038,57.233306884765625,-1.4040369093800782
vid_ac42199741c9c0c1,extension_excursion,35.835814339774,8.133200923127916,21.21599578857422,33.43859100341797,34.00921630859375,39.254669189453125,47.31301803588867,50.23896789550781,-1.4507508691861353
vid_ac42199741c9c0c1,flexion_net_speed,38.51151594664685,24.732520919857375,14.734774018548837,21.050044610887596,28.272647070556733,47.03256642517624,79.37212202751171,90.40796846529473,-0.8656166431944327
vid_ac42199741c9c0c1,extension_net_speed,33.72896493381616,9.676405817107861,17.16078078447934,27.178524582844446,34.58425731622063,42.25913085878163,44.6280593176753,45.482405552760966,-0.45010658352734334
vid_bbc5006a077ac6b1,active_min_angle,79.84473758273654,1.9339000816914673,76.9775619506836,77.9489517211914,80.20002746582031,81.51673889160156,82.21733703613282,82.47219848632812,-0.5468545060954768
vid_bbc5006a077ac6b1,active_max_angle,161.3110114203559,5.910036037340689,152.81777954101562,156.4763946533203,163.6677703857422,164.91993713378906,169.42506408691406,171.40895080566406,1.5215153727592088
vid_bbc5006a077ac6b1,active_rom,81.46627383761935,5.754603177769083,73.45809936523438,76.31908416748047,82.22077941894531,83.92342376708984,89.66681365966797,93.45999908447266,1.0042865159441718
vid_bbc5006a077ac6b1,opposing_min_angle,77.60307235717774,1.8623739632193939,73.41313171386719,76.6148567199707,77.79717636108398,78.5859203338623,80.06570167541504,80.1014175415039,-1.3249692056355782
vid_bbc5006a077ac6b1,opposing_max_angle,163.74825897216797,9.57369378475458,151.86668395996094,157.06583786010742,161.10858917236328,171.87725067138672,178.39585876464844,178.84986877441406,1.0496137235916867
vid_bbc5006a077ac6b1,opposing_rom,86.14518661499024,9.385769819686708,75.23384857177734,78.70103454589844,84.25362777709961,92.33507347106934,101.54731254577636,101.57634735107422,1.8729160997923922
vid_bbc5006a077ac6b1,duration,2.9020971000000007,0.30689454336154254,2.3490110000000044,2.7321785000000003,2.982055499999999,3.0486982499999997,3.305262250000001,3.5151670000000017,0.40149059538726956
vid_bbc5006a077ac6b1,active_peak_abs_velocity,387.63048299153644,55.32075126251623,323.016357421875,338.5144348144531,375.1180114746094,401.5937194824219,482.13085327148434,505.4784240722656,0.30173587937663426
vid_bbc5006a077ac6b1,active_mean_abs_velocity,67.18275894618952,4.630182334048169,59.59502327630502,64.24103994428074,66.40968387355343,69.68256240697295,74.52988662276732,76.95717770191328,0.1166953754242177
vid_bbc5006a077ac6b1,opposing_peak_abs_velocity,348.0840530395508,138.90078553792583,223.79673767089844,290.32593536376953,309.1899719238281,338.97376251220703,572.4355026245113,751.4893188476562,0.4671227185103869
vid_bbc5006a077ac6b1,opposing_mean_abs_velocity,68.03834287562702,10.89730770210112,52.69130527746845,60.15112618309829,66.73914858165132,71.18073577876967,87.31324688596185,89.43566897782611,0.6069993777908339
vid_bbc5006a077ac6b1,active_mean_flare,0.032745747952660026,0.00659082499946645,0.022684878856336667,0.0286590728371415,0.034181941861849106,0.03487033863792935,0.0422063064902526,0.04558484770077728,-1.0436023725211765
vid_bbc5006a077ac6b1,active_max_flare,0.14910847114192116,0.12842518488344007,0.06287343800067902,0.07546576857566833,0.08472210168838501,0.17283302545547485,0.3746284782886504,0.4884287118911743,-1.2176772552060346
vid_bbc5006a077ac6b1,opposing_mean_flare,0.09380556703200868,0.008821216212389328,0.0819445100008344,0.08494338488311924,0.09552238303113258,0.10177110443985907,0.10470745088735257,0.10474896322623005,0.2491249409490365
vid_bbc5006a077ac6b1,opposing_max_flare,0.22142449617385865,0.06360594902243816,0.16116030514240265,0.1825043074786663,0.198265440762043,0.22841348499059677,0.33967364728450766,0.3811489939689636,0.20293546536018195
vid_bbc5006a077ac6b1,mean_angle_asymmetry,5.806053483556456,0.6895623480709966,4.593379013654821,5.158829243266193,5.984148404466413,6.091795555606498,6.733459626862497,7.000016284787738,-0.9404919876515866
vid_bbc5006a077ac6b1,max_angle_asymmetry,22.953861660427517,4.370753734355923,17.74822998046875,21.164634704589844,21.596572875976562,22.37115478515625,30.718161010742186,30.79736328125,-0.2863398259544102
vid_bbc5006a077ac6b1,mean_flare_asymmetry,0.0747261953231089,0.005602482900845783,0.06866451908265635,0.06952342648205179,0.07170723995757185,0.07934851621512745,0.08332121002183841,0.08444877732933369,-0.24507864765976
vid_bbc5006a077ac6b1,max_flare_asymmetry,0.21085231171713936,0.07666310213251523,0.15124377608299255,0.16704712808132172,0.17195793986320496,0.20701074600219727,0.3539041996002197,0.392461359500885,-0.39228571782717114
vid_bbc5006a077ac6b1,mean_torso_lean,19.032111048836367,1.3651408618786445,16.59589397541955,18.742855641832826,19.373918992789385,19.838750688024707,20.65741910798495,21.276513350182128,1.5294916225151065
vid_bbc5006a077ac6b1,max_torso_lean,33.85415534973144,2.1926570798246083,29.625244140625,32.86964702606201,33.74013137817383,34.68774223327637,37.348599433898926,37.9333381652832,0.9516761113316159
vid_bbc5006a077ac6b1,range_torso_lean,24.742694473266603,1.8923463083136545,21.33818244934082,23.35825252532959,24.757425785064697,26.26334810256958,27.429164600372314,28.012561798095703,0.5809227214844053
vid_bbc5006a077ac6b1,mean_shoulder_depth_ratio,0.2524066738163372,0.05362972961565838,0.19310790771041414,0.21832691715360608,0.23724528999796707,0.25450932119118913,0.3534329896098466,0.36564150615445024,0.764997953028581
vid_bbc5006a077ac6b1,max_shoulder_depth_ratio,0.5904073297977448,0.2928733045010615,0.28028321266174316,0.3291894420981407,0.47861620783805847,0.8992945104837418,0.9938181549310684,0.9980267286300659,1.4527734400963725
vid_bbc5006a077ac6b1,range_shoulder_depth_ratio,0.4429867446422577,0.27153797266061036,0.14875811338424683,0.1929880902171135,0.3539790064096451,0.7376633174717426,0.808600477874279,0.8239205181598663,1.593300939742966
vid_bbc5006a077ac6b1,flexion_duration,1.6400434444444447,0.3194955653154622,1.1995000000000005,1.332767,1.6326330000000002,1.749255999999999,2.1324178,2.1657329999999995,0.7090720821940804
vid_bbc5006a077ac6b1,extension_duration,1.3068479999999996,0.2502115311797867,0.8662999999999998,1.266133,1.3327549999999988,1.432722,1.6226352000000004,1.749244000000001,-0.2248558263386571
vid_bbc5006a077ac6b1,flexion_fraction,0.5542192392825961,0.08547978689126681,0.46913729372741636,0.48192815086228874,0.5329682978489034,0.565936521390679,0.7032952818462815,0.7142841123431044,0.45522413016432706
vid_bbc5006a077ac6b1,active_start_angle,157.09363471137152,5.197217905779236,147.6328887939453,153.15863037109375,156.4763946533203,162.468017578125,163.58011474609376,163.73751831054688,0.8710484662658489
vid_bbc5006a077ac6b1,active_end_angle,157.18545684814453,6.571213454124801,147.6328887939453,152.78948974609375,155.0457000732422,161.52764129638672,167.73765640258787,171.33245849609375,0.8229531708781622
vid_bbc5006a077ac6b1,flexion_excursion,77.24889712863498,4.174437409008958,70.33696746826172,74.64134979248047,75.66450500488281,81.72895050048828,82.29680938720703,82.34749603271484,0.7895972952189352
vid_bbc5006a077ac6b1,extension_excursion,77.17171308729384,7.120689444538223,68.27320861816406,71.45769500732422,75.68888092041016,80.87181091308594,88.93730010986327,93.38350677490234,0.8418199761041376
vid_bbc5006a077ac6b1,flexion_net_speed,48.82553556662614,9.328515901693567,36.11604563381138,42.59724419969296,46.72212100486625,59.760266294786184,61.3451751857335,62.227052765719414,-0.05086377717432622
vid_bbc5006a077ac6b1,extension_net_speed,61.840727816096724,16.33775673890625,43.26948151339099,52.93551650621083,56.44626865022379,60.2773043333366,91.99833446040691,98.33983443018357,0.6523792994853274
vid_c63ebda7f39171bc,active_min_angle,86.61255200703938,3.9376350428742093,80.18119049072266,83.94865036010742,86.85426330566406,88.84858703613281,92.90526466369629,95.29310607910156,0.09301282778840227
vid_c63ebda7f39171bc,active_max_angle,147.7568333943685,4.5782087286295345,141.5204620361328,143.63208770751953,148.39312744140625,149.16730499267578,154.82462158203126,158.39280700683594,-0.34560988618416755
vid_c63ebda7f39171bc,active_rom,61.1442813873291,6.821921197828757,46.22735595703125,57.41783905029297,61.602455139160156,67.65664291381836,68.64682006835938,69.59674835205078,-0.2412144309113215
vid_c63ebda7f39171bc,opposing_min_angle,83.94506772359212,5.955578296133656,74.80795288085938,79.94846534729004,83.42377471923828,88.46108436584473,92.91918830871582,92.9397201538086,-0.5489787281339772
vid_c63ebda7f39171bc,opposing_max_angle,147.03533935546875,5.9099617985481485,134.496337890625,143.84075164794922,147.47915649414062,149.90274047851562,155.90441131591797,158.2076873779297,-0.1442284362295568
vid_c63ebda7f39171bc,opposing_rom,63.090271631876625,5.305424974414651,54.88127136230469,60.0191650390625,62.649723052978516,66.16550254821777,70.65491828918456,75.0849838256836,0.2599700395232967
vid_c63ebda7f39171bc,duration,2.4211910833333334,0.29981860664393395,1.8492110000000004,2.232378500000001,2.4323004999999993,2.548905750000002,2.8837731500000006,3.0486999999999997,-0.5448654617192762
vid_c63ebda7f39171bc,active_peak_abs_velocity,336.89754994710285,113.34702034402912,195.67149353027344,261.0599479675293,302.9759063720703,349.0792770385742,564.5596435546875,590.2548217773438,-0.3485471583487294
vid_c63ebda7f39171bc,active_mean_abs_velocity,66.02573154135881,10.387992006274215,54.19411042418356,56.12785676928079,64.3709926140672,69.71499625441191,84.65954023664085,90.1575060687226,-0.04192753172717138
vid_c63ebda7f39171bc,opposing_peak_abs_velocity,276.06276575724286,43.573889267618675,233.5020294189453,242.30420684814453,264.2404479980469,286.81285858154297,357.12635803222656,377.5262756347656,0.020222102241031104
vid_c63ebda7f39171bc,opposing_mean_abs_velocity,65.35212075387058,7.101620489536599,52.23308948230948,61.55199639001548,65.56057575788338,68.5051977496864,75.40560954333215,82.37532498941968,0.5372480084048267
vid_c63ebda7f39171bc,active_mean_flare,0.10475028163055052,0.05399380684699015,0.047872260354077746,0.05165901825635487,0.09083385599451912,0.1571409754692018,0.18026199618603087,0.18110577367520272,-0.07161132807354458
vid_c63ebda7f39171bc,active_max_flare,0.16088945046067238,0.05739227984455584,0.09468711912631989,0.10407035984098911,0.15747883543372154,0.21444585919380188,0.23447547033429145,0.23572154343128204,-0.34976730028581116
vid_c63ebda7f39171bc,opposing_mean_flare,0.10357303573424252,0.06932964427000993,0.027067389294647207,0.03617317419889453,0.09713735864626344,0.1741709815549908,0.17920291133470898,0.18130635971162448,0.2808535314314943
vid_c63ebda7f39171bc,opposing_max_flare,0.165818369636933,0.07394621384826044,0.060618869960308075,0.09007871709764004,0.174643874168396,0.23498337715864182,0.25005095601081845,0.256238728761673,-0.08540857212057634
vid_c63ebda7f39171bc,mean_angle_asymmetry,6.494963013769664,2.3432520396142333,3.219516952813182,4.765357295738829,5.770767390001639,8.799520664676733,9.65319463285689,10.359082426110598,-1.008681794774022
vid_c63ebda7f39171bc,max_angle_asymmetry,18.898728052775066,5.041673946183444,11.435722351074219,15.054012298583984,18.89779281616211,24.07512664794922,25.311738204956054,25.56261444091797,-0.6911083964687028
vid_c63ebda7f39171bc,mean_flare_asymmetry,0.12067562675848174,0.01891972765411204,0.08126263198579498,0.11159432224756688,0.12216432435469302,0.13022762459436948,0.14816748224503618,0.15403838405389292,1.0011602616955975
vid_c63ebda7f39171bc,max_flare_asymmetry,0.20991350710391998,0.01899787039657936,0.17589612305164337,0.19646857306361198,0.20949474722146988,0.2255256623029709,0.23571657538414,0.2399606704711914,0.2870860230864716
vid_c63ebda7f39171bc,mean_torso_lean,6.492095343704794,1.6283949831175502,3.989416895688323,5.015017915747565,6.831788136647631,7.645430691583213,8.730632712571058,9.2121319965592,-0.056854884984012574
vid_c63ebda7f39171bc,max_torso_lean,17.275084575017292,2.617532574443737,12.387203216552734,14.97204065322876,17.435769081115723,19.290364265441895,20.836518573760983,21.63970375061035,-0.2820866114721348
vid_c63ebda7f39171bc,range_torso_lean,15.449280060827732,2.9239889307416416,11.177227020263672,13.721092998981476,15.198436677455902,16.62177100777626,20.527725280821322,21.559504210948944,-0.4515563775571576
vid_c63ebda7f39171bc,mean_shoulder_depth_ratio,0.12912610663743526,0.04691424531627564,0.05416128841072918,0.09106039963260118,0.1201537143019451,0.172677844191409,0.1909791547652172,0.19729075403487548,-0.45235305603807247
vid_c63ebda7f39171bc,max_shoulder_depth_ratio,0.24138008306423822,0.037218449878872704,0.15673880279064178,0.2276228368282318,0.24873901158571243,0.26963936537504196,0.2849270671606064,0.29019197821617126,-0.12364801008297673
vid_c63ebda7f39171bc,range_shoulder_depth_ratio,0.19075004797923611,0.03630101464428115,0.1354796439409256,0.16774964047544927,0.18478233786299825,0.2100408975766186,0.24815851100429426,0.2509632237779442,-0.17758763436880082
vid_c63ebda7f39171bc,flexion_duration,1.0634321666666662,0.20672106086255232,0.6997,0.924597000000001,1.0078994999999988,1.2369639999999995,1.3569217,1.3660879999999995,-0.5880280100749505
vid_c63ebda7f39171bc,extension_duration,1.3410965000000001,0.19764632796466658,1.0329000000000015,1.22031975,1.3161059999999996,1.43689775,1.6901111499999997,1.6992779999999996,-0.2623044309052856
vid_c63ebda7f39171bc,flexion_fraction,0.4407885929705573,0.05720459767467606,0.3544267152951907,0.40364627039651635,0.43022101773487786,0.46347378824514884,0.541521081070594,0.5466685181235349,-0.2663027700570606
vid_c63ebda7f39171bc,active_start_angle,145.2892951965332,5.817020124868081,137.56336975097656,141.18282318115234,144.15623474121094,148.90338516235352,154.82462158203126,158.39280700683594,-0.39181360287958134
vid_c63ebda7f39171bc,active_end_angle,141.9087937672933,6.108431111699331,127.03966522216797,140.3226547241211,143.50025939941406,145.34800720214844,148.90071182250978,150.136474609375,-0.39311958308189854
vid_c63ebda7f39171bc,flexion_excursion,58.67674318949381,7.906191963110553,42.270263671875,54.48977088928223,59.62297439575195,64.02021789550781,68.50874099731445,69.59674835205078,-0.1548389624391643
vid_c63ebda7f39171bc,extension_excursion,55.296241760253906,7.487728727070247,42.205535888671875,49.44759178161621,57.269229888916016,60.4906005859375,65.38503799438476,65.8498306274414,-0.1713444849950145
vid_c63ebda7f39171bc,flexion_net_speed,57.08076986421873,12.963215474224155,40.013646837364604,47.84470265412251,54.438881883127905,66.53246789808584,76.90665451677096,87.19911639377256,0.2899184621644031
vid_c63ebda7f39171bc,extension_net_speed,42.13515108696013,8.349880284506446,29.60811360863859,33.20794486557459,44.77463750918645,46.69152073287271,53.41205453742186,57.38191058326914,0.06378713529086703
vid_cccf82e3e7e7a94a,active_min_angle,94.91435241699219,1.8174931102865641,92.82902526855469,93.37662506103516,94.70017623901367,96.27985000610352,97.43978691101074,98.05388641357422,0.8474711174220536
vid_cccf82e3e7e7a94a,active_max_angle,143.61066818237305,2.7706799530007076,139.1858673095703,141.7823486328125,143.3387908935547,145.49079132080078,147.40923309326172,147.4821319580078,-0.9634364023315534
vid_cccf82e3e7e7a94a,active_rom,48.69631576538086,2.51733967041526,42.912506103515625,48.24468231201172,49.020870208740234,49.81481742858887,51.60668029785156,51.94706726074219,-1.0012362314775558
vid_cccf82e3e7e7a94a,opposing_min_angle,93.62769222259521,0.5750359497193215,92.6241455078125,93.33834838867188,93.7331771850586,94.0418872833252,94.29801368713379,94.40425109863281,0.8728391506229384
vid_cccf82e3e7e7a94a,opposing_max_angle,152.65033531188965,2.858197416871808,149.74307250976562,150.81113815307617,151.4812469482422,153.83011627197266,157.44378051757812,159.20437622070312,0.20632645657671128
vid_cccf82e3e7e7a94a,opposing_rom,59.022643089294434,2.940684215057098,55.642356872558594,57.05865478515625,57.90276336669922,60.79730415344238,63.77775077819824,65.22429656982422,-0.09443764843932011
vid_cccf82e3e7e7a94a,duration,3.8816796249999994,0.4805331225089846,3.1819789999999983,3.640114999999999,3.898333500000001,3.981635999999998,4.6230324,4.914566999999999,1.978784545043887
vid_cccf82e3e7e7a94a,active_peak_abs_velocity,406.0570297241211,94.24514612787964,282.6251525878906,336.99095153808594,369.4107208251953,494.9770050048828,543.6946395874023,565.3383178710938,0.25029082803792696
vid_cccf82e3e7e7a94a,active_mean_abs_velocity,54.87394354098518,5.888328964124578,45.98657716119806,50.272107285680136,55.30069714699198,59.50140547560442,62.20955769353942,63.66107093715206,-0.7476531432021138
vid_cccf82e3e7e7a94a,opposing_peak_abs_velocity,306.160831451416,67.34320748126893,183.86538696289062,273.32251739501953,309.5422821044922,347.1101303100586,396.28683013916014,400.8082580566406,0.47062548390378034
vid_cccf82e3e7e7a94a,opposing_mean_abs_velocity,41.05900135838429,3.236212094378248,36.04630155552879,38.91749790663873,41.700940372486,43.63786237901921,44.876206932736366,45.30320421022991,-0.8748346458190024
vid_cccf82e3e7e7a94a,active_mean_flare,0.14003766068205023,0.014623521464457933,0.11609952863147446,0.13035403214789582,0.13671181314376074,0.1544458670834442,0.1592652669954329,0.160444110018352,0.7155282446897913
vid_cccf82e3e7e7a94a,active_max_flare,0.23566154949367046,0.010156635048995447,0.21973082423210144,0.2279624380171299,0.23858002573251724,0.24491136148571968,0.24643826261162757,0.24672213196754456,0.6176830894276483
vid_cccf82e3e7e7a94a,opposing_mean_flare,0.03936295590731327,0.007543994690964984,0.02736683540804651,0.0336014646553593,0.03963690790967423,0.04595727654689932,0.04841090232017251,0.04898482472747254,-0.8488280791667889
vid_cccf82e3e7e7a94a,opposing_max_flare,0.1524674789980054,0.04028962952221948,0.09530196338891983,0.11651431396603584,0.15869924426078796,0.18741034716367722,0.19857934340834618,0.2003544121980667,-0.2800416818878453
vid_cccf82e3e7e7a94a,mean_angle_asymmetry,10.002212985638868,2.5596934392789508,7.437158318310448,8.283116569445623,9.060042301712983,10.997350341345346,14.32349871701988,15.78152439036871,0.04246618277620593
vid_cccf82e3e7e7a94a,max_angle_asymmetry,34.84563159942627,10.734796714057772,25.589706420898438,27.992033004760742,31.79576873779297,35.271474838256836,53.23737335205077,61.392005920410156,1.2433564953036276
vid_cccf82e3e7e7a94a,mean_flare_asymmetry,0.10256899786841081,0.019222485684921815,0.08171310102850242,0.08655704759371816,0.09389344694817112,0.12291427948651859,0.1296835951519012,0.1305888087207932,0.3028982069893004
vid_cccf82e3e7e7a94a,max_flare_asymmetry,0.19679013267159462,0.0182483272305919,0.1723105013370514,0.18891112506389618,0.19009176641702652,0.20232302695512772,0.22686873972415922,0.23845557868480682,-0.06408494151412532
vid_cccf82e3e7e7a94a,mean_torso_lean,3.727114138238653,0.40766470989620734,2.697489968849505,3.7685213903292585,3.826141322338299,3.91833503495368,4.06149210956389,4.071351982291156,-0.43701335895820365
vid_cccf82e3e7e7a94a,max_torso_lean,13.124757647514343,2.961054118536617,9.363388061523438,9.69044542312622,14.084501266479492,14.994771242141724,16.977735710144042,17.767576217651367,-0.535679437030005
vid_cccf82e3e7e7a94a,range_torso_lean,12.586017545312643,3.126997671621751,8.616969883441925,9.01942865550518,13.332020163536072,14.900066286325455,16.66089881286025,17.400328636169434,-0.6531505021068291
vid_cccf82e3e7e7a94a,mean_shoulder_depth_ratio,0.07713764646713482,0.008145253560803475,0.06398959660645641,0.0732848051736941,0.07664951794062852,0.07979573146025612,0.08968883551534426,0.09353474370556908,-0.9046475701760509
vid_cccf82e3e7e7a94a,max_shoulder_depth_ratio,0.14168020151555538,0.0059546454001612615,0.1314857304096222,0.13851943984627724,0.14073048532009125,0.14839432388544083,0.1484826348721981,0.14852187037467957,-0.8643346044177864
vid_cccf82e3e7e7a94a,range_shoulder_depth_ratio,0.14098313984504784,0.005646543573934415,0.13116879705921747,0.1378777398786042,0.1403611275163712,0.1465676083607832,0.14789567724365044,0.14810644494718872,-0.642520038338502
vid_cccf82e3e7e7a94a,flexion_duration,1.2911181249999986,0.4997169245896702,0.46646699999999974,1.020393999999999,1.2827999999999995,1.7242587499999988,1.9183497499999955,1.982488999999994,-0.017267095357230425
vid_cccf82e3e7e7a94a,extension_duration,2.573901375000001,0.7694521467666018,1.3660890000000023,2.0283077500000015,2.8237945000000018,3.1944642499999993,3.416035349999999,3.515155,3.1289401150828176
vid_cccf82e3e7e7a94a,flexion_fraction,0.3438380601229449,0.158248726030728,0.12612591907415674,0.2559178409972569,0.2907917873060345,0.4662561759510211,0.5781134058194196,0.5833327448481044,-1.2454229990298586
vid_cccf82e3e7e7a94a,active_start_angle,128.70836448669434,8.239026299839518,117.43241882324219,120.73159980773926,129.9670524597168,136.15383529663086,138.20248794555664,138.63467407226562,-1.8462573944635656
vid_cccf82e3e7e7a94a,active_end_angle,140.66234397888184,3.1818884552380666,135.0831756591797,139.42152786254883,140.8808364868164,141.75620651245117,145.1820556640625,146.82667541503906,-0.6690214672195551
vid_cccf82e3e7e7a94a,flexion_excursion,33.79401206970215,7.424536220182356,23.908607482910156,27.339920043945312,33.30805969238281,39.75194549560547,43.72857322692871,44.46479034423828,-1.704115036437728
vid_cccf82e3e7e7a94a,extension_excursion,45.74799156188965,2.6427508009465295,41.503944396972656,44.69108200073242,46.1070671081543,47.67729187011719,48.79264030456543,48.80332946777344,-0.7853141318213857
vid_cccf82e3e7e7a94a,flexion_net_speed,35.72325150327665,26.254387877540875,13.288214586268477,15.178732341546265,26.89741547997251,41.223613064928664,81.81280889464034,90.813096888335,-0.9263486664412418
vid_cccf82e3e7e7a94a,extension_net_speed,19.927508043264744,7.355765165230428,12.897530126626014,14.410969859919103,16.745207717709693,23.72344511018372,32.329073019404596,33.95510013018054,-1.3497173306012662
vid_d19791ead4037b9a,active_min_angle,90.99124298095703,5.317697717152347,84.62033081054688,84.8363265991211,93.78181457519531,93.89124298095703,97.03944854736328,97.82649993896484,0.7591620097330759
vid_d19791ead4037b9a,active_max_angle,120.5023406982422,5.942757294117843,109.04670715332031,121.35340881347656,121.8596420288086,125.0081787109375,125.19664916992187,125.24376678466797,-3.588981335337246
vid_d19791ead4037b9a,active_rom,29.511097717285157,6.0832255608316474,23.52690887451172,24.426376342773438,28.07782745361328,31.11693572998047,38.549339294433594,40.407440185546875,-2.266352602118783
vid_d19791ead4037b9a,opposing_min_angle,96.45498809814453,3.2073853370604324,91.55296325683594,94.89468383789062,96.23355865478516,98.65957641601562,100.47924194335937,100.93415832519531,1.2176784455438825
vid_d19791ead4037b9a,opposing_max_angle,112.48387756347657,2.021276137822983,109.78898620605469,111.37728118896484,112.31898498535156,113.04447937011719,115.32062072753907,115.88965606689453,-3.2240114385556606
vid_d19791ead4037b9a,opposing_rom,16.028889465332032,4.027392295486775,10.443122863769531,13.659408569335938,14.894302368164062,19.656097412109375,21.124432373046876,21.49151611328125,-3.3054464272537945
vid_d19791ead4037b9a,duration,2.4395202,0.3883301596690116,1.966189,2.166156,2.3329889999999995,2.6662779999999997,2.9860468,3.065989,-0.7158216868838251
vid_d19791ead4037b9a,active_peak_abs_velocity,170.25488739013673,35.85613385988533,123.23278045654297,150.38912963867188,155.97962951660156,198.08741760253906,218.4858673095703,223.58547973632812,-1.6735595808726809
vid_d19791ead4037b9a,active_mean_abs_velocity,41.294400215262435,3.9076371965618892,35.70412385135738,38.08595785748285,42.70855339877396,43.322784431023415,45.98502211634433,46.65058153767456,-1.7274005371816703
vid_d19791ead4037b9a,opposing_peak_abs_velocity,100.2507568359375,36.78904385576978,64.86663818359375,84.98262023925781,89.28990936279297,90.66059112548828,155.2953384399414,171.4540252685547,-1.7191846078688982
vid_d19791ead4037b9a,opposing_mean_abs_velocity,29.89763931733658,8.326051467868504,20.782394649188813,23.62517042017229,27.601179919221867,33.147525814495594,42.095045789782596,44.33192578360435,-1.7092995000870927
vid_d19791ead4037b9a,active_mean_flare,0.09997337032601482,0.03999079992938814,0.0381900610947294,0.08438802420896742,0.10664301280350144,0.10893556219011957,0.15115526550422892,0.16171019133275627,0.19963032499070105
vid_d19791ead4037b9a,active_max_flare,0.1865587130188942,0.06105821686227834,0.08626743406057358,0.17059315741062164,0.19611184298992157,0.20425115525722504,0.2613062113523483,0.27556997537612915,0.1110831271659761
vid_d19791ead4037b9a,opposing_mean_flare,0.08116395421538194,0.017984272687988943,0.05869900267160881,0.060002545898276305,0.09224159185230756,0.0949616889999403,0.09892429112380943,0.09991494165477671,0.18466893381423843
vid_d19791ead4037b9a,opposing_max_flare,0.1680155247449875,0.03135512995100145,0.11721983551979065,0.1486733853816986,0.181467205286026,0.18703676760196686,0.20195169746875763,0.20568042993545532,-0.0021174476422075516
vid_d19791ead4037b9a,mean_angle_asymmetry,7.908194656896197,1.2966799400105091,5.781567007876235,7.521123618559182,7.7653415390197615,8.93193449629433,9.419192197444051,9.541006622731482,-0.3712791333699768
vid_d19791ead4037b9a,max_angle_asymmetry,22.073670959472658,3.633409215725637,17.083267211914062,18.45702362060547,23.541824340820312,25.20343780517578,25.90692901611328,26.082801818847656,0.005412979855846296
vid_d19791ead4037b9a,mean_flare_asymmetry,0.08213084189147354,0.023387273617240915,0.051301829014992445,0.0617413820938667,0.08900207189256476,0.09130231028345401,0.11210575499468269,0.11730661617248986,0.18208619441699525
vid_d19791ead4037b9a,max_flare_asymmetry,0.17833459079265596,0.041512266023829056,0.12507350742816925,0.15170493721961975,0.17983488738536835,0.18594121932983398,0.2364829659461975,0.2491184026002884,-0.24972230000257897
vid_d19791ead4037b9a,mean_torso_lean,8.61033577439117,2.4444545222842984,4.968693963994294,6.423747677890753,10.036196080436344,10.57640324773976,10.952590971063723,11.046637901894712,0.34844317868133484
vid_d19791ead4037b9a,max_torso_lean,15.377522468566895,1.604160064745044,13.029558181762695,13.924107551574707,16.174638748168945,16.663894653320312,17.009109497070312,17.095413208007812,-0.3775172431667926
vid_d19791ead4037b9a,range_torso_lean,12.710088849067688,1.1346493006344867,10.8832848072052,12.172203660011292,12.704487800598145,13.868379592895508,13.911346626281738,13.922088384628296,-0.7209311054124491
vid_d19791ead4037b9a,mean_shoulder_depth_ratio,0.1903869236884155,0.01709077581975666,0.17021560218641116,0.17448879113013646,0.18978873144576128,0.2007137410333977,0.21352495032377627,0.21672775264637092,0.27161242040634687
vid_d19791ead4037b9a,max_shoulder_depth_ratio,0.261426243185997,0.030834648918422455,0.2357083261013031,0.24088574945926666,0.2441096007823944,0.2672349810600281,0.30880104303359984,0.3191925585269928,-0.15539497155205312
vid_d19791ead4037b9a,range_shoulder_depth_ratio,0.1576639771461487,0.04072660018915839,0.11179951578378677,0.14352507144212723,0.145046204328537,0.15401394665241241,0.21795090734958647,0.23393514752388,-0.5934839132967551
vid_d19791ead4037b9a,flexion_duration,1.0464667999999993,0.17710415588506098,0.8664999999999985,0.8998229999999996,0.9664889999999997,1.1664439999999998,1.2997511999999989,1.3330779999999987,-0.6740063726421979
vid_d19791ead4037b9a,extension_duration,1.3530798000000006,0.502170120286104,0.7331890000000003,0.9998110000000011,1.199777,1.6996890000000002,2.046284200000001,2.1329330000000013,-0.5239633125577275
vid_d19791ead4037b9a,flexion_fraction,0.45308419420961094,0.12302669750498936,0.28888793315269873,0.36249980308891594,0.4285687750047627,0.5714279590670618,0.6055147924011047,0.6140365007346155,-0.27790538935900533
vid_d19791ead4037b9a,active_start_angle,114.60428619384766,7.57494493425625,102.63304901123047,109.04670715332031,117.86690521240234,121.35340881347656,121.96777038574218,122.1213607788086,-3.0865673497498225
vid_d19791ead4037b9a,active_end_angle,115.14386596679688,8.191704703640296,102.84272003173828,109.04670715332031,116.7846450805664,122.1213607788086,124.36338958740234,124.92389678955078,-3.2070555424170744
vid_d19791ead4037b9a,flexion_excursion,23.613043212890624,9.007050103309663,8.851234436035156,23.52690887451172,23.975662231445312,24.426376342773438,34.71330261230469,37.2850341796875,-2.2535547842862846
vid_d19791ead4037b9a,extension_excursion,24.152622985839844,9.074034722579873,15.264892578125,18.222389221191406,18.958145141601562,28.230117797851562,37.71607971191406,40.08757019042969,-2.2786281390539163
vid_d19791ead4037b9a,flexion_net_speed,22.763335254504856,9.419095071284431,10.214927219890562,18.323291167338642,20.554490598301605,26.146151937116223,36.09148266732504,38.57781534987725,-1.206460513786716
vid_d19791ead4037b9a,extension_net_speed,20.654483536129636,10.380800701162979,7.156761407003873,15.801390709774868,18.225833903799202,23.585238352680804,35.5196023164477,38.50319330738943,-1.2750503915331457
vid_d5dd3c73ecfdd074,active_min_angle,77.21733538309734,2.3961522003927755,74.67417907714844,75.0914134979248,77.2549819946289,78.23277282714844,80.93732986450195,83.40335845947266,-0.8300483151478302
vid_d5dd3c73ecfdd074,active_max_angle,152.97610727945963,2.2618935730501595,150.24769592285156,151.1924057006836,152.97064208984375,153.42364883422852,156.7095054626465,159.04263305664062,0.21393139110966547
vid_d5dd3c73ecfdd074,active_rom,75.7587718963623,3.363205833867285,69.80219268798828,72.92127990722656,75.90678787231445,77.6844654083252,80.92466926574707,82.01896667480469,0.6228742176869121
vid_d5dd3c73ecfdd074,opposing_min_angle,85.23446273803711,3.8973671420701144,78.31723022460938,82.01108741760254,86.0887336730957,88.42893028259277,89.97209701538085,91.53150177001953,-0.18144178316455667
vid_d5dd3c73ecfdd074,opposing_max_angle,150.3104451497396,3.746885651306988,143.6553955078125,147.6865463256836,151.3678741455078,153.3682746887207,154.4469078063965,154.48684692382812,0.1963957987953601
vid_d5dd3c73ecfdd074,opposing_rom,65.07598241170247,4.103043272344372,55.409271240234375,62.617549896240234,65.3739242553711,67.96927452087402,70.75630035400391,70.78619384765625,0.4633587163801005
vid_d5dd3c73ecfdd074,duration,3.1438048333333337,0.17061970639203805,2.866033,3.0327202499999992,3.1992949999999993,3.29928,3.3476124999999994,3.3659329999999983,0.7754497529534541
vid_d5dd3c73ecfdd074,active_peak_abs_velocity,324.5913899739583,81.70161573029293,217.038330078125,253.57757186889648,303.8588104248047,381.48067474365234,456.54282379150385,484.75390625,-0.3405887333954224
vid_d5dd3c73ecfdd074,active_mean_abs_velocity,60.06160522262538,3.7382662028361935,54.28604763962603,57.181290133905414,59.485049036232475,62.48828738759896,66.13063479376444,67.70551797268708,-0.4220844441029659
vid_d5dd3c73ecfdd074,opposing_peak_abs_velocity,207.59891637166342,27.857926867667526,173.074462890625,183.3816375732422,204.21197509765625,228.734619140625,252.58942260742185,265.7179870605469,-0.576597601059678
vid_d5dd3c73ecfdd074,opposing_mean_abs_velocity,48.64710429004706,3.6483728363265864,42.03095248082624,46.34032229876463,48.80196763887368,49.81812242092416,54.75263817331469,56.98208708330822,-0.4545751880330977
vid_d5dd3c73ecfdd074,active_mean_flare,0.09957065022288349,0.04337652057384408,0.047460300187742735,0.05809546311125395,0.09448609971025265,0.14551807293188238,0.15128050542215912,0.1556488428031556,-0.00894887018165936
vid_d5dd3c73ecfdd074,active_max_flare,0.1876748533298572,0.061218876167284234,0.11114374548196793,0.12871524691581726,0.1836436465382576,0.24738647416234016,0.2637097507715225,0.276552677154541,-0.03764911056994033
vid_d5dd3c73ecfdd074,opposing_mean_flare,0.10313721762712054,0.030489841388823186,0.05251432759832734,0.07911714370131008,0.10269890792347348,0.12607163668407614,0.14751295781061344,0.16721495844957837,0.3901184130874992
vid_d5dd3c73ecfdd074,opposing_max_flare,0.1788028571754694,0.04047145720317424,0.08793627470731735,0.15806738287210464,0.1791781187057495,0.20992637053132057,0.2317098930478096,0.23890522122383118,-0.030059898625854974
vid_d5dd3c73ecfdd074,mean_angle_asymmetry,11.145314356332122,2.7730141596307814,6.499371272124638,8.755229183623918,10.81270452403097,13.8492391175831,14.946455069600345,15.268624266493536,0.6025614620606379
vid_d5dd3c73ecfdd074,max_angle_asymmetry,25.172286987304688,6.845631430858331,14.975608825683594,19.891765594482422,24.176258087158203,29.855148315429688,35.641555023193355,36.98249053955078,0.10056665481254908
vid_d5dd3c73ecfdd074,mean_flare_asymmetry,0.07274323793969091,0.018351641266337624,0.041882402747820964,0.060551890032792294,0.0728283514664998,0.08185125979402116,0.1015886552070707,0.10899792720627464,-0.21738832823591667
vid_d5dd3c73ecfdd074,max_flare_asymmetry,0.17905856793125471,0.029303009823440928,0.14361578226089478,0.16059409081935883,0.16903850436210632,0.19531189650297165,0.23030619472265243,0.24357442557811737,-0.44512404155396956
vid_d5dd3c73ecfdd074,mean_torso_lean,13.042612348859647,1.2615414695405935,11.122224984073481,11.917854903480157,12.887093298718453,13.913894880479933,15.025646678700838,15.572868477211617,0.7090287041661172
vid_d5dd3c73ecfdd074,max_torso_lean,32.13283014297485,2.485440844200489,26.561290740966797,31.12923574447632,31.818507194519043,34.66917705535889,35.372314643859866,35.61961364746094,0.8062654389093498
vid_d5dd3c73ecfdd074,range_torso_lean,29.814628670612972,2.499843786171582,24.646512150764465,28.241534292697906,29.67734396457672,32.476756274700165,33.01183086633682,33.41360402107239,1.1123296131710392
vid_d5dd3c73ecfdd074,mean_shoulder_depth_ratio,0.16140556177008514,0.03280145024724297,0.11060199504765977,0.14020174436721125,0.15835609953709517,0.1823579596778559,0.2132185234067039,0.2269316538791576,-0.05517920353569355
vid_d5dd3c73ecfdd074,max_shoulder_depth_ratio,0.240198681751887,0.04919585177354098,0.1650383472442627,0.208170298486948,0.22609108686447144,0.26097646728157997,0.3244239896535873,0.3377823233604431,-0.2789599545240387
vid_d5dd3c73ecfdd074,range_shoulder_depth_ratio,0.2283464420470409,0.044971247366120265,0.1559320753440261,0.199057727586478,0.2219968765275553,0.24321662704460323,0.30718548567965626,0.3192536998540163,0.21191649640393656
vid_d5dd3c73ecfdd074,flexion_duration,1.2497639166666668,0.30529541956834155,0.8664999999999985,0.9664915000000005,1.249761499999999,1.4330610000000013,1.7196749499999995,1.8663109999999996,-0.08586313094429406
vid_d5dd3c73ecfdd074,extension_duration,1.8440999166666667,0.37318843477937025,1.333089000000001,1.4830554999999999,1.849655499999999,2.2662359999999993,2.311239600000001,2.366233000000001,0.9378087435930773
vid_d5dd3c73ecfdd074,flexion_fraction,0.4061694636012079,0.10390840186095317,0.2680394576353811,0.29874200305442977,0.41212080341228086,0.4788956868532885,0.5526099141570706,0.5833315621679063,-0.3934087286676715
vid_d5dd3c73ecfdd074,active_start_angle,145.3680845896403,8.74221527147542,121.26915740966797,141.6904067993164,147.85564422607422,151.28235626220703,153.77583389282228,154.4142303466797,-0.012610414771709471
vid_d5dd3c73ecfdd074,active_end_angle,149.28980509440103,3.7775454542798914,143.7651824951172,146.18801498413086,149.16307067871094,151.94376754760742,154.74046478271484,155.9967803955078,0.203340153892985
vid_d5dd3c73ecfdd074,flexion_excursion,68.15074920654297,8.823103129035657,43.18079376220703,66.1935977935791,69.4089584350586,72.65928840637207,77.92550888061524,78.57933044433594,0.42130544477369614
vid_d5dd3c73ecfdd074,extension_excursion,72.07246971130371,5.168989654298411,62.314109802246094,67.80340194702148,73.84051895141602,75.64176750183105,78.95562858581543,78.97311401367188,0.7401516733208677
vid_d5dd3c73ecfdd074,flexion_net_speed,58.52996639039185,18.31843292962262,30.849307519510504,46.11732032198027,55.62045880160367,72.09072282514921,86.57769292885338,90.6858978007337,0.3420984421561937
vid_d5dd3c73ecfdd074,extension_net_speed,41.01570077465394,10.05747086402122,27.496634213090854,32.958610507782836,38.732055852102945,49.853712352457,55.6863570867971,56.42012727689639,-0.2409360153885181
vid_dd4079cefb8f35d3,active_min_angle,74.35281753540039,2.12285030705781,68.88529205322266,73.9671802520752,74.97466278076172,75.4210376739502,76.46134986877442,76.7479248046875,-1.0493224453258856
vid_dd4079cefb8f35d3,active_max_angle,155.49841918945313,2.038899267222282,151.4342041015625,154.25146484375,155.33515167236328,157.2438087463379,158.1308578491211,158.5755157470703,0.5029617522529327
vid_dd4079cefb8f35d3,active_rom,81.14560165405274,3.648917750596506,76.01203155517578,78.54702186584473,80.35452270507812,83.27015113830566,87.08873977661132,88.06180572509766,0.8915506566834879
vid_dd4079cefb8f35d3,opposing_min_angle,83.44708786010742,4.490552454211024,76.15973663330078,79.63132286071777,84.01629257202148,86.06148529052734,90.15419044494628,91.31095123291016,-0.46726182171162395
vid_dd4079cefb8f35d3,opposing_max_angle,138.27608795166014,3.6188793313218186,131.89707946777344,135.47423553466797,139.82135009765625,141.29460906982422,142.23765335083007,142.56289672851562,-0.8149982579609797
vid_dd4079cefb8f35d3,opposing_rom,54.829000091552736,7.390884790376281,40.58612823486328,49.796194076538086,54.689476013183594,61.25331687927246,63.84888000488281,65.6803970336914,-0.33434146414069155
vid_dd4079cefb8f35d3,duration,2.6328313,0.1948670288140356,2.2996669999999995,2.44963575,2.6827335000000003,2.7578720000000008,2.8844161,2.8994560000000007,-0.11376654229268685
vid_dd4079cefb8f35d3,active_peak_abs_velocity,296.15767059326174,33.95247179584523,245.2447052001953,263.7828369140625,300.107177734375,314.71421813964844,346.3705551147461,353.77667236328125,-0.3744056437682878
vid_dd4079cefb8f35d3,active_mean_abs_velocity,65.9523331277575,4.698949095487896,60.153494592849185,62.57710601567828,64.84650745556186,66.68161051552653,74.61138941424248,75.70633843212237,-0.004929508509804423
vid_dd4079cefb8f35d3,opposing_peak_abs_velocity,153.38645553588867,27.135246573233754,109.2435531616211,133.78057861328125,146.31375122070312,174.35553741455078,194.1745895385742,203.970947265625,-1.1522377785671145
vid_dd4079cefb8f35d3,opposing_mean_abs_velocity,43.655111013831096,3.569726196363138,37.774714064371665,41.064345536185414,44.134438001600955,45.68901453544375,48.61373912173385,50.90766751095629,-0.7308131745910251
vid_dd4079cefb8f35d3,active_mean_flare,0.06989300232598872,0.009576346212954211,0.06031285326322352,0.0632533449578751,0.06653749108305101,0.0716558430589085,0.08796465548118504,0.08932163698776835,-0.4884701309601341
vid_dd4079cefb8f35d3,active_max_flare,0.13220066279172898,0.01865644331794047,0.1085464358329773,0.11738279648125172,0.1277577355504036,0.13810206204652786,0.1651975654065609,0.16647610068321228,-0.7043082084881853
vid_dd4079cefb8f35d3,opposing_mean_flare,0.08103710513256654,0.013665652080096614,0.05210797913385773,0.0730570699214856,0.08246277482688792,0.09079905558497317,0.09827046063204045,0.0999583192245725,-0.0074504256952770175
vid_dd4079cefb8f35d3,opposing_max_flare,0.13739718198776246,0.017180042054758895,0.09816679358482361,0.12858285009860992,0.13935637474060059,0.14849194139242172,0.15817724168300626,0.16563726961612701,-0.5161564658841938
vid_dd4079cefb8f35d3,mean_angle_asymmetry,12.1556412806631,1.1794493861580082,10.592340417882333,11.327902517113905,11.980325645270387,13.006632763278262,13.923498716345833,14.271935432948242,0.9756961537721255
vid_dd4079cefb8f35d3,max_angle_asymmetry,21.782479095458985,2.8851555845221544,18.358413696289062,20.109962463378906,20.962181091308594,22.957019805908203,26.899020385742187,27.387115478515625,-0.38148720741376446
vid_dd4079cefb8f35d3,mean_flare_asymmetry,0.04267707780480781,0.007668847964518794,0.031828752163021966,0.038289134803150486,0.04242738573917425,0.0461669922559526,0.054086533753481617,0.06047020058601071,-0.9682614082812122
vid_dd4079cefb8f35d3,max_flare_asymmetry,0.10775470957159997,0.00620154663095265,0.09595786035060883,0.10318003036081791,0.10711386427283287,0.11428006552159786,0.1148732878267765,0.11509045958518982,-1.565886661064215
vid_dd4079cefb8f35d3,mean_torso_lean,10.308217699583158,1.2490213433990829,8.335958363305915,9.819046218882459,10.204859507786328,11.076851820788555,12.178550825221093,12.798388477020463,0.3697759682996521
vid_dd4079cefb8f35d3,max_torso_lean,26.14991397857666,0.7052605646556411,24.605077743530273,25.813374042510986,26.168176651000977,26.530519008636475,27.116767024993894,27.440298080444336,0.3787008970339588
vid_dd4079cefb8f35d3,range_torso_lean,23.746915423870085,0.6860901919761424,22.316365003585815,23.275848507881165,23.854482173919678,24.248398512601852,24.61492521762848,24.76587414741516,0.48339458376759653
vid_dd4079cefb8f35d3,mean_shoulder_depth_ratio,0.24091726875854086,0.015213905560173827,0.1989376375500251,0.24299085088473835,0.24698273075274124,0.24881634333674196,0.2515421105948253,0.2531904054044789,0.866233957908425
vid_dd4079cefb8f35d3,max_shoulder_depth_ratio,0.3229032546281815,0.027897178940588567,0.27356117963790894,0.30659646540880203,0.31890256702899933,0.34496156871318817,0.36165672540664673,0.3638070523738861,0.35751034587777325
vid_dd4079cefb8f35d3,range_shoulder_depth_ratio,0.14545171037316323,0.03672572488058263,0.09950023889541626,0.11860240623354912,0.1323753073811531,0.1687127985060215,0.20625013597309586,0.2275865152478218,-0.726103230335397
vid_dd4079cefb8f35d3,flexion_duration,1.1397843000000007,0.3202829861550723,0.6998769999999999,0.8081805000000013,1.1997715000000009,1.4247252500000007,1.5213769000000015,1.5663670000000032,-0.189654641424405
vid_dd4079cefb8f35d3,extension_duration,1.4530633999999993,0.3651397783674634,0.8998439999999981,1.1414557499999987,1.4497279999999995,1.7996639999999982,1.9179777000000007,1.9329780000000003,0.03825160485675763
vid_dd4079cefb8f35d3,flexion_fraction,0.44162308463230504,0.128937270998144,0.2658243617669791,0.3214847715358179,0.44918074140741815,0.5684516899210764,0.6022284841609709,0.6142809378884656,-0.1331610398300366
vid_dd4079cefb8f35d3,active_start_angle,150.58133087158203,9.452249161875114,123.17182922363281,151.66934204101562,152.8436508178711,155.00749588012695,157.29925689697265,157.58738708496094,0.49867875439209775
vid_dd4079cefb8f35d3,active_end_angle,152.27842407226564,4.596269515984824,140.61358642578125,151.5516357421875,152.8436508178711,155.00749588012695,157.29925689697265,157.58738708496094,0.5910129463352275
vid_dd4079cefb8f35d3,flexion_excursion,76.22851333618163,9.420825019766434,50.495750427246094,76.41783714294434,78.10048294067383,79.70841789245605,85.50389671325684,88.06180572509766,0.9330141512206093
vid_dd4079cefb8f35d3,extension_excursion,77.92560653686523,5.923183987624192,64.50249481201172,75.37114715576172,77.86898803710938,82.55005073547363,85.21407852172851,85.46179962158203,0.9617357686591836
vid_dd4079cefb8f35d3,flexion_net_speed,73.82662801151127,26.20150455001485,37.879095076463024,53.754813906349085,67.44473035642291,97.23474907778049,112.58744186135281,117.7029156216914,0.8642737178410691
vid_dd4079cefb8f35d3,extension_net_speed,56.85950155409099,13.406146415717306,40.336148331280306,44.01818420301573,57.809189715225514,66.4147780201142,75.74526331214338,81.80733348869464,0.7211104519336803
vid_e2fbdd20b335321f,active_min_angle,84.58295726776123,12.242943038101432,73.15716552734375,74.73405838012695,78.1121940612793,94.50412368774414,103.9052635192871,106.43733215332031,-0.7476193161068893
vid_e2fbdd20b335321f,active_max_angle,153.1518440246582,3.6490098450738726,146.36572265625,151.72596740722656,152.65379333496094,154.59883880615234,158.61228790283204,159.74868774414062,0.1752007762165802
vid_e2fbdd20b335321f,active_rom,68.56888675689697,15.240854001761194,39.92839050292969,57.694862365722656,74.76442337036133,80.52672386169434,84.0310447692871,84.6325912475586,0.5538668604676984
vid_e2fbdd20b335321f,opposing_min_angle,91.54051876068115,8.117513807008622,82.99308776855469,85.56451797485352,88.14630508422852,95.85112190246582,105.18819694519043,108.32300567626953,0.10232750694385404
vid_e2fbdd20b335321f,opposing_max_angle,151.1549415588379,6.424770275590512,140.3096160888672,147.6209259033203,152.65528869628906,156.73244094848633,157.99251480102538,158.29849243164062,0.3091642319485448
vid_e2fbdd20b335321f,opposing_rom,59.61442279815674,13.914470247304553,33.527259826660156,49.04111671447754,64.50898361206055,71.62728118896484,74.019038772583,75.30540466308594,0.39878230666113385
vid_e2fbdd20b335321f,duration,3.2077071249999998,0.3557779389034116,2.566088999999998,2.9826805,3.2160609999999994,3.44107,3.6876673,3.6994000000000007,0.8043109832350311
vid_e2fbdd20b335321f,active_peak_abs_velocity,240.3999195098877,74.31576548310393,137.00416564941406,159.61668395996094,270.38360595703125,300.54127502441406,323.53566284179686,330.7875671386719,-0.6423314898459164
vid_e2fbdd20b335321f,active_mean_abs_velocity,53.994735766934284,8.365929972082915,42.19647157331231,46.749952873864025,53.57747079908998,62.942396126520805,64.00680269364574,64.37459466968721,-0.8817309108445628
vid_e2fbdd20b335321f,opposing_peak_abs_velocity,195.36757278442383,56.34699926142745,129.39480590820312,170.0430908203125,185.24533081054688,200.72566986083984,287.2105270385741,330.8307189941406,-0.7651692316394899
vid_e2fbdd20b335321f,opposing_mean_abs_velocity,45.136371522298575,7.657934202797575,33.13154112385099,39.10088062212387,46.87339038329317,51.691712515165065,54.01357139909834,54.306943784125075,-0.5687140022248081
vid_e2fbdd20b335321f,active_mean_flare,0.11397030896114967,0.07347134743628476,0.03249979974144018,0.04863048120506186,0.09864746556983493,0.16689630936056404,0.22400803056103896,0.24200042760547208,0.062448723529151165
vid_e2fbdd20b335321f,active_max_flare,0.1980582382529974,0.08873823277096471,0.08290977030992508,0.11352215521037579,0.1981836035847664,0.27382824569940567,0.31618940830230713,0.32399144768714905,0.13579701345409598
vid_e2fbdd20b335321f,opposing_mean_flare,0.08256237766762536,0.025443266698654987,0.054716549238971846,0.06333280308580458,0.07252290122576849,0.09876232993368952,0.1232496050912988,0.12420269717074305,-0.2027339804328869
vid_e2fbdd20b335321f,opposing_max_flare,0.16175216156989336,0.04066650232271839,0.09969518333673477,0.1391562893986702,0.15721091628074646,0.18969056382775307,0.22037007063627242,0.2287295013666153,-0.29820942267503625
vid_e2fbdd20b335321f,mean_angle_asymmetry,9.524256846989445,1.72122908256853,6.788320703403334,8.445696650116453,9.39099081630982,10.643009691157033,12.006418085497431,12.31322331027858,0.14822683554290486
vid_e2fbdd20b335321f,max_angle_asymmetry,21.171173095703125,2.5432587856471787,15.470207214355469,20.513893127441406,21.688255310058594,23.059295654296875,23.716383743286134,24.01067352294922,-0.27258910638402545
vid_e2fbdd20b335321f,mean_flare_asymmetry,0.09361062157701541,0.04220118786809842,0.030234263246815583,0.06710770065977156,0.0925011408027838,0.10890104210232834,0.15989515241568014,0.17282798776646327,0.2685096545620568
vid_e2fbdd20b335321f,max_flare_asymmetry,0.20198706444352865,0.06702335106688226,0.11814146488904953,0.1464657038450241,0.1859794706106186,0.2612699568271637,0.2990978673100471,0.3080178499221802,-0.13851262350866467
vid_e2fbdd20b335321f,mean_torso_lean,12.86105103037566,1.9704553719668354,9.798155673822322,11.327418455027669,13.322795277268106,14.042086838748784,15.462779970597078,15.85433599364447,0.7641369086578793
vid_e2fbdd20b335321f,max_torso_lean,31.136665105819702,2.4497300934421573,25.508201599121094,31.253264904022217,31.954055786132812,32.09431076049805,33.4797040939331,34.225685119628906,0.8165224975059803
vid_e2fbdd20b335321f,range_torso_lean,29.286991089582443,3.631570696002428,20.054272174835205,29.31661732494831,30.85774677991867,31.257321447134018,31.668825259804727,31.760290324687958,1.2398264877432974
vid_e2fbdd20b335321f,mean_shoulder_depth_ratio,0.15372854054791885,0.053486926945519174,0.10136546924674379,0.11919381549930413,0.12333197427218408,0.18030878547924462,0.24322230637058245,0.24538175323877567,-0.4193100471038438
vid_e2fbdd20b335321f,max_shoulder_depth_ratio,0.25337986648082733,0.05802333651372697,0.17856214940547943,0.20487228780984879,0.23900290578603745,0.30460505932569504,0.3359949067234993,0.33869028091430664,-0.19041498947041816
vid_e2fbdd20b335321f,range_shoulder_depth_ratio,0.24335857239202596,0.0500689670302855,0.17761199979577214,0.19678514097176958,0.23750936225405894,0.286713412264362,0.31283098431304096,0.3237731931731105,0.3742771620429505
vid_e2fbdd20b335321f,flexion_duration,1.2872582499999996,0.43098273238807083,0.7331889999999999,1.0164779999999993,1.2330994999999998,1.39140875,2.004622999999999,2.1329329999999995,-0.12045753277705254
vid_e2fbdd20b335321f,extension_duration,1.8788138750000005,0.5021073430643191,1.0331329999999994,1.6246915000000004,1.7830000000000008,2.1079417500000006,2.6328408000000008,2.6328450000000005,0.787880491944873
vid_e2fbdd20b335321f,flexion_fraction,0.4079984202654133,0.12893380064918544,0.21781984376866062,0.33207408471426564,0.40246101670920326,0.45408117434170153,0.6096547924647994,0.6736855769904987,-0.46124308836007905
vid_e2fbdd20b335321f,active_start_angle,148.32600784301758,7.558873712855584,132.74612426757812,145.23685836791992,149.96556091308594,152.96700286865234,157.10141677856444,157.4242706298828,0.20366386836199757
vid_e2fbdd20b335321f,active_end_angle,147.6746702194214,9.538163130264726,125.9750747680664,145.98697662353516,151.83951568603516,152.63028717041016,156.40487899780274,158.29849243164062,0.4852481332269811
vid_e2fbdd20b335321f,flexion_excursion,63.74305057525635,15.514152120541938,39.92839050292969,54.101898193359375,65.35039138793945,75.72131538391113,82.70188751220704,82.91388702392578,0.18235955071705898
vid_e2fbdd20b335321f,extension_excursion,63.091712951660156,19.430827195819358,33.037193298339844,47.65290832519531,71.94238662719727,79.15003776550293,81.9744083404541,83.1823959350586,0.635745774964064
vid_e2fbdd20b335321f,flexion_net_speed,54.610140019397555,24.074107464356796,32.79113236524572,38.60998760852621,47.873095870977295,58.48116537904789,95.88417655298471,112.26051418297438,-3.52237846722979e-05
vid_e2fbdd20b335321f,extension_net_speed,36.64145683230828,17.50665842712754,18.02367242702483,20.404222913690344,36.22056312412788,43.05033519184637,64.29187308297817,74.13746033813989,-0.3675888304282257
vid_e61ec8fb945f06ad,active_min_angle,87.6118532816569,4.374009355970755,82.95303344726562,85.98665046691895,86.44239807128906,86.90751266479492,94.44300842285156,96.93600463867188,0.053408113470795736
vid_e61ec8fb945f06ad,active_max_angle,147.69080098470053,3.912227881747418,140.813720703125,145.98675155639648,147.88030242919922,150.5591697692871,152.3030242919922,152.76278686523438,-0.40829603454122304
vid_e61ec8fb945f06ad,active_rom,60.07894770304362,7.927523126423133,43.877716064453125,59.39655685424805,61.32489013671875,65.74750328063965,67.6854076385498,67.970703125,-0.2579814323738827
vid_e61ec8fb945f06ad,opposing_min_angle,97.61186091105144,6.155935402928815,91.48922729492188,92.82319450378418,97.11024856567383,98.24471855163574,107.0500545501709,109.94438934326172,1.3385868486797512
vid_e61ec8fb945f06ad,opposing_max_angle,127.91014226277669,7.320984448107871,117.76896667480469,123.40408325195312,126.18690490722656,132.9423427581787,138.41621017456055,139.64744567871094,-2.0092794784930135
vid_e61ec8fb945f06ad,opposing_rom,30.29828135172526,5.72947762478546,24.778114318847656,26.190448760986328,28.831993103027344,31.408946990966797,39.1920166015625,41.76972198486328,-2.2648593830540156
vid_e61ec8fb945f06ad,duration,4.703546500000001,0.6988226205363208,3.348566999999999,4.514730500000001,4.831267,5.172803249999999,5.439347250000001,5.514311000000001,3.5847495087142662
vid_e61ec8fb945f06ad,active_peak_abs_velocity,484.7539469401042,156.29023305875972,241.63204956054688,370.2528762817383,503.4446258544922,624.2814025878906,665.6238250732422,669.58642578125,1.4584614906039748
vid_e61ec8fb945f06ad,active_mean_abs_velocity,51.42569757045868,4.267305106189161,42.840575255229375,51.09251050042109,52.38029070374478,53.18838915261409,55.97750782679294,56.832023025149425,-0.9748789960309829
vid_e61ec8fb945f06ad,opposing_peak_abs_velocity,206.11002349853516,77.40975099553259,132.81521606445312,147.27769088745117,189.3232192993164,220.27471923828125,326.20475006103516,361.3440856933594,-0.7246257348558999
vid_e61ec8fb945f06ad,opposing_mean_abs_velocity,34.02995327221026,5.148332651211299,26.863238238407227,29.487649637182155,34.85109290174271,38.30614545959184,39.973357832088986,40.45663073016534,-1.2802285523593924
vid_e61ec8fb945f06ad,active_mean_flare,0.05603346192600265,0.021346364166329727,0.028244504499532454,0.036635724620336124,0.05835298721289044,0.07361425632031665,0.08082697062434076,0.08315230951842584,-0.6288937086421355
vid_e61ec8fb945f06ad,active_max_flare,0.14213557913899422,0.04015849777406538,0.09526920318603516,0.1126470398157835,0.13369756191968918,0.16083037853240967,0.2018902823328972,0.21464429795742035,-0.6334524378808216
vid_e61ec8fb945f06ad,opposing_mean_flare,0.08497575562078528,0.02201923060396869,0.06437465299792006,0.06829066281953379,0.07560862951429086,0.09602227682393898,0.11980398622933577,0.1255844551831068,-0.14211027299769527
vid_e61ec8fb945f06ad,opposing_max_flare,0.1671401411294937,0.04346174819654712,0.10708443820476532,0.14074281975626945,0.15551792830228806,0.19949014484882355,0.22867705300450325,0.23475521802902222,-0.3188754097161487
vid_e61ec8fb945f06ad,mean_angle_asymmetry,15.162270018894942,3.3929894532681524,10.571421800585558,12.913783489688907,15.118685486289923,16.289651820781025,20.07987539052222,21.30603725043762,1.978616459389329
vid_e61ec8fb945f06ad,max_angle_asymmetry,40.445936838785805,8.100256970686875,26.658355712890625,36.57533645629883,40.88681411743164,45.27294158935547,50.820213317871094,52.37047576904297,2.6068501336291985
vid_e61ec8fb945f06ad,mean_flare_asymmetry,0.05591535710759607,0.018825171865198366,0.03784169149622816,0.03964423887049981,0.05184030009126994,0.06312644108388489,0.0847407958880266,0.09150247775514206,-0.735771952020033
vid_e61ec8fb945f06ad,max_flare_asymmetry,0.1544504202902317,0.04011456654556523,0.10358376801013947,0.12472098879516125,0.15276828408241272,0.16973674297332764,0.2135620042681694,0.22681739926338196,-0.7395957522395644
vid_e61ec8fb945f06ad,mean_torso_lean,4.276745427121178,1.4585950828504084,2.055988589891783,3.2747971676603327,4.353729442970508,5.250870709133059,6.190841458608971,6.431954213150082,-0.370283264832843
vid_e61ec8fb945f06ad,max_torso_lean,15.713599761327108,6.387825874559392,4.350339412689209,12.082409381866455,18.114614486694336,20.52437400817871,22.026392459869385,22.3027286529541,-0.23071789549968566
vid_e61ec8fb945f06ad,range_torso_lean,15.211533717811108,6.281723983135852,3.898918032646179,11.724719136953354,17.60061990469694,20.23953828588128,21.187118344008923,21.28378117084503,-0.19209337929718664
vid_e61ec8fb945f06ad,mean_shoulder_depth_ratio,0.2041695095423237,0.02055518287402934,0.16916041211943242,0.19692966134310347,0.20588556179572798,0.210650370328105,0.2314572471727383,0.2379025205119282,0.4389642777267914
vid_e61ec8fb945f06ad,max_shoulder_depth_ratio,0.2794393027822177,0.036950477998052525,0.23158705234527588,0.24508973583579063,0.28681914508342743,0.3032541275024414,0.32562151551246643,0.33149808645248413,0.13749289580136864
vid_e61ec8fb945f06ad,range_shoulder_depth_ratio,0.16095794240633646,0.023834583334656413,0.1353197917342186,0.14352159574627876,0.15286802873015404,0.1732343453913927,0.19805046916007996,0.20426256954669952,-0.5116171745452565
vid_e61ec8fb945f06ad,flexion_duration,2.218497833333334,0.8171365351382871,1.3827339999999992,1.8700387500000017,1.9824940000000026,2.11992425,3.511002,3.9649769999999998,1.4354693946182382
vid_e61ec8fb945f06ad,extension_duration,2.4683928333333327,0.8726548532372195,1.2994449999999986,1.7617475000000002,2.4906004999999976,3.0195447499999997,3.656785750000001,3.815055000000001,2.3794866734362357
vid_e61ec8fb945f06ad,flexion_fraction,0.47750237789275585,0.1504771895614147,0.2660234957594468,0.3838716909410289,0.45011438849683194,0.5743476933831766,0.6934093276360631,0.7212124078357045,-0.12660464739241825
vid_e61ec8fb945f06ad,active_start_angle,144.26373291015625,4.912810033528306,137.41757202148438,140.0851936340332,145.08672332763672,147.7588996887207,150.33995056152344,150.92373657226562,-0.29643507289679316
vid_e61ec8fb945f06ad,active_end_angle,142.75057220458984,3.9410012273027895,137.41757202148438,140.46374130249023,141.99169921875,144.47298431396484,148.61187744140625,149.84796142578125,-0.5520151146810715
vid_e61ec8fb945f06ad,flexion_excursion,56.65187962849935,8.726573798699683,40.4815673828125,53.38224411010742,58.53131103515625,61.68070030212402,66.64185905456543,67.970703125,-0.2191100400579434
vid_e61ec8fb945f06ad,extension_excursion,55.138718922932945,6.808647626413306,43.41487121582031,51.96916198730469,55.14069366455078,60.51720428466797,63.42366981506348,63.914695739746094,-0.2884236442582231
vid_e61ec8fb945f06ad,flexion_net_speed,28.642052225755577,10.150658152720775,13.049522947953891,22.48080624981442,30.899346458384187,31.73746070124401,41.92797809287042,45.31263919398941,-0.7496181674641396
vid_e61ec8fb945f06ad,extension_net_speed,24.84135068354898,7.428115332169848,16.112860369215014,18.11508085492617,23.748605062872404,31.381922673496526,34.80840381209906,35.27443227701875,-0.9965409193274697
vid_fd3e2ae78827f629,active_min_angle,86.89196523030598,4.583015161349416,80.10733032226562,83.17001342773438,88.46843338012695,89.55451774597168,92.19652938842773,92.98717498779297,0.24823045560334384
vid_fd3e2ae78827f629,active_max_angle,151.03717295328775,6.340794472479303,144.0851287841797,144.7575569152832,150.96250915527344,156.47573471069336,158.56942749023438,159.21017456054688,-0.03153658736394347
vid_fd3e2ae78827f629,active_rom,64.14520772298177,10.500094778292215,51.09795379638672,55.20303916931152,62.494075775146484,74.34709358215332,77.42072486877441,77.71434783935547,-0.187353877973678
vid_fd3e2ae78827f629,opposing_min_angle,89.67654164632161,4.631340029380981,83.48384857177734,85.4794864654541,90.08488464355469,93.46337890625,95.44889068603516,95.87173461914062,0.36968607461844877
vid_fd3e2ae78827f629,opposing_max_angle,146.21273549397787,4.149517353986864,140.04769897460938,143.08817672729492,146.8392562866211,150.14624786376953,150.40121841430664,150.46380615234375,-0.20027918051591403
vid_fd3e2ae78827f629,opposing_rom,56.53619384765625,4.7624293764921495,47.00120544433594,55.711687088012695,57.45781707763672,59.97537040710449,61.07960319519043,61.35612487792969,-0.12765730817858098
vid_fd3e2ae78827f629,duration,2.1046598333333333,0.2765449343918738,1.615979,1.9408444999999999,2.2323784999999994,2.299019750000001,2.3656617500000015,2.3823230000000013,-0.889014029079018
vid_fd3e2ae78827f629,active_peak_abs_velocity,661.8172505696615,365.89601875680637,354.7041320800781,420.4559555053711,506.3870086669922,718.6603546142578,1257.1027526855469,1422.1949462890625,1.4849838887339408
vid_fd3e2ae78827f629,active_mean_abs_velocity,93.05093904014915,37.692494920725046,64.3145477238255,65.98913188476378,78.56997226415686,96.98004941799653,153.77308668391234,171.93888176117977,1.062841726590164
vid_fd3e2ae78827f629,opposing_peak_abs_velocity,348.11536916097003,215.47431493935505,214.83450317382812,233.03342056274414,261.1150894165039,291.9270553588867,693.0094299316406,825.7569580078125,-0.010851078388434183
vid_fd3e2ae78827f629,opposing_mean_abs_velocity,65.20106453409637,8.868942121728894,55.24011555816811,58.41203983850129,63.11835431447943,69.42343187999934,78.82811269827914,81.36117026910334,0.39271023646071584
vid_fd3e2ae78827f629,active_mean_flare,0.10261328510413538,0.01310800436147201,0.08728671470715745,0.0950197721622657,0.09611263033088333,0.11344877437857225,0.12143239405005883,0.12228476008869316,0.018957922041997338
vid_fd3e2ae78827f629,active_max_flare,0.16369466731945673,0.012454518998524214,0.14496935904026031,0.15436286106705666,0.16499876976013184,0.17401523888111115,0.1781870350241661,0.17936281859874725,-0.2600625330943327
vid_fd3e2ae78827f629,opposing_mean_flare,0.07711557200193327,0.027621128178896785,0.03892400614581147,0.05824637089714859,0.0744115909510169,0.0945353144999199,0.11468176666587963,0.12084505740167423,-0.16562787042145047
vid_fd3e2ae78827f629,opposing_max_flare,0.15768431747953096,0.045916275466969976,0.08895101398229599,0.12511997297406197,0.15833085030317307,0.1923874393105507,0.21732361614704132,0.22270387411117554,-0.284538597903177
vid_fd3e2ae78827f629,mean_angle_asymmetry,10.023083032145317,2.9143294888954028,6.034667270505622,7.349986976299524,10.918617294221624,11.809496533531314,13.473152270455866,13.999696516963006,0.636407825520944
vid_fd3e2ae78827f629,max_angle_asymmetry,25.608301798502605,3.553015799613001,18.160362243652344,25.27511978149414,26.874252319335938,28.14691925048828,28.384014129638672,28.42772674560547,0.5052173652855877
vid_fd3e2ae78827f629,mean_flare_asymmetry,0.04960284811840302,0.013146740550282606,0.030274492849168486,0.04148647790984149,0.04790712895215206,0.05845988450216534,0.06782416927702968,0.07020460737570451,-0.8329172977983139
vid_fd3e2ae78827f629,max_flare_asymmetry,0.12866255889336267,0.014518765232916153,0.10978122055530548,0.11732029169797897,0.1264515221118927,0.1395828202366829,0.14888691529631615,0.15105462074279785,-1.2158979647447399
vid_fd3e2ae78827f629,mean_torso_lean,3.5550026699966844,1.3832348512922963,1.3084218926219606,2.573905605845275,3.9199618067798516,4.821113647872878,4.918338547187108,4.93495271336081,-0.4251468109582797
vid_fd3e2ae78827f629,max_torso_lean,9.47364354133606,3.789329308918259,3.8081917762756348,6.505035638809204,9.843150615692139,12.800271034240723,13.972725868225098,14.169059753417969,-0.8566254655799872
vid_fd3e2ae78827f629,range_torso_lean,8.999862128247818,3.734109053848759,3.737706281244755,5.801997259259224,9.408095180988312,12.01589448750019,13.581989217549562,13.960150584578514,-1.0769788468282149
vid_fd3e2ae78827f629,mean_shoulder_depth_ratio,0.25950044408333145,0.08209704251570218,0.14476225498267567,0.21519104877218603,0.2508437831321078,0.28477298473042,0.3808093134920791,0.4111633206710276,0.9063756673537167
vid_fd3e2ae78827f629,max_shoulder_depth_ratio,0.39142456154028576,0.06037405678112835,0.28939810395240784,0.3680373877286911,0.39038199186325073,0.42039840668439865,0.47200849652290344,0.48739221692085266,0.8476924970098971
vid_fd3e2ae78827f629,range_shoulder_depth_ratio,0.25354593930145103,0.07289092732774508,0.1628238558769226,0.2262687049806118,0.23695701360702515,0.2537818867713213,0.36604577023535967,0.4024416394531727,0.3684960322112566
vid_fd3e2ae78827f629,flexion_duration,1.0439999999999994,0.3370078200655483,0.6996999999999995,0.7913330000000001,0.8996219999999996,1.2702864999999992,1.5576669999999986,1.6159779999999984,-0.812838677728692
vid_fd3e2ae78827f629,extension_duration,1.0439983333333338,0.30197056505155506,0.733023,0.7663390000000012,0.9745885000000007,1.2577892499999999,1.4743670000000004,1.5326780000000007,-1.030479925534638
vid_fd3e2ae78827f629,flexion_fraction,0.4977695975973921,0.12929284238105992,0.3333347832252148,0.3908412047749424,0.47979078994674107,0.6070056186182451,0.66952080357556,0.6830993179058995,0.0817932968073283
vid_fd3e2ae78827f629,active_start_angle,140.74646123250326,18.86145233054038,100.7542495727539,142.8266716003418,143.75310516357422,153.5665740966797,156.80883407592773,156.8627166748047,-0.4331358792282546
vid_fd3e2ae78827f629,active_end_angle,147.93907928466797,5.580923882670294,143.1814727783203,143.7489471435547,144.64899444580078,152.97077560424805,155.87482070922852,155.9613800048828,-0.27212416758454017
vid_fd3e2ae78827f629,flexion_excursion,53.854496002197266,21.22426301086321,12.561676025390625,50.63014221191406,54.46866226196289,70.42027854919434,76.24661445617676,76.53985595703125,-0.458296243483571
vid_fd3e2ae78827f629,extension_excursion,61.04711405436198,8.76176436707315,50.194297790527344,54.53534126281738,59.18802261352539,66.71206665039062,73.57306098937988,75.5078125,-0.06580217078581115
vid_fd3e2ae78827f629,flexion_net_speed,56.39411343544973,30.025045523086252,14.500376342364797,36.70280582561748,57.040515690010615,67.11275724054009,99.44845790204994,109.38953259544276,0.4048100091017179
vid_fd3e2ae78827f629,extension_net_speed,63.6021229611489,19.58914055369478,35.51673759985737,48.312061618395,66.80357398261242,75.11801519124782,88.7981480487871,92.45113244402908,1.17469093589227
vid_ffec5a0821a6c480,active_min_angle,76.53516329251804,2.1345395127585065,72.60169982910156,75.96632385253906,76.57312774658203,77.1376724243164,79.87090606689453,81.24205017089844,-0.8956150113539862
vid_ffec5a0821a6c480,active_max_angle,160.13538184532752,5.709663056746226,154.2088165283203,155.2583770751953,157.30691528320312,165.1728515625,170.3654815673828,170.4907989501953,0.7439840567271355
vid_ffec5a0821a6c480,active_rom,83.6002185528095,5.737944175644745,76.04535675048828,78.67008209228516,81.46305084228516,88.92206573486328,93.06121673583984,94.31561279296875,0.9585140444822222
vid_ffec5a0821a6c480,opposing_min_angle,87.44610184889574,3.1490539090477765,79.18629455566406,86.25325775146484,87.45250701904297,89.54733276367188,91.2981948852539,91.46420288085938,0.006642573059640316
vid_ffec5a0821a6c480,opposing_max_angle,163.47203416090744,7.401757553590685,155.20025634765625,156.3851776123047,161.55247497558594,166.8985137939453,177.3385040283203,178.1830596923828,1.088494988758362
vid_ffec5a0821a6c480,opposing_rom,76.02593231201172,7.879611134600042,66.45855712890625,68.93267059326172,74.4207534790039,81.95293426513672,88.28057403564452,91.92980194091797,1.138794372134202
vid_ffec5a0821a6c480,duration,3.115337153846154,0.2769237520931735,2.648866999999999,2.848777999999996,3.1153340000000007,3.2819339999999997,3.5484828,3.6484559999999995,0.6309180962869
vid_ffec5a0821a6c480,active_peak_abs_velocity,359.654296875,72.22811071168064,282.2812194824219,308.61572265625,332.57391357421875,367.9303283691406,486.9639648437498,561.61767578125,-0.08175314108691718
vid_ffec5a0821a6c480,active_mean_abs_velocity,68.26545106372276,6.011580788391963,58.48028533318824,64.18225088830745,66.27596280054317,71.72277174932898,78.29765760268609,78.75788162715143,0.10629104114869004
vid_ffec5a0821a6c480,opposing_peak_abs_velocity,386.47584768442005,229.72081515769943,240.71302795410156,297.9642639160156,324.34051513671875,371.14215087890625,717.3594665527332,1162.4041748046875,0.617753615287758
vid_ffec5a0821a6c480,opposing_mean_abs_velocity,64.73295195395863,13.709454672168247,50.56221909698749,55.69743561900343,60.69058987512886,67.275676706711,91.43849714277188,101.91584297972918,0.24902807208671532
vid_ffec5a0821a6c480,active_mean_flare,0.10324817650729158,0.013542560310533485,0.07646619595403023,0.09778936206366769,0.10061876850573793,0.10854216214139822,0.12778011760113256,0.12961205869424208,0.09627086050238491
vid_ffec5a0821a6c480,active_max_flare,0.3750536957612404,0.38817478768538327,0.14837591350078583,0.17130711674690247,0.17655344307422638,0.28265583515167236,1.2574599981307983,1.2574599981307983,-0.12222764855628825
vid_ffec5a0821a6c480,opposing_mean_flare,0.08428669197766545,0.027004355018098624,0.06194907275296366,0.07006940125741072,0.0758607310818753,0.08762879371622512,0.12998344510880408,0.16975817593932885,-0.1371573639116814
vid_ffec5a0821a6c480,opposing_max_flare,0.4837623823147554,0.7669467996274035,0.16592289507389069,0.1782078593969345,0.1920563131570816,0.4144640266895294,1.6321136236190763,3.088918685913086,0.12714180807881786
vid_ffec5a0821a6c480,mean_angle_asymmetry,7.991626428790221,1.394212862504719,6.457721498904031,7.2177636849460844,7.64019900081403,8.340430591771675,10.316985413090833,12.095930127731453,-0.41127072102113416
vid_ffec5a0821a6c480,max_angle_asymmetry,21.441334651066708,8.990346351589459,14.506553649902344,16.754417419433594,18.03083038330078,20.48590087890625,40.82572021484374,45.35882568359375,-0.8211372009141454
vid_ffec5a0821a6c480,mean_flare_asymmetry,0.07348127700714593,0.024845444910626367,0.05308574014205104,0.05921872820350192,0.06654865773999537,0.07258755564007464,0.12011154521079762,0.1497922879146577,-0.37249040665190764
vid_ffec5a0821a6c480,max_flare_asymmetry,0.4934950860647055,0.7794675565934751,0.1315087378025055,0.1512589156627655,0.16029006242752075,0.24210508167743683,1.936351871490476,2.994328260421753,-0.6034604757278972
vid_ffec5a0821a6c480,mean_torso_lean,16.980838637808855,1.4201305975883458,14.367771061226,16.209018480543637,17.18963267307197,17.92179943362406,18.843617116792043,19.46518347689813,1.2532199893767044
vid_ffec5a0821a6c480,max_torso_lean,31.455152218158428,1.9440762270211513,27.015857696533203,31.41988182067871,32.035221099853516,32.66620635986328,33.13838348388672,33.531124114990234,0.8226643346799091
vid_ffec5a0821a6c480,range_torso_lean,27.102914784963314,2.9006102356924317,22.13021469116211,25.47352170944214,27.719401836395264,28.71651339530945,31.01208070516586,31.832843333482742,0.9008496855632963
vid_ffec5a0821a6c480,mean_shoulder_depth_ratio,0.10725802710285162,0.03164698801646251,0.046123915984650626,0.09075583901204323,0.10655862452602978,0.11515325060265738,0.16714877729164157,0.1767394471798913,-0.5936953871040342
vid_ffec5a0821a6c480,max_shoulder_depth_ratio,0.4315577814212212,0.31949466429659656,0.14032740890979767,0.19766604900360107,0.25886043906211853,0.6814046502113342,0.9901571989059448,0.9966967105865479,-0.05423862263453218
vid_ffec5a0821a6c480,range_shoulder_depth_ratio,0.42324098248186953,0.3222356493671395,0.14007563627092168,0.18737382628023624,0.21131083741784096,0.6744523802772164,0.9851358408923261,0.9962309936236124,0.1000715958839989
vid_ffec5a0821a6c480,flexion_duration,1.6121333076923077,0.281295752257678,1.2494670000000028,1.3161109999999994,1.5826440000000002,1.7825659999999992,2.1057714,2.165745,0.6052826479594243
vid_ffec5a0821a6c480,extension_duration,1.4865453076923076,0.3485443249557054,0.8996110000000002,1.282789000000001,1.3993889999999993,1.6992669999999999,2.0357955999999993,2.0657890000000005,-0.07497593465189772
vid_ffec5a0821a6c480,flexion_fraction,0.5225228746744722,0.09077894492310123,0.38889003416007106,0.44117696907124887,0.5537593773860979,0.5815202480626221,0.6433654485817524,0.7065231575060122,0.6012262740077484
vid_ffec5a0821a6c480,active_start_angle,156.6436063326322,5.067147003317899,151.56002807617188,153.6072235107422,154.68896484375,157.1275177001953,167.21648559570312,170.2819366455078,0.6878302837203829
vid_ffec5a0821a6c480,active_end_angle,156.68910217285156,5.0476996340067,151.56002807617188,153.6072235107422,154.80026245117188,157.1275177001953,167.21648559570312,170.2819366455078,0.797101407101571
vid_ffec5a0821a6c480,flexion_excursion,80.10844304011418,5.006046524536868,74.42235565185547,77.01892852783203,78.84510040283203,80.84043884277344,88.34165496826171,94.31561279296875,0.976853093182125
vid_ffec5a0821a6c480,extension_excursion,80.15393888033353,5.032703365850091,74.6504135131836,77.10542297363281,78.21196746826172,81.46305084228516,90.31391296386718,92.2249526977539,0.9806011950419857
vid_ffec5a0821a6c480,flexion_net_speed,51.03554739114376,8.36132818010614,35.95626485577856,45.598348782093375,49.81859496060518,57.03107639837835,63.49830713467311,65.428427293989,0.08588055705318129
vid_ffec5a0821a6c480,extension_net_speed,57.017834122650854,13.906093909232109,37.54076162639726,44.17099239736553,57.90275141234118,64.51165082285267,80.85341428819228,85.70973784628333,0.7258287026327958
