repetition_number,repetition_id,feature_name,live_value,training_median,training_iqr,robust_deviation,flagged_large_shift
1,rep_02cbaaa878991f7eee,active_min_angle,80.31558990478516,85.8869857788086,14.028789520263658,-0.39714017135804375,False
1,rep_02cbaaa878991f7eee,active_max_angle,137.24932861328125,151.2205047607422,11.035945892333984,-1.265969975184989,False
1,rep_02cbaaa878991f7eee,active_rom,56.933738708496094,65.59557723999023,22.33167266845703,-0.38787235779829365,False
1,rep_02cbaaa878991f7eee,opposing_min_angle,93.30332946777344,87.40434265136719,9.781410217285156,0.6030814254147008,False
1,rep_02cbaaa878991f7eee,opposing_max_angle,122.4696044921875,149.125732421875,15.40078353881836,-1.7308293349166,False
1,rep_02cbaaa878991f7eee,opposing_rom,29.166275024414062,59.167667388916016,18.068593978881836,-1.6604165437314549,False
1,rep_02cbaaa878991f7eee,duration,2.948734,2.748822500000002,0.7836579999999982,0.2551004392222098,False
1,rep_02cbaaa878991f7eee,active_peak_abs_velocity,490.21136474609375,341.64356994628906,149.6574478149414,0.992719019126371,False
1,rep_02cbaaa878991f7eee,active_mean_abs_velocity,65.88646347121723,64.90986366364668,17.337940392317655,0.05632732524581045,False
1,rep_02cbaaa878991f7eee,opposing_peak_abs_velocity,225.7840118408203,262.2064971923828,135.68320465087893,-0.26843768501252424,False
1,rep_02cbaaa878991f7eee,opposing_mean_abs_velocity,39.966356502554376,56.48281989584005,22.793742305823386,-0.724605164508946,False
1,rep_02cbaaa878991f7eee,active_mean_flare,0.053795627000628544,0.0950076792330391,0.07862565463080179,-0.5241552827245477,False
1,rep_02cbaaa878991f7eee,active_max_flare,0.1222354993224144,0.1867997646331787,0.113086424767971,-0.5709285216438338,False
1,rep_02cbaaa878991f7eee,opposing_mean_flare,0.0950406770358506,0.0828419992310375,0.068663690119359,0.17765834873727276,False
1,rep_02cbaaa878991f7eee,opposing_max_flare,0.2586815357208252,0.1816406697034835,0.1105120591819286,0.6971263280011322,False
1,rep_02cbaaa878991f7eee,mean_angle_asymmetry,11.545188806833579,8.927156207095303,4.221319881373766,0.6201928954235698,False
1,rep_02cbaaa878991f7eee,max_angle_asymmetry,22.479698181152344,23.505733489990234,8.994409561157223,-0.11407478188105553,False
1,rep_02cbaaa878991f7eee,mean_flare_asymmetry,0.042299863308089554,0.0816298590605955,0.0546176229459288,-0.7200971706777218,False
1,rep_02cbaaa878991f7eee,max_flare_asymmetry,0.23337674140930176,0.1936326026916504,0.07453526556491849,0.5332259624544458,False
1,rep_02cbaaa878991f7eee,mean_torso_lean,6.160401256288161,7.281299894582882,10.665598244111631,-0.10509477411766922,False
1,rep_02cbaaa878991f7eee,max_torso_lean,9.922098159790039,21.163586616516117,17.827240467071537,-0.6305792799222114,False
1,rep_02cbaaa878991f7eee,range_torso_lean,8.306803822517395,19.379075780510902,12.489430844783783,-0.8865313476328545,False
1,rep_02cbaaa878991f7eee,mean_shoulder_depth_ratio,0.18813544762559384,0.1636635415480888,0.129754306225153,0.18860187988705954,False
1,rep_02cbaaa878991f7eee,max_shoulder_depth_ratio,0.2705867886543274,0.2667696326971054,0.1967141069471836,0.019404586770418376,False
1,rep_02cbaaa878991f7eee,range_shoulder_depth_ratio,0.22573771327733994,0.2017496595508419,0.1288880109150341,0.1861154777406838,False
1,rep_02cbaaa878991f7eee,flexion_duration,1.199478,1.2911165000000002,0.6497304999999987,-0.14104078537178164,False
1,rep_02cbaaa878991f7eee,extension_duration,1.749256,1.4327219999999985,0.5997420000000018,0.5277836136205243,False
1,rep_02cbaaa878991f7eee,flexion_fraction,0.4067772813688858,0.4681432148169246,0.1921010579526442,-0.3194460983300073,False
1,rep_02cbaaa878991f7eee,active_start_angle,134.00242614746094,147.97866821289062,13.160499572753906,-1.0619841585926273,False
1,rep_02cbaaa878991f7eee,active_end_angle,136.8415069580078,147.23255157470703,12.807456970214844,-0.8113277007968671,False
1,rep_02cbaaa878991f7eee,flexion_excursion,53.68683624267578,62.252960205078125,22.913166046142578,-0.373851607636931,False
1,rep_02cbaaa878991f7eee,extension_excursion,56.525917053222656,60.38432693481445,24.52524757385254,-0.15732399316145618,False
1,rep_02cbaaa878991f7eee,flexion_net_speed,44.758500149794976,47.8738934874378,30.547103760380452,-0.10198653731891538,False
1,rep_02cbaaa878991f7eee,extension_net_speed,32.3142622081746,43.5097550320686,26.750322833141727,-0.4185180453233106,False
2,rep_b59965fe88fa0c3f40,active_min_angle,81.82188415527344,85.8869857788086,14.028789520263658,-0.2897685233400491,False
2,rep_b59965fe88fa0c3f40,active_max_angle,136.08448791503906,151.2205047607422,11.035945892333984,-1.3715196679441148,False
2,rep_b59965fe88fa0c3f40,active_rom,54.262603759765625,65.59557723999023,22.33167266845703,-0.507484309325032,False
2,rep_b59965fe88fa0c3f40,opposing_min_angle,85.9021987915039,87.40434265136719,9.781410217285156,-0.15357129764466654,False
2,rep_b59965fe88fa0c3f40,opposing_max_angle,119.57078552246094,149.125732421875,15.40078353881836,-1.919054756202469,False
2,rep_b59965fe88fa0c3f40,opposing_rom,33.66858673095703,59.167667388916016,18.068593978881836,-1.4112376805722533,False
2,rep_b59965fe88fa0c3f40,duration,2.482278000000001,2.748822500000002,0.7836579999999982,-0.34012860201771905,False
2,rep_b59965fe88fa0c3f40,active_peak_abs_velocity,338.55267333984375,341.64356994628906,149.6574478149414,-0.020653142570407547,False
2,rep_b59965fe88fa0c3f40,active_mean_abs_velocity,69.62196947584565,64.90986366364668,17.337940392317655,0.2717800214774575,False
2,rep_b59965fe88fa0c3f40,opposing_peak_abs_velocity,180.08583068847656,262.2064971923828,135.68320465087893,-0.6052382585980901,False
2,rep_b59965fe88fa0c3f40,opposing_mean_abs_velocity,44.59992674043835,56.48281989584005,22.793742305823386,-0.5213226067035881,False
2,rep_b59965fe88fa0c3f40,active_mean_flare,0.06724803521355147,0.0950076792330391,0.07862565463080179,-0.35306089532528645,False
2,rep_b59965fe88fa0c3f40,active_max_flare,0.118255615234375,0.1867997646331787,0.113086424767971,-0.6061218182415932,False
2,rep_b59965fe88fa0c3f40,opposing_mean_flare,0.12495842555900706,0.0828419992310375,0.068663690119359,0.6133726028233849,False
2,rep_b59965fe88fa0c3f40,opposing_max_flare,0.2042899876832962,0.1816406697034835,0.1105120591819286,0.2049488367828406,False
2,rep_b59965fe88fa0c3f40,mean_angle_asymmetry,4.882209869806347,8.927156207095303,4.221319881373766,-0.9582183892618409,False
2,rep_b59965fe88fa0c3f40,max_angle_asymmetry,18.201217651367188,23.505733489990234,8.994409561157223,-0.5897569821070686,False
2,rep_b59965fe88fa0c3f40,mean_flare_asymmetry,0.05871300721870167,0.0816298590605955,0.0546176229459288,-0.41958713334304953,False
2,rep_b59965fe88fa0c3f40,max_flare_asymmetry,0.13136234879493713,0.1936326026916504,0.07453526556491849,-0.8354468643098522,False
2,rep_b59965fe88fa0c3f40,mean_torso_lean,5.496486005776316,7.281299894582882,10.665598244111631,-0.16734306392910905,False
2,rep_b59965fe88fa0c3f40,max_torso_lean,8.53862476348877,21.163586616516117,17.827240467071537,-0.7081837414122926,False
2,rep_b59965fe88fa0c3f40,range_torso_lean,8.1703562438488,19.379075780510902,12.489430844783783,-0.8974563914050118,False
2,rep_b59965fe88fa0c3f40,mean_shoulder_depth_ratio,0.18471546778223155,0.1636635415480888,0.129754306225153,0.16224452849844473,False
2,rep_b59965fe88fa0c3f40,max_shoulder_depth_ratio,0.2309120148420334,0.2667696326971054,0.1967141069471836,-0.18228289984662638,False
2,rep_b59965fe88fa0c3f40,range_shoulder_depth_ratio,0.09918317198753357,0.2017496595508419,0.1288880109150341,-0.7957798932200333,False
2,rep_b59965fe88fa0c3f40,flexion_duration,0.9329450000000001,1.2911165000000002,0.6497304999999987,-0.5512616384793401,False
2,rep_b59965fe88fa0c3f40,extension_duration,1.5493330000000007,1.4327219999999985,0.5997420000000018,0.19443527383441864,False
2,rep_b59965fe88fa0c3f40,flexion_fraction,0.37584227068845627,0.4681432148169246,0.1921010579526442,-0.4804811858517818,False
2,rep_b59965fe88fa0c3f40,active_start_angle,133.66477966308594,147.97866821289062,13.160499572753906,-1.0876402123395554,False
2,rep_b59965fe88fa0c3f40,active_end_angle,136.08448791503906,147.23255157470703,12.807456970214844,-0.8704353788261028,False
2,rep_b59965fe88fa0c3f40,flexion_excursion,51.8428955078125,62.252960205078125,22.913166046142578,-0.45432676899830504,False
2,rep_b59965fe88fa0c3f40,extension_excursion,54.262603759765625,60.38432693481445,24.52524757385254,-0.24960902664140566,False
2,rep_b59965fe88fa0c3f40,flexion_net_speed,55.569080179230816,47.8738934874378,30.547103760380452,0.25191215351072543,False
2,rep_b59965fe88fa0c3f40,extension_net_speed,35.02320273289577,43.5097550320686,26.750322833141727,-0.31725046281155905,False
3,rep_372c0410acd5099364,active_min_angle,88.76661682128906,85.8869857788086,14.028789520263658,0.20526582413408032,False
3,rep_372c0410acd5099364,active_max_angle,138.81251525878906,151.2205047607422,11.035945892333984,-1.124324967067138,False
3,rep_372c0410acd5099364,active_rom,50.0458984375,65.59557723999023,22.33167266845703,-0.6963060507533676,False
3,rep_372c0410acd5099364,opposing_min_angle,84.6432876586914,87.40434265136719,9.781410217285156,-0.2822757589490113,False
3,rep_372c0410acd5099364,opposing_max_angle,121.47200012207031,149.125732421875,15.40078353881836,-1.7956055437116056,False
3,rep_372c0410acd5099364,opposing_rom,36.828712463378906,59.167667388916016,18.068593978881836,-1.2363416296611887,False
3,rep_372c0410acd5099364,duration,2.982056,2.748822500000002,0.7836579999999982,0.2976215389876689,False
3,rep_372c0410acd5099364,active_peak_abs_velocity,285.2181396484375,341.64356994628906,149.6574478149414,-0.37703055291724813,False
3,rep_372c0410acd5099364,active_mean_abs_velocity,65.03164486355507,64.90986366364668,17.337940392317655,0.007023971541761576,False
3,rep_372c0410acd5099364,opposing_peak_abs_velocity,306.98602294921875,262.2064971923828,135.68320465087893,0.33002998323968213,False
3,rep_372c0410acd5099364,opposing_mean_abs_velocity,43.93355415067492,56.48281989584005,22.793742305823386,-0.5505574984919883,False
3,rep_372c0410acd5099364,active_mean_flare,0.07880911960698937,0.0950076792330391,0.07862565463080179,-0.20602130058073823,False
3,rep_372c0410acd5099364,active_max_flare,0.12096622586250305,0.1867997646331787,0.113086424767971,-0.5821524458461916,False
3,rep_372c0410acd5099364,opposing_mean_flare,0.09234335525595429,0.0828419992310375,0.068663690119359,0.13837526075864057,False
3,rep_372c0410acd5099364,opposing_max_flare,0.2411852478981018,0.1816406697034835,0.1105120591819286,0.538806159575708,False
3,rep_372c0410acd5099364,mean_angle_asymmetry,4.40941364214203,8.927156207095303,4.221319881373766,-1.070220379385947,False
3,rep_372c0410acd5099364,max_angle_asymmetry,17.456069946289062,23.505733489990234,8.994409561157223,-0.6726026319533998,False
3,rep_372c0410acd5099364,mean_flare_asymmetry,0.04381491932463609,0.0816298590605955,0.0546176229459288,-0.6923578452580412,False
3,rep_372c0410acd5099364,max_flare_asymmetry,0.1856386661529541,0.1936326026916504,0.07453526556491849,-0.10725039319453092,False
3,rep_372c0410acd5099364,mean_torso_lean,5.584923922161839,7.281299894582882,10.665598244111631,-0.15905117871448,False
3,rep_372c0410acd5099364,max_torso_lean,10.11452865600586,21.163586616516117,17.827240467071537,-0.6197850969093522,False
3,rep_372c0410acd5099364,range_torso_lean,8.654598474502563,19.379075780510902,12.489430844783783,-0.8586842298332131,False
3,rep_372c0410acd5099364,mean_shoulder_depth_ratio,0.2021253683024383,0.1636635415480888,0.129754306225153,0.29642042621390585,False
3,rep_372c0410acd5099364,max_shoulder_depth_ratio,0.2746211290359497,0.2667696326971054,0.1967141069471836,0.039913234798927624,False
3,rep_372c0410acd5099364,range_shoulder_depth_ratio,0.19478517025709152,0.2017496595508419,0.1288880109150341,-0.05403519880791337,False
3,rep_372c0410acd5099364,flexion_duration,1.2494559999999986,1.2911165000000002,0.6497304999999987,-0.06411966192136853,False
3,rep_372c0410acd5099364,extension_duration,1.7326000000000015,1.4327219999999985,0.5997420000000018,0.5000116716854949,False
3,rep_372c0410acd5099364,flexion_fraction,0.41899146092494527,0.4681432148169246,0.1921010579526442,-0.2558640458091386,False
3,rep_372c0410acd5099364,active_start_angle,127.0193099975586,147.97866821289062,13.160499572753906,-1.5925959420814122,False
3,rep_372c0410acd5099364,active_end_angle,138.81251525878906,147.23255157470703,12.807456970214844,-0.6574323330150312,False
3,rep_372c0410acd5099364,flexion_excursion,38.25269317626953,62.252960205078125,22.913166046142578,-1.0474443811246692,False
3,rep_372c0410acd5099364,extension_excursion,50.0458984375,60.38432693481445,24.52524757385254,-0.42154226847996074,False
3,rep_372c0410acd5099364,flexion_net_speed,30.615478397214126,47.8738934874378,30.547103760380452,-0.564977132549234,False
3,rep_372c0410acd5099364,extension_net_speed,28.884854229193095,43.5097550320686,26.750322833141727,-0.5467186655690114,False
4,rep_cea1129ae50e36fb30,active_min_angle,84.65193939208984,85.8869857788086,14.028789520263658,-0.08803656116836077,False
4,rep_cea1129ae50e36fb30,active_max_angle,137.74095153808594,151.2205047607422,11.035945892333984,-1.2214225544563149,False
4,rep_cea1129ae50e36fb30,active_rom,53.089012145996094,65.59557723999023,22.33167266845703,-0.5600370952803447,False
4,rep_cea1129ae50e36fb30,opposing_min_angle,87.9323501586914,87.40434265136719,9.781410217285156,0.05398071398653271,False
4,rep_cea1129ae50e36fb30,opposing_max_angle,121.09286499023438,149.125732421875,15.40078353881836,-1.8202234555782526,False
4,rep_cea1129ae50e36fb30,opposing_rom,33.16051483154297,59.167667388916016,18.068593978881836,-1.4393567417459057,False
4,rep_cea1129ae50e36fb30,duration,2.7321550000000023,2.748822500000002,0.7836579999999982,-0.021268844317291025,False
4,rep_cea1129ae50e36fb30,active_peak_abs_velocity,532.705322265625,341.64356994628906,149.6574478149414,1.2766605010904164,False
4,rep_cea1129ae50e36fb30,active_mean_abs_velocity,59.46429708976118,64.90986366364668,17.337940392317655,-0.31408382141505076,False
4,rep_cea1129ae50e36fb30,opposing_peak_abs_velocity,223.7586212158203,262.2064971923828,135.68320465087893,-0.2833650345707208,False
4,rep_cea1129ae50e36fb30,opposing_mean_abs_velocity,46.24056456323143,56.48281989584005,22.793742305823386,-0.4493450524792461,False
4,rep_cea1129ae50e36fb30,active_mean_flare,0.08012360420873323,0.0950076792330391,0.07862565463080179,-0.18930303466719883,False
4,rep_cea1129ae50e36fb30,active_max_flare,0.1233874261379242,0.1867997646331787,0.113086424767971,-0.560742269687657,False
4,rep_cea1129ae50e36fb30,opposing_mean_flare,0.11677957461526271,0.0828419992310375,0.068663690119359,0.4942579597052108,False
4,rep_cea1129ae50e36fb30,opposing_max_flare,0.17936457693576813,0.1816406697034835,0.1105120591819286,-0.020595876907590616,False
4,rep_cea1129ae50e36fb30,mean_angle_asymmetry,5.42819136249484,8.927156207095303,4.221319881373766,-0.8288793417526501,False
4,rep_cea1129ae50e36fb30,max_angle_asymmetry,18.629837036132812,23.505733489990234,8.994409561157223,-0.542103005283883,False
4,rep_cea1129ae50e36fb30,mean_flare_asymmetry,0.04060327373441628,0.0816298590605955,0.0546176229459288,-0.7511602137426477,False
4,rep_cea1129ae50e36fb30,max_flare_asymmetry,0.16673405468463898,0.1936326026916504,0.07453526556491849,-0.3608835066614662,False
4,rep_cea1129ae50e36fb30,mean_torso_lean,6.711717123015641,7.281299894582882,10.665598244111631,-0.053403733998859525,False
4,rep_cea1129ae50e36fb30,max_torso_lean,9.590291023254395,21.163586616516117,17.827240467071537,-0.6491916466061366,False
4,rep_cea1129ae50e36fb30,range_torso_lean,8.488590240478516,19.379075780510902,12.489430844783783,-0.8719761272853201,False
4,rep_cea1129ae50e36fb30,mean_shoulder_depth_ratio,0.21144705622854237,0.1636635415480888,0.129754306225153,0.3682614941313655,False
4,rep_cea1129ae50e36fb30,max_shoulder_depth_ratio,0.26249393820762634,0.2667696326971054,0.1967141069471836,-0.02173557634393277,False
4,rep_cea1129ae50e36fb30,range_shoulder_depth_ratio,0.14085105061531067,0.2017496595508419,0.1288880109150341,-0.4724924258135768,False
4,rep_cea1129ae50e36fb30,flexion_duration,0.5664109999999987,1.2911165000000002,0.6497304999999987,-1.1153939979730105,False
4,rep_cea1129ae50e36fb30,extension_duration,2.1657440000000037,1.4327219999999985,0.5997420000000018,1.2222288917567938,False
4,rep_cea1129ae50e36fb30,flexion_fraction,0.2073129086746536,0.4681432148169246,0.1921010579526442,-1.3577765209735053,False
4,rep_cea1129ae50e36fb30,active_start_angle,130.0225067138672,147.97866821289062,13.160499572753906,-1.3643981673916055,False
4,rep_cea1129ae50e36fb30,active_end_angle,137.74095153808594,147.23255157470703,12.807456970214844,-0.741099506224761,False
4,rep_cea1129ae50e36fb30,flexion_excursion,45.370567321777344,62.252960205078125,22.913166046142578,-0.7367987841271253,False
4,rep_cea1129ae50e36fb30,extension_excursion,53.089012145996094,60.38432693481445,24.52524757385254,-0.2974614126462976,False
4,rep_cea1129ae50e36fb30,flexion_net_speed,80.10184710709618,47.8738934874378,30.547103760380452,1.0550248518636318,False
4,rep_cea1129ae50e36fb30,extension_net_speed,24.51305978268715,43.5097550320686,26.750322833141727,-0.7101482613079311,False
5,rep_e8c1d21c6f2e4707b3,active_min_angle,81.25213623046875,85.8869857788086,14.028789520263658,-0.33038128782566095,False
5,rep_e8c1d21c6f2e4707b3,active_max_angle,137.81765747070312,151.2205047607422,11.035945892333984,-1.2144720009319023,False
5,rep_e8c1d21c6f2e4707b3,active_rom,56.565521240234375,65.59557723999023,22.33167266845703,-0.40436093318305727,False
5,rep_e8c1d21c6f2e4707b3,opposing_min_angle,91.79252624511719,87.40434265136719,9.781410217285156,0.44862484000471115,False
5,rep_e8c1d21c6f2e4707b3,opposing_max_angle,123.65339660644531,149.125732421875,15.40078353881836,-1.6539636279690273,False
5,rep_e8c1d21c6f2e4707b3,opposing_rom,31.860870361328125,59.167667388916016,18.068593978881836,-1.511285109372841,False
5,rep_e8c1d21c6f2e4707b3,duration,2.615544,2.748822500000002,0.7836579999999982,-0.17007227642670958,False
5,rep_e8c1d21c6f2e4707b3,active_peak_abs_velocity,603.6911010742188,341.64356994628906,149.6574478149414,1.7509822261032006,False
5,rep_e8c1d21c6f2e4707b3,active_mean_abs_velocity,63.69208663233497,64.90986366364668,17.337940392317655,-0.07023769858219696,False
5,rep_e8c1d21c6f2e4707b3,opposing_peak_abs_velocity,182.4944610595703,262.2064971923828,135.68320465087893,-0.5874863903599298,False
5,rep_e8c1d21c6f2e4707b3,opposing_mean_abs_velocity,41.676554986761786,56.48281989584005,22.793742305823386,-0.6495758664997952,False
5,rep_e8c1d21c6f2e4707b3,active_mean_flare,0.06693060610602296,0.0950076792330391,0.07862565463080179,-0.35709811586124307,False
5,rep_e8c1d21c6f2e4707b3,active_max_flare,0.1209765300154686,0.1867997646331787,0.113086424767971,-0.5820613283403842,False
5,rep_e8c1d21c6f2e4707b3,opposing_mean_flare,0.1271439976273606,0.0828419992310375,0.068663690119359,0.6452027020294474,False
5,rep_e8c1d21c6f2e4707b3,opposing_max_flare,0.17285285890102386,0.1816406697034835,0.1105120591819286,-0.07951902143089062,False
5,rep_e8c1d21c6f2e4707b3,mean_angle_asymmetry,8.580093845956883,8.927156207095303,4.221319881373766,-0.08221655095833995,False
5,rep_e8c1d21c6f2e4707b3,max_angle_asymmetry,17.70880126953125,23.505733489990234,8.994409561157223,-0.6445039200230893,False
5,rep_e8c1d21c6f2e4707b3,mean_flare_asymmetry,0.060213391611086034,0.0816298590605955,0.0546176229459288,-0.3921164322861812,False
5,rep_e8c1d21c6f2e4707b3,max_flare_asymmetry,0.13352848589420319,0.1936326026916504,0.07453526556491849,-0.8063849553886396,False
5,rep_e8c1d21c6f2e4707b3,mean_torso_lean,7.286044890708543,7.281299894582882,10.665598244111631,0.0004448879488105948,False
5,rep_e8c1d21c6f2e4707b3,max_torso_lean,11.338054656982422,21.163586616516117,17.827240467071537,-0.5511527136060294,False
5,rep_e8c1d21c6f2e4707b3,range_torso_lean,10.224673748016357,19.379075780510902,12.489430844783783,-0.7329719141139154,False
5,rep_e8c1d21c6f2e4707b3,mean_shoulder_depth_ratio,0.1868095909178464,0.1636635415480888,0.129754306225153,0.1783836702081702,False
5,rep_e8c1d21c6f2e4707b3,max_shoulder_depth_ratio,0.22854292392730713,0.2667696326971054,0.1967141069471836,-0.19432621972587807,False
5,rep_e8c1d21c6f2e4707b3,range_shoulder_depth_ratio,0.0794118195772171,0.2017496595508419,0.1288880109150341,-0.9491793620298219,False
5,rep_e8c1d21c6f2e4707b3,flexion_duration,1.865866000000004,1.2911165000000002,0.6497304999999987,0.8845967674289648,False
5,rep_e8c1d21c6f2e4707b3,extension_duration,0.7496779999999958,1.4327219999999985,0.5997420000000018,-1.1388963921152773,False
5,rep_e8c1d21c6f2e4707b3,flexion_fraction,0.7133758789758475,0.4681432148169246,0.1921010579526442,1.2765815387616264,False
5,rep_e8c1d21c6f2e4707b3,active_start_angle,132.03392028808594,147.97866821289062,13.160499572753906,-1.2115609925488688,False
5,rep_e8c1d21c6f2e4707b3,active_end_angle,137.81765747070312,147.23255157470703,12.807456970214844,-0.7351103443797846,False
5,rep_e8c1d21c6f2e4707b3,flexion_excursion,50.78178405761719,62.252960205078125,22.913166046142578,-0.5006368881698959,False
5,rep_e8c1d21c6f2e4707b3,extension_excursion,56.565521240234375,60.38432693481445,24.52524757385254,-0.15570915983949035,False
5,rep_e8c1d21c6f2e4707b3,flexion_net_speed,27.216200979929468,47.8738934874378,30.547103760380452,-0.6762569921375435,False
5,rep_e8c1d21c6f2e4707b3,extension_net_speed,75.45308951341067,43.5097550320686,26.750322833141727,1.1941289337176366,False
6,rep_edc2513a7b19ebb4ed,active_min_angle,79.36898040771484,85.8869857788086,14.028789520263658,-0.4646163777479819,False
6,rep_edc2513a7b19ebb4ed,active_max_angle,137.8087921142578,151.2205047607422,11.035945892333984,-1.2152753173428201,False
6,rep_edc2513a7b19ebb4ed,active_rom,58.43981170654297,65.59557723999023,22.33167266845703,-0.32043123861270895,False
6,rep_edc2513a7b19ebb4ed,opposing_min_angle,95.26243591308594,87.40434265136719,9.781410217285156,0.803370177424148,False
6,rep_edc2513a7b19ebb4ed,opposing_max_angle,122.41551971435547,149.125732421875,15.40078353881836,-1.7343411547987317,False
6,rep_edc2513a7b19ebb4ed,opposing_rom,27.15308380126953,59.167667388916016,18.068593978881836,-1.7718359062727518,False
6,rep_edc2513a7b19ebb4ed,duration,2.948743999999998,2.748822500000002,0.7836579999999982,0.255113199890764,False
6,rep_edc2513a7b19ebb4ed,active_peak_abs_velocity,522.1658935546875,341.64356994628906,149.6574478149414,1.2062368177734992,False
6,rep_edc2513a7b19ebb4ed,active_mean_abs_velocity,63.92246449824784,64.90986366364668,17.337940392317655,-0.056950199565592295,False
6,rep_edc2513a7b19ebb4ed,opposing_peak_abs_velocity,186.71795654296875,262.2064971923828,135.68320465087893,-0.556358768527399,False
6,rep_edc2513a7b19ebb4ed,opposing_mean_abs_velocity,38.72110098403475,56.48281989584005,22.793742305823386,-0.7792366287859412,False
6,rep_edc2513a7b19ebb4ed,active_mean_flare,0.07118385909912493,0.0950076792330391,0.07862565463080179,-0.3030031386801469,False
6,rep_edc2513a7b19ebb4ed,active_max_flare,0.13261181116104126,0.1867997646331787,0.113086424767971,-0.47917292975986703,False
6,rep_edc2513a7b19ebb4ed,opposing_mean_flare,0.0710144998284044,0.0828419992310375,0.068663690119359,-0.17225260369888656,False
6,rep_edc2513a7b19ebb4ed,opposing_max_flare,0.20730705559253693,0.1816406697034835,0.1105120591819286,0.23224963935203283,False
6,rep_edc2513a7b19ebb4ed,mean_angle_asymmetry,13.346871821115192,8.927156207095303,4.221319881373766,1.046998507154487,False
6,rep_edc2513a7b19ebb4ed,max_angle_asymmetry,21.815322875976562,23.505733489990234,8.994409561157223,-0.18794014243178217,False
6,rep_edc2513a7b19ebb4ed,mean_flare_asymmetry,0.04801161322822007,0.0816298590605955,0.0546176229459288,-0.6155201200472848,False
6,rep_edc2513a7b19ebb4ed,max_flare_asymmetry,0.17714181542396545,0.1936326026916504,0.07453526556491849,-0.22124811849394757,False
6,rep_edc2513a7b19ebb4ed,mean_torso_lean,6.802041207567452,7.281299894582882,10.665598244111631,-0.04493500280493163,False
6,rep_edc2513a7b19ebb4ed,max_torso_lean,10.969002723693848,21.163586616516117,17.827240467071537,-0.5718542873560578,False
6,rep_edc2513a7b19ebb4ed,range_torso_lean,9.9523344039917,19.379075780510902,12.489430844783783,-0.7547774989647575,False
6,rep_edc2513a7b19ebb4ed,mean_shoulder_depth_ratio,0.18819939118295625,0.1636635415480888,0.129754306225153,0.18909468478288674,False
6,rep_edc2513a7b19ebb4ed,max_shoulder_depth_ratio,0.2275891900062561,0.2667696326971054,0.1967141069471836,-0.19917454471818324,False
6,rep_edc2513a7b19ebb4ed,range_shoulder_depth_ratio,0.17030752077698708,0.2017496595508419,0.1288880109150341,-0.24394929016774256,False
6,rep_edc2513a7b19ebb4ed,flexion_duration,0.9329329999999985,1.2911165000000002,0.6497304999999987,-0.551280107675417,False
6,rep_edc2513a7b19ebb4ed,extension_duration,2.0158109999999994,1.4327219999999985,0.5997420000000018,0.9722330602158914,False
6,rep_edc2513a7b19ebb4ed,flexion_fraction,0.316383178736438,0.4681432148169246,0.1921010579526442,-0.7900010426694148,False
6,rep_edc2513a7b19ebb4ed,active_start_angle,134.7035369873047,147.97866821289062,13.160499572753906,-1.0087102812623734,False
6,rep_edc2513a7b19ebb4ed,active_end_angle,137.8087921142578,147.23255157470703,12.807456970214844,-0.7358025470915275,False
6,rep_edc2513a7b19ebb4ed,flexion_excursion,55.334556579589844,62.252960205078125,22.913166046142578,-0.3019400990485552,False
6,rep_edc2513a7b19ebb4ed,extension_excursion,58.43981170654297,60.38432693481445,24.52524757385254,-0.07928626295885464,False
6,rep_edc2513a7b19ebb4ed,flexion_net_speed,59.31246571789178,47.8738934874378,30.547103760380452,0.3744568493360669,False
6,rep_edc2513a7b19ebb4ed,extension_net_speed,28.990719718536603,43.5097550320686,26.750322833141727,-0.5427611249440307,False
7,rep_0d7eaf4563fd24294a,active_min_angle,80.85980987548828,85.8869857788086,14.028789520263658,-0.35834709017901295,False
7,rep_0d7eaf4563fd24294a,active_max_angle,138.5909881591797,151.2205047607422,11.035945892333984,-1.1443981988291076,False
7,rep_0d7eaf4563fd24294a,active_rom,57.731178283691406,65.59557723999023,22.33167266845703,-0.3521634529153344,False
7,rep_0d7eaf4563fd24294a,opposing_min_angle,92.75376892089844,87.40434265136719,9.781410217285156,0.5468972418801172,False
7,rep_0d7eaf4563fd24294a,opposing_max_angle,122.17000579833984,149.125732421875,15.40078353881836,-1.7502828057801116,False
7,rep_0d7eaf4563fd24294a,opposing_rom,29.416236877441406,59.167667388916016,18.068593978881836,-1.646582492597233,False
7,rep_0d7eaf4563fd24294a,duration,2.7488329999999994,2.748822500000002,0.7836579999999982,1.3398701981567074e-05,False
7,rep_0d7eaf4563fd24294a,active_peak_abs_velocity,379.90771484375,341.64356994628906,149.6574478149414,0.25567818679345905,False
7,rep_0d7eaf4563fd24294a,active_mean_abs_velocity,64.56810711471529,64.90986366364668,17.337940392317655,-0.019711484824507543,False
7,rep_0d7eaf4563fd24294a,opposing_peak_abs_velocity,153.85540771484375,262.2064971923828,135.68320465087893,-0.798559333532348,False
7,rep_0d7eaf4563fd24294a,opposing_mean_abs_velocity,41.33654067820286,56.48281989584005,22.793742305823386,-0.6644928688944419,False
7,rep_0d7eaf4563fd24294a,active_mean_flare,0.04579215372308345,0.0950076792330391,0.07862565463080179,-0.6259474180667152,False
7,rep_0d7eaf4563fd24294a,active_max_flare,0.11952398717403412,0.1867997646331787,0.113086424767971,-0.5949058659974441,False
7,rep_0d7eaf4563fd24294a,opposing_mean_flare,0.08737279497615746,0.0828419992310375,0.068663690119359,0.06598532262457826,False
7,rep_0d7eaf4563fd24294a,opposing_max_flare,0.13551825284957886,0.1816406697034835,0.1105120591819286,-0.41735189078303564,False
7,rep_0d7eaf4563fd24294a,mean_angle_asymmetry,9.15488307689887,8.927156207095303,4.221319881373766,0.05394684037293479,False
7,rep_0d7eaf4563fd24294a,max_angle_asymmetry,19.235504150390625,23.505733489990234,8.994409561157223,-0.4747648314838579,False
7,rep_0d7eaf4563fd24294a,mean_flare_asymmetry,0.043096104016175446,0.0816298590605955,0.0546176229459288,-0.7055187129357186,False
7,rep_0d7eaf4563fd24294a,max_flare_asymmetry,0.11028972268104553,0.1936326026916504,0.07453526556491849,-1.1181670767378582,False
7,rep_0d7eaf4563fd24294a,mean_torso_lean,5.418440805483105,7.281299894582882,10.665598244111631,-0.17466053440820756,False
7,rep_0d7eaf4563fd24294a,max_torso_lean,8.58942985534668,21.163586616516117,17.827240467071537,-0.7053338840857057,False
7,rep_0d7eaf4563fd24294a,range_torso_lean,7.774997293949127,19.379075780510902,12.489430844783783,-0.9291118731329718,False
7,rep_0d7eaf4563fd24294a,mean_shoulder_depth_ratio,0.1843488734991301,0.1636635415480888,0.129754306225153,0.15941923280101075,False
7,rep_0d7eaf4563fd24294a,max_shoulder_depth_ratio,0.23214571177959442,0.2667696326971054,0.1967141069471836,-0.1760113773986086,False
7,rep_0d7eaf4563fd24294a,range_shoulder_depth_ratio,0.0973391979932785,0.2017496595508419,0.1288880109150341,-0.8100866854590001,False
7,rep_0d7eaf4563fd24294a,flexion_duration,0.8163220000000004,1.2911165000000002,0.6497304999999987,-0.7307560596278007,False
7,rep_0d7eaf4563fd24294a,extension_duration,1.932510999999999,1.4327219999999985,0.5997420000000018,0.8333400028678982,False
7,rep_0d7eaf4563fd24294a,flexion_fraction,0.29697038706971307,0.4681432148169246,0.1921010579526442,-0.8910561429047841,False
7,rep_0d7eaf4563fd24294a,active_start_angle,131.7806396484375,147.97866821289062,13.160499572753906,-1.2308065111743778,False
7,rep_0d7eaf4563fd24294a,active_end_angle,138.5909881591797,147.23255157470703,12.807456970214844,-0.6747290610168947,False
7,rep_0d7eaf4563fd24294a,flexion_excursion,50.92082977294922,62.252960205078125,22.913166046142578,-0.49456851180270067,False
7,rep_0d7eaf4563fd24294a,extension_excursion,57.731178283691406,60.38432693481445,24.52524757385254,-0.10818030044890095,False
7,rep_0d7eaf4563fd24294a,flexion_net_speed,62.37836267177559,47.8738934874378,30.547103760380452,0.47482305681463877,False
7,rep_0d7eaf4563fd24294a,extension_net_speed,29.87366089180938,43.5097550320686,26.750322833141727,-0.509754376622516,False
8,rep_35e324ed6452359dd2,active_min_angle,87.12438201904297,85.8869857788086,14.028789520263658,0.08820406339741843,False
8,rep_35e324ed6452359dd2,active_max_angle,137.67820739746094,151.2205047607422,11.035945892333984,-1.2271079883318636,False
8,rep_35e324ed6452359dd2,active_rom,50.55382537841797,65.59557723999023,22.33167266845703,-0.673561362146347,False
8,rep_35e324ed6452359dd2,opposing_min_angle,88.84089660644531,87.40434265136719,9.781410217285156,0.14686573031560704,False
8,rep_35e324ed6452359dd2,opposing_max_angle,121.7812271118164,149.125732421875,15.40078353881836,-1.7755268906374506,False
8,rep_35e324ed6452359dd2,opposing_rom,32.940330505371094,59.167667388916016,18.068593978881836,-1.4515427660945195,False
8,rep_35e324ed6452359dd2,duration,1.982489000000001,2.748822500000002,0.7836579999999982,-0.9778927797585205,False
8,rep_35e324ed6452359dd2,active_peak_abs_velocity,526.1412353515625,341.64356994628906,149.6574478149414,1.2327997577067706,False
8,rep_35e324ed6452359dd2,active_mean_abs_velocity,68.16435674780035,64.90986366364668,17.337940392317655,0.1877093247820674,False
8,rep_35e324ed6452359dd2,opposing_peak_abs_velocity,141.97093200683594,262.2064971923828,135.68320465087893,-0.8861492142297216,False
8,rep_35e324ed6452359dd2,opposing_mean_abs_velocity,49.421591733003034,56.48281989584005,22.793742305823386,-0.3097880141003877,False
8,rep_35e324ed6452359dd2,active_mean_flare,0.04794829186858061,0.0950076792330391,0.07862565463080179,-0.5985245857148369,False
8,rep_35e324ed6452359dd2,active_max_flare,0.09604652971029282,0.1867997646331787,0.113086424767971,-0.8025121946254115,False
8,rep_35e324ed6452359dd2,opposing_mean_flare,0.12047792054882717,0.0828419992310375,0.068663690119359,0.54811970129142,False
8,rep_35e324ed6452359dd2,opposing_max_flare,0.16822627186775208,0.1816406697034835,0.1105120591819286,-0.12138401849564849,False
8,rep_35e324ed6452359dd2,mean_angle_asymmetry,4.7379332209842095,8.927156207095303,4.221319881373766,-0.9923964787875238,False
8,rep_35e324ed6452359dd2,max_angle_asymmetry,20.895423889160156,23.505733489990234,8.994409561157223,-0.29021466979920746,False
8,rep_35e324ed6452359dd2,mean_flare_asymmetry,0.07253252536077999,0.0816298590605955,0.0546176229459288,-0.1665640723475247,False
8,rep_35e324ed6452359dd2,max_flare_asymmetry,0.1586337834596634,0.1936326026916504,0.07453526556491849,-0.469560535764159,False
8,rep_35e324ed6452359dd2,mean_torso_lean,5.63436726802751,7.281299894582882,10.665598244111631,-0.15441540069865536,False
8,rep_35e324ed6452359dd2,max_torso_lean,8.082664489746094,21.163586616516117,17.827240467071537,-0.7337603456312616,False
8,rep_35e324ed6452359dd2,range_torso_lean,7.601696789264679,19.379075780510902,12.489430844783783,-0.9429876459234371,False
8,rep_35e324ed6452359dd2,mean_shoulder_depth_ratio,0.2063565179287445,0.1636635415480888,0.129754306225153,0.32902936035566904,False
8,rep_35e324ed6452359dd2,max_shoulder_depth_ratio,0.26165008544921875,0.2667696326971054,0.1967141069471836,-0.0260253183024704,False
8,rep_35e324ed6452359dd2,range_shoulder_depth_ratio,0.09664875268936157,0.2017496595508419,0.1288880109150341,-0.8154436251698013,False
8,rep_35e324ed6452359dd2,flexion_duration,1.532667,1.2911165000000002,0.6497304999999987,0.3717702955302241,False
8,rep_35e324ed6452359dd2,extension_duration,0.44982200000000105,1.4327219999999985,0.5997420000000018,-1.6388713813606426,False
8,rep_35e324ed6452359dd2,flexion_fraction,0.7731023980460922,0.4681432148169246,0.1921010579526442,1.5874935124216991,False
8,rep_35e324ed6452359dd2,active_start_angle,133.85824584960938,147.97866821289062,13.160499572753906,-1.0729396923893881,False
8,rep_35e324ed6452359dd2,active_end_angle,135.57594299316406,147.23255157470703,12.807456970214844,-0.9101423185454927,False
8,rep_35e324ed6452359dd2,flexion_excursion,46.733863830566406,62.252960205078125,22.913166046142578,-0.6773003932873934,False
8,rep_35e324ed6452359dd2,extension_excursion,48.451560974121094,60.38432693481445,24.52524757385254,-0.48655027537481066,False
8,rep_35e324ed6452359dd2,flexion_net_speed,30.491857546725026,47.8738934874378,30.547103760380452,-0.5690240252255027,False
8,rep_35e324ed6452359dd2,extension_net_speed,107.71274187149801,43.5097550320686,26.750322833141727,2.400082692082001,False
9,rep_fb0c2f97d90ea5de5a,active_min_angle,94.67051696777344,85.8869857788086,14.028789520263658,0.6261075609037839,False
9,rep_fb0c2f97d90ea5de5a,active_max_angle,136.07872009277344,151.2205047607422,11.035945892333984,-1.3720423075367603,False
9,rep_fb0c2f97d90ea5de5a,active_rom,41.408203125,65.59557723999023,22.33167266845703,-1.0830972885051435,False
9,rep_fb0c2f97d90ea5de5a,opposing_min_angle,96.02509307861328,87.40434265136719,9.781410217285156,0.8813402398778849,False
9,rep_fb0c2f97d90ea5de5a,opposing_max_angle,111.46907806396484,149.125732421875,15.40078353881836,-2.4451128907172084,False
9,rep_fb0c2f97d90ea5de5a,opposing_rom,15.443984985351562,59.167667388916016,18.068593978881836,-2.4198718757346422,False
9,rep_fb0c2f97d90ea5de5a,duration,2.432289,2.748822500000002,0.7836579999999982,-0.403917908067043,False
9,rep_fb0c2f97d90ea5de5a,active_peak_abs_velocity,263.3214111328125,341.64356994628906,149.6574478149414,-0.5233428737227008,False
9,rep_fb0c2f97d90ea5de5a,active_mean_abs_velocity,48.02101730846858,64.90986366364668,17.337940392317655,-0.9740976132702273,False
9,rep_fb0c2f97d90ea5de5a,opposing_peak_abs_velocity,214.6547088623047,262.2064971923828,135.68320465087893,-0.3504618604228264,False
9,rep_fb0c2f97d90ea5de5a,opposing_mean_abs_velocity,29.263766618545024,56.48281989584005,22.793742305823386,-1.1941458717966227,False
9,rep_fb0c2f97d90ea5de5a,active_mean_flare,0.11342728292504185,0.0950076792330391,0.07862565463080179,0.23426963856129002,False
9,rep_fb0c2f97d90ea5de5a,active_max_flare,0.1670513153076172,0.1867997646331787,0.113086424767971,-0.17463147646661473,False
9,rep_fb0c2f97d90ea5de5a,opposing_mean_flare,0.026920998856475614,0.0828419992310375,0.068663690119359,-0.8144188038445599,False
9,rep_fb0c2f97d90ea5de5a,opposing_max_flare,0.06858925521373749,0.1816406697034835,0.1105120591819286,-1.0229780833568312,False
9,rep_fb0c2f97d90ea5de5a,mean_angle_asymmetry,7.0818975009397125,8.927156207095303,4.221319881373766,-0.4371283764344999,False
9,rep_fb0c2f97d90ea5de5a,max_angle_asymmetry,33.892425537109375,23.505733489990234,8.994409561157223,1.1547942059448297,False
9,rep_fb0c2f97d90ea5de5a,mean_flare_asymmetry,0.08775038586973978,0.0816298590605955,0.0546176229459288,0.112061391159472,False
9,rep_fb0c2f97d90ea5de5a,max_flare_asymmetry,0.15387052297592163,0.1936326026916504,0.07453526556491849,-0.5334666672797578,False
9,rep_fb0c2f97d90ea5de5a,mean_torso_lean,3.2960416309601914,7.281299894582882,10.665598244111631,-0.3736553892626615,False
9,rep_fb0c2f97d90ea5de5a,max_torso_lean,6.013524532318115,21.163586616516117,17.827240467071537,-0.8498265400178723,False
9,rep_fb0c2f97d90ea5de5a,range_torso_lean,5.906016483902931,19.379075780510902,12.489430844783783,-1.0787568676306016,False
9,rep_fb0c2f97d90ea5de5a,mean_shoulder_depth_ratio,0.05124596655157765,0.1636635415480888,0.129754306225153,-0.8663880087450916,False
9,rep_fb0c2f97d90ea5de5a,max_shoulder_depth_ratio,0.09691375494003296,0.2667696326971054,0.1967141069471836,-0.8634656679842366,False
9,rep_fb0c2f97d90ea5de5a,range_shoulder_depth_ratio,0.09382209298200905,0.2017496595508419,0.1288880109150341,-0.8373747550498016,False
9,rep_fb0c2f97d90ea5de5a,flexion_duration,1.349411,1.2911165000000002,0.6497304999999987,0.0897210458797914,False
9,rep_fb0c2f97d90ea5de5a,extension_duration,1.082878,1.4327219999999985,0.5997420000000018,-0.5833241627233001,False
9,rep_fb0c2f97d90ea5de5a,flexion_fraction,0.5547905697061493,0.4681432148169246,0.1921010579526442,0.45105089900433826,False
9,rep_fb0c2f97d90ea5de5a,active_start_angle,131.12399291992188,147.97866821289062,13.160499572753906,-1.2807017848975026,False
9,rep_fb0c2f97d90ea5de5a,active_end_angle,136.07872009277344,147.23255157470703,12.807456970214844,-0.8708857275783211,False
9,rep_fb0c2f97d90ea5de5a,flexion_excursion,36.45347595214844,62.252960205078125,22.913166046142578,-1.12596767295164,False
9,rep_fb0c2f97d90ea5de5a,extension_excursion,41.408203125,60.38432693481445,24.52524757385254,-0.7737383181422293,False
9,rep_fb0c2f97d90ea5de5a,flexion_net_speed,27.014361045039976,47.8738934874378,30.547103760380452,-0.6828644903957345,False
9,rep_fb0c2f97d90ea5de5a,extension_net_speed,38.23902888875755,43.5097550320686,26.750322833141727,-0.19703411342688523,False
10,rep_3b3a031e67b667bb2f,active_min_angle,95.79364776611328,85.8869857788086,14.028789520263658,0.7061665564940703,False
10,rep_3b3a031e67b667bb2f,active_max_angle,144.26483154296875,151.2205047607422,11.035945892333984,-0.6302743131973064,False
10,rep_3b3a031e67b667bb2f,active_rom,48.47118377685547,65.59557723999023,22.33167266845703,-0.7668209057766897,False
10,rep_3b3a031e67b667bb2f,opposing_min_angle,95.70587921142578,87.40434265136719,9.781410217285156,0.8487054908901159,False
10,rep_3b3a031e67b667bb2f,opposing_max_angle,127.2221450805664,149.125732421875,15.40078353881836,-1.4222385040410204,False
10,rep_3b3a031e67b667bb2f,opposing_rom,31.516265869140625,59.167667388916016,18.068593978881836,-1.5303571241953704,False
10,rep_3b3a031e67b667bb2f,duration,2.5322440000000004,2.748822500000002,0.7836579999999982,-0.276368645506078,False
10,rep_3b3a031e67b667bb2f,active_peak_abs_velocity,269.09417724609375,341.64356994628906,149.6574478149414,-0.4847696774162961,False
10,rep_3b3a031e67b667bb2f,active_mean_abs_velocity,51.74781929105637,64.90986366364668,17.337940392317655,-0.7591469387230291,False
10,rep_3b3a031e67b667bb2f,opposing_peak_abs_velocity,182.67239379882812,262.2064971923828,135.68320465087893,-0.5861750066870894,False
10,rep_3b3a031e67b667bb2f,opposing_mean_abs_velocity,31.02926515783393,56.48281989584005,22.793742305823386,-1.1166904669051734,False
10,rep_3b3a031e67b667bb2f,active_mean_flare,0.07779193060012372,0.0950076792330391,0.07862565463080179,-0.21895841393950144,False
10,rep_3b3a031e67b667bb2f,active_max_flare,0.18962213397026062,0.1867997646331787,0.113086424767971,0.02495763167747856,False
10,rep_3b3a031e67b667bb2f,opposing_mean_flare,0.028493235868400038,0.0828419992310375,0.068663690119359,-0.7915211557689703,False
10,rep_3b3a031e67b667bb2f,opposing_max_flare,0.1025715321302414,0.1816406697034835,0.1105120591819286,-0.7154797237383468,False
10,rep_3b3a031e67b667bb2f,mean_angle_asymmetry,12.867025560046352,8.927156207095303,4.221319881373766,0.9333264153553976,False
10,rep_3b3a031e67b667bb2f,max_angle_asymmetry,40.671417236328125,23.505733489990234,8.994409561157223,1.9084836675070587,False
10,rep_3b3a031e67b667bb2f,mean_flare_asymmetry,0.05778182095798241,0.0816298590605955,0.0546176229459288,-0.43663632388803403,False
10,rep_3b3a031e67b667bb2f,max_flare_asymmetry,0.12813973426818848,0.1936326026916504,0.07453526556491849,-0.878682968754155,False
10,rep_3b3a031e67b667bb2f,mean_torso_lean,2.7585134147728674,7.281299894582882,10.665598244111631,-0.4240537076583584,False
10,rep_3b3a031e67b667bb2f,max_torso_lean,5.573444843292236,21.163586616516117,17.827240467071537,-0.8745123398105404,False
10,rep_3b3a031e67b667bb2f,range_torso_lean,5.546376749873161,19.379075780510902,12.489430844783783,-1.1075523939039202,False
10,rep_3b3a031e67b667bb2f,mean_shoulder_depth_ratio,0.047979196953521076,0.1636635415480888,0.129754306225153,-0.8915645881827559,False
10,rep_3b3a031e67b667bb2f,max_shoulder_depth_ratio,0.09655813127756119,0.2667696326971054,0.1967141069471836,-0.8652734878096203,False
10,rep_3b3a031e67b667bb2f,range_shoulder_depth_ratio,0.09652381747946492,0.2017496595508419,0.1288880109150341,-0.8164129566771283,False
10,rep_3b3a031e67b667bb2f,flexion_duration,1.782566000000001,1.2911165000000002,0.6497304999999987,0.7563897646793583,False
10,rep_3b3a031e67b667bb2f,extension_duration,0.7496779999999994,1.4327219999999985,0.5997420000000018,-1.1388963921152713,False
10,rep_3b3a031e67b667bb2f,flexion_fraction,0.703947170967727,0.4681432148169246,0.1921010579526442,1.2274995185551325,False
10,rep_3b3a031e67b667bb2f,active_start_angle,134.2953643798828,147.97866821289062,13.160499572753906,-1.0397252594678295,False
10,rep_3b3a031e67b667bb2f,active_end_angle,135.2977752685547,147.23255157470703,12.807456970214844,-0.9318615189500917,False
10,rep_3b3a031e67b667bb2f,flexion_excursion,38.50171661376953,62.252960205078125,22.913166046142578,-1.0365762436966717,False
10,rep_3b3a031e67b667bb2f,extension_excursion,39.504127502441406,60.38432693481445,24.52524757385254,-0.8513756841596315,False
10,rep_3b3a031e67b667bb2f,flexion_net_speed,21.599041277444712,47.8738934874378,30.547103760380452,-0.8601421730878307,False
10,rep_3b3a031e67b667bb2f,extension_net_speed,52.69479363465573,43.5097550320686,26.750322833141727,0.3433617851971316,False
11,rep_9988a74422e7c505d0,active_min_angle,95.27111053466797,85.8869857788086,14.028789520263658,0.6689190640649807,False
11,rep_9988a74422e7c505d0,active_max_angle,140.36895751953125,151.2205047607422,11.035945892333984,-0.9832910877851315,False
11,rep_9988a74422e7c505d0,active_rom,45.09784698486328,65.59557723999023,22.33167266845703,-0.9178770690150551,False
11,rep_9988a74422e7c505d0,opposing_min_angle,97.89128875732422,87.40434265136719,9.781410217285156,1.0721302831594868,False
11,rep_9988a74422e7c505d0,opposing_max_angle,114.59779357910156,149.125732421875,15.40078353881836,-2.2419598818296635,False
11,rep_9988a74422e7c505d0,opposing_rom,16.706504821777344,59.167667388916016,18.068593978881836,-2.3499981579511013,False
11,rep_9988a74422e7c505d0,duration,2.3489889999999995,2.748822500000002,0.7836579999999982,-0.5102142771464125,False
11,rep_9988a74422e7c505d0,active_peak_abs_velocity,452.02880859375,341.64356994628906,149.6574478149414,0.737586002294771,False
11,rep_9988a74422e7c505d0,active_mean_abs_velocity,56.09782129097543,64.90986366364668,17.337940392317655,-0.5082519707228783,False
11,rep_9988a74422e7c505d0,opposing_peak_abs_velocity,235.49649047851562,262.2064971923828,135.68320465087893,-0.196855659347033,False
11,rep_9988a74422e7c505d0,opposing_mean_abs_velocity,30.755961923578894,56.48281989584005,22.793742305823386,-1.1286807417178009,False
11,rep_9988a74422e7c505d0,active_mean_flare,0.11055989806412911,0.0950076792330391,0.07862565463080179,0.19780081837305796,False
11,rep_9988a74422e7c505d0,active_max_flare,0.15143533051013947,0.1867997646331787,0.113086424767971,-0.31272041887962637,False
11,rep_9988a74422e7c505d0,opposing_mean_flare,0.025556883705819204,0.0828419992310375,0.068663690119359,-0.8342854196393876,False
11,rep_9988a74422e7c505d0,opposing_max_flare,0.10311979055404663,0.1816406697034835,0.1105120591819286,-0.7105186504594326,False
11,rep_9988a74422e7c505d0,mean_angle_asymmetry,7.930781109453028,8.927156207095303,4.221319881373766,-0.23603401913195443,False
11,rep_9988a74422e7c505d0,max_angle_asymmetry,32.97631072998047,23.505733489990234,8.994409561157223,1.052940404325078,False
11,rep_9988a74422e7c505d0,mean_flare_asymmetry,0.0919823130782492,0.0816298590605955,0.0546176229459288,0.18954420678290188,False
11,rep_9988a74422e7c505d0,max_flare_asymmetry,0.1471359133720398,0.1936326026916504,0.07453526556491849,-0.6238213410417524,False
11,rep_9988a74422e7c505d0,mean_torso_lean,3.0528382697947105,7.281299894582882,10.665598244111631,-0.39645798838547686,False
11,rep_9988a74422e7c505d0,max_torso_lean,5.5982770919799805,21.163586616516117,17.827240467071537,-0.8731194013614512,False
11,rep_9988a74422e7c505d0,range_torso_lean,5.554909002035856,19.379075780510902,12.489430844783783,-1.1068692360988344,False
11,rep_9988a74422e7c505d0,mean_shoulder_depth_ratio,0.07227312545818426,0.1636635415480888,0.129754306225153,-0.7043343589022899,False
11,rep_9988a74422e7c505d0,max_shoulder_depth_ratio,0.1033744066953659,0.2667696326971054,0.1967141069471836,-0.8306228187570198,False
11,rep_9988a74422e7c505d0,range_shoulder_depth_ratio,0.1020271573215723,0.2017496595508419,0.1288880109150341,-0.7737143394586866,False
11,rep_9988a74422e7c505d0,flexion_duration,0.7829890000000006,1.2911165000000002,0.6497304999999987,-0.7820588690233884,False
11,rep_9988a74422e7c505d0,extension_duration,1.565999999999999,1.4327219999999985,0.5997420000000018,0.22222555698950558,False
11,rep_9988a74422e7c505d0,flexion_fraction,0.33333021142287206,0.4681432148169246,0.1921010579526442,-0.701781681115395,False
11,rep_9988a74422e7c505d0,active_start_angle,134.1631317138672,147.97866821289062,13.160499572753906,-1.0497729529679596,False
11,rep_9988a74422e7c505d0,active_end_angle,136.9022979736328,147.23255157470703,12.807456970214844,-0.8065811679163447,False
11,rep_9988a74422e7c505d0,flexion_excursion,38.89202117919922,62.252960205078125,22.913166046142578,-1.0195421697217486,False
11,rep_9988a74422e7c505d0,extension_excursion,41.631187438964844,60.38432693481445,24.52524757385254,-0.7646462870304791,False
11,rep_9988a74422e7c505d0,flexion_net_speed,49.67122294080656,47.8738934874378,30.547103760380452,0.058837966030019985,False
11,rep_9988a74422e7c505d0,extension_net_speed,26.584410880565052,43.5097550320686,26.750322833141727,-0.6327155099053332,False
12,rep_46b03a163715ea8674,active_min_angle,92.6978530883789,85.8869857788086,14.028789520263658,0.4854921588019027,False
12,rep_46b03a163715ea8674,active_max_angle,135.23951721191406,151.2205047607422,11.035945892333984,-1.4480849856222262,False
12,rep_46b03a163715ea8674,active_rom,42.541664123535156,65.59557723999023,22.33167266845703,-1.0323415293928337,False
12,rep_46b03a163715ea8674,opposing_min_angle,90.33391571044922,87.40434265136719,9.781410217285156,0.29950416085249704,False
12,rep_46b03a163715ea8674,opposing_max_angle,151.5814971923828,149.125732421875,15.40078353881836,0.15945713179579132,False
12,rep_46b03a163715ea8674,opposing_rom,61.247581481933594,59.167667388916016,18.068593978881836,0.1151121163853997,False
12,rep_46b03a163715ea8674,duration,2.815466999999998,2.748822500000002,0.7836579999999982,0.08504283756434104,False
12,rep_46b03a163715ea8674,active_peak_abs_velocity,323.6905822753906,341.64356994628906,149.6574478149414,-0.11996053609773011,False
12,rep_46b03a163715ea8674,active_mean_abs_velocity,45.52489571471935,64.90986366364668,17.337940392317655,-1.1180663625719176,False
12,rep_46b03a163715ea8674,opposing_peak_abs_velocity,317.9006652832031,262.2064971923828,135.68320465087893,0.410472086314034,False
12,rep_46b03a163715ea8674,opposing_mean_abs_velocity,42.46009461344918,56.48281989584005,22.793742305823386,-0.6152006587706452,False
12,rep_46b03a163715ea8674,active_mean_flare,0.11619770976944307,0.0950076792330391,0.07862565463080179,0.26950529869550655,False
12,rep_46b03a163715ea8674,active_max_flare,0.22171202301979065,0.1867997646331787,0.113086424767971,0.30872192182434255,False
12,rep_46b03a163715ea8674,opposing_mean_flare,0.038652602916938776,0.0828419992310375,0.068663690119359,-0.6435627947942167,False
12,rep_46b03a163715ea8674,opposing_max_flare,0.1257934868335724,0.1816406697034835,0.1105120591819286,-0.5053492196536998,False
12,rep_46b03a163715ea8674,mean_angle_asymmetry,10.235875427663151,8.927156207095303,4.221319881373766,0.3100260717844356,False
12,rep_46b03a163715ea8674,max_angle_asymmetry,48.50780487060547,23.505733489990234,8.994409561157223,2.779734590760448,False
12,rep_46b03a163715ea8674,mean_flare_asymmetry,0.07910859242247817,0.0816298590605955,0.0546176229459288,-0.04616214514889038,False
12,rep_46b03a163715ea8674,max_flare_asymmetry,0.2119826078414917,0.1936326026916504,0.07453526556491849,0.24619225558214292,False
12,rep_46b03a163715ea8674,mean_torso_lean,3.7635562416205075,7.281299894582882,10.665598244111631,-0.32982150390902687,False
12,rep_46b03a163715ea8674,max_torso_lean,7.8519287109375,21.163586616516117,17.827240467071537,-0.7467032225299483,False
12,rep_46b03a163715ea8674,range_torso_lean,7.549961060285568,19.379075780510902,12.489430844783783,-0.9471300067421222,False
12,rep_46b03a163715ea8674,mean_shoulder_depth_ratio,0.08440886403434615,0.1636635415480888,0.129754306225153,-0.6108057591261588,False
12,rep_46b03a163715ea8674,max_shoulder_depth_ratio,0.1547173112630844,0.2667696326971054,0.1967141069471836,-0.5696201618326553,False
12,rep_46b03a163715ea8674,range_shoulder_depth_ratio,0.15112932701595128,0.2017496595508419,0.1288880109150341,-0.39274663465991955,False
12,rep_46b03a163715ea8674,flexion_duration,1.1328439999999986,1.2911165000000002,0.6497304999999987,-0.2435971529734281,False
12,rep_46b03a163715ea8674,extension_duration,1.6826229999999995,1.4327219999999985,0.5997420000000018,0.416680839427621,False
12,rep_46b03a163715ea8674,flexion_fraction,0.4023645100439818,0.4681432148169246,0.1921010579526442,-0.3424171916281597,False
12,rep_46b03a163715ea8674,active_start_angle,133.18832397460938,147.97866821289062,13.160499572753906,-1.123843677553214,False
12,rep_46b03a163715ea8674,active_end_angle,135.23951721191406,147.23255157470703,12.807456970214844,-0.936410279627259,False
12,rep_46b03a163715ea8674,flexion_excursion,40.49047088623047,62.252960205078125,22.913166046142578,-0.949780980726204,False
12,rep_46b03a163715ea8674,extension_excursion,42.541664123535156,60.38432693481445,24.52524757385254,-0.7275222302058291,False
12,rep_46b03a163715ea8674,flexion_net_speed,35.74231834765468,47.8738934874378,30.547103760380452,-0.39714321969592914,False
12,rep_46b03a163715ea8674,extension_net_speed,25.282944618928404,43.5097550320686,26.750322833141727,-0.6813678671032144,False
13,rep_20614a58d738f0f71c,active_min_angle,95.67046356201172,85.8869857788086,14.028789520263658,0.6973857415902875,False
13,rep_20614a58d738f0f71c,active_max_angle,142.27452087402344,151.2205047607422,11.035945892333984,-0.8106223040594095,False
13,rep_20614a58d738f0f71c,active_rom,46.60405731201172,65.59557723999023,22.33167266845703,-0.8504298003079543,False
13,rep_20614a58d738f0f71c,opposing_min_angle,93.3722915649414,87.40434265136719,9.781410217285156,0.610131747979243,False
13,rep_20614a58d738f0f71c,opposing_max_angle,153.60171508789062,149.125732421875,15.40078353881836,0.29063343788539797,False
13,rep_20614a58d738f0f71c,opposing_rom,60.22942352294922,59.167667388916016,18.068593978881836,0.05876252105029089,False
13,rep_20614a58d738f0f71c,duration,3.1819890000000015,2.748822500000002,0.7836579999999982,0.5527494136472806,False
13,rep_20614a58d738f0f71c,active_peak_abs_velocity,274.1937255859375,341.64356994628906,149.6574478149414,-0.4506948724914548,False
13,rep_20614a58d738f0f71c,active_mean_abs_velocity,51.305636708794474,64.90986366364668,17.337940392317655,-0.7846506936244952,False
13,rep_20614a58d738f0f71c,opposing_peak_abs_velocity,214.0998077392578,262.2064971923828,135.68320465087893,-0.35455154215222445,False
13,rep_20614a58d738f0f71c,opposing_mean_abs_velocity,39.33700534003512,56.48281989584005,22.793742305823386,-0.7522158637120544,False
13,rep_20614a58d738f0f71c,active_mean_flare,0.12539326704320322,0.0950076792330391,0.07862565463080179,0.3864589484544717,False
13,rep_20614a58d738f0f71c,active_max_flare,0.22784578800201416,0.1867997646331787,0.113086424767971,0.3629615442618604,False
13,rep_20614a58d738f0f71c,opposing_mean_flare,0.028374092406534025,0.0828419992310375,0.068663690119359,-0.7932563299441261,False
13,rep_20614a58d738f0f71c,opposing_max_flare,0.10727978497743607,0.1816406697034835,0.1105120591819286,-0.6728757501806394,False
13,rep_20614a58d738f0f71c,mean_angle_asymmetry,7.5173673760892905,8.927156207095303,4.221319881373766,-0.33396872793900123,False
13,rep_20614a58d738f0f71c,max_angle_asymmetry,27.390525817871094,23.505733489990234,8.994409561157223,0.43191187831356004,False
13,rep_20614a58d738f0f71c,mean_flare_asymmetry,0.09722340424706734,0.0816298590605955,0.0546176229459288,0.2855039151357681,False
13,rep_20614a58d738f0f71c,max_flare_asymmetry,0.21152956783771515,0.1936326026916504,0.07453526556491849,0.2401140589011106,False
13,rep_20614a58d738f0f71c,mean_torso_lean,3.5555917980398255,7.281299894582882,10.665598244111631,-0.34932012356643777,False
13,rep_20614a58d738f0f71c,max_torso_lean,10.077113151550293,21.163586616516117,17.827240467071537,-0.6218838796415802,False
13,rep_20614a58d738f0f71c,range_torso_lean,9.711503267288208,19.379075780510902,12.489430844783783,-0.7740602941294448,False
13,rep_20614a58d738f0f71c,mean_shoulder_depth_ratio,0.0729563109297646,0.1636635415480888,0.129754306225153,-0.6990691350229771,False
13,rep_20614a58d738f0f71c,max_shoulder_depth_ratio,0.1281604766845703,0.2667696326971054,0.1967141069471836,-0.7046223484610115,False
13,rep_20614a58d738f0f71c,range_shoulder_depth_ratio,0.12361512333154678,0.2017496595508419,0.1288880109150341,-0.6062203587795545,False
13,rep_20614a58d738f0f71c,flexion_duration,1.849211000000004,1.2911165000000002,0.6497304999999987,0.8589630623774086,False
13,rep_20614a58d738f0f71c,extension_duration,1.3327779999999976,1.4327219999999985,0.5997420000000018,-0.16664499067932648,False
13,rep_20614a58d738f0f71c,flexion_fraction,0.5811494005793242,0.4681432148169246,0.1921010579526442,0.5882642551102311,False
13,rep_20614a58d738f0f71c,active_start_angle,134.90586853027344,147.97866821289062,13.160499572753906,-0.9933361275799679,False
13,rep_20614a58d738f0f71c,active_end_angle,137.59922790527344,147.23255157470703,12.807456970214844,-0.7521652184221234,False
13,rep_20614a58d738f0f71c,flexion_excursion,39.23540496826172,62.252960205078125,22.913166046142578,-1.004555860611476,False
13,rep_20614a58d738f0f71c,extension_excursion,41.92876434326172,60.38432693481445,24.52524757385254,-0.7525127946610021,False
13,rep_20614a58d738f0f71c,flexion_net_speed,21.217375933985704,47.8738934874378,30.547103760380452,-0.8726364948557106,False
13,rep_20614a58d738f0f71c,extension_net_speed,31.45967621258889,43.5097550320686,26.750322833141727,-0.45046479979488424,False
14,rep_5c1dd8ed9aa6c8aa69,active_min_angle,97.28811645507812,85.8869857788086,14.028789520263658,0.8126952549827163,False
14,rep_5c1dd8ed9aa6c8aa69,active_max_angle,135.49501037597656,151.2205047607422,11.035945892333984,-1.4249339873702345,False
14,rep_5c1dd8ed9aa6c8aa69,active_rom,38.20689392089844,65.59557723999023,22.33167266845703,-1.2264501511244912,False
14,rep_5c1dd8ed9aa6c8aa69,opposing_min_angle,96.45755767822266,87.40434265136719,9.781410217285156,0.9255531488554828,False
14,rep_5c1dd8ed9aa6c8aa69,opposing_max_angle,113.62431335449219,149.125732421875,15.40078353881836,-2.3051696673678914,False
14,rep_5c1dd8ed9aa6c8aa69,opposing_rom,17.16675567626953,59.167667388916016,18.068593978881836,-2.3245257357454707,False
14,rep_5c1dd8ed9aa6c8aa69,duration,2.0991,2.748822500000002,0.7836579999999982,-0.8290893476491065,False
14,rep_5c1dd8ed9aa6c8aa69,active_peak_abs_velocity,319.44012451171875,341.64356994628906,149.6574478149414,-0.14836178057790972,False
14,rep_5c1dd8ed9aa6c8aa69,active_mean_abs_velocity,50.04016348858647,64.90986366364668,17.337940392317655,-0.8576393642262655,False
14,rep_5c1dd8ed9aa6c8aa69,opposing_peak_abs_velocity,240.843994140625,262.2064971923828,135.68320465087893,-0.15744397478468186,False
14,rep_5c1dd8ed9aa6c8aa69,opposing_mean_abs_velocity,30.813116565506,56.48281989584005,22.793742305823386,-1.1261732709760393,False
14,rep_5c1dd8ed9aa6c8aa69,active_mean_flare,0.08847777962604873,0.0950076792330391,0.07862565463080179,-0.08305049589287951,False
14,rep_5c1dd8ed9aa6c8aa69,active_max_flare,0.1352914720773697,0.1867997646331787,0.113086424767971,-0.45547723930164874,False
14,rep_5c1dd8ed9aa6c8aa69,opposing_mean_flare,0.02556067361771006,0.0828419992310375,0.068663690119359,-0.8342302243551805,False
14,rep_5c1dd8ed9aa6c8aa69,opposing_max_flare,0.07394465804100037,0.1816406697034835,0.1105120591819286,-0.9745181879670742,False
14,rep_5c1dd8ed9aa6c8aa69,mean_angle_asymmetry,7.212446084139976,8.927156207095303,4.221319881373766,-0.40620236588118974,False
14,rep_5c1dd8ed9aa6c8aa69,max_angle_asymmetry,28.045631408691406,23.505733489990234,8.994409561157223,0.5047466304299654,False
14,rep_5c1dd8ed9aa6c8aa69,mean_flare_asymmetry,0.06637705505229347,0.0816298590605955,0.0546176229459288,-0.27926524783772155,False
14,rep_5c1dd8ed9aa6c8aa69,max_flare_asymmetry,0.11810419708490372,0.1936326026916504,0.07453526556491849,-1.0133244315197774,False
14,rep_5c1dd8ed9aa6c8aa69,mean_torso_lean,3.0867905083038987,7.281299894582882,10.665598244111631,-0.3932746471670944,False
14,rep_5c1dd8ed9aa6c8aa69,max_torso_lean,5.4984002113342285,21.163586616516117,17.827240467071537,-0.8787218882314877,False
14,rep_5c1dd8ed9aa6c8aa69,range_torso_lean,5.303090274333954,19.379075780510902,12.489430844783783,-1.1270317824015008,False
14,rep_5c1dd8ed9aa6c8aa69,mean_shoulder_depth_ratio,0.08448974667830791,0.1636635415480888,0.129754306225153,-0.6101824068358586,False
14,rep_5c1dd8ed9aa6c8aa69,max_shoulder_depth_ratio,0.12241329252719879,0.2667696326971054,0.1967141069471836,-0.7338382712362632,False
14,rep_5c1dd8ed9aa6c8aa69,range_shoulder_depth_ratio,0.12170343624893576,0.2017496595508419,0.1288880109150341,-0.6210525147655077,False
14,rep_5c1dd8ed9aa6c8aa69,flexion_duration,1.4493779999999958,1.2911165000000002,0.6497304999999987,0.2435802228770174,False
14,rep_5c1dd8ed9aa6c8aa69,extension_duration,0.6497220000000041,1.4327219999999985,0.5997420000000018,-1.305561391398288,False
14,rep_5c1dd8ed9aa6c8aa69,flexion_fraction,0.6904759182506769,0.4681432148169246,0.1921010579526442,1.1573736542802415,False
14,rep_5c1dd8ed9aa6c8aa69,active_start_angle,133.00289916992188,147.97866821289062,13.160499572753906,-1.1379331734467728,False
14,rep_5c1dd8ed9aa6c8aa69,active_end_angle,135.49501037597656,147.23255157470703,12.807456970214844,-0.9164614978623327,False
14,rep_5c1dd8ed9aa6c8aa69,flexion_excursion,35.71478271484375,62.252960205078125,22.913166046142578,-1.1582064842890651,False
14,rep_5c1dd8ed9aa6c8aa69,extension_excursion,38.20689392089844,60.38432693481445,24.52524757385254,-0.9042694858485493,False
14,rep_5c1dd8ed9aa6c8aa69,flexion_net_speed,24.641454965401607,47.8738934874378,30.547103760380452,-0.7605447214988882,False
14,rep_5c1dd8ed9aa6c8aa69,extension_net_speed,58.80498724207922,43.5097550320686,26.750322833141727,0.5717774811697199,False
15,rep_6be9256acb543f49b8,active_min_angle,98.1189193725586,85.8869857788086,14.028789520263658,0.871916538207504,False
15,rep_6be9256acb543f49b8,active_max_angle,140.45167541503906,151.2205047607422,11.035945892333984,-0.9757957723572739,False
15,rep_6be9256acb543f49b8,active_rom,42.33275604248047,65.59557723999023,22.33167266845703,-1.0416963181789765,False
15,rep_6be9256acb543f49b8,opposing_min_angle,94.71163177490234,87.40434265136719,9.781410217285156,0.747058855646615,False
15,rep_6be9256acb543f49b8,opposing_max_angle,152.0943145751953,149.125732421875,15.40078353881836,0.19275526766789944,False
15,rep_6be9256acb543f49b8,opposing_rom,57.38268280029297,59.167667388916016,18.068593978881836,-0.09878934634921215,False
15,rep_6be9256acb543f49b8,duration,3.6151219999999995,2.748822500000002,0.7836579999999982,1.1054560790548933,False
15,rep_6be9256acb543f49b8,active_peak_abs_velocity,185.5355224609375,341.64356994628906,149.6574478149414,-1.0431024300132836,False
15,rep_6be9256acb543f49b8,active_mean_abs_velocity,43.23935342777711,64.90986366364668,17.337940392317655,-1.2498895339074787,False
15,rep_6be9256acb543f49b8,opposing_peak_abs_velocity,244.0238037109375,262.2064971923828,135.68320465087893,-0.13400843183377398,False
15,rep_6be9256acb543f49b8,opposing_mean_abs_velocity,39.74060796642548,56.48281989584005,22.793742305823386,-0.7345091343397895,False
15,rep_6be9256acb543f49b8,active_mean_flare,0.13577238526852234,0.0950076792330391,0.07862565463080179,0.5184657123288811,False
15,rep_6be9256acb543f49b8,active_max_flare,0.2805706560611725,0.1867997646331787,0.113086424767971,0.8291967105723915,False
15,rep_6be9256acb543f49b8,opposing_mean_flare,0.02969131938614075,0.0828419992310375,0.068663690119359,-0.7740725811925374,False
15,rep_6be9256acb543f49b8,opposing_max_flare,0.12360098212957382,0.1816406697034835,0.1105120591819286,-0.5251887260408642,False
15,rep_6be9256acb543f49b8,mean_angle_asymmetry,9.56839168504863,8.927156207095303,4.221319881373766,0.15190402432725522,False
15,rep_6be9256acb543f49b8,max_angle_asymmetry,25.514205932617188,23.505733489990234,8.994409561157223,0.22330231117122296,False
15,rep_6be9256acb543f49b8,mean_flare_asymmetry,0.10675545330321663,0.0816298590605955,0.0546176229459288,0.460027238232161,False
15,rep_6be9256acb543f49b8,max_flare_asymmetry,0.26164764165878296,0.1936326026916504,0.07453526556491849,0.912521588963724,False
15,rep_6be9256acb543f49b8,mean_torso_lean,3.804335311168809,7.281299894582882,10.665598244111631,-0.3259980831674088,False
15,rep_6be9256acb543f49b8,max_torso_lean,8.221527099609375,21.163586616516117,17.827240467071537,-0.7259709959492525,False
15,rep_6be9256acb543f49b8,range_torso_lean,8.016489118337631,19.379075780510902,12.489430844783783,-0.9097761782250359,False
15,rep_6be9256acb543f49b8,mean_shoulder_depth_ratio,0.09041354760244714,0.1636635415480888,0.129754306225153,-0.5645284235772212,False
15,rep_6be9256acb543f49b8,max_shoulder_depth_ratio,0.18460386991500854,0.2667696326971054,0.1967141069471836,-0.41769125792365164,False
15,rep_6be9256acb543f49b8,range_shoulder_depth_ratio,0.18204579525627196,0.2017496595508419,0.1288880109150341,-0.15287585055183428,False
15,rep_6be9256acb543f49b8,flexion_duration,2.2157219999999995,1.2911165000000002,0.6497304999999987,1.423060022578594,False
15,rep_6be9256acb543f49b8,extension_duration,1.3994,1.4327219999999985,0.5997420000000018,-0.05556055770647782,False
15,rep_6be9256acb543f49b8,flexion_fraction,0.6129037968843098,0.4681432148169246,0.1921010579526442,0.7535647310337609,False
15,rep_6be9256acb543f49b8,active_start_angle,132.11892700195312,147.97866821289062,13.160499572753906,-1.205101761013071,False
15,rep_6be9256acb543f49b8,active_end_angle,137.19647216796875,147.23255157470703,12.807456970214844,-0.7836121901543993,False
15,rep_6be9256acb543f49b8,flexion_excursion,34.00000762939453,62.252960205078125,22.913166046142578,-1.233044465299459,False
15,rep_6be9256acb543f49b8,extension_excursion,39.077552795410156,60.38432693481445,24.52524757385254,-0.8687689726777885,False
15,rep_6be9256acb543f49b8,flexion_net_speed,15.344888767360949,47.8738934874378,30.547103760380452,-1.0648801593513726,False
15,rep_6be9256acb543f49b8,extension_net_speed,27.924505356159894,43.5097550320686,26.750322833141727,-0.58261912475313,False
16,rep_503633f6745e8f6a45,active_min_angle,93.76725769042969,85.8869857788086,14.028789520263658,0.5617214443369161,False
16,rep_503633f6745e8f6a45,active_max_angle,135.63961791992188,151.2205047607422,11.035945892333984,-1.4118306661546274,False
16,rep_503633f6745e8f6a45,active_rom,41.87236022949219,65.59557723999023,22.33167266845703,-1.0623125890612994,False
16,rep_503633f6745e8f6a45,opposing_min_angle,100.05287170410156,87.40434265136719,9.781410217285156,1.2931191690930832,False
16,rep_503633f6745e8f6a45,opposing_max_angle,123.7061767578125,149.125732421875,15.40078353881836,-1.6505365197810475,False
16,rep_503633f6745e8f6a45,opposing_rom,23.653305053710938,59.167667388916016,18.068593978881836,-1.9655299342446602,False
16,rep_503633f6745e8f6a45,duration,2.6655330000000017,2.748822500000002,0.7836579999999982,-0.10628297037738456,False
16,rep_503633f6745e8f6a45,active_peak_abs_velocity,323.8251037597656,341.64356994628906,149.6574478149414,-0.11906167348621917,False
16,rep_503633f6745e8f6a45,active_mean_abs_velocity,53.52701031005444,64.90986366364668,17.337940392317655,-0.6565285781369921,False
16,rep_503633f6745e8f6a45,opposing_peak_abs_velocity,161.26373291015625,262.2064971923828,135.68320465087893,-0.743959169758397,False
16,rep_503633f6745e8f6a45,opposing_mean_abs_velocity,34.21384910901846,56.48281989584005,22.793742305823386,-0.9769773865142045,False
16,rep_503633f6745e8f6a45,active_mean_flare,0.019802314893618205,0.0950076792330391,0.07862565463080179,-0.9564990548257898,False
16,rep_503633f6745e8f6a45,active_max_flare,0.07136747986078262,0.1867997646331787,0.113086424767971,-1.0207439576345108,False
16,rep_503633f6745e8f6a45,opposing_mean_flare,0.12170261132582835,0.0828419992310375,0.068663690119359,0.5659557770233284,False
16,rep_503633f6745e8f6a45,opposing_max_flare,0.23048843443393707,0.1816406697034835,0.1105120591819286,0.44201298113573984,False
16,rep_503633f6745e8f6a45,mean_angle_asymmetry,8.784141914045348,8.927156207095303,4.221319881373766,-0.033879046617858545,False
16,rep_503633f6745e8f6a45,max_angle_asymmetry,24.766250610351562,23.505733489990234,8.994409561157223,0.14014450996371458,False
16,rep_503633f6745e8f6a45,mean_flare_asymmetry,0.10190029652259956,0.0816298590605955,0.0546176229459288,0.3711336445760685,False
16,rep_503633f6745e8f6a45,max_flare_asymmetry,0.21701039373874664,0.1936326026916504,0.07453526556491849,0.3136473838244359,False
16,rep_503633f6745e8f6a45,mean_torso_lean,5.784830870922197,7.281299894582882,10.665598244111631,-0.1403080248674162,False
16,rep_503633f6745e8f6a45,max_torso_lean,9.567010879516602,21.163586616516117,17.827240467071537,-0.6504975213869695,False
16,rep_503633f6745e8f6a45,range_torso_lean,8.761636018753052,19.379075780510902,12.489430844783783,-0.8501139798690049,False
16,rep_503633f6745e8f6a45,mean_shoulder_depth_ratio,0.1639711692271486,0.1636635415480888,0.129754306225153,0.00237084755033879,False
16,rep_503633f6745e8f6a45,max_shoulder_depth_ratio,0.21090053021907806,0.2667696326971054,0.1967141069471836,-0.28401167229469626,False
16,rep_503633f6745e8f6a45,range_shoulder_depth_ratio,0.14273788779973984,0.2017496595508419,0.1288880109150341,-0.45785307207513626,False
16,rep_503633f6745e8f6a45,flexion_duration,0.8996220000000008,1.2911165000000002,0.6497304999999987,-0.6025490568781983,False
16,rep_503633f6745e8f6a45,extension_duration,1.765911000000001,1.4327219999999985,0.5997420000000018,0.5555538881719163,False
16,rep_503633f6745e8f6a45,flexion_fraction,0.33750173042314624,0.4681432148169246,0.1921010579526442,-0.6800664493268094,False
16,rep_503633f6745e8f6a45,active_start_angle,131.541259765625,147.97866821289062,13.160499572753906,-1.2489957813832449,False
16,rep_503633f6745e8f6a45,active_end_angle,135.63961791992188,147.23255157470703,12.807456970214844,-0.9051706112888612,False
16,rep_503633f6745e8f6a45,flexion_excursion,37.77400207519531,62.252960205078125,22.913166046142578,-1.0683359113527584,False
16,rep_503633f6745e8f6a45,extension_excursion,41.87236022949219,60.38432693481445,24.52524757385254,-0.7548126333720969,False
16,rep_503633f6745e8f6a45,flexion_net_speed,41.988748691334,47.8738934874378,30.547103760380452,-0.19265802880261332,False
16,rep_503633f6745e8f6a45,extension_net_speed,23.71147822823017,43.5097550320686,26.750322833141727,-0.7401135652579783,False
17,rep_5c39730111cd443d20,active_min_angle,91.57366180419922,85.8869857788086,14.028789520263658,0.405357569673178,False
17,rep_5c39730111cd443d20,active_max_angle,141.142333984375,151.2205047607422,11.035945892333984,-0.9132131377490618,False
17,rep_5c39730111cd443d20,active_rom,49.56867218017578,65.59557723999023,22.33167266845703,-0.7176759796614826,False
17,rep_5c39730111cd443d20,opposing_min_angle,95.44593048095703,87.40434265136719,9.781410217285156,0.8221296981675713,False
17,rep_5c39730111cd443d20,opposing_max_angle,121.18805694580078,149.125732421875,15.40078353881836,-1.8140424742452919,False
17,rep_5c39730111cd443d20,opposing_rom,25.74212646484375,59.167667388916016,18.068593978881836,-1.8499248454605424,False
17,rep_5c39730111cd443d20,duration,3.165300000000002,2.748822500000002,0.7836579999999982,0.5314531338925922,False
17,rep_5c39730111cd443d20,active_peak_abs_velocity,367.017822265625,341.64356994628906,149.6574478149414,0.16954887771915245,False
17,rep_5c39730111cd443d20,active_mean_abs_velocity,67.44984800299403,64.90986366364668,17.337940392317655,0.1464986198979441,False
17,rep_5c39730111cd443d20,opposing_peak_abs_velocity,257.5029296875,262.2064971923828,135.68320465087893,-0.03466580493131317,False
17,rep_5c39730111cd443d20,opposing_mean_abs_velocity,40.63887778255866,56.48281989584005,22.793742305823386,-0.6951005192874167,False
17,rep_5c39730111cd443d20,active_mean_flare,0.027846919326234017,0.0950076792330391,0.07862565463080179,-0.8541837930910492,False
17,rep_5c39730111cd443d20,active_max_flare,0.09438298642635345,0.1867997646331787,0.113086424767971,-0.8172225658070329,False
17,rep_5c39730111cd443d20,opposing_mean_flare,0.08169445792365757,0.0828419992310375,0.068663690119359,-0.016712491061653442,False
17,rep_5c39730111cd443d20,opposing_max_flare,0.3034824728965759,0.1816406697034835,0.1105120591819286,1.102520431661783,False
17,rep_5c39730111cd443d20,mean_angle_asymmetry,11.323653038357993,8.927156207095303,4.221319881373766,0.5677126819592704,False
17,rep_5c39730111cd443d20,max_angle_asymmetry,43.496925354003906,23.505733489990234,8.994409561157223,2.2226241453743185,False
17,rep_5c39730111cd443d20,mean_flare_asymmetry,0.055480954515874065,0.0816298590605955,0.0546176229459288,-0.4787631378723445,False
17,rep_5c39730111cd443d20,max_flare_asymmetry,0.22188469767570496,0.1936326026916504,0.07453526556491849,0.37904332626879345,False
17,rep_5c39730111cd443d20,mean_torso_lean,3.425150434896108,7.281299894582882,10.665598244111631,-0.3615502263846958,False
17,rep_5c39730111cd443d20,max_torso_lean,17.4974365234375,21.163586616516117,17.827240467071537,-0.20564877103948392,False
17,rep_5c39730111cd443d20,range_torso_lean,16.41351854801178,19.379075780510902,12.489430844783783,-0.23744534633759465,False
17,rep_5c39730111cd443d20,mean_shoulder_depth_ratio,0.1835209731177256,0.1636635415480888,0.129754306225153,0.15303870944506223,False
17,rep_5c39730111cd443d20,max_shoulder_depth_ratio,0.25033631920814514,0.2667696326971054,0.1967141069471836,-0.0835390696884413,False
17,rep_5c39730111cd443d20,range_shoulder_depth_ratio,0.13867578655481339,0.2017496595508419,0.1288880109150341,-0.48936958952379395,False
17,rep_5c39730111cd443d20,flexion_duration,1.5160109999999989,1.2911165000000002,0.6497304999999987,0.3461350513789935,False
17,rep_5c39730111cd443d20,extension_duration,1.6492890000000031,1.4327219999999985,0.5997420000000018,0.36110027311744713,False
17,rep_5c39730111cd443d20,flexion_fraction,0.4789470192398818,0.4681432148169246,0.1921010579526442,0.056240213032145284,False
17,rep_5c39730111cd443d20,active_start_angle,138.2487335205078,147.97866821289062,13.160499572753906,-0.7393286735502527,False
17,rep_5c39730111cd443d20,active_end_angle,128.69061279296875,147.23255157470703,12.807456970214844,-1.4477455458066038,False
17,rep_5c39730111cd443d20,flexion_excursion,46.675071716308594,62.252960205078125,22.913166046142578,-0.6798662593112951,False
17,rep_5c39730111cd443d20,extension_excursion,37.11695098876953,60.38432693481445,24.52524757385254,-0.9487111547388133,False
17,rep_5c39730111cd443d20,flexion_net_speed,30.788082485093202,47.8738934874378,30.547103760380452,-0.5593267085603338,False
17,rep_5c39730111cd443d20,extension_net_speed,22.50481934261943,43.5097550320686,26.750322833141727,-0.7852217642557031,False
18,rep_50437be04b9a9a36ed,active_min_angle,81.3453140258789,85.8869857788086,14.028789520263658,-0.32373938937279967,False
18,rep_50437be04b9a9a36ed,active_max_angle,137.74551391601562,151.2205047607422,11.035945892333984,-1.2210091437732435,False
18,rep_50437be04b9a9a36ed,active_rom,56.40019989013672,65.59557723999023,22.33167266845703,-0.4117639321680446,False
18,rep_50437be04b9a9a36ed,opposing_min_angle,68.89141845703125,87.40434265136719,9.781410217285156,-1.892664123381815,False
18,rep_50437be04b9a9a36ed,opposing_max_angle,133.59149169921875,149.125732421875,15.40078353881836,-1.0086656099997449,False
18,rep_50437be04b9a9a36ed,opposing_rom,64.7000732421875,59.167667388916016,18.068593978881836,0.30618906262090095,False
18,rep_50437be04b9a9a36ed,duration,1.6826110000000014,2.748822500000002,0.7836579999999982,-1.3605571563105372,False
18,rep_50437be04b9a9a36ed,active_peak_abs_velocity,223.85781860351562,341.64356994628906,149.6574478149414,-0.7870356808998985,False
18,rep_50437be04b9a9a36ed,active_mean_abs_velocity,68.75233982629284,64.90986366364668,17.337940392317655,0.22162241164173943,False
18,rep_50437be04b9a9a36ed,opposing_peak_abs_velocity,255.6513671875,262.2064971923828,135.68320465087893,-0.04831202227091818,False
18,rep_50437be04b9a9a36ed,opposing_mean_abs_velocity,82.79422649769646,56.48281989584005,22.793742305823386,1.154325878078139,False
18,rep_50437be04b9a9a36ed,active_mean_flare,0.050571827326582185,0.0950076792330391,0.07862565463080179,-0.5651571629528801,False
18,rep_50437be04b9a9a36ed,active_max_flare,0.09579312801361084,0.1867997646331787,0.113086424767971,-0.804752973721593,False
18,rep_50437be04b9a9a36ed,opposing_mean_flare,0.20690550922720924,0.0828419992310375,0.068663690119359,1.806828467571587,False
18,rep_50437be04b9a9a36ed,opposing_max_flare,0.2552764415740967,0.1816406697034835,0.1105120591819286,0.6663143589550851,False
18,rep_50437be04b9a9a36ed,mean_angle_asymmetry,10.965737827669786,8.927156207095303,4.221319881373766,0.48292516981941125,False
18,rep_50437be04b9a9a36ed,max_angle_asymmetry,19.559593200683594,23.505733489990234,8.994409561157223,-0.43873255520275967,False
18,rep_50437be04b9a9a36ed,mean_flare_asymmetry,0.15633368155021332,0.0816298590605955,0.0546176229459288,1.3677604124876375,False
18,rep_50437be04b9a9a36ed,max_flare_asymmetry,0.23014028370380402,0.1936326026916504,0.07453526556491849,0.48980413144642626,False
18,rep_50437be04b9a9a36ed,mean_torso_lean,13.433084746351582,7.281299894582882,10.665598244111631,0.5767876035612947,False
18,rep_50437be04b9a9a36ed,max_torso_lean,25.537506103515625,21.163586616516117,17.827240467071537,0.24535033871779077,False
18,rep_50437be04b9a9a36ed,range_torso_lean,22.402606964111328,19.379075780510902,12.489430844783783,0.24208718725266853,False
18,rep_50437be04b9a9a36ed,mean_shoulder_depth_ratio,0.08672128760881077,0.1636635415480888,0.129754306225153,-0.5929842035898666,False
18,rep_50437be04b9a9a36ed,max_shoulder_depth_ratio,0.19502441585063934,0.2667696326971054,0.1967141069471836,-0.36471820938459265,False
18,rep_50437be04b9a9a36ed,range_shoulder_depth_ratio,0.19311814161483198,0.2017496595508419,0.1288880109150341,-0.06696912982620243,False
18,rep_50437be04b9a9a36ed,flexion_duration,0.8996110000000002,1.2911165000000002,0.6497304999999987,-0.6025659869746008,False
18,rep_50437be04b9a9a36ed,extension_duration,0.7830000000000013,1.4327219999999985,0.5997420000000018,-1.083335834408788,False
18,rep_50437be04b9a9a36ed,flexion_fraction,0.5346518000892657,0.4681432148169246,0.1921010579526442,0.34621665274085306,False
18,rep_50437be04b9a9a36ed,active_start_angle,134.59255981445312,147.97866821289062,13.160499572753906,-1.0171428770189446,False
18,rep_50437be04b9a9a36ed,active_end_angle,137.74551391601562,147.23255157470703,12.807456970214844,-0.7407432779789587,False
18,rep_50437be04b9a9a36ed,flexion_excursion,53.24724578857422,62.252960205078125,22.913166046142578,-0.3930366671444785,False
18,rep_50437be04b9a9a36ed,extension_excursion,56.40019989013672,60.38432693481445,24.52524757385254,-0.1624500234984535,False
18,rep_50437be04b9a9a36ed,flexion_net_speed,59.189189314686246,47.8738934874378,30.547103760380452,0.37042123259895987,False
18,rep_50437be04b9a9a36ed,extension_net_speed,72.03090662852698,43.5097550320686,26.750322833141727,1.066198407187921,False
19,rep_a8f87271f827579bc4,active_min_angle,97.0477523803711,85.8869857788086,14.028789520263658,0.7955616260006975,False
19,rep_a8f87271f827579bc4,active_max_angle,139.8219757080078,151.2205047607422,11.035945892333984,-1.0328547424876608,False
19,rep_a8f87271f827579bc4,active_rom,42.77422332763672,65.59557723999023,22.33167266845703,-1.021927656345606,False
19,rep_a8f87271f827579bc4,opposing_min_angle,108.88105773925781,87.40434265136719,9.781410217285156,2.195666535888474,False
19,rep_a8f87271f827579bc4,opposing_max_angle,128.53433227539062,149.125732421875,15.40078353881836,-1.3370358783748135,False
19,rep_a8f87271f827579bc4,opposing_rom,19.653274536132812,59.167667388916016,18.068593978881836,-2.186910221070147,False
19,rep_a8f87271f827579bc4,duration,1.2661109999999987,2.748822500000002,0.7836579999999982,-1.892039001707386,False
19,rep_a8f87271f827579bc4,active_peak_abs_velocity,413.1440124511719,341.64356994628906,149.6574478149414,0.4777606697749953,False
19,rep_a8f87271f827579bc4,active_mean_abs_velocity,83.36000022220404,64.90986366364668,17.337940392317655,1.0641481133902453,False
19,rep_a8f87271f827579bc4,opposing_peak_abs_velocity,210.78648376464844,262.2064971923828,135.68320465087893,-0.3789711008082479,False
19,rep_a8f87271f827579bc4,opposing_mean_abs_velocity,56.50586588670501,56.48281989584005,22.793742305823386,0.0010110665706293438,False
19,rep_a8f87271f827579bc4,active_mean_flare,0.08299489233759028,0.0950076792330391,0.07862565463080179,-0.15278457078489985,False
19,rep_a8f87271f827579bc4,active_max_flare,0.17340238392353058,0.1867997646331787,0.113086424767971,-0.11847028268102625,False
19,rep_a8f87271f827579bc4,opposing_mean_flare,0.1197131040285231,0.0828419992310375,0.068663690119359,0.5369811137937982,False
19,rep_a8f87271f827579bc4,opposing_max_flare,0.21271486580371857,0.1816406697034835,0.1105120591819286,0.2811837579560408,False
19,rep_a8f87271f827579bc4,mean_angle_asymmetry,9.91752207792278,8.927156207095303,4.221319881373766,0.23461047697365606,False
19,rep_a8f87271f827579bc4,max_angle_asymmetry,19.03302001953125,23.505733489990234,8.994409561157223,-0.49727705193397087,False
19,rep_a8f87271f827579bc4,mean_flare_asymmetry,0.04043174662610798,0.0816298590605955,0.0546176229459288,-0.7543007222279421,False
19,rep_a8f87271f827579bc4,max_flare_asymmetry,0.11586131155490875,0.1936326026916504,0.07453526556491849,-1.0434160333004334,False
19,rep_a8f87271f827579bc4,mean_torso_lean,20.052257632814065,7.281299894582882,10.665598244111631,1.1973972247906393,False
19,rep_a8f87271f827579bc4,max_torso_lean,28.785888671875,21.163586616516117,17.827240467071537,0.4275648869738386,False
19,rep_a8f87271f827579bc4,range_torso_lean,20.30376625061035,19.379075780510902,12.489430844783783,0.07403783900093787,False
19,rep_a8f87271f827579bc4,mean_shoulder_depth_ratio,0.37703481714281967,0.1636635415480888,0.129754306225153,1.6444253898169945,False
19,rep_a8f87271f827579bc4,max_shoulder_depth_ratio,0.4432605803012848,0.2667696326971054,0.1967141069471836,0.8971951749833884,False
19,rep_a8f87271f827579bc4,range_shoulder_depth_ratio,0.2655567079782486,0.2017496595508419,0.1288880109150341,0.4950580583439196,False
19,rep_a8f87271f827579bc4,flexion_duration,0.7163439999999994,1.2911165000000002,0.6497304999999987,-0.884632166721436,False
19,rep_a8f87271f827579bc4,extension_duration,0.5497669999999992,1.4327219999999985,0.5997420000000018,-1.472224723297679,False
19,rep_a8f87271f827579bc4,flexion_fraction,0.5657829368831012,0.4681432148169246,0.1921010579526442,0.5082726930647423,False
19,rep_a8f87271f827579bc4,active_start_angle,131.99835205078125,147.97866821289062,13.160499572753906,-1.2142636435468845,False
19,rep_a8f87271f827579bc4,active_end_angle,139.8219757080078,147.23255157470703,12.807456970214844,-0.5786141529839477,False
19,rep_a8f87271f827579bc4,flexion_excursion,34.950599670410156,62.252960205078125,22.913166046142578,-1.1915577480513353,False
19,rep_a8f87271f827579bc4,extension_excursion,42.77422332763672,60.38432693481445,24.52524757385254,-0.7180397895739349,False
19,rep_a8f87271f827579bc4,flexion_net_speed,48.79024556694854,47.8738934874378,30.547103760380452,0.02999800199386666,False
19,rep_a8f87271f827579bc4,extension_net_speed,77.80427586165918,43.5097550320686,26.750322833141727,1.2820226897262763,False
20,rep_2073ececf0915178cc,active_min_angle,92.2537841796875,85.8869857788086,14.028789520263658,0.4538380443788459,False
20,rep_2073ececf0915178cc,active_max_angle,137.01162719726562,151.2205047607422,11.035945892333984,-1.2875088100374454,False
20,rep_2073ececf0915178cc,active_rom,44.757843017578125,65.59557723999023,22.33167266845703,-0.933102259368369,False
20,rep_2073ececf0915178cc,opposing_min_angle,83.42825317382812,87.40434265136719,9.781410217285156,-0.40649450224597894,False
20,rep_2073ececf0915178cc,opposing_max_angle,124.39276123046875,149.125732421875,15.40078353881836,-1.605955380715903,False
20,rep_2073ececf0915178cc,opposing_rom,40.964508056640625,59.167667388916016,18.068593978881836,-1.007447472313055,False
20,rep_2073ececf0915178cc,duration,1.4827110000000019,2.748822500000002,0.7836579999999982,-1.6156429207639085,False
20,rep_2073ececf0915178cc,active_peak_abs_velocity,374.022216796875,341.64356994628906,149.6574478149414,0.21635172404265296,False
20,rep_2073ececf0915178cc,active_mean_abs_velocity,81.46273009966738,64.90986366364668,17.337940392317655,0.9547193069919188,False
20,rep_2073ececf0915178cc,opposing_peak_abs_velocity,337.4676208496094,262.2064971923828,135.68320465087893,0.5546826805195084,False
20,rep_2073ececf0915178cc,opposing_mean_abs_velocity,68.45828341135439,56.48281989584005,22.793742305823386,0.5253838248603355,False
20,rep_2073ececf0915178cc,active_mean_flare,0.04657797739299947,0.0950076792330391,0.07862565463080179,-0.6159529236029683,False
20,rep_2073ececf0915178cc,active_max_flare,0.10548929125070572,0.1867997646331787,0.113086424767971,-0.719011796060443,False
20,rep_2073ececf0915178cc,opposing_mean_flare,0.1280061492748577,0.0828419992310375,0.068663690119359,0.657758852827612,False
20,rep_2073ececf0915178cc,opposing_max_flare,0.17780525982379913,0.1816406697034835,0.1105120591819286,-0.03470580412740646,False
20,rep_2073ececf0915178cc,mean_angle_asymmetry,8.09594805776246,8.927156207095303,4.221319881373766,-0.1969071694851845,False
20,rep_2073ececf0915178cc,max_angle_asymmetry,17.038734436035156,23.505733489990234,8.994409561157223,-0.7190020656701153,False
20,rep_2073ececf0915178cc,mean_flare_asymmetry,0.08189765045246478,0.0816298590605955,0.0546176229459288,0.00490302172495476,False
20,rep_2073ececf0915178cc,max_flare_asymmetry,0.14403973519802094,0.1936326026916504,0.07453526556491849,-0.665361116214649,False
20,rep_2073ececf0915178cc,mean_torso_lean,17.381907355574725,7.281299894582882,10.665598244111631,0.9470268080431667,False
20,rep_2073ececf0915178cc,max_torso_lean,21.00339698791504,21.163586616516117,17.827240467071537,-0.008985666003494031,False
20,rep_2073ececf0915178cc,range_torso_lean,8.801777839660645,19.379075780510902,12.489430844783783,-0.8468999166017138,False
20,rep_2073ececf0915178cc,mean_shoulder_depth_ratio,0.11140727531851931,0.1636635415480888,0.129754306225153,-0.4027324236845988,False
20,rep_2073ececf0915178cc,max_shoulder_depth_ratio,0.15601381659507751,0.2667696326971054,0.1967141069471836,-0.5630293516863286,False
20,rep_2073ececf0915178cc,range_shoulder_depth_ratio,0.13514808006584644,0.2017496595508419,0.1288880109150341,-0.5167399125190995,False
20,rep_2073ececf0915178cc,flexion_duration,1.099533000000001,1.2911165000000002,0.6497304999999987,-0.2948661021762094,False
20,rep_2073ececf0915178cc,extension_duration,0.3831780000000009,1.4327219999999985,0.5997420000000018,-1.7499924967736034,False
20,rep_2073ececf0915178cc,flexion_fraction,0.7415693280753968,0.4681432148169246,0.1921010579526442,1.4233451714038754,False
20,rep_2073ececf0915178cc,active_start_angle,133.4591522216797,147.97866821289062,13.160499572753906,-1.1032648047244797,False
20,rep_2073ececf0915178cc,active_end_angle,137.01162719726562,147.23255157470703,12.807456970214844,-0.7980447954040599,False
20,rep_2073ececf0915178cc,flexion_excursion,41.20536804199219,62.252960205078125,22.913166046142578,-0.9185807024965583,False
20,rep_2073ececf0915178cc,extension_excursion,44.757843017578125,60.38432693481445,24.52524757385254,-0.6371590692481498,False
20,rep_2073ececf0915178cc,flexion_net_speed,37.47533547605406,47.8738934874378,30.547103760380452,-0.34041060301339104,False
20,rep_2073ececf0915178cc,extension_net_speed,116.80692267713182,43.5097550320686,26.750322833141727,2.7400479651129035,False
21,rep_44b1272fd8a9d6b943,active_min_angle,92.93788146972656,85.8869857788086,14.028789520263658,0.5026018588940562,False
21,rep_44b1272fd8a9d6b943,active_max_angle,137.17352294921875,151.2205047607422,11.035945892333984,-1.2728389526883275,False
21,rep_44b1272fd8a9d6b943,active_rom,44.23564147949219,65.59557723999023,22.33167266845703,-0.9564861565729673,False
21,rep_44b1272fd8a9d6b943,opposing_min_angle,99.36640930175781,87.40434265136719,9.781410217285156,1.2229388589849688,False
21,rep_44b1272fd8a9d6b943,opposing_max_angle,141.6459503173828,149.125732421875,15.40078353881836,-0.485675425905381,False
21,rep_44b1272fd8a9d6b943,opposing_rom,42.279541015625,59.167667388916016,18.068593978881836,-0.9346674341694476,False
21,rep_44b1272fd8a9d6b943,duration,2.4995329999999996,2.748822500000002,0.7836579999999982,-0.31811006842270856,False
21,rep_44b1272fd8a9d6b943,active_peak_abs_velocity,141.5768585205078,341.64356994628906,149.6574478149414,-1.3368309719752358,False
21,rep_44b1272fd8a9d6b943,active_mean_abs_velocity,50.45136443238861,64.90986366364668,17.337940392317655,-0.8339225365929016,False
21,rep_44b1272fd8a9d6b943,opposing_peak_abs_velocity,181.29161071777344,262.2064971923828,135.68320465087893,-0.5963515284209882,False
21,rep_44b1272fd8a9d6b943,opposing_mean_abs_velocity,40.97100084801265,56.48281989584005,22.793742305823386,-0.6805297190652372,False
21,rep_44b1272fd8a9d6b943,active_mean_flare,0.0792598902873086,0.0950076792330391,0.07862565463080179,-0.2002881759099691,False
21,rep_44b1272fd8a9d6b943,active_max_flare,0.1664394587278366,0.1867997646331787,0.113086424767971,-0.18004199838413026,False
21,rep_44b1272fd8a9d6b943,opposing_mean_flare,0.1092933590104195,0.0828419992310375,0.068663690119359,0.38523067626282925,False
21,rep_44b1272fd8a9d6b943,opposing_max_flare,0.18635189533233643,0.1816406697034835,0.1105120591819286,0.04263087362345816,False
21,rep_44b1272fd8a9d6b943,mean_angle_asymmetry,7.781347616826439,8.927156207095303,4.221319881373766,-0.27143372747577166,False
21,rep_44b1272fd8a9d6b943,max_angle_asymmetry,17.590614318847656,23.505733489990234,8.994409561157223,-0.6576439655013372,False
21,rep_44b1272fd8a9d6b943,mean_flare_asymmetry,0.08341913932836519,0.0816298590605955,0.0546176229459288,0.03276012706633288,False
21,rep_44b1272fd8a9d6b943,max_flare_asymmetry,0.17873887717723846,0.1936326026916504,0.07453526556491849,-0.19982119070119683,False
21,rep_44b1272fd8a9d6b943,mean_torso_lean,10.879597521607716,7.281299894582882,10.665598244111631,0.3373741954898233,False
21,rep_44b1272fd8a9d6b943,max_torso_lean,20.226972579956055,21.163586616516117,17.827240467071537,-0.05253836331484223,False
21,rep_44b1272fd8a9d6b943,range_torso_lean,17.178062200546265,19.379075780510902,12.489430844783783,-0.1762300946551053,False
21,rep_44b1272fd8a9d6b943,mean_shoulder_depth_ratio,0.1292388228465403,0.1636635415480888,0.129754306225153,-0.2653069458967614,False
21,rep_44b1272fd8a9d6b943,max_shoulder_depth_ratio,0.24455802142620087,0.2667696326971054,0.1967141069471836,-0.11291315918114712,False
21,rep_44b1272fd8a9d6b943,range_shoulder_depth_ratio,0.24437753221718594,0.2017496595508419,0.1288880109150341,0.3307357477527162,False
21,rep_44b1272fd8a9d6b943,flexion_duration,1.2331000000000003,1.2911165000000002,0.6497304999999987,-0.08929317617073546,False
21,rep_44b1272fd8a9d6b943,extension_duration,1.2664329999999993,1.4327219999999985,0.5997420000000018,-0.27726755838343614,False
21,rep_44b1272fd8a9d6b943,flexion_fraction,0.4933321544464508,0.4681432148169246,0.1921010579526442,0.13112337796565193,False
21,rep_44b1272fd8a9d6b943,active_start_angle,134.76129150390625,147.97866821289062,13.160499572753906,-1.0043218067761062,False
21,rep_44b1272fd8a9d6b943,active_end_angle,137.17352294921875,147.23255157470703,12.807456970214844,-0.7854040539727491,False
21,rep_44b1272fd8a9d6b943,flexion_excursion,41.82341003417969,62.252960205078125,22.913166046142578,-0.8916074771054061,False
21,rep_44b1272fd8a9d6b943,extension_excursion,44.23564147949219,60.38432693481445,24.52524757385254,-0.6584514756352184,False
21,rep_44b1272fd8a9d6b943,flexion_net_speed,33.917289785240186,47.8738934874378,30.547103760380452,-0.45688795283758804,False
21,rep_44b1272fd8a9d6b943,extension_net_speed,34.92931839228148,43.5097550320686,26.750322833141727,-0.3207601154314509,False
22,rep_4dc2ae4ad47611b5cf,active_min_angle,99.20285034179688,85.8869857788086,14.028789520263658,0.9491812920676012,False
22,rep_4dc2ae4ad47611b5cf,active_max_angle,137.53627014160156,151.2205047607422,11.035945892333984,-1.2399693467730981,False
22,rep_4dc2ae4ad47611b5cf,active_rom,38.33341979980469,65.59557723999023,22.33167266845703,-1.2207843919677683,False
22,rep_4dc2ae4ad47611b5cf,opposing_min_angle,94.67935943603516,87.40434265136719,9.781410217285156,0.7437595012436928,False
22,rep_4dc2ae4ad47611b5cf,opposing_max_angle,130.9951629638672,149.125732421875,15.40078353881836,-1.1772498076028992,False
22,rep_4dc2ae4ad47611b5cf,opposing_rom,36.31580352783203,59.167667388916016,18.068593978881836,-1.2647283949040378,False
22,rep_4dc2ae4ad47611b5cf,duration,3.166076999999998,2.748822500000002,0.7836579999999982,0.5324446378394616,False
22,rep_4dc2ae4ad47611b5cf,active_peak_abs_velocity,130.69342041015625,341.64356994628906,149.6574478149414,-1.40955330066154,False
22,rep_4dc2ae4ad47611b5cf,active_mean_abs_velocity,40.48230957128115,64.90986366364668,17.337940392317655,-1.4089074907184038,False
22,rep_4dc2ae4ad47611b5cf,opposing_peak_abs_velocity,76.30863189697266,262.2064971923828,135.68320465087893,-1.3700875194814022,False
22,rep_4dc2ae4ad47611b5cf,opposing_mean_abs_velocity,30.41789425122937,56.48281989584005,22.793742305823386,-1.143512341891817,False
22,rep_4dc2ae4ad47611b5cf,active_mean_flare,0.03288599271822385,0.0950076792330391,0.07862565463080179,-0.7900943630487616,False
22,rep_4dc2ae4ad47611b5cf,active_max_flare,0.08290977030992508,0.1867997646331787,0.113086424767971,-0.9186778566606341,False
22,rep_4dc2ae4ad47611b5cf,opposing_mean_flare,0.11832169960783735,0.0828419992310375,0.068663690119359,0.5167170642172745,False
22,rep_4dc2ae4ad47611b5cf,opposing_max_flare,0.18463894724845886,0.1816406697034835,0.1105120591819286,0.027130772579664817,False
22,rep_4dc2ae4ad47611b5cf,mean_angle_asymmetry,8.044880776286146,8.927156207095303,4.221319881373766,-0.20900463731785085,False
22,rep_4dc2ae4ad47611b5cf,max_angle_asymmetry,23.169845581054688,23.505733489990234,8.994409561157223,-0.03734407541169733,False
22,rep_4dc2ae4ad47611b5cf,mean_flare_asymmetry,0.08543570630139168,0.0816298590605955,0.0546176229459288,0.06968167114420097,False
22,rep_4dc2ae4ad47611b5cf,max_flare_asymmetry,0.15239964425563812,0.1936326026916504,0.07453526556491849,-0.5532006644572738,False
22,rep_4dc2ae4ad47611b5cf,mean_torso_lean,9.519728489226972,7.281299894582882,10.665598244111631,0.20987370266641198,False
22,rep_4dc2ae4ad47611b5cf,max_torso_lean,24.155494689941406,21.163586616516117,17.827240467071537,0.16782788558619624,False
22,rep_4dc2ae4ad47611b5cf,range_torso_lean,23.269942820072174,19.379075780510902,12.489430844783783,0.31153277422455916,False
22,rep_4dc2ae4ad47611b5cf,mean_shoulder_depth_ratio,0.16649616381928814,0.1636635415480888,0.129754306225153,0.02183066099004151,False
22,rep_4dc2ae4ad47611b5cf,max_shoulder_depth_ratio,0.295810341835022,0.2667696326971054,0.1967141069471836,0.14762901140442256,False
22,rep_4dc2ae4ad47611b5cf,range_shoulder_depth_ratio,0.22298987209796906,0.2017496595508419,0.1288880109150341,0.16479587508825153,False
22,rep_4dc2ae4ad47611b5cf,flexion_duration,0.6665439999999982,1.2911165000000002,0.6497304999999987,-0.9612793304300833,False
22,rep_4dc2ae4ad47611b5cf,extension_duration,2.4995329999999996,1.4327219999999985,0.5997420000000018,1.7787832101136787,False
22,rep_4dc2ae4ad47611b5cf,flexion_fraction,0.21052678125010815,0.4681432148169246,0.1921010579526442,-1.3410464070964294,False
22,rep_4dc2ae4ad47611b5cf,active_start_angle,134.3850555419922,147.97866821289062,13.160499572753906,-1.0329100803316922,False
22,rep_4dc2ae4ad47611b5cf,active_end_angle,137.53627014160156,147.23255157470703,12.807456970214844,-0.7570809299344313,False
22,rep_4dc2ae4ad47611b5cf,flexion_excursion,35.18220520019531,62.252960205078125,22.913166046142578,-1.1814497808974838,False
22,rep_4dc2ae4ad47611b5cf,extension_excursion,38.33341979980469,60.38432693481445,24.52524757385254,-0.8991104806835557,False
22,rep_4dc2ae4ad47611b5cf,flexion_net_speed,52.78301987595028,47.8738934874378,30.547103760380452,0.16070677033806435,False
22,rep_4dc2ae4ad47611b5cf,extension_net_speed,15.336232728195505,43.5097550320686,26.750322833141727,-1.0532030764491607,False
23,rep_cff3c2f757be354140,active_min_angle,100.37484741210938,85.8869857788086,14.028789520263658,1.0327235726485187,False
23,rep_cff3c2f757be354140,active_max_angle,136.4398193359375,151.2205047607422,11.035945892333984,-1.3393220272194295,False
23,rep_cff3c2f757be354140,active_rom,36.064971923828125,65.59557723999023,22.33167266845703,-1.322364238209232,False
23,rep_cff3c2f757be354140,opposing_min_angle,93.08760070800781,87.40434265136719,9.781410217285156,0.5810264502144581,False
23,rep_cff3c2f757be354140,opposing_max_angle,112.15172576904297,149.125732421875,15.40078353881836,-2.400787372904593,False
23,rep_cff3c2f757be354140,opposing_rom,19.064125061035156,59.167667388916016,18.068593978881836,-2.219516492249091,False
23,rep_cff3c2f757be354140,duration,2.2823659999999997,2.748822500000002,0.7836579999999982,-0.5952296792733608,False
23,rep_cff3c2f757be354140,active_peak_abs_velocity,341.75946044921875,341.64356994628906,149.6574478149414,0.0007743717711462757,False
23,rep_cff3c2f757be354140,active_mean_abs_velocity,46.849114548289066,64.90986366364668,17.337940392317655,-1.0416894225429583,False
23,rep_cff3c2f757be354140,opposing_peak_abs_velocity,292.6833801269531,262.2064971923828,135.68320465087893,0.2246179474680685,False
23,rep_cff3c2f757be354140,opposing_mean_abs_velocity,38.466321838405165,56.48281989584005,22.793742305823386,-0.7904142205219193,False
23,rep_cff3c2f757be354140,active_mean_flare,0.0950703568798542,0.0950076792330391,0.07862565463080179,0.0007971653413813925,False
23,rep_cff3c2f757be354140,active_max_flare,0.15244489908218384,0.1867997646331787,0.113086424767971,-0.30379301159695926,False
23,rep_cff3c2f757be354140,opposing_mean_flare,0.04541590228440971,0.0828419992310375,0.068663690119359,-0.5450638741024478,False
23,rep_cff3c2f757be354140,opposing_max_flare,0.1380794495344162,0.1816406697034835,0.1105120591819286,-0.3941761694744587,False
23,rep_cff3c2f757be354140,mean_angle_asymmetry,15.76430412870971,8.927156207095303,4.221319881373766,1.6196706513009762,False
23,rep_cff3c2f757be354140,max_angle_asymmetry,39.70093536376953,23.505733489990234,8.994409561157223,1.8005853262140776,False
23,rep_cff3c2f757be354140,mean_flare_asymmetry,0.05122536687043133,0.0816298590605955,0.0546176229459288,-0.5566791550094459,False
23,rep_cff3c2f757be354140,max_flare_asymmetry,0.12060338258743286,0.1936326026916504,0.07453526556491849,-0.9797941893775205,False
23,rep_cff3c2f757be354140,mean_torso_lean,1.8692886829395994,7.281299894582882,10.665598244111631,-0.5074268773091279,False
23,rep_cff3c2f757be354140,max_torso_lean,4.54226016998291,21.163586616516117,17.827240467071537,-0.9323555419154322,False
23,rep_cff3c2f757be354140,range_torso_lean,4.4603575989604,19.379075780510902,12.489430844783783,-1.1945074492951224,False
23,rep_cff3c2f757be354140,mean_shoulder_depth_ratio,0.06624955981197599,0.1636635415480888,0.129754306225153,-0.7507572162351018,False
23,rep_cff3c2f757be354140,max_shoulder_depth_ratio,0.1356825977563858,0.2667696326971054,0.1967141069471836,-0.6663834992572016,False
23,rep_cff3c2f757be354140,range_shoulder_depth_ratio,0.13490617083152756,0.2017496595508419,0.1288880109150341,-0.5186168072946605,False
23,rep_cff3c2f757be354140,flexion_duration,1.3161000000000005,1.2911165000000002,0.6497304999999987,0.038452096677007344,False
23,rep_cff3c2f757be354140,extension_duration,0.9662659999999992,1.4327219999999985,0.5997420000000018,-0.777761103941358,False
23,rep_cff3c2f757be354140,flexion_fraction,0.576638453254211,0.4681432148169246,0.1921010579526442,0.5647820974730505,False
23,rep_cff3c2f757be354140,active_start_angle,134.79693603515625,147.97866821289062,13.160499572753906,-1.0016133585859026,False
23,rep_cff3c2f757be354140,active_end_angle,136.4398193359375,147.23255157470703,12.807456970214844,-0.8426912746120656,False
23,rep_cff3c2f757be354140,flexion_excursion,34.422088623046875,62.252960205078125,22.913166046142578,-1.2146235717048175,False
23,rep_cff3c2f757be354140,extension_excursion,36.064971923828125,60.38432693481445,24.52524757385254,-0.9916048732129529,False
23,rep_cff3c2f757be354140,flexion_net_speed,26.154614864407616,47.8738934874378,30.547103760380452,-0.7110094231322858,False
23,rep_cff3c2f757be354140,extension_net_speed,37.324061825447814,43.5097550320686,26.750322833141727,-0.23123807683386738,False
24,rep_8c17d582de78f254dd,active_min_angle,119.01090240478516,85.8869857788086,14.028789520263658,2.361138612717174,False
24,rep_8c17d582de78f254dd,active_max_angle,136.10971069335938,151.2205047607422,11.035945892333984,-1.3692341567096105,False
24,rep_8c17d582de78f254dd,active_rom,17.09880828857422,65.59557723999023,22.33167266845703,-2.1716585976972773,False
24,rep_8c17d582de78f254dd,opposing_min_angle,106.09171295166016,87.40434265136719,9.781410217285156,1.9104985769096672,False
24,rep_8c17d582de78f254dd,opposing_max_angle,149.4423370361328,149.125732421875,15.40078353881836,0.020557695227635432,False
24,rep_8c17d582de78f254dd,opposing_rom,43.350624084472656,59.167667388916016,18.068593978881836,-0.8753887171813126,False
24,rep_8c17d582de78f254dd,duration,1.2661220000000029,2.748822500000002,0.7836579999999982,-1.892024964971968,False
24,rep_8c17d582de78f254dd,active_peak_abs_velocity,245.40663146972656,341.64356994628906,149.6574478149414,-0.6430481067374881,False
24,rep_8c17d582de78f254dd,active_mean_abs_velocity,41.96418927882813,64.90986366364668,17.337940392317655,-1.3234371479893683,False
24,rep_8c17d582de78f254dd,opposing_peak_abs_velocity,151.512939453125,262.2064971923828,135.68320465087893,-0.815823579816522,False
24,rep_8c17d582de78f254dd,opposing_mean_abs_velocity,42.96950833069865,56.48281989584005,22.793742305823386,-0.5928518180048475,False
24,rep_8c17d582de78f254dd,active_mean_flare,0.11054923063986168,0.0950076792330391,0.07862565463080179,0.19766514479021122,False
24,rep_8c17d582de78f254dd,active_max_flare,0.17648327350616455,0.1867997646331787,0.113086424767971,-0.09122660963224702,False
24,rep_8c17d582de78f254dd,opposing_mean_flare,0.04933896740479047,0.0828419992310375,0.068663690119359,-0.4879293811330015,False
24,rep_8c17d582de78f254dd,opposing_max_flare,0.08481285721063614,0.1816406697034835,0.1105120591819286,-0.8761741769144507,False
24,rep_8c17d582de78f254dd,mean_angle_asymmetry,17.40484707394448,8.927156207095303,4.221319881373766,2.0083033518156976,False
24,rep_8c17d582de78f254dd,max_angle_asymmetry,30.01799774169922,23.505733489990234,8.994409561157223,0.7240346581317023,False
24,rep_8c17d582de78f254dd,mean_flare_asymmetry,0.06719713982318319,0.0816298590605955,0.0546176229459288,-0.26425022655600805,False
24,rep_8c17d582de78f254dd,max_flare_asymmetry,0.16219475865364075,0.1936326026916504,0.07453526556491849,-0.42178482627968916,False
24,rep_8c17d582de78f254dd,mean_torso_lean,2.5123853240469063,7.281299894582882,10.665598244111631,-0.44713052764469596,False
24,rep_8c17d582de78f254dd,max_torso_lean,6.452662467956543,21.163586616516117,17.827240467071537,-0.8251935668749143,False
24,rep_8c17d582de78f254dd,range_torso_lean,5.958608448505402,19.379075780510902,12.489430844783783,-1.0745459499950365,False
24,rep_8c17d582de78f254dd,mean_shoulder_depth_ratio,0.04499884462163882,0.1636635415480888,0.129754306225153,-0.9145337860351236,False
24,rep_8c17d582de78f254dd,max_shoulder_depth_ratio,0.11505184322595596,0.2667696326971054,0.1967141069471836,-0.7712603423601168,False
24,rep_8c17d582de78f254dd,range_shoulder_depth_ratio,0.11480851769738365,0.2017496595508419,0.1288880109150341,-0.6745479368967205,False
24,rep_8c17d582de78f254dd,flexion_duration,0.28321100000000143,1.2911165000000002,0.6497304999999987,-1.551267025328195,False
24,rep_8c17d582de78f254dd,extension_duration,0.9829110000000014,1.4327219999999985,0.5997420000000018,-0.7500075032263802,False
24,rep_8c17d582de78f254dd,flexion_fraction,0.22368381561966444,0.4681432148169246,0.1921010579526442,-1.272556235778374,False
24,rep_8c17d582de78f254dd,active_start_angle,127.48536682128906,147.97866821289062,13.160499572753906,-1.5571826341629695,False
24,rep_8c17d582de78f254dd,active_end_angle,126.77095794677734,147.23255157470703,12.807456970214844,-1.5976312608752372,False
24,rep_8c17d582de78f254dd,flexion_excursion,8.474464416503906,62.252960205078125,22.913166046142578,-2.3470565211405083,False
24,rep_8c17d582de78f254dd,extension_excursion,7.7600555419921875,60.38432693481445,24.52524757385254,-2.14571825358156,False
24,rep_8c17d582de78f254dd,flexion_net_speed,29.92279401754827,47.8738934874378,30.547103760380452,-0.5876530754176466,False
24,rep_8c17d582de78f254dd,extension_net_speed,7.8949727309921,43.5097550320686,26.750322833141727,-1.331377663111876,False
25,rep_83f806588a8c338f4b,active_min_angle,93.99751281738281,85.8869857788086,14.028789520263658,0.5781344874309433,False
25,rep_83f806588a8c338f4b,active_max_angle,124.51252746582031,151.2205047607422,11.035945892333984,-2.4200895469661843,False
25,rep_83f806588a8c338f4b,active_rom,30.5150146484375,65.59557723999023,22.33167266845703,-1.5708882676353757,False
25,rep_83f806588a8c338f4b,opposing_min_angle,112.76891326904297,87.40434265136719,9.781410217285156,2.593140462798804,False
25,rep_83f806588a8c338f4b,opposing_max_angle,135.77456665039062,149.125732421875,15.40078353881836,-0.8669147084518244,False
25,rep_83f806588a8c338f4b,opposing_rom,23.005653381347656,59.167667388916016,18.068593978881836,-2.001373989023922,False
25,rep_83f806588a8c338f4b,duration,1.5326880000000003,2.748822500000002,0.7836579999999982,-1.5518689275168562,False
25,rep_83f806588a8c338f4b,active_peak_abs_velocity,285.5212097167969,341.64356994628906,149.6574478149414,-0.37500546113074285,False
25,rep_83f806588a8c338f4b,active_mean_abs_velocity,42.86625005874114,64.90986366364668,17.337940392317655,-1.2714090085736447,False
25,rep_83f806588a8c338f4b,opposing_peak_abs_velocity,116.26740264892578,262.2064971923828,135.68320465087893,-1.0755870258147802,False
25,rep_83f806588a8c338f4b,opposing_mean_abs_velocity,33.11632014110049,56.48281989584005,22.793742305823386,-1.02512783733498,False
25,rep_83f806588a8c338f4b,active_mean_flare,0.21079823258530025,0.0950076792330391,0.07862565463080179,1.4726815807890257,False
25,rep_83f806588a8c338f4b,active_max_flare,0.2853791415691376,0.1867997646331787,0.113086424767971,0.8717171591393267,False
25,rep_83f806588a8c338f4b,opposing_mean_flare,0.0285174388485067,0.0828419992310375,0.068663690119359,-0.7911686699054142,False
25,rep_83f806588a8c338f4b,opposing_max_flare,0.07542628794908524,0.1816406697034835,0.1105120591819286,-0.961111235648452,False
25,rep_83f806588a8c338f4b,mean_angle_asymmetry,13.010525697919718,8.927156207095303,4.221319881373766,0.9673205550808774,False
25,rep_83f806588a8c338f4b,max_angle_asymmetry,39.96473693847656,23.505733489990234,8.994409561157223,1.8299148306038122,False
25,rep_83f806588a8c338f4b,mean_flare_asymmetry,0.182280793733646,0.0816298590605955,0.0546176229459288,1.8428289120655155,False
25,rep_83f806588a8c338f4b,max_flare_asymmetry,0.2737436890602112,0.1936326026916504,0.07453526556491849,1.074807820987582,False
25,rep_83f806588a8c338f4b,mean_torso_lean,3.5435452997590438,7.281299894582882,10.665598244111631,-0.3504495959134233,False
25,rep_83f806588a8c338f4b,max_torso_lean,22.250825881958008,21.163586616516117,17.827240467071537,0.060987524538647274,False
25,rep_83f806588a8c338f4b,range_torso_lean,21.352816462516785,19.379075780510902,12.489430844783783,0.15803287648053363,False
25,rep_83f806588a8c338f4b,mean_shoulder_depth_ratio,0.051046553273415236,0.1636635415480888,0.129754306225153,-0.8679248616169831,False
25,rep_83f806588a8c338f4b,max_shoulder_depth_ratio,0.12955844402313232,0.2667696326971054,0.1967141069471836,-0.6975157542250559,False
25,rep_83f806588a8c338f4b,range_shoulder_depth_ratio,0.12821877608075738,0.2017496595508419,0.1288880109150341,-0.570502120003681,False
25,rep_83f806588a8c338f4b,flexion_duration,0.0,1.2911165000000002,0.6497304999999987,-1.9871569827797877,False
25,rep_83f806588a8c338f4b,extension_duration,1.5326880000000003,1.4327219999999985,0.5997420000000018,0.16668167311944382,False
25,rep_83f806588a8c338f4b,flexion_fraction,0.0,0.4681432148169246,0.1921010579526442,-2.4369632307404,False
25,rep_83f806588a8c338f4b,active_start_angle,93.99751281738281,147.97866821289062,13.160499572753906,-4.10175579559796,True
25,rep_83f806588a8c338f4b,active_end_angle,122.34397888183594,147.23255157470703,12.807456970214844,-1.9432876292891101,False
25,rep_83f806588a8c338f4b,flexion_excursion,0.0,62.252960205078125,22.913166046142578,-2.716907828438593,False
25,rep_83f806588a8c338f4b,extension_excursion,28.346466064453125,60.38432693481445,24.52524757385254,-1.3063216089414045,False
25,rep_83f806588a8c338f4b,flexion_net_speed,0.0,47.8738934874378,30.547103760380452,-1.56721546706926,False
25,rep_83f806588a8c338f4b,extension_net_speed,18.494609512472937,43.5097550320686,26.750322833141727,-0.935134341205172,False
26,rep_ef9e190c4981e28593,active_min_angle,101.83868408203125,85.8869857788086,14.028789520263658,1.1370687599369484,False
26,rep_ef9e190c4981e28593,active_max_angle,136.34324645996094,151.2205047607422,11.035945892333984,-1.3480727837851758,False
26,rep_ef9e190c4981e28593,active_rom,34.50456237792969,65.59557723999023,22.33167266845703,-1.3922385180746395,False
26,rep_ef9e190c4981e28593,opposing_min_angle,90.57101440429688,87.40434265136719,9.781410217285156,0.3237438858594974,False
26,rep_ef9e190c4981e28593,opposing_max_angle,122.20903015136719,149.125732421875,15.40078353881836,-1.7477488858059116,False
26,rep_ef9e190c4981e28593,opposing_rom,31.638015747070312,59.167667388916016,18.068593978881836,-1.523618919879529,False
26,rep_ef9e190c4981e28593,duration,3.148644999999995,2.748822500000002,0.7836579999999982,0.5102002404109877,False
26,rep_ef9e190c4981e28593,active_peak_abs_velocity,188.5581817626953,341.64356994628906,149.6574478149414,-1.0229052440670454,False
26,rep_ef9e190c4981e28593,active_mean_abs_velocity,40.03539370779349,64.90986366364668,17.337940392317655,-1.4346842469752015,False
26,rep_ef9e190c4981e28593,opposing_peak_abs_velocity,137.2081756591797,262.2064971923828,135.68320465087893,-0.9212512473804797,False
26,rep_ef9e190c4981e28593,opposing_mean_abs_velocity,29.214601857239835,56.48281989584005,22.793742305823386,-1.196302812971334,False
26,rep_ef9e190c4981e28593,active_mean_flare,0.15845329120949045,0.0950076792330391,0.07862565463080179,0.8069327024922013,False
26,rep_ef9e190c4981e28593,active_max_flare,0.20647788047790527,0.1867997646331787,0.113086424767971,0.17400953195842755,False
26,rep_ef9e190c4981e28593,opposing_mean_flare,0.049447850622107305,0.0828419992310375,0.068663690119359,-0.4863436344723201,False
26,rep_ef9e190c4981e28593,opposing_max_flare,0.09808117896318436,0.1816406697034835,0.1105120591819286,-0.7561119696696696,False
26,rep_ef9e190c4981e28593,mean_angle_asymmetry,11.75480357282204,8.927156207095303,4.221319881373766,0.6698491100386642,False
26,rep_ef9e190c4981e28593,max_angle_asymmetry,23.114273071289062,23.505733489990234,8.994409561157223,-0.0435226365932581,False
26,rep_ef9e190c4981e28593,mean_flare_asymmetry,0.10900544052201046,0.0816298590605955,0.0546176229459288,0.5012224989819982,False
26,rep_ef9e190c4981e28593,max_flare_asymmetry,0.19137899577617645,0.1936326026916504,0.07453526556491849,-0.030235444905084542,False
26,rep_ef9e190c4981e28593,mean_torso_lean,3.7089455660425354,7.281299894582882,10.665598244111631,-0.33494176761370203,False
26,rep_ef9e190c4981e28593,max_torso_lean,8.600713729858398,21.163586616516117,17.827240467071537,-0.7047009272053315,False
26,rep_ef9e190c4981e28593,range_torso_lean,8.323606938123703,19.379075780510902,12.489430844783783,-0.8851859608161825,False
26,rep_ef9e190c4981e28593,mean_shoulder_depth_ratio,0.0767996182185758,0.1636635415480888,0.129754306225153,-0.669449252642024,False
26,rep_ef9e190c4981e28593,max_shoulder_depth_ratio,0.1649141013622284,0.2667696326971054,0.1967141069471836,-0.5177845804532185,False
26,rep_ef9e190c4981e28593,range_shoulder_depth_ratio,0.16220197384245694,0.2017496595508419,0.1288880109150341,-0.30683758270158806,False
26,rep_ef9e190c4981e28593,flexion_duration,1.7659120000000001,1.2911165000000002,0.6497304999999987,0.7307575987274738,False
26,rep_ef9e190c4981e28593,extension_duration,1.3827329999999947,1.4327219999999985,0.5997420000000018,-0.08335084086157662,False
26,rep_ef9e190c4981e28593,flexion_fraction,0.5608482378928088,0.4681432148169246,0.1921010579526442,0.48258465655476696,False
26,rep_ef9e190c4981e28593,active_start_angle,122.34397888183594,147.97866821289062,13.160499572753906,-1.9478507779542056,False
26,rep_ef9e190c4981e28593,active_end_angle,136.34324645996094,147.23255157470703,12.807456970214844,-0.8502316377146826,False
26,rep_ef9e190c4981e28593,flexion_excursion,20.505294799804688,62.252960205078125,22.913166046142578,-1.8219946261988373,False
26,rep_ef9e190c4981e28593,extension_excursion,34.50456237792969,60.38432693481445,24.52524757385254,-1.0552294927483765,False
26,rep_ef9e190c4981e28593,flexion_net_speed,11.611730822263333,47.8738934874378,30.547103760380452,-1.187090041321902,False
26,rep_ef9e190c4981e28593,extension_net_speed,24.953886526126027,43.5097550320686,26.750322833141727,-0.6936689557612808,False
27,rep_15de4676677de916d0,active_min_angle,81.53023529052734,85.8869857788086,14.028789520263658,-0.31055783408741094,False
27,rep_15de4676677de916d0,active_max_angle,139.268798828125,151.2205047607422,11.035945892333984,-1.082979750826735,False
27,rep_15de4676677de916d0,active_rom,57.738563537597656,65.59557723999023,22.33167266845703,-0.35183274531380837,False
27,rep_15de4676677de916d0,opposing_min_angle,91.4500503540039,87.40434265136719,9.781410217285156,0.41361190388348834,False
27,rep_15de4676677de916d0,opposing_max_angle,134.7890167236328,149.125732421875,15.40078353881836,-0.9309082010084655,False
27,rep_15de4676677de916d0,opposing_rom,43.338966369628906,59.167667388916016,18.068593978881836,-0.876033909322847,False
27,rep_15de4676677de916d0,duration,1.9491669999999992,2.748822500000002,0.7836579999999982,-1.0204138795239819,False
27,rep_15de4676677de916d0,active_peak_abs_velocity,416.5964050292969,341.64356994628906,149.6574478149414,0.5008293016976381,False
27,rep_15de4676677de916d0,active_mean_abs_velocity,102.68950584669614,64.90986366364668,17.337940392317655,2.17901557671691,False
27,rep_15de4676677de916d0,opposing_peak_abs_velocity,336.945556640625,262.2064971923828,135.68320465087893,0.5508350104241,False
27,rep_15de4676677de916d0,opposing_mean_abs_velocity,76.52650158593372,56.48281989584005,22.793742305823386,0.8793501927488611,False
27,rep_15de4676677de916d0,active_mean_flare,0.14240896027243033,0.0950076792330391,0.07862565463080179,0.6028729587304659,False
27,rep_15de4676677de916d0,active_max_flare,0.27333709597587585,0.1867997646331787,0.113086424767971,0.7652318261918096,False
27,rep_15de4676677de916d0,opposing_mean_flare,0.05985545108324229,0.0828419992310375,0.068663690119359,-0.3347700670884041,False
27,rep_15de4676677de916d0,opposing_max_flare,0.14765283465385437,0.1816406697034835,0.1105120591819286,-0.3075486539770038,False
27,rep_15de4676677de916d0,mean_angle_asymmetry,5.77632935853897,8.927156207095303,4.221319881373766,-0.7464079807026951,False
27,rep_15de4676677de916d0,max_angle_asymmetry,20.209945678710938,23.505733489990234,8.994409561157223,-0.36642625498312975,False
27,rep_15de4676677de916d0,mean_flare_asymmetry,0.10061628795552283,0.0816298590605955,0.0546176229459288,0.3476245920428248,False
27,rep_15de4676677de916d0,max_flare_asymmetry,0.200555220246315,0.1936326026916504,0.07453526556491849,0.0928770764039899,False
27,rep_15de4676677de916d0,mean_torso_lean,18.153977180122265,7.281299894582882,10.665598244111631,1.0194156048904315,False
27,rep_15de4676677de916d0,max_torso_lean,28.907346725463867,21.163586616516117,17.827240467071537,0.434377946673864,False
27,rep_15de4676677de916d0,range_torso_lean,19.097143173217773,19.379075780510902,12.489430844783783,-0.022573695374667795,False
27,rep_15de4676677de916d0,mean_shoulder_depth_ratio,0.1523967055310947,0.1636635415480888,0.129754306225153,-0.08683207783057004,False
27,rep_15de4676677de916d0,max_shoulder_depth_ratio,0.2361096888780594,0.2667696326971054,0.1967141069471836,-0.1558604224926177,False
27,rep_15de4676677de916d0,range_shoulder_depth_ratio,0.18895258754491806,0.2017496595508419,0.1288880109150341,-0.09928830397080111,False
27,rep_15de4676677de916d0,flexion_duration,0.6497109999999999,1.2911165000000002,0.6497304999999987,-0.9871869952234067,False
27,rep_15de4676677de916d0,extension_duration,1.2994559999999993,1.4327219999999985,0.5997420000000018,-0.22220554838580395,False
27,rep_15de4676677de916d0,flexion_fraction,0.3333275188837079,0.4681432148169246,0.1921010579526442,-0.7017956973795055,False
27,rep_15de4676677de916d0,active_start_angle,129.6079864501953,147.97866821289062,13.160499572753906,-1.3958954719870977,False
27,rep_15de4676677de916d0,active_end_angle,139.268798828125,147.23255157470703,12.807456970214844,-0.6218059342383596,False
27,rep_15de4676677de916d0,flexion_excursion,48.07775115966797,62.252960205078125,22.913166046142578,-0.6186490778648439,False
27,rep_15de4676677de916d0,extension_excursion,57.738563537597656,60.38432693481445,24.52524757385254,-0.1078791718309732,False
27,rep_15de4676677de916d0,flexion_net_speed,73.99867196286961,47.8738934874378,30.547103760380452,0.8552293101290869,False
27,rep_15de4676677de916d0,extension_net_speed,44.43287309273857,43.5097550320686,26.750322833141727,0.03450866991131389,False
28,rep_506fc27703682724ad,active_min_angle,76.3887939453125,85.8869857788086,14.028789520263658,-0.6770499920735559,False
28,rep_506fc27703682724ad,active_max_angle,136.0741729736328,151.2205047607422,11.035945892333984,-1.3724543355754064,False
28,rep_506fc27703682724ad,active_rom,59.68537902832031,65.59557723999023,22.33167266845703,-0.26465542010285414,False
28,rep_506fc27703682724ad,opposing_min_angle,69.92290496826172,87.40434265136719,9.781410217285156,-1.7872103607528145,False
28,rep_506fc27703682724ad,opposing_max_angle,148.5074005126953,149.125732421875,15.40078353881836,-0.040149379907921855,False
28,rep_506fc27703682724ad,opposing_rom,78.5844955444336,59.167667388916016,18.068593978881836,1.0746175478961744,False
28,rep_506fc27703682724ad,duration,1.7825659999999992,2.748822500000002,0.7836579999999982,-1.2330078937495756,False
28,rep_506fc27703682724ad,active_peak_abs_velocity,306.61248779296875,341.64356994628906,149.6574478149414,-0.23407510060333195,False
28,rep_506fc27703682724ad,active_mean_abs_velocity,77.95036987171784,64.90986366364668,17.337940392317655,0.752136984727975,False
28,rep_506fc27703682724ad,opposing_peak_abs_velocity,263.0652160644531,262.2064971923828,135.68320465087893,0.006328851638490172,False
28,rep_506fc27703682724ad,opposing_mean_abs_velocity,96.82730641493708,56.48281989584005,22.793742305823386,1.7699808121806198,False
28,rep_506fc27703682724ad,active_mean_flare,0.11667910228550202,0.0950076792330391,0.07862565463080179,0.2756278870328551,False
28,rep_506fc27703682724ad,active_max_flare,0.1932782083749771,0.1867997646331787,0.113086424767971,0.05728754583134778,False
28,rep_506fc27703682724ad,opposing_mean_flare,0.06201703192902855,0.0828419992310375,0.068663690119359,-0.3032893697645529,False
28,rep_506fc27703682724ad,opposing_max_flare,0.1656835824251175,0.1816406697034835,0.1105120591819286,-0.14439227172572108,False
28,rep_506fc27703682724ad,mean_angle_asymmetry,4.959102010913073,8.927156207095303,4.221319881373766,-0.9400031998738,False
28,rep_506fc27703682724ad,max_angle_asymmetry,13.843345642089844,23.505733489990234,8.994409561157223,-1.074265940660281,False
28,rep_506fc27703682724ad,mean_flare_asymmetry,0.08368745878025222,0.0816298590605955,0.0546176229459288,0.037672817099596786,False
28,rep_506fc27703682724ad,max_flare_asymmetry,0.16392573714256287,0.1936326026916504,0.07453526556491849,-0.3985612088980019,False
28,rep_506fc27703682724ad,mean_torso_lean,10.328145583144961,7.281299894582882,10.665598244111631,0.28567039736793115,False
28,rep_506fc27703682724ad,max_torso_lean,30.254150390625,21.163586616516117,17.827240467071537,0.5099254587887534,False
28,rep_506fc27703682724ad,range_torso_lean,29.792681336402893,19.379075780510902,12.489430844783783,0.8337934438574708,False
28,rep_506fc27703682724ad,mean_shoulder_depth_ratio,0.06445112331576285,0.1636635415480888,0.129754306225153,-0.7646175384743688,False
28,rep_506fc27703682724ad,max_shoulder_depth_ratio,0.19737768173217773,0.2667696326971054,0.1967141069471836,-0.35275533637025297,False
28,rep_506fc27703682724ad,range_shoulder_depth_ratio,0.19492769474163651,0.2017496595508419,0.1288880109150341,-0.052929397860772144,False
28,rep_506fc27703682724ad,flexion_duration,0.7163659999999972,1.2911165000000002,0.6497304999999987,-0.8845983065286365,False
28,rep_506fc27703682724ad,extension_duration,1.066200000000002,1.4327219999999985,0.5997420000000018,-0.6111327870984447,False
28,rep_506fc27703682724ad,flexion_fraction,0.4018734790184473,0.4681432148169246,0.1921010579526442,-0.34497329949538236,False
28,rep_506fc27703682724ad,active_start_angle,130.51148986816406,147.97866821289062,13.160499572753906,-1.327242803220688,False
28,rep_506fc27703682724ad,active_end_angle,136.0741729736328,147.23255157470703,12.807456970214844,-0.871240764425308,False
28,rep_506fc27703682724ad,flexion_excursion,54.12269592285156,62.252960205078125,22.913166046142578,-0.35482937040886536,False
28,rep_506fc27703682724ad,extension_excursion,59.68537902832031,60.38432693481445,24.52524757385254,-0.028499117262299124,False
28,rep_506fc27703682724ad,flexion_net_speed,75.55173741195391,47.8738934874378,30.547103760380452,0.9060709696614261,False
28,rep_506fc27703682724ad,extension_net_speed,55.97953388512493,43.5097550320686,26.750322833141727,0.4661543313266924,False
29,rep_830e9ff6471c2e6ac0,active_min_angle,95.32012176513672,85.8869857788086,14.028789520263658,0.6724126819853263,False
29,rep_830e9ff6471c2e6ac0,active_max_angle,138.543701171875,151.2205047607422,11.035945892333984,-1.148683013902144,False
29,rep_830e9ff6471c2e6ac0,active_rom,43.22357940673828,65.59557723999023,22.33167266845703,-1.0018057386651507,False
29,rep_830e9ff6471c2e6ac0,opposing_min_angle,111.41696166992188,87.40434265136719,9.781410217285156,2.4549240329498647,False
29,rep_830e9ff6471c2e6ac0,opposing_max_angle,136.68197631835938,149.125732421875,15.40078353881836,-0.807995000523875,False
29,rep_830e9ff6471c2e6ac0,opposing_rom,25.2650146484375,59.167667388916016,18.068593978881836,-1.8763304316928682,False
29,rep_830e9ff6471c2e6ac0,duration,1.8492110000000004,2.748822500000002,0.7836579999999982,-1.1479644181518005,False
29,rep_830e9ff6471c2e6ac0,active_peak_abs_velocity,274.4835205078125,341.64356994628906,149.6574478149414,-0.4487584842521381,False
29,rep_830e9ff6471c2e6ac0,active_mean_abs_velocity,69.42535311165898,64.90986366364668,17.337940392317655,0.2604397838403627,False
29,rep_830e9ff6471c2e6ac0,opposing_peak_abs_velocity,248.06549072265625,262.2064971923828,135.68320465087893,-0.1042207582442663,False
29,rep_830e9ff6471c2e6ac0,opposing_mean_abs_velocity,46.59856174336759,56.48281989584005,22.793742305823386,-0.4336391111145981,False
29,rep_830e9ff6471c2e6ac0,active_mean_flare,0.21588483321044294,0.0950076792330391,0.07862565463080179,1.5373754857113766,False
29,rep_830e9ff6471c2e6ac0,active_max_flare,0.2605679929256439,0.1867997646331787,0.113086424767971,0.6523172736588122,False
29,rep_830e9ff6471c2e6ac0,opposing_mean_flare,0.23710489449806396,0.0828419992310375,0.068663690119359,2.2466444054910135,False
29,rep_830e9ff6471c2e6ac0,opposing_max_flare,0.3804949223995209,0.1816406697034835,0.1105120591819286,1.7993896246985763,False
29,rep_830e9ff6471c2e6ac0,mean_angle_asymmetry,9.305743947984535,8.927156207095303,4.221319881373766,0.08968468429974238,False
29,rep_830e9ff6471c2e6ac0,max_angle_asymmetry,17.795692443847656,23.505733489990234,8.994409561157223,-0.6348433443370932,False
29,rep_830e9ff6471c2e6ac0,mean_flare_asymmetry,0.07278250518130916,0.0816298590605955,0.0546176229459288,-0.16198716461983673,False
29,rep_830e9ff6471c2e6ac0,max_flare_asymmetry,0.23704519867897034,0.1936326026916504,0.07453526556491849,0.5824437017603242,False
29,rep_830e9ff6471c2e6ac0,mean_torso_lean,12.880695512532293,7.281299894582882,10.665598244111631,0.5249959251972369,False
29,rep_830e9ff6471c2e6ac0,max_torso_lean,26.085784912109375,21.163586616516117,17.827240467071537,0.27610545247790796,False
29,rep_830e9ff6471c2e6ac0,range_torso_lean,22.531567096710205,19.379075780510902,12.489430844783783,0.25241272844037904,False
29,rep_830e9ff6471c2e6ac0,mean_shoulder_depth_ratio,0.3856179064413698,0.1636635415480888,0.129754306225153,1.7105741716821337,False
29,rep_830e9ff6471c2e6ac0,max_shoulder_depth_ratio,0.5093652606010437,0.2667696326971054,0.1967141069471836,1.233239606801934,False
29,rep_830e9ff6471c2e6ac0,range_shoulder_depth_ratio,0.27689021825790405,0.2017496595508419,0.1288880109150341,0.5829910646739402,False
29,rep_830e9ff6471c2e6ac0,flexion_duration,1.1161999999999992,1.2911165000000002,0.6497304999999987,-0.2692139279285818,False
29,rep_830e9ff6471c2e6ac0,extension_duration,0.7330110000000012,1.4327219999999985,0.5997420000000018,-1.1666866752703584,False
29,rep_830e9ff6471c2e6ac0,flexion_fraction,0.6036087823401435,0.4681432148169246,0.1921010579526442,0.7051786646412597,False
29,rep_830e9ff6471c2e6ac0,active_start_angle,134.4985809326172,147.97866821289062,13.160499572753906,-1.0242838583560439,False
29,rep_830e9ff6471c2e6ac0,active_end_angle,138.543701171875,147.23255157470703,12.807456970214844,-0.6784212059457949,False
29,rep_830e9ff6471c2e6ac0,flexion_excursion,39.17845916748047,62.252960205078125,22.913166046142578,-1.0070411479203782,False
29,rep_830e9ff6471c2e6ac0,extension_excursion,43.22357940673828,60.38432693481445,24.52524757385254,-0.6997176063727899,False
29,rep_830e9ff6471c2e6ac0,flexion_net_speed,35.09985591066162,47.8738934874378,30.547103760380452,-0.41817508058960695,False
29,rep_830e9ff6471c2e6ac0,extension_net_speed,58.96716339418946,43.5097550320686,26.750322833141727,0.5778400678951899,False
30,rep_d06e09af4456675bf7,active_min_angle,98.50508880615234,85.8869857788086,14.028789520263658,0.8994434629671887,False
30,rep_d06e09af4456675bf7,active_max_angle,135.24465942382812,151.2205047607422,11.035945892333984,-1.4476190344510054,False
30,rep_d06e09af4456675bf7,active_rom,36.73957061767578,65.59557723999023,22.33167266845703,-1.2921560803223169,False
30,rep_d06e09af4456675bf7,opposing_min_angle,75.15576934814453,87.40434265136719,9.781410217285156,-1.2522297941842444,False
30,rep_d06e09af4456675bf7,opposing_max_angle,135.4181671142578,149.125732421875,15.40078353881836,-0.8900563580461124,False
30,rep_d06e09af4456675bf7,opposing_rom,60.26239776611328,59.167667388916016,18.068593978881836,0.060587468979421515,False
30,rep_d06e09af4456675bf7,duration,1.6492999999999967,2.748822500000002,0.7836579999999982,-1.4030642193405898,False
30,rep_d06e09af4456675bf7,active_peak_abs_velocity,446.09759521484375,341.64356994628906,149.6574478149414,0.6979540730757154,False
30,rep_d06e09af4456675bf7,active_mean_abs_velocity,81.18557871505895,64.90986366364668,17.337940392317655,0.9387340527842601,False
30,rep_d06e09af4456675bf7,opposing_peak_abs_velocity,376.28985595703125,262.2064971923828,135.68320465087893,0.8408067826684357,False
30,rep_d06e09af4456675bf7,opposing_mean_abs_velocity,91.15220936982183,56.48281989584005,22.793742305823386,1.5210047129963553,False
30,rep_d06e09af4456675bf7,active_mean_flare,0.057945914438187265,0.0950076792330391,0.07862565463080179,-0.47136987245296397,False
30,rep_d06e09af4456675bf7,active_max_flare,0.12205124646425247,0.1867997646331787,0.113086424767971,-0.5725578317802182,False
30,rep_d06e09af4456675bf7,opposing_mean_flare,0.08710369532173527,0.0828419992310375,0.068663690119359,0.06206622573429444,False
30,rep_d06e09af4456675bf7,opposing_max_flare,0.17341278493404388,0.1816406697034835,0.1105120591819286,-0.07445237045031075,False
30,rep_d06e09af4456675bf7,mean_angle_asymmetry,15.82937824427366,8.927156207095303,4.221319881373766,1.635086236329508,False
30,rep_d06e09af4456675bf7,max_angle_asymmetry,34.23108673095703,23.505733489990234,8.994409561157223,1.192446615649429,False
30,rep_d06e09af4456675bf7,mean_flare_asymmetry,0.04419305385744267,0.0816298590605955,0.0546176229459288,-0.685434538962179,False
30,rep_d06e09af4456675bf7,max_flare_asymmetry,0.14881229400634766,0.1936326026916504,0.07453526556491849,-0.6013302340254666,False
30,rep_d06e09af4456675bf7,mean_torso_lean,17.100905304422845,7.281299894582882,10.665598244111631,0.9206802267525187,False
30,rep_d06e09af4456675bf7,max_torso_lean,27.78015899658203,21.163586616516117,17.827240467071537,0.3711495557760215,False
30,rep_d06e09af4456675bf7,range_torso_lean,19.61047649383545,19.379075780510902,12.489430844783783,0.018527722856257412,False
30,rep_d06e09af4456675bf7,mean_shoulder_depth_ratio,0.11139321328057408,0.1636635415480888,0.129754306225153,-0.40284079802957673,False
30,rep_d06e09af4456675bf7,max_shoulder_depth_ratio,0.2128664255142212,0.2667696326971054,0.1967141069471836,-0.2740180052127978,False
30,rep_d06e09af4456675bf7,range_shoulder_depth_ratio,0.21130446426104754,0.2017496595508419,0.1288880109150341,0.07413261049163361,False
30,rep_d06e09af4456675bf7,flexion_duration,0.4498000000000033,1.2911165000000002,0.6497304999999987,-1.2948699499253902,False
30,rep_d06e09af4456675bf7,extension_duration,1.1994999999999933,1.4327219999999985,0.5997420000000018,-0.3888705476688384,False
30,rep_d06e09af4456675bf7,flexion_fraction,0.2727217607469861,0.4681432148169246,0.1921010579526442,-1.017284632123748,False
30,rep_d06e09af4456675bf7,active_start_angle,133.89544677734375,147.97866821289062,13.160499572753906,-1.0701129814785506,False
30,rep_d06e09af4456675bf7,active_end_angle,135.24465942382812,147.23255157470703,12.807456970214844,-0.9360087782264718,False
30,rep_d06e09af4456675bf7,flexion_excursion,35.390357971191406,62.252960205078125,22.913166046142578,-1.1723653632060607,False
30,rep_d06e09af4456675bf7,extension_excursion,36.73957061767578,60.38432693481445,24.52524757385254,-0.9640985782482947,False
30,rep_d06e09af4456675bf7,flexion_net_speed,78.68020891772153,47.8738934874378,30.547103760380452,1.0084856381782248,False
30,rep_d06e09af4456675bf7,extension_net_speed,30.629070960963723,43.5097550320686,26.750322833141727,-0.4815150886757386,False
